2026-07-24 14:09:33,706 [INFO] ============================================================
2026-07-24 14:09:33,706 [INFO] DÉMARRAGE DU SCRAPER Conseil du Gouvernement (cg.gov.ma)
2026-07-24 14:09:33,706 [INFO] Date: 2026-07-24 14:09:33
2026-07-24 14:09:33,706 [INFO] ============================================================
2026-07-24 14:09:33,706 [INFO] Conseils déjà traités: 0
2026-07-24 14:09:33,706 [INFO] Scraping page: https://www.cg.gov.ma/ar/%D9%85%D8%AC%D9%84%D8%B3-%D8%A7%D9%84%D8%AD%D9%83%D9%88%D9%85%D8%A9
2026-07-24 14:09:33,976 [ERROR] Erreur scraping page https://www.cg.gov.ma/ar/%D9%85%D8%AC%D9%84%D8%B3-%D8%A7%D9%84%D8%AD%D9%83%D9%88%D9%85%D8%A9: 403 Client Error: Forbidden for url: https://www.cg.gov.ma/ar/%D9%85%D8%AC%D9%84%D8%B3-%D8%A7%D9%84%D8%AD%D9%83%D9%88%D9%85%D8%A9
2026-07-24 14:09:33,977 [INFO] 
============================================================
2026-07-24 14:09:33,978 [INFO] RÉSUMÉ
2026-07-24 14:09:33,978 [INFO] ============================================================
2026-07-24 14:09:33,978 [INFO] Conseils analysés: 0
2026-07-24 14:09:33,978 [INFO] Nouveaux conseils: 0
2026-07-24 14:09:33,978 [INFO] Total en base: 0
2026-07-24 14:09:35,695 [INFO] Email envoyé à cavalkhalid@gmail.com
2026-07-24 14:09:35,695 [INFO] 
Scraper terminé.
2026-07-24 14:17:39,588 [INFO] ============================================================
2026-07-24 14:17:39,588 [INFO] DÉMARRAGE DU SCRAPER Conseil du Gouvernement (cg.gov.ma)
2026-07-24 14:17:39,588 [INFO] Date: 2026-07-24 14:17:39
2026-07-24 14:17:39,588 [INFO] ============================================================
2026-07-24 14:17:39,588 [INFO] Conseils déjà traités: 0
2026-07-24 14:17:39,588 [INFO] Scraping page: https://www.cg.gov.ma/ar/%D9%85%D8%AC%D9%84%D8%B3-%D8%A7%D9%84%D8%AD%D9%83%D9%88%D9%85%D8%A9
2026-07-24 14:17:39,792 [ERROR] Erreur scraping page https://www.cg.gov.ma/ar/%D9%85%D8%AC%D9%84%D8%B3-%D8%A7%D9%84%D8%AD%D9%83%D9%88%D9%85%D8%A9: 403 Client Error: Forbidden for url: https://www.cg.gov.ma/ar/%D9%85%D8%AC%D9%84%D8%B3-%D8%A7%D9%84%D8%AD%D9%83%D9%88%D9%85%D8%A9
2026-07-24 14:17:39,792 [INFO] 
============================================================
2026-07-24 14:17:39,792 [INFO] RÉSUMÉ
2026-07-24 14:17:39,792 [INFO] ============================================================
2026-07-24 14:17:39,793 [INFO] Conseils analysés: 0
2026-07-24 14:17:39,793 [INFO] Nouveaux conseils: 0
2026-07-24 14:17:39,793 [INFO] Total en base: 0
2026-07-24 14:17:42,036 [INFO] Email envoyé à cavalkhalid@gmail.com
2026-07-24 14:17:42,036 [INFO] 
Scraper terminé.
2026-07-24 14:24:37,821 [INFO] ============================================================
2026-07-24 14:24:37,821 [INFO] DÉMARRAGE DU SCRAPER Conseil du Gouvernement (cg.gov.ma) - Playwright
2026-07-24 14:24:37,821 [INFO] Date: 2026-07-24 14:24:37
2026-07-24 14:24:37,821 [INFO] ============================================================
2026-07-24 14:24:37,821 [INFO] Conseils déjà traités: 0
2026-07-24 14:24:37,821 [INFO] Scraping page with Playwright: https://www.cg.gov.ma/ar/%D9%85%D8%AC%D9%84%D8%B3-%D8%A7%D9%84%D8%AD%D9%83%D9%88%D9%85%D8%A9
2026-07-24 14:25:39,711 [ERROR] Erreur scraping page https://www.cg.gov.ma/ar/%D9%85%D8%AC%D9%84%D8%B3-%D8%A7%D9%84%D8%AD%D9%83%D9%88%D9%85%D8%A9: Page.goto: Timeout 60000ms exceeded.
Call log:
  - navigating to "https://www.cg.gov.ma/ar/%D9%85%D8%AC%D9%84%D8%B3-%D8%A7%D9%84%D8%AD%D9%83%D9%88%D9%85%D8%A9", waiting until "networkidle"

2026-07-24 14:25:39,711 [INFO] 
============================================================
2026-07-24 14:25:39,711 [INFO] RÉSUMÉ
2026-07-24 14:25:39,711 [INFO] ============================================================
2026-07-24 14:25:39,711 [INFO] Conseils analysés: 0
2026-07-24 14:25:39,711 [INFO] Nouveaux conseils: 0
2026-07-24 14:25:39,711 [INFO] Total en base: 0
2026-07-24 14:25:41,017 [INFO] Email envoyé à cavalkhalid@gmail.com
2026-07-24 14:25:41,018 [INFO] 
Scraper terminé.
2026-07-24 14:32:16,217 [INFO] ============================================================
2026-07-24 14:32:16,217 [INFO] DÉMARRAGE DU SCRAPER Conseil du Gouvernement (cg.gov.ma) - Playwright optimisé
2026-07-24 14:32:16,217 [INFO] Date: 2026-07-24 14:32:16
2026-07-24 14:32:16,217 [INFO] ============================================================
2026-07-24 14:32:16,217 [INFO] Conseils déjà traités: 0
2026-07-24 14:32:16,218 [INFO] Scraping page with Playwright: https://www.cg.gov.ma/ar/%D9%85%D8%AC%D9%84%D8%B3-%D8%A7%D9%84%D8%AD%D9%83%D9%88%D9%85%D8%A9
2026-07-24 14:32:17,044 [ERROR] Erreur HTTP 403 pour https://www.cg.gov.ma/ar/%D9%85%D8%AC%D9%84%D8%B3-%D8%A7%D9%84%D8%AD%D9%83%D9%88%D9%85%D8%A9
2026-07-24 14:32:17,113 [INFO] 
============================================================
2026-07-24 14:32:17,114 [INFO] RÉSUMÉ
2026-07-24 14:32:17,114 [INFO] ============================================================
2026-07-24 14:32:17,114 [INFO] Conseils analysés: 0
2026-07-24 14:32:17,114 [INFO] Nouveaux conseils: 0
2026-07-24 14:32:17,114 [INFO] Total en base: 0
2026-07-24 14:32:19,282 [INFO] Email envoyé à cavalkhalid@gmail.com
2026-07-24 14:32:19,282 [INFO] 
Scraper terminé.
2026-07-24 14:48:46,515 [INFO] ============================================================
2026-07-24 14:48:46,515 [INFO] DÉMARRAGE DU SCRAPER Conseil du Gouvernement (cg.gov.ma) - ScrapingBee
2026-07-24 14:48:46,515 [INFO] Date: 2026-07-24 14:48:46
2026-07-24 14:48:46,515 [INFO] ============================================================
2026-07-24 14:48:46,515 [INFO] Conseils déjà traités: 0
2026-07-24 14:48:46,515 [INFO] Scraping avec ScrapingBee: https://www.cg.gov.ma/ar/%D9%85%D8%AC%D9%84%D8%B3-%D8%A7%D9%84%D8%AD%D9%83%D9%88%D9%85%D8%A9
2026-07-24 14:48:55,138 [INFO]   → 0 conseils trouvés sur cette page
2026-07-24 14:48:55,139 [INFO] 
============================================================
2026-07-24 14:48:55,139 [INFO] RÉSUMÉ
2026-07-24 14:48:55,139 [INFO] ============================================================
2026-07-24 14:48:55,139 [INFO] Conseils analysés: 0
2026-07-24 14:48:55,139 [INFO] Nouveaux conseils: 0
2026-07-24 14:48:55,139 [INFO] Total en base: 0
2026-07-24 14:48:56,775 [INFO] Email envoyé à cavalkhalid@gmail.com
2026-07-24 14:48:56,775 [INFO] 
Scraper terminé.
2026-07-24 14:52:16,763 [INFO] ============================================================
2026-07-24 14:52:16,763 [INFO] DÉMARRAGE DU SCRAPER Conseil du Gouvernement (cg.gov.ma) - ScrapingBee
2026-07-24 14:52:16,763 [INFO] Date: 2026-07-24 14:52:16
2026-07-24 14:52:16,763 [INFO] ============================================================
2026-07-24 14:52:16,763 [INFO] Conseils déjà traités: 0
2026-07-24 14:52:16,763 [INFO] Scraping avec ScrapingBee: https://www.cg.gov.ma/ar/%D9%85%D8%AC%D9%84%D8%B3-%D8%A7%D9%84%D8%AD%D9%83%D9%88%D9%85%D8%A9
2026-07-24 14:52:26,630 [INFO]   → 0 conseils trouvés sur cette page
2026-07-24 14:52:26,630 [INFO] 
============================================================
2026-07-24 14:52:26,631 [INFO] RÉSUMÉ
2026-07-24 14:52:26,631 [INFO] ============================================================
2026-07-24 14:52:26,631 [INFO] Conseils analysés: 0
2026-07-24 14:52:26,631 [INFO] Nouveaux conseils: 0
2026-07-24 14:52:26,631 [INFO] Total en base: 0
2026-07-24 14:52:27,636 [INFO] Email envoyé à cavalkhalid@gmail.com
2026-07-24 14:52:27,636 [INFO] 
Scraper terminé.
2026-07-24 14:56:13,081 [INFO] ============================================================
2026-07-24 14:56:13,081 [INFO] DÉMARRAGE DU SCRAPER Conseil du Gouvernement (cg.gov.ma) - Selenium
2026-07-24 14:56:13,081 [INFO] Date: 2026-07-24 14:56:13
2026-07-24 14:56:13,081 [INFO] ============================================================
2026-07-24 14:56:13,081 [INFO] Conseils déjà traités: 0
2026-07-24 14:56:13,082 [INFO] Scraping avec Selenium: https://www.cg.gov.ma/ar/%D9%85%D8%AC%D9%84%D8%B3-%D8%A7%D9%84%D8%AD%D9%83%D9%88%D9%85%D8%A9
2026-07-24 14:56:13,524 [INFO] patching driver executable /home/runner/.local/share/undetected_chromedriver/undetected_chromedriver
2026-07-24 14:56:13,604 [ERROR] Tentative 1/3 échouée pour https://www.cg.gov.ma/ar/%D9%85%D8%AC%D9%84%D8%B3-%D8%A7%D9%84%D8%AD%D9%83%D9%88%D9%85%D8%A9: Message: invalid argument: cannot parse capability: goog:chromeOptions
from invalid argument: unrecognized chrome option: excludeSwitches
Stacktrace:
#0 0x55a176d4575a <unknown>
#1 0x55a1766b8f49 <unknown>
#2 0x55a1766e9250 <unknown>
#3 0x55a1766e5277 <unknown>
#4 0x55a17674163b <unknown>
#5 0x55a176740f9d <unknown>
#6 0x55a176742c57 <unknown>
#7 0x55a176742a2c <unknown>
#8 0x55a176701cb2 <unknown>
#9 0x55a176702b31 <unknown>
#10 0x55a176d0aae0 <unknown>
#11 0x55a176d0915a <unknown>
#12 0x55a176cf3b85 <unknown>
#13 0x55a176d09e1a <unknown>
#14 0x55a176cdba80 <unknown>
#15 0x55a176d31138 <unknown>
#16 0x55a176d312d5 <unknown>
#17 0x55a176d4430e <unknown>
#18 0x7f310c69caa4 <unknown>
#19 0x7f310c729c6c <unknown>

2026-07-24 14:56:18,996 [INFO] patching driver executable /home/runner/.local/share/undetected_chromedriver/undetected_chromedriver
2026-07-24 14:56:19,034 [ERROR] Tentative 2/3 échouée pour https://www.cg.gov.ma/ar/%D9%85%D8%AC%D9%84%D8%B3-%D8%A7%D9%84%D8%AD%D9%83%D9%88%D9%85%D8%A9: Message: invalid argument: cannot parse capability: goog:chromeOptions
from invalid argument: unrecognized chrome option: excludeSwitches
Stacktrace:
#0 0x55bb9beac75a <unknown>
#1 0x55bb9b81ff49 <unknown>
#2 0x55bb9b850250 <unknown>
#3 0x55bb9b84c277 <unknown>
#4 0x55bb9b8a863b <unknown>
#5 0x55bb9b8a7f9d <unknown>
#6 0x55bb9b8a9c57 <unknown>
#7 0x55bb9b8a9a2c <unknown>
#8 0x55bb9b868cb2 <unknown>
#9 0x55bb9b869b31 <unknown>
#10 0x55bb9be71ae0 <unknown>
#11 0x55bb9be7015a <unknown>
#12 0x55bb9be5ab85 <unknown>
#13 0x55bb9be70e1a <unknown>
#14 0x55bb9be42a80 <unknown>
#15 0x55bb9be98138 <unknown>
#16 0x55bb9be982d5 <unknown>
#17 0x55bb9beab30e <unknown>
#18 0x7fa627e9caa4 <unknown>
#19 0x7fa627f29c6c <unknown>

2026-07-24 14:56:24,380 [INFO] patching driver executable /home/runner/.local/share/undetected_chromedriver/undetected_chromedriver
2026-07-24 14:56:24,419 [ERROR] Tentative 3/3 échouée pour https://www.cg.gov.ma/ar/%D9%85%D8%AC%D9%84%D8%B3-%D8%A7%D9%84%D8%AD%D9%83%D9%88%D9%85%D8%A9: Message: invalid argument: cannot parse capability: goog:chromeOptions
from invalid argument: unrecognized chrome option: excludeSwitches
Stacktrace:
#0 0x562173c0775a <unknown>
#1 0x56217357af49 <unknown>
#2 0x5621735ab250 <unknown>
#3 0x5621735a7277 <unknown>
#4 0x56217360363b <unknown>
#5 0x562173602f9d <unknown>
#6 0x562173604c57 <unknown>
#7 0x562173604a2c <unknown>
#8 0x5621735c3cb2 <unknown>
#9 0x5621735c4b31 <unknown>
#10 0x562173bccae0 <unknown>
#11 0x562173bcb15a <unknown>
#12 0x562173bb5b85 <unknown>
#13 0x562173bcbe1a <unknown>
#14 0x562173b9da80 <unknown>
#15 0x562173bf3138 <unknown>
#16 0x562173bf32d5 <unknown>
#17 0x562173c0630e <unknown>
#18 0x7f4e26a9caa4 <unknown>
#19 0x7f4e26b29c6c <unknown>

2026-07-24 14:56:29,420 [INFO] 
============================================================
2026-07-24 14:56:29,420 [INFO] RÉSUMÉ
2026-07-24 14:56:29,420 [INFO] ============================================================
2026-07-24 14:56:29,420 [INFO] Conseils analysés: 0
2026-07-24 14:56:29,420 [INFO] Nouveaux conseils: 0
2026-07-24 14:56:29,420 [INFO] Total en base: 0
2026-07-24 14:56:30,949 [INFO] Email envoyé à cavalkhalid@gmail.com
2026-07-24 14:56:30,949 [INFO] 
Scraper terminé.
2026-07-25 11:03:12,682 [INFO] ============================================================
2026-07-25 11:03:12,682 [INFO] DÉMARRAGE DU SCRAPER Conseil du Gouvernement (cg.gov.ma) - Selenium
2026-07-25 11:03:12,682 [INFO] Date: 2026-07-25 11:03:12
2026-07-25 11:03:12,682 [INFO] ============================================================
2026-07-25 11:03:12,683 [INFO] Conseils déjà traités: 0
2026-07-25 11:03:12,683 [INFO] Scraping avec Selenium: https://www.cg.gov.ma/ar/%D9%85%D8%AC%D9%84%D8%B3-%D8%A7%D9%84%D8%AD%D9%83%D9%88%D9%85%D8%A9
2026-07-25 11:03:13,354 [INFO] patching driver executable /home/runner/.local/share/undetected_chromedriver/undetected_chromedriver
2026-07-25 11:03:13,463 [ERROR] Tentative 1/3 échouée pour https://www.cg.gov.ma/ar/%D9%85%D8%AC%D9%84%D8%B3-%D8%A7%D9%84%D8%AD%D9%83%D9%88%D9%85%D8%A9: Message: invalid argument: cannot parse capability: goog:chromeOptions
from invalid argument: unrecognized chrome option: excludeSwitches
Stacktrace:
#0 0x55c30b24175a <unknown>
#1 0x55c30abb4f49 <unknown>
#2 0x55c30abe5250 <unknown>
#3 0x55c30abe1277 <unknown>
#4 0x55c30ac3d63b <unknown>
#5 0x55c30ac3cf9d <unknown>
#6 0x55c30ac3ec57 <unknown>
#7 0x55c30ac3ea2c <unknown>
#8 0x55c30abfdcb2 <unknown>
#9 0x55c30abfeb31 <unknown>
#10 0x55c30b206ae0 <unknown>
#11 0x55c30b20515a <unknown>
#12 0x55c30b1efb85 <unknown>
#13 0x55c30b205e1a <unknown>
#14 0x55c30b1d7a80 <unknown>
#15 0x55c30b22d138 <unknown>
#16 0x55c30b22d2d5 <unknown>
#17 0x55c30b24030e <unknown>
#18 0x7f82b1a9caa4 <unknown>
#19 0x7f82b1b29c6c <unknown>

2026-07-25 11:03:19,115 [INFO] patching driver executable /home/runner/.local/share/undetected_chromedriver/undetected_chromedriver
2026-07-25 11:03:19,147 [ERROR] Tentative 2/3 échouée pour https://www.cg.gov.ma/ar/%D9%85%D8%AC%D9%84%D8%B3-%D8%A7%D9%84%D8%AD%D9%83%D9%88%D9%85%D8%A9: Message: invalid argument: cannot parse capability: goog:chromeOptions
from invalid argument: unrecognized chrome option: excludeSwitches
Stacktrace:
#0 0x55bb7a8b075a <unknown>
#1 0x55bb7a223f49 <unknown>
#2 0x55bb7a254250 <unknown>
#3 0x55bb7a250277 <unknown>
#4 0x55bb7a2ac63b <unknown>
#5 0x55bb7a2abf9d <unknown>
#6 0x55bb7a2adc57 <unknown>
#7 0x55bb7a2ada2c <unknown>
#8 0x55bb7a26ccb2 <unknown>
#9 0x55bb7a26db31 <unknown>
#10 0x55bb7a875ae0 <unknown>
#11 0x55bb7a87415a <unknown>
#12 0x55bb7a85eb85 <unknown>
#13 0x55bb7a874e1a <unknown>
#14 0x55bb7a846a80 <unknown>
#15 0x55bb7a89c138 <unknown>
#16 0x55bb7a89c2d5 <unknown>
#17 0x55bb7a8af30e <unknown>
#18 0x7ff5b8c9caa4 <unknown>
#19 0x7ff5b8d29c6c <unknown>

2026-07-25 11:03:24,803 [INFO] patching driver executable /home/runner/.local/share/undetected_chromedriver/undetected_chromedriver
2026-07-25 11:03:24,835 [ERROR] Tentative 3/3 échouée pour https://www.cg.gov.ma/ar/%D9%85%D8%AC%D9%84%D8%B3-%D8%A7%D9%84%D8%AD%D9%83%D9%88%D9%85%D8%A9: Message: invalid argument: cannot parse capability: goog:chromeOptions
from invalid argument: unrecognized chrome option: excludeSwitches
Stacktrace:
#0 0x559159e8b75a <unknown>
#1 0x5591597fef49 <unknown>
#2 0x55915982f250 <unknown>
#3 0x55915982b277 <unknown>
#4 0x55915988763b <unknown>
#5 0x559159886f9d <unknown>
#6 0x559159888c57 <unknown>
#7 0x559159888a2c <unknown>
#8 0x559159847cb2 <unknown>
#9 0x559159848b31 <unknown>
#10 0x559159e50ae0 <unknown>
#11 0x559159e4f15a <unknown>
#12 0x559159e39b85 <unknown>
#13 0x559159e4fe1a <unknown>
#14 0x559159e21a80 <unknown>
#15 0x559159e77138 <unknown>
#16 0x559159e772d5 <unknown>
#17 0x559159e8a30e <unknown>
#18 0x7f7024a9caa4 <unknown>
#19 0x7f7024b29c6c <unknown>

2026-07-25 11:03:29,836 [INFO] 
============================================================
2026-07-25 11:03:29,836 [INFO] RÉSUMÉ
2026-07-25 11:03:29,836 [INFO] ============================================================
2026-07-25 11:03:29,836 [INFO] Conseils analysés: 0
2026-07-25 11:03:29,836 [INFO] Nouveaux conseils: 0
2026-07-25 11:03:29,836 [INFO] Total en base: 0
2026-07-25 11:03:34,078 [INFO] Email envoyé à cavalkhalid@gmail.com
2026-07-25 11:03:34,078 [INFO] 
Scraper terminé.
2026-07-26 11:14:33,799 [INFO] ============================================================
2026-07-26 11:14:33,799 [INFO] DÉMARRAGE DU SCRAPER Conseil du Gouvernement (cg.gov.ma) - Selenium
2026-07-26 11:14:33,799 [INFO] Date: 2026-07-26 11:14:33
2026-07-26 11:14:33,799 [INFO] ============================================================
2026-07-26 11:14:33,799 [INFO] Conseils déjà traités: 0
2026-07-26 11:14:33,799 [INFO] Scraping avec Selenium: https://www.cg.gov.ma/ar/%D9%85%D8%AC%D9%84%D8%B3-%D8%A7%D9%84%D8%AD%D9%83%D9%88%D9%85%D8%A9
2026-07-26 11:14:34,124 [INFO] patching driver executable /home/runner/.local/share/undetected_chromedriver/undetected_chromedriver
2026-07-26 11:14:34,152 [ERROR] Tentative 1/3 échouée pour https://www.cg.gov.ma/ar/%D9%85%D8%AC%D9%84%D8%B3-%D8%A7%D9%84%D8%AD%D9%83%D9%88%D9%85%D8%A9: Message: invalid argument: cannot parse capability: goog:chromeOptions
from invalid argument: unrecognized chrome option: excludeSwitches
Stacktrace:
#0 0x55b20dee075a <unknown>
#1 0x55b20d853f49 <unknown>
#2 0x55b20d884250 <unknown>
#3 0x55b20d880277 <unknown>
#4 0x55b20d8dc63b <unknown>
#5 0x55b20d8dbf9d <unknown>
#6 0x55b20d8ddc57 <unknown>
#7 0x55b20d8dda2c <unknown>
#8 0x55b20d89ccb2 <unknown>
#9 0x55b20d89db31 <unknown>
#10 0x55b20dea5ae0 <unknown>
#11 0x55b20dea415a <unknown>
#12 0x55b20de8eb85 <unknown>
#13 0x55b20dea4e1a <unknown>
#14 0x55b20de76a80 <unknown>
#15 0x55b20decc138 <unknown>
#16 0x55b20decc2d5 <unknown>
#17 0x55b20dedf30e <unknown>
#18 0x7f384e89caa4 <unknown>
#19 0x7f384e929c6c <unknown>

2026-07-26 11:14:39,432 [INFO] patching driver executable /home/runner/.local/share/undetected_chromedriver/undetected_chromedriver
2026-07-26 11:14:39,460 [ERROR] Tentative 2/3 échouée pour https://www.cg.gov.ma/ar/%D9%85%D8%AC%D9%84%D8%B3-%D8%A7%D9%84%D8%AD%D9%83%D9%88%D9%85%D8%A9: Message: invalid argument: cannot parse capability: goog:chromeOptions
from invalid argument: unrecognized chrome option: excludeSwitches
Stacktrace:
#0 0x5614d906775a <unknown>
#1 0x5614d89daf49 <unknown>
#2 0x5614d8a0b250 <unknown>
#3 0x5614d8a07277 <unknown>
#4 0x5614d8a6363b <unknown>
#5 0x5614d8a62f9d <unknown>
#6 0x5614d8a64c57 <unknown>
#7 0x5614d8a64a2c <unknown>
#8 0x5614d8a23cb2 <unknown>
#9 0x5614d8a24b31 <unknown>
#10 0x5614d902cae0 <unknown>
#11 0x5614d902b15a <unknown>
#12 0x5614d9015b85 <unknown>
#13 0x5614d902be1a <unknown>
#14 0x5614d8ffda80 <unknown>
#15 0x5614d9053138 <unknown>
#16 0x5614d90532d5 <unknown>
#17 0x5614d906630e <unknown>
#18 0x7f388f69caa4 <unknown>
#19 0x7f388f729c6c <unknown>

2026-07-26 11:14:44,735 [INFO] patching driver executable /home/runner/.local/share/undetected_chromedriver/undetected_chromedriver
2026-07-26 11:14:44,762 [ERROR] Tentative 3/3 échouée pour https://www.cg.gov.ma/ar/%D9%85%D8%AC%D9%84%D8%B3-%D8%A7%D9%84%D8%AD%D9%83%D9%88%D9%85%D8%A9: Message: invalid argument: cannot parse capability: goog:chromeOptions
from invalid argument: unrecognized chrome option: excludeSwitches
Stacktrace:
#0 0x555f1d8d775a <unknown>
#1 0x555f1d24af49 <unknown>
#2 0x555f1d27b250 <unknown>
#3 0x555f1d277277 <unknown>
#4 0x555f1d2d363b <unknown>
#5 0x555f1d2d2f9d <unknown>
#6 0x555f1d2d4c57 <unknown>
#7 0x555f1d2d4a2c <unknown>
#8 0x555f1d293cb2 <unknown>
#9 0x555f1d294b31 <unknown>
#10 0x555f1d89cae0 <unknown>
#11 0x555f1d89b15a <unknown>
#12 0x555f1d885b85 <unknown>
#13 0x555f1d89be1a <unknown>
#14 0x555f1d86da80 <unknown>
#15 0x555f1d8c3138 <unknown>
#16 0x555f1d8c32d5 <unknown>
#17 0x555f1d8d630e <unknown>
#18 0x7f116fc9caa4 <unknown>
#19 0x7f116fd29c6c <unknown>

2026-07-26 11:14:49,763 [INFO] 
============================================================
2026-07-26 11:14:49,763 [INFO] RÉSUMÉ
2026-07-26 11:14:49,763 [INFO] ============================================================
2026-07-26 11:14:49,763 [INFO] Conseils analysés: 0
2026-07-26 11:14:49,763 [INFO] Nouveaux conseils: 0
2026-07-26 11:14:49,763 [INFO] Total en base: 0
2026-07-26 11:14:53,472 [INFO] Email envoyé à cavalkhalid@gmail.com
2026-07-26 11:14:53,473 [INFO] 
Scraper terminé.
2026-07-27 12:52:17,433 [INFO] ============================================================
2026-07-27 12:52:17,433 [INFO] DÉMARRAGE DU SCRAPER Conseil du Gouvernement (cg.gov.ma) - Selenium
2026-07-27 12:52:17,433 [INFO] Date: 2026-07-27 12:52:17
2026-07-27 12:52:17,433 [INFO] ============================================================
2026-07-27 12:52:17,433 [INFO] Conseils déjà traités: 0
2026-07-27 12:52:17,433 [INFO] Scraping avec Selenium: https://www.cg.gov.ma/ar/%D9%85%D8%AC%D9%84%D8%B3-%D8%A7%D9%84%D8%AD%D9%83%D9%88%D9%85%D8%A9
2026-07-27 12:52:17,740 [INFO] patching driver executable /home/runner/.local/share/undetected_chromedriver/undetected_chromedriver
2026-07-27 12:52:17,768 [ERROR] Tentative 1/3 échouée pour https://www.cg.gov.ma/ar/%D9%85%D8%AC%D9%84%D8%B3-%D8%A7%D9%84%D8%AD%D9%83%D9%88%D9%85%D8%A9: Message: invalid argument: cannot parse capability: goog:chromeOptions
from invalid argument: unrecognized chrome option: excludeSwitches
Stacktrace:
#0 0x55be377fb75a <unknown>
#1 0x55be3716ef49 <unknown>
#2 0x55be3719f250 <unknown>
#3 0x55be3719b277 <unknown>
#4 0x55be371f763b <unknown>
#5 0x55be371f6f9d <unknown>
#6 0x55be371f8c57 <unknown>
#7 0x55be371f8a2c <unknown>
#8 0x55be371b7cb2 <unknown>
#9 0x55be371b8b31 <unknown>
#10 0x55be377c0ae0 <unknown>
#11 0x55be377bf15a <unknown>
#12 0x55be377a9b85 <unknown>
#13 0x55be377bfe1a <unknown>
#14 0x55be37791a80 <unknown>
#15 0x55be377e7138 <unknown>
#16 0x55be377e72d5 <unknown>
#17 0x55be377fa30e <unknown>
#18 0x7f2e11c9caa4 <unknown>
#19 0x7f2e11d29c6c <unknown>

2026-07-27 12:52:23,059 [INFO] patching driver executable /home/runner/.local/share/undetected_chromedriver/undetected_chromedriver
2026-07-27 12:52:23,087 [ERROR] Tentative 2/3 échouée pour https://www.cg.gov.ma/ar/%D9%85%D8%AC%D9%84%D8%B3-%D8%A7%D9%84%D8%AD%D9%83%D9%88%D9%85%D8%A9: Message: invalid argument: cannot parse capability: goog:chromeOptions
from invalid argument: unrecognized chrome option: excludeSwitches
Stacktrace:
#0 0x55c292c7675a <unknown>
#1 0x55c2925e9f49 <unknown>
#2 0x55c29261a250 <unknown>
#3 0x55c292616277 <unknown>
#4 0x55c29267263b <unknown>
#5 0x55c292671f9d <unknown>
#6 0x55c292673c57 <unknown>
#7 0x55c292673a2c <unknown>
#8 0x55c292632cb2 <unknown>
#9 0x55c292633b31 <unknown>
#10 0x55c292c3bae0 <unknown>
#11 0x55c292c3a15a <unknown>
#12 0x55c292c24b85 <unknown>
#13 0x55c292c3ae1a <unknown>
#14 0x55c292c0ca80 <unknown>
#15 0x55c292c62138 <unknown>
#16 0x55c292c622d5 <unknown>
#17 0x55c292c7530e <unknown>
#18 0x7ff53129caa4 <unknown>
#19 0x7ff531329c6c <unknown>

2026-07-27 12:52:28,363 [INFO] patching driver executable /home/runner/.local/share/undetected_chromedriver/undetected_chromedriver
2026-07-27 12:52:28,391 [ERROR] Tentative 3/3 échouée pour https://www.cg.gov.ma/ar/%D9%85%D8%AC%D9%84%D8%B3-%D8%A7%D9%84%D8%AD%D9%83%D9%88%D9%85%D8%A9: Message: invalid argument: cannot parse capability: goog:chromeOptions
from invalid argument: unrecognized chrome option: excludeSwitches
Stacktrace:
#0 0x55f8f244d75a <unknown>
#1 0x55f8f1dc0f49 <unknown>
#2 0x55f8f1df1250 <unknown>
#3 0x55f8f1ded277 <unknown>
#4 0x55f8f1e4963b <unknown>
#5 0x55f8f1e48f9d <unknown>
#6 0x55f8f1e4ac57 <unknown>
#7 0x55f8f1e4aa2c <unknown>
#8 0x55f8f1e09cb2 <unknown>
#9 0x55f8f1e0ab31 <unknown>
#10 0x55f8f2412ae0 <unknown>
#11 0x55f8f241115a <unknown>
#12 0x55f8f23fbb85 <unknown>
#13 0x55f8f2411e1a <unknown>
#14 0x55f8f23e3a80 <unknown>
#15 0x55f8f2439138 <unknown>
#16 0x55f8f24392d5 <unknown>
#17 0x55f8f244c30e <unknown>
#18 0x7f75b6e9caa4 <unknown>
#19 0x7f75b6f29c6c <unknown>

2026-07-27 12:52:33,392 [INFO] 
============================================================
2026-07-27 12:52:33,392 [INFO] RÉSUMÉ
2026-07-27 12:52:33,392 [INFO] ============================================================
2026-07-27 12:52:33,392 [INFO] Conseils analysés: 0
2026-07-27 12:52:33,392 [INFO] Nouveaux conseils: 0
2026-07-27 12:52:33,392 [INFO] Total en base: 0
2026-07-27 12:52:35,398 [INFO] Email envoyé à cavalkhalid@gmail.com
2026-07-27 12:52:35,398 [INFO] 
Scraper terminé.
2026-07-28 11:51:13,517 [INFO] ============================================================
2026-07-28 11:51:13,517 [INFO] DÉMARRAGE DU SCRAPER Conseil du Gouvernement (cg.gov.ma) - Selenium
2026-07-28 11:51:13,517 [INFO] Date: 2026-07-28 11:51:13
2026-07-28 11:51:13,517 [INFO] ============================================================
2026-07-28 11:51:13,518 [INFO] Conseils déjà traités: 0
2026-07-28 11:51:13,518 [INFO] Scraping avec Selenium: https://www.cg.gov.ma/ar/%D9%85%D8%AC%D9%84%D8%B3-%D8%A7%D9%84%D8%AD%D9%83%D9%88%D9%85%D8%A9
2026-07-28 11:51:13,865 [INFO] patching driver executable /home/runner/.local/share/undetected_chromedriver/undetected_chromedriver
2026-07-28 11:51:13,904 [ERROR] Tentative 1/3 échouée pour https://www.cg.gov.ma/ar/%D9%85%D8%AC%D9%84%D8%B3-%D8%A7%D9%84%D8%AD%D9%83%D9%88%D9%85%D8%A9: Message: invalid argument: cannot parse capability: goog:chromeOptions
from invalid argument: unrecognized chrome option: excludeSwitches
Stacktrace:
#0 0x5568166c175a <unknown>
#1 0x556816034f49 <unknown>
#2 0x556816065250 <unknown>
#3 0x556816061277 <unknown>
#4 0x5568160bd63b <unknown>
#5 0x5568160bcf9d <unknown>
#6 0x5568160bec57 <unknown>
#7 0x5568160bea2c <unknown>
#8 0x55681607dcb2 <unknown>
#9 0x55681607eb31 <unknown>
#10 0x556816686ae0 <unknown>
#11 0x55681668515a <unknown>
#12 0x55681666fb85 <unknown>
#13 0x556816685e1a <unknown>
#14 0x556816657a80 <unknown>
#15 0x5568166ad138 <unknown>
#16 0x5568166ad2d5 <unknown>
#17 0x5568166c030e <unknown>
#18 0x7f629b69caa4 <unknown>
#19 0x7f629b729c6c <unknown>

2026-07-28 11:51:19,206 [INFO] patching driver executable /home/runner/.local/share/undetected_chromedriver/undetected_chromedriver
2026-07-28 11:51:19,240 [ERROR] Tentative 2/3 échouée pour https://www.cg.gov.ma/ar/%D9%85%D8%AC%D9%84%D8%B3-%D8%A7%D9%84%D8%AD%D9%83%D9%88%D9%85%D8%A9: Message: invalid argument: cannot parse capability: goog:chromeOptions
from invalid argument: unrecognized chrome option: excludeSwitches
Stacktrace:
#0 0x56493947375a <unknown>
#1 0x564938de6f49 <unknown>
#2 0x564938e17250 <unknown>
#3 0x564938e13277 <unknown>
#4 0x564938e6f63b <unknown>
#5 0x564938e6ef9d <unknown>
#6 0x564938e70c57 <unknown>
#7 0x564938e70a2c <unknown>
#8 0x564938e2fcb2 <unknown>
#9 0x564938e30b31 <unknown>
#10 0x564939438ae0 <unknown>
#11 0x56493943715a <unknown>
#12 0x564939421b85 <unknown>
#13 0x564939437e1a <unknown>
#14 0x564939409a80 <unknown>
#15 0x56493945f138 <unknown>
#16 0x56493945f2d5 <unknown>
#17 0x56493947230e <unknown>
#18 0x7f63c449caa4 <unknown>
#19 0x7f63c4529c6c <unknown>

2026-07-28 11:51:24,535 [INFO] patching driver executable /home/runner/.local/share/undetected_chromedriver/undetected_chromedriver
2026-07-28 11:51:24,566 [ERROR] Tentative 3/3 échouée pour https://www.cg.gov.ma/ar/%D9%85%D8%AC%D9%84%D8%B3-%D8%A7%D9%84%D8%AD%D9%83%D9%88%D9%85%D8%A9: Message: invalid argument: cannot parse capability: goog:chromeOptions
from invalid argument: unrecognized chrome option: excludeSwitches
Stacktrace:
#0 0x559d4a01475a <unknown>
#1 0x559d49987f49 <unknown>
#2 0x559d499b8250 <unknown>
#3 0x559d499b4277 <unknown>
#4 0x559d49a1063b <unknown>
#5 0x559d49a0ff9d <unknown>
#6 0x559d49a11c57 <unknown>
#7 0x559d49a11a2c <unknown>
#8 0x559d499d0cb2 <unknown>
#9 0x559d499d1b31 <unknown>
#10 0x559d49fd9ae0 <unknown>
#11 0x559d49fd815a <unknown>
#12 0x559d49fc2b85 <unknown>
#13 0x559d49fd8e1a <unknown>
#14 0x559d49faaa80 <unknown>
#15 0x559d4a000138 <unknown>
#16 0x559d4a0002d5 <unknown>
#17 0x559d4a01330e <unknown>
#18 0x7fcac809caa4 <unknown>
#19 0x7fcac8129c6c <unknown>

2026-07-28 11:51:29,567 [INFO] 
============================================================
2026-07-28 11:51:29,567 [INFO] RÉSUMÉ
2026-07-28 11:51:29,567 [INFO] ============================================================
2026-07-28 11:51:29,567 [INFO] Conseils analysés: 0
2026-07-28 11:51:29,567 [INFO] Nouveaux conseils: 0
2026-07-28 11:51:29,567 [INFO] Total en base: 0
2026-07-28 11:51:31,263 [INFO] Email envoyé à cavalkhalid@gmail.com
2026-07-28 11:51:31,263 [INFO] 
Scraper terminé.
2026-07-29 11:55:36,435 [INFO] ============================================================
2026-07-29 11:55:36,435 [INFO] DÉMARRAGE DU SCRAPER Conseil du Gouvernement (cg.gov.ma) - Selenium
2026-07-29 11:55:36,435 [INFO] Date: 2026-07-29 11:55:36
2026-07-29 11:55:36,435 [INFO] ============================================================
2026-07-29 11:55:36,435 [INFO] Conseils déjà traités: 0
2026-07-29 11:55:36,435 [INFO] Scraping avec Selenium: https://www.cg.gov.ma/ar/%D9%85%D8%AC%D9%84%D8%B3-%D8%A7%D9%84%D8%AD%D9%83%D9%88%D9%85%D8%A9
2026-07-29 11:55:36,930 [INFO] patching driver executable /home/runner/.local/share/undetected_chromedriver/undetected_chromedriver
2026-07-29 11:55:36,981 [ERROR] Tentative 1/3 échouée pour https://www.cg.gov.ma/ar/%D9%85%D8%AC%D9%84%D8%B3-%D8%A7%D9%84%D8%AD%D9%83%D9%88%D9%85%D8%A9: Message: invalid argument: cannot parse capability: goog:chromeOptions
from invalid argument: unrecognized chrome option: excludeSwitches
Stacktrace:
#0 0x55f74e44d75a <unknown>
#1 0x55f74ddc0f49 <unknown>
#2 0x55f74ddf1250 <unknown>
#3 0x55f74dded277 <unknown>
#4 0x55f74de4963b <unknown>
#5 0x55f74de48f9d <unknown>
#6 0x55f74de4ac57 <unknown>
#7 0x55f74de4aa2c <unknown>
#8 0x55f74de09cb2 <unknown>
#9 0x55f74de0ab31 <unknown>
#10 0x55f74e412ae0 <unknown>
#11 0x55f74e41115a <unknown>
#12 0x55f74e3fbb85 <unknown>
#13 0x55f74e411e1a <unknown>
#14 0x55f74e3e3a80 <unknown>
#15 0x55f74e439138 <unknown>
#16 0x55f74e4392d5 <unknown>
#17 0x55f74e44c30e <unknown>
#18 0x7f707b49caa4 <unknown>
#19 0x7f707b529c6c <unknown>

2026-07-29 11:55:42,456 [INFO] patching driver executable /home/runner/.local/share/undetected_chromedriver/undetected_chromedriver
2026-07-29 11:55:42,486 [ERROR] Tentative 2/3 échouée pour https://www.cg.gov.ma/ar/%D9%85%D8%AC%D9%84%D8%B3-%D8%A7%D9%84%D8%AD%D9%83%D9%88%D9%85%D8%A9: Message: invalid argument: cannot parse capability: goog:chromeOptions
from invalid argument: unrecognized chrome option: excludeSwitches
Stacktrace:
#0 0x555e981dd75a <unknown>
#1 0x555e97b50f49 <unknown>
#2 0x555e97b81250 <unknown>
#3 0x555e97b7d277 <unknown>
#4 0x555e97bd963b <unknown>
#5 0x555e97bd8f9d <unknown>
#6 0x555e97bdac57 <unknown>
#7 0x555e97bdaa2c <unknown>
#8 0x555e97b99cb2 <unknown>
#9 0x555e97b9ab31 <unknown>
#10 0x555e981a2ae0 <unknown>
#11 0x555e981a115a <unknown>
#12 0x555e9818bb85 <unknown>
#13 0x555e981a1e1a <unknown>
#14 0x555e98173a80 <unknown>
#15 0x555e981c9138 <unknown>
#16 0x555e981c92d5 <unknown>
#17 0x555e981dc30e <unknown>
#18 0x7f03df09caa4 <unknown>
#19 0x7f03df129c6c <unknown>

2026-07-29 11:55:47,964 [INFO] patching driver executable /home/runner/.local/share/undetected_chromedriver/undetected_chromedriver
2026-07-29 11:55:47,995 [ERROR] Tentative 3/3 échouée pour https://www.cg.gov.ma/ar/%D9%85%D8%AC%D9%84%D8%B3-%D8%A7%D9%84%D8%AD%D9%83%D9%88%D9%85%D8%A9: Message: invalid argument: cannot parse capability: goog:chromeOptions
from invalid argument: unrecognized chrome option: excludeSwitches
Stacktrace:
#0 0x5587a204375a <unknown>
#1 0x5587a19b6f49 <unknown>
#2 0x5587a19e7250 <unknown>
#3 0x5587a19e3277 <unknown>
#4 0x5587a1a3f63b <unknown>
#5 0x5587a1a3ef9d <unknown>
#6 0x5587a1a40c57 <unknown>
#7 0x5587a1a40a2c <unknown>
#8 0x5587a19ffcb2 <unknown>
#9 0x5587a1a00b31 <unknown>
#10 0x5587a2008ae0 <unknown>
#11 0x5587a200715a <unknown>
#12 0x5587a1ff1b85 <unknown>
#13 0x5587a2007e1a <unknown>
#14 0x5587a1fd9a80 <unknown>
#15 0x5587a202f138 <unknown>
#16 0x5587a202f2d5 <unknown>
#17 0x5587a204230e <unknown>
#18 0x7f410829caa4 <unknown>
#19 0x7f4108329c6c <unknown>

2026-07-29 11:55:52,996 [INFO] 
============================================================
2026-07-29 11:55:52,996 [INFO] RÉSUMÉ
2026-07-29 11:55:52,996 [INFO] ============================================================
2026-07-29 11:55:52,996 [INFO] Conseils analysés: 0
2026-07-29 11:55:52,996 [INFO] Nouveaux conseils: 0
2026-07-29 11:55:52,996 [INFO] Total en base: 0
2026-07-29 11:55:55,462 [INFO] Email envoyé à cavalkhalid@gmail.com
2026-07-29 11:55:55,462 [INFO] 
Scraper terminé.
2026-07-30 11:46:38,109 [INFO] ============================================================
2026-07-30 11:46:38,109 [INFO] DÉMARRAGE DU SCRAPER Conseil du Gouvernement (cg.gov.ma) - Selenium
2026-07-30 11:46:38,109 [INFO] Date: 2026-07-30 11:46:38
2026-07-30 11:46:38,110 [INFO] ============================================================
2026-07-30 11:46:38,110 [INFO] Conseils déjà traités: 0
2026-07-30 11:46:38,110 [INFO] Scraping avec Selenium: https://www.cg.gov.ma/ar/%D9%85%D8%AC%D9%84%D8%B3-%D8%A7%D9%84%D8%AD%D9%83%D9%88%D9%85%D8%A9
2026-07-30 11:46:38,454 [INFO] patching driver executable /home/runner/.local/share/undetected_chromedriver/undetected_chromedriver
2026-07-30 11:46:38,511 [ERROR] Tentative 1/3 échouée pour https://www.cg.gov.ma/ar/%D9%85%D8%AC%D9%84%D8%B3-%D8%A7%D9%84%D8%AD%D9%83%D9%88%D9%85%D8%A9: Message: invalid argument: cannot parse capability: goog:chromeOptions
from invalid argument: unrecognized chrome option: excludeSwitches
Stacktrace:
#0 0x5610a865583a <unknown>
#1 0x5610a7fc8fc9 <unknown>
#2 0x5610a7ff92d0 <unknown>
#3 0x5610a7ff52f7 <unknown>
#4 0x5610a80516bb <unknown>
#5 0x5610a805101d <unknown>
#6 0x5610a8052cd7 <unknown>
#7 0x5610a8052aac <unknown>
#8 0x5610a8011d32 <unknown>
#9 0x5610a8012bb1 <unknown>
#10 0x5610a861abc0 <unknown>
#11 0x5610a861923a <unknown>
#12 0x5610a8603c65 <unknown>
#13 0x5610a8619efa <unknown>
#14 0x5610a85ebb60 <unknown>
#15 0x5610a8641218 <unknown>
#16 0x5610a86413b5 <unknown>
#17 0x5610a86543ee <unknown>
#18 0x7f874949caa4 <unknown>
#19 0x7f8749529c6c <unknown>

2026-07-30 11:46:43,823 [INFO] patching driver executable /home/runner/.local/share/undetected_chromedriver/undetected_chromedriver
2026-07-30 11:46:43,852 [ERROR] Tentative 2/3 échouée pour https://www.cg.gov.ma/ar/%D9%85%D8%AC%D9%84%D8%B3-%D8%A7%D9%84%D8%AD%D9%83%D9%88%D9%85%D8%A9: Message: invalid argument: cannot parse capability: goog:chromeOptions
from invalid argument: unrecognized chrome option: excludeSwitches
Stacktrace:
#0 0x5555f58c983a <unknown>
#1 0x5555f523cfc9 <unknown>
#2 0x5555f526d2d0 <unknown>
#3 0x5555f52692f7 <unknown>
#4 0x5555f52c56bb <unknown>
#5 0x5555f52c501d <unknown>
#6 0x5555f52c6cd7 <unknown>
#7 0x5555f52c6aac <unknown>
#8 0x5555f5285d32 <unknown>
#9 0x5555f5286bb1 <unknown>
#10 0x5555f588ebc0 <unknown>
#11 0x5555f588d23a <unknown>
#12 0x5555f5877c65 <unknown>
#13 0x5555f588defa <unknown>
#14 0x5555f585fb60 <unknown>
#15 0x5555f58b5218 <unknown>
#16 0x5555f58b53b5 <unknown>
#17 0x5555f58c83ee <unknown>
#18 0x7f382609caa4 <unknown>
#19 0x7f3826129c6c <unknown>

2026-07-30 11:46:49,165 [INFO] patching driver executable /home/runner/.local/share/undetected_chromedriver/undetected_chromedriver
2026-07-30 11:46:49,196 [ERROR] Tentative 3/3 échouée pour https://www.cg.gov.ma/ar/%D9%85%D8%AC%D9%84%D8%B3-%D8%A7%D9%84%D8%AD%D9%83%D9%88%D9%85%D8%A9: Message: invalid argument: cannot parse capability: goog:chromeOptions
from invalid argument: unrecognized chrome option: excludeSwitches
Stacktrace:
#0 0x55b04664b83a <unknown>
#1 0x55b045fbefc9 <unknown>
#2 0x55b045fef2d0 <unknown>
#3 0x55b045feb2f7 <unknown>
#4 0x55b0460476bb <unknown>
#5 0x55b04604701d <unknown>
#6 0x55b046048cd7 <unknown>
#7 0x55b046048aac <unknown>
#8 0x55b046007d32 <unknown>
#9 0x55b046008bb1 <unknown>
#10 0x55b046610bc0 <unknown>
#11 0x55b04660f23a <unknown>
#12 0x55b0465f9c65 <unknown>
#13 0x55b04660fefa <unknown>
#14 0x55b0465e1b60 <unknown>
#15 0x55b046637218 <unknown>
#16 0x55b0466373b5 <unknown>
#17 0x55b04664a3ee <unknown>
#18 0x7fa39cc9caa4 <unknown>
#19 0x7fa39cd29c6c <unknown>

2026-07-30 11:46:54,197 [INFO] 
============================================================
2026-07-30 11:46:54,197 [INFO] RÉSUMÉ
2026-07-30 11:46:54,197 [INFO] ============================================================
2026-07-30 11:46:54,197 [INFO] Conseils analysés: 0
2026-07-30 11:46:54,197 [INFO] Nouveaux conseils: 0
2026-07-30 11:46:54,197 [INFO] Total en base: 0
2026-07-30 11:46:56,079 [INFO] Email envoyé à cavalkhalid@gmail.com
2026-07-30 11:46:56,079 [INFO] 
Scraper terminé.
2026-07-31 11:53:18,146 [INFO] ============================================================
2026-07-31 11:53:18,147 [INFO] DÉMARRAGE DU SCRAPER Conseil du Gouvernement (cg.gov.ma) - Selenium
2026-07-31 11:53:18,147 [INFO] Date: 2026-07-31 11:53:18
2026-07-31 11:53:18,147 [INFO] ============================================================
2026-07-31 11:53:18,147 [INFO] Conseils déjà traités: 0
2026-07-31 11:53:18,147 [INFO] Scraping avec Selenium: https://www.cg.gov.ma/ar/%D9%85%D8%AC%D9%84%D8%B3-%D8%A7%D9%84%D8%AD%D9%83%D9%88%D9%85%D8%A9
2026-07-31 11:53:18,424 [INFO] patching driver executable /home/runner/.local/share/undetected_chromedriver/undetected_chromedriver
2026-07-31 11:53:18,460 [ERROR] Tentative 1/3 échouée pour https://www.cg.gov.ma/ar/%D9%85%D8%AC%D9%84%D8%B3-%D8%A7%D9%84%D8%AD%D9%83%D9%88%D9%85%D8%A9: Message: invalid argument: cannot parse capability: goog:chromeOptions
from invalid argument: unrecognized chrome option: excludeSwitches
Stacktrace:
#0 0x55adc4d0083a <unknown>
#1 0x55adc4673fc9 <unknown>
#2 0x55adc46a42d0 <unknown>
#3 0x55adc46a02f7 <unknown>
#4 0x55adc46fc6bb <unknown>
#5 0x55adc46fc01d <unknown>
#6 0x55adc46fdcd7 <unknown>
#7 0x55adc46fdaac <unknown>
#8 0x55adc46bcd32 <unknown>
#9 0x55adc46bdbb1 <unknown>
#10 0x55adc4cc5bc0 <unknown>
#11 0x55adc4cc423a <unknown>
#12 0x55adc4caec65 <unknown>
#13 0x55adc4cc4efa <unknown>
#14 0x55adc4c96b60 <unknown>
#15 0x55adc4cec218 <unknown>
#16 0x55adc4cec3b5 <unknown>
#17 0x55adc4cff3ee <unknown>
#18 0x7fc030a9caa4 <unknown>
#19 0x7fc030b29c6c <unknown>

2026-07-31 11:53:23,734 [INFO] patching driver executable /home/runner/.local/share/undetected_chromedriver/undetected_chromedriver
2026-07-31 11:53:23,768 [ERROR] Tentative 2/3 échouée pour https://www.cg.gov.ma/ar/%D9%85%D8%AC%D9%84%D8%B3-%D8%A7%D9%84%D8%AD%D9%83%D9%88%D9%85%D8%A9: Message: invalid argument: cannot parse capability: goog:chromeOptions
from invalid argument: unrecognized chrome option: excludeSwitches
Stacktrace:
#0 0x5638a350783a <unknown>
#1 0x5638a2e7afc9 <unknown>
#2 0x5638a2eab2d0 <unknown>
#3 0x5638a2ea72f7 <unknown>
#4 0x5638a2f036bb <unknown>
#5 0x5638a2f0301d <unknown>
#6 0x5638a2f04cd7 <unknown>
#7 0x5638a2f04aac <unknown>
#8 0x5638a2ec3d32 <unknown>
#9 0x5638a2ec4bb1 <unknown>
#10 0x5638a34ccbc0 <unknown>
#11 0x5638a34cb23a <unknown>
#12 0x5638a34b5c65 <unknown>
#13 0x5638a34cbefa <unknown>
#14 0x5638a349db60 <unknown>
#15 0x5638a34f3218 <unknown>
#16 0x5638a34f33b5 <unknown>
#17 0x5638a35063ee <unknown>
#18 0x7f3ec149caa4 <unknown>
#19 0x7f3ec1529c6c <unknown>

2026-07-31 11:53:29,067 [INFO] patching driver executable /home/runner/.local/share/undetected_chromedriver/undetected_chromedriver
2026-07-31 11:53:29,102 [ERROR] Tentative 3/3 échouée pour https://www.cg.gov.ma/ar/%D9%85%D8%AC%D9%84%D8%B3-%D8%A7%D9%84%D8%AD%D9%83%D9%88%D9%85%D8%A9: Message: invalid argument: cannot parse capability: goog:chromeOptions
from invalid argument: unrecognized chrome option: excludeSwitches
Stacktrace:
#0 0x55731eea383a <unknown>
#1 0x55731e816fc9 <unknown>
#2 0x55731e8472d0 <unknown>
#3 0x55731e8432f7 <unknown>
#4 0x55731e89f6bb <unknown>
#5 0x55731e89f01d <unknown>
#6 0x55731e8a0cd7 <unknown>
#7 0x55731e8a0aac <unknown>
#8 0x55731e85fd32 <unknown>
#9 0x55731e860bb1 <unknown>
#10 0x55731ee68bc0 <unknown>
#11 0x55731ee6723a <unknown>
#12 0x55731ee51c65 <unknown>
#13 0x55731ee67efa <unknown>
#14 0x55731ee39b60 <unknown>
#15 0x55731ee8f218 <unknown>
#16 0x55731ee8f3b5 <unknown>
#17 0x55731eea23ee <unknown>
#18 0x7ff8b809caa4 <unknown>
#19 0x7ff8b8129c6c <unknown>

2026-07-31 11:53:34,103 [INFO] 
============================================================
2026-07-31 11:53:34,103 [INFO] RÉSUMÉ
2026-07-31 11:53:34,103 [INFO] ============================================================
2026-07-31 11:53:34,103 [INFO] Conseils analysés: 0
2026-07-31 11:53:34,103 [INFO] Nouveaux conseils: 0
2026-07-31 11:53:34,103 [INFO] Total en base: 0
2026-07-31 11:53:35,055 [INFO] Email envoyé à cavalkhalid@gmail.com
2026-07-31 11:53:35,055 [INFO] 
Scraper terminé.
2026-08-01 11:11:42,586 [INFO] ============================================================
2026-08-01 11:11:42,586 [INFO] DÉMARRAGE DU SCRAPER Conseil du Gouvernement (cg.gov.ma) - Selenium
2026-08-01 11:11:42,586 [INFO] Date: 2026-08-01 11:11:42
2026-08-01 11:11:42,586 [INFO] ============================================================
2026-08-01 11:11:42,586 [INFO] Conseils déjà traités: 0
2026-08-01 11:11:42,586 [INFO] Scraping avec Selenium: https://www.cg.gov.ma/ar/%D9%85%D8%AC%D9%84%D8%B3-%D8%A7%D9%84%D8%AD%D9%83%D9%88%D9%85%D8%A9
2026-08-01 11:11:42,925 [INFO] patching driver executable /home/runner/.local/share/undetected_chromedriver/undetected_chromedriver
2026-08-01 11:11:42,983 [ERROR] Tentative 1/3 échouée pour https://www.cg.gov.ma/ar/%D9%85%D8%AC%D9%84%D8%B3-%D8%A7%D9%84%D8%AD%D9%83%D9%88%D9%85%D8%A9: Message: invalid argument: cannot parse capability: goog:chromeOptions
from invalid argument: unrecognized chrome option: excludeSwitches
Stacktrace:
#0 0x55a4146ef83a <unknown>
#1 0x55a414062fc9 <unknown>
#2 0x55a4140932d0 <unknown>
#3 0x55a41408f2f7 <unknown>
#4 0x55a4140eb6bb <unknown>
#5 0x55a4140eb01d <unknown>
#6 0x55a4140eccd7 <unknown>
#7 0x55a4140ecaac <unknown>
#8 0x55a4140abd32 <unknown>
#9 0x55a4140acbb1 <unknown>
#10 0x55a4146b4bc0 <unknown>
#11 0x55a4146b323a <unknown>
#12 0x55a41469dc65 <unknown>
#13 0x55a4146b3efa <unknown>
#14 0x55a414685b60 <unknown>
#15 0x55a4146db218 <unknown>
#16 0x55a4146db3b5 <unknown>
#17 0x55a4146ee3ee <unknown>
#18 0x7f013a69caa4 <unknown>
#19 0x7f013a729c6c <unknown>

2026-08-01 11:11:48,325 [INFO] patching driver executable /home/runner/.local/share/undetected_chromedriver/undetected_chromedriver
2026-08-01 11:11:48,357 [ERROR] Tentative 2/3 échouée pour https://www.cg.gov.ma/ar/%D9%85%D8%AC%D9%84%D8%B3-%D8%A7%D9%84%D8%AD%D9%83%D9%88%D9%85%D8%A9: Message: invalid argument: cannot parse capability: goog:chromeOptions
from invalid argument: unrecognized chrome option: excludeSwitches
Stacktrace:
#0 0x55ed7c39483a <unknown>
#1 0x55ed7bd07fc9 <unknown>
#2 0x55ed7bd382d0 <unknown>
#3 0x55ed7bd342f7 <unknown>
#4 0x55ed7bd906bb <unknown>
#5 0x55ed7bd9001d <unknown>
#6 0x55ed7bd91cd7 <unknown>
#7 0x55ed7bd91aac <unknown>
#8 0x55ed7bd50d32 <unknown>
#9 0x55ed7bd51bb1 <unknown>
#10 0x55ed7c359bc0 <unknown>
#11 0x55ed7c35823a <unknown>
#12 0x55ed7c342c65 <unknown>
#13 0x55ed7c358efa <unknown>
#14 0x55ed7c32ab60 <unknown>
#15 0x55ed7c380218 <unknown>
#16 0x55ed7c3803b5 <unknown>
#17 0x55ed7c3933ee <unknown>
#18 0x7f29cd49caa4 <unknown>
#19 0x7f29cd529c6c <unknown>

2026-08-01 11:11:53,678 [INFO] patching driver executable /home/runner/.local/share/undetected_chromedriver/undetected_chromedriver
2026-08-01 11:11:53,711 [ERROR] Tentative 3/3 échouée pour https://www.cg.gov.ma/ar/%D9%85%D8%AC%D9%84%D8%B3-%D8%A7%D9%84%D8%AD%D9%83%D9%88%D9%85%D8%A9: Message: invalid argument: cannot parse capability: goog:chromeOptions
from invalid argument: unrecognized chrome option: excludeSwitches
Stacktrace:
#0 0x563c1b51083a <unknown>
#1 0x563c1ae83fc9 <unknown>
#2 0x563c1aeb42d0 <unknown>
#3 0x563c1aeb02f7 <unknown>
#4 0x563c1af0c6bb <unknown>
#5 0x563c1af0c01d <unknown>
#6 0x563c1af0dcd7 <unknown>
#7 0x563c1af0daac <unknown>
#8 0x563c1aeccd32 <unknown>
#9 0x563c1aecdbb1 <unknown>
#10 0x563c1b4d5bc0 <unknown>
#11 0x563c1b4d423a <unknown>
#12 0x563c1b4bec65 <unknown>
#13 0x563c1b4d4efa <unknown>
#14 0x563c1b4a6b60 <unknown>
#15 0x563c1b4fc218 <unknown>
#16 0x563c1b4fc3b5 <unknown>
#17 0x563c1b50f3ee <unknown>
#18 0x7f25f9e9caa4 <unknown>
#19 0x7f25f9f29c6c <unknown>

2026-08-01 11:11:58,712 [INFO] 
============================================================
2026-08-01 11:11:58,712 [INFO] RÉSUMÉ
2026-08-01 11:11:58,712 [INFO] ============================================================
2026-08-01 11:11:58,712 [INFO] Conseils analysés: 0
2026-08-01 11:11:58,712 [INFO] Nouveaux conseils: 0
2026-08-01 11:11:58,712 [INFO] Total en base: 0
2026-08-01 11:12:00,205 [INFO] Email envoyé à cavalkhalid@gmail.com
2026-08-01 11:12:00,205 [INFO] 
Scraper terminé.
2026-08-02 11:11:49,821 [INFO] ============================================================
2026-08-02 11:11:49,821 [INFO] DÉMARRAGE DU SCRAPER Conseil du Gouvernement (cg.gov.ma) - Selenium
2026-08-02 11:11:49,821 [INFO] Date: 2026-08-02 11:11:49
2026-08-02 11:11:49,821 [INFO] ============================================================
2026-08-02 11:11:49,821 [INFO] Conseils déjà traités: 0
2026-08-02 11:11:49,821 [INFO] Scraping avec Selenium: https://www.cg.gov.ma/ar/%D9%85%D8%AC%D9%84%D8%B3-%D8%A7%D9%84%D8%AD%D9%83%D9%88%D9%85%D8%A9
2026-08-02 11:11:50,450 [INFO] patching driver executable /home/runner/.local/share/undetected_chromedriver/undetected_chromedriver
2026-08-02 11:11:50,495 [ERROR] Tentative 1/3 échouée pour https://www.cg.gov.ma/ar/%D9%85%D8%AC%D9%84%D8%B3-%D8%A7%D9%84%D8%AD%D9%83%D9%88%D9%85%D8%A9: Message: invalid argument: cannot parse capability: goog:chromeOptions
from invalid argument: unrecognized chrome option: excludeSwitches
Stacktrace:
#0 0x555b8c5c283a <unknown>
#1 0x555b8bf35fc9 <unknown>
#2 0x555b8bf662d0 <unknown>
#3 0x555b8bf622f7 <unknown>
#4 0x555b8bfbe6bb <unknown>
#5 0x555b8bfbe01d <unknown>
#6 0x555b8bfbfcd7 <unknown>
#7 0x555b8bfbfaac <unknown>
#8 0x555b8bf7ed32 <unknown>
#9 0x555b8bf7fbb1 <unknown>
#10 0x555b8c587bc0 <unknown>
#11 0x555b8c58623a <unknown>
#12 0x555b8c570c65 <unknown>
#13 0x555b8c586efa <unknown>
#14 0x555b8c558b60 <unknown>
#15 0x555b8c5ae218 <unknown>
#16 0x555b8c5ae3b5 <unknown>
#17 0x555b8c5c13ee <unknown>
#18 0x7f7c95e9caa4 <unknown>
#19 0x7f7c95f29c6c <unknown>

2026-08-02 11:11:56,152 [INFO] patching driver executable /home/runner/.local/share/undetected_chromedriver/undetected_chromedriver
2026-08-02 11:11:56,192 [ERROR] Tentative 2/3 échouée pour https://www.cg.gov.ma/ar/%D9%85%D8%AC%D9%84%D8%B3-%D8%A7%D9%84%D8%AD%D9%83%D9%88%D9%85%D8%A9: Message: invalid argument: cannot parse capability: goog:chromeOptions
from invalid argument: unrecognized chrome option: excludeSwitches
Stacktrace:
#0 0x56496fa4583a <unknown>
#1 0x56496f3b8fc9 <unknown>
#2 0x56496f3e92d0 <unknown>
#3 0x56496f3e52f7 <unknown>
#4 0x56496f4416bb <unknown>
#5 0x56496f44101d <unknown>
#6 0x56496f442cd7 <unknown>
#7 0x56496f442aac <unknown>
#8 0x56496f401d32 <unknown>
#9 0x56496f402bb1 <unknown>
#10 0x56496fa0abc0 <unknown>
#11 0x56496fa0923a <unknown>
#12 0x56496f9f3c65 <unknown>
#13 0x56496fa09efa <unknown>
#14 0x56496f9dbb60 <unknown>
#15 0x56496fa31218 <unknown>
#16 0x56496fa313b5 <unknown>
#17 0x56496fa443ee <unknown>
#18 0x7f40acc9caa4 <unknown>
#19 0x7f40acd29c6c <unknown>

2026-08-02 11:12:01,880 [INFO] patching driver executable /home/runner/.local/share/undetected_chromedriver/undetected_chromedriver
2026-08-02 11:12:01,918 [ERROR] Tentative 3/3 échouée pour https://www.cg.gov.ma/ar/%D9%85%D8%AC%D9%84%D8%B3-%D8%A7%D9%84%D8%AD%D9%83%D9%88%D9%85%D8%A9: Message: invalid argument: cannot parse capability: goog:chromeOptions
from invalid argument: unrecognized chrome option: excludeSwitches
Stacktrace:
#0 0x564f11aeb83a <unknown>
#1 0x564f1145efc9 <unknown>
#2 0x564f1148f2d0 <unknown>
#3 0x564f1148b2f7 <unknown>
#4 0x564f114e76bb <unknown>
#5 0x564f114e701d <unknown>
#6 0x564f114e8cd7 <unknown>
#7 0x564f114e8aac <unknown>
#8 0x564f114a7d32 <unknown>
#9 0x564f114a8bb1 <unknown>
#10 0x564f11ab0bc0 <unknown>
#11 0x564f11aaf23a <unknown>
#12 0x564f11a99c65 <unknown>
#13 0x564f11aafefa <unknown>
#14 0x564f11a81b60 <unknown>
#15 0x564f11ad7218 <unknown>
#16 0x564f11ad73b5 <unknown>
#17 0x564f11aea3ee <unknown>
#18 0x7f511c49caa4 <unknown>
#19 0x7f511c529c6c <unknown>

2026-08-02 11:12:06,919 [INFO] 
============================================================
2026-08-02 11:12:06,919 [INFO] RÉSUMÉ
2026-08-02 11:12:06,919 [INFO] ============================================================
2026-08-02 11:12:06,919 [INFO] Conseils analysés: 0
2026-08-02 11:12:06,919 [INFO] Nouveaux conseils: 0
2026-08-02 11:12:06,919 [INFO] Total en base: 0
2026-08-02 11:12:08,986 [INFO] Email envoyé à cavalkhalid@gmail.com
2026-08-02 11:12:08,986 [INFO] 
Scraper terminé.
2026-08-03 12:51:19,546 [INFO] ============================================================
2026-08-03 12:51:19,546 [INFO] DÉMARRAGE DU SCRAPER Conseil du Gouvernement (cg.gov.ma) - Selenium
2026-08-03 12:51:19,546 [INFO] Date: 2026-08-03 12:51:19
2026-08-03 12:51:19,546 [INFO] ============================================================
2026-08-03 12:51:19,546 [INFO] Conseils déjà traités: 0
2026-08-03 12:51:19,546 [INFO] Scraping avec Selenium: https://www.cg.gov.ma/ar/%D9%85%D8%AC%D9%84%D8%B3-%D8%A7%D9%84%D8%AD%D9%83%D9%88%D9%85%D8%A9
2026-08-03 12:51:19,846 [INFO] patching driver executable /home/runner/.local/share/undetected_chromedriver/undetected_chromedriver
2026-08-03 12:51:19,891 [ERROR] Tentative 1/3 échouée pour https://www.cg.gov.ma/ar/%D9%85%D8%AC%D9%84%D8%B3-%D8%A7%D9%84%D8%AD%D9%83%D9%88%D9%85%D8%A9: Message: invalid argument: cannot parse capability: goog:chromeOptions
from invalid argument: unrecognized chrome option: excludeSwitches
Stacktrace:
#0 0x559f236ed83a <unknown>
#1 0x559f23060fc9 <unknown>
#2 0x559f230912d0 <unknown>
#3 0x559f2308d2f7 <unknown>
#4 0x559f230e96bb <unknown>
#5 0x559f230e901d <unknown>
#6 0x559f230eacd7 <unknown>
#7 0x559f230eaaac <unknown>
#8 0x559f230a9d32 <unknown>
#9 0x559f230aabb1 <unknown>
#10 0x559f236b2bc0 <unknown>
#11 0x559f236b123a <unknown>
#12 0x559f2369bc65 <unknown>
#13 0x559f236b1efa <unknown>
#14 0x559f23683b60 <unknown>
#15 0x559f236d9218 <unknown>
#16 0x559f236d93b5 <unknown>
#17 0x559f236ec3ee <unknown>
#18 0x7f1445e9caa4 <unknown>
#19 0x7f1445f29c6c <unknown>

2026-08-03 12:51:25,177 [INFO] patching driver executable /home/runner/.local/share/undetected_chromedriver/undetected_chromedriver
2026-08-03 12:51:25,212 [ERROR] Tentative 2/3 échouée pour https://www.cg.gov.ma/ar/%D9%85%D8%AC%D9%84%D8%B3-%D8%A7%D9%84%D8%AD%D9%83%D9%88%D9%85%D8%A9: Message: invalid argument: cannot parse capability: goog:chromeOptions
from invalid argument: unrecognized chrome option: excludeSwitches
Stacktrace:
#0 0x55b38662f83a <unknown>
#1 0x55b385fa2fc9 <unknown>
#2 0x55b385fd32d0 <unknown>
#3 0x55b385fcf2f7 <unknown>
#4 0x55b38602b6bb <unknown>
#5 0x55b38602b01d <unknown>
#6 0x55b38602ccd7 <unknown>
#7 0x55b38602caac <unknown>
#8 0x55b385febd32 <unknown>
#9 0x55b385fecbb1 <unknown>
#10 0x55b3865f4bc0 <unknown>
#11 0x55b3865f323a <unknown>
#12 0x55b3865ddc65 <unknown>
#13 0x55b3865f3efa <unknown>
#14 0x55b3865c5b60 <unknown>
#15 0x55b38661b218 <unknown>
#16 0x55b38661b3b5 <unknown>
#17 0x55b38662e3ee <unknown>
#18 0x7fd54a49caa4 <unknown>
#19 0x7fd54a529c6c <unknown>

2026-08-03 12:51:30,475 [INFO] patching driver executable /home/runner/.local/share/undetected_chromedriver/undetected_chromedriver
2026-08-03 12:51:30,508 [ERROR] Tentative 3/3 échouée pour https://www.cg.gov.ma/ar/%D9%85%D8%AC%D9%84%D8%B3-%D8%A7%D9%84%D8%AD%D9%83%D9%88%D9%85%D8%A9: Message: invalid argument: cannot parse capability: goog:chromeOptions
from invalid argument: unrecognized chrome option: excludeSwitches
Stacktrace:
#0 0x559e8cd4c83a <unknown>
#1 0x559e8c6bffc9 <unknown>
#2 0x559e8c6f02d0 <unknown>
#3 0x559e8c6ec2f7 <unknown>
#4 0x559e8c7486bb <unknown>
#5 0x559e8c74801d <unknown>
#6 0x559e8c749cd7 <unknown>
#7 0x559e8c749aac <unknown>
#8 0x559e8c708d32 <unknown>
#9 0x559e8c709bb1 <unknown>
#10 0x559e8cd11bc0 <unknown>
#11 0x559e8cd1023a <unknown>
#12 0x559e8ccfac65 <unknown>
#13 0x559e8cd10efa <unknown>
#14 0x559e8cce2b60 <unknown>
#15 0x559e8cd38218 <unknown>
#16 0x559e8cd383b5 <unknown>
#17 0x559e8cd4b3ee <unknown>
#18 0x7fea5f69caa4 <unknown>
#19 0x7fea5f729c6c <unknown>

2026-08-03 12:51:35,508 [INFO] 
============================================================
2026-08-03 12:51:35,509 [INFO] RÉSUMÉ
2026-08-03 12:51:35,509 [INFO] ============================================================
2026-08-03 12:51:35,509 [INFO] Conseils analysés: 0
2026-08-03 12:51:35,509 [INFO] Nouveaux conseils: 0
2026-08-03 12:51:35,509 [INFO] Total en base: 0
2026-08-03 12:51:36,552 [INFO] Email envoyé à cavalkhalid@gmail.com
2026-08-03 12:51:36,553 [INFO] 
Scraper terminé.
2026-08-04 11:57:42,223 [INFO] ============================================================
2026-08-04 11:57:42,223 [INFO] DÉMARRAGE DU SCRAPER Conseil du Gouvernement (cg.gov.ma) - Selenium
2026-08-04 11:57:42,223 [INFO] Date: 2026-08-04 11:57:42
2026-08-04 11:57:42,223 [INFO] ============================================================
2026-08-04 11:57:42,224 [INFO] Conseils déjà traités: 0
2026-08-04 11:57:42,224 [INFO] Scraping avec Selenium: https://www.cg.gov.ma/ar/%D9%85%D8%AC%D9%84%D8%B3-%D8%A7%D9%84%D8%AD%D9%83%D9%88%D9%85%D8%A9
2026-08-04 11:57:42,715 [INFO] patching driver executable /home/runner/.local/share/undetected_chromedriver/undetected_chromedriver
2026-08-04 11:57:42,749 [ERROR] Tentative 1/3 échouée pour https://www.cg.gov.ma/ar/%D9%85%D8%AC%D9%84%D8%B3-%D8%A7%D9%84%D8%AD%D9%83%D9%88%D9%85%D8%A9: Message: invalid argument: cannot parse capability: goog:chromeOptions
from invalid argument: unrecognized chrome option: excludeSwitches
Stacktrace:
#0 0x5635b492c83a <unknown>
#1 0x5635b429ffc9 <unknown>
#2 0x5635b42d02d0 <unknown>
#3 0x5635b42cc2f7 <unknown>
#4 0x5635b43286bb <unknown>
#5 0x5635b432801d <unknown>
#6 0x5635b4329cd7 <unknown>
#7 0x5635b4329aac <unknown>
#8 0x5635b42e8d32 <unknown>
#9 0x5635b42e9bb1 <unknown>
#10 0x5635b48f1bc0 <unknown>
#11 0x5635b48f023a <unknown>
#12 0x5635b48dac65 <unknown>
#13 0x5635b48f0efa <unknown>
#14 0x5635b48c2b60 <unknown>
#15 0x5635b4918218 <unknown>
#16 0x5635b49183b5 <unknown>
#17 0x5635b492b3ee <unknown>
#18 0x7fb5e2e9caa4 <unknown>
#19 0x7fb5e2f29c6c <unknown>

2026-08-04 11:57:48,212 [INFO] patching driver executable /home/runner/.local/share/undetected_chromedriver/undetected_chromedriver
2026-08-04 11:57:48,244 [ERROR] Tentative 2/3 échouée pour https://www.cg.gov.ma/ar/%D9%85%D8%AC%D9%84%D8%B3-%D8%A7%D9%84%D8%AD%D9%83%D9%88%D9%85%D8%A9: Message: invalid argument: cannot parse capability: goog:chromeOptions
from invalid argument: unrecognized chrome option: excludeSwitches
Stacktrace:
#0 0x55abf469383a <unknown>
#1 0x55abf4006fc9 <unknown>
#2 0x55abf40372d0 <unknown>
#3 0x55abf40332f7 <unknown>
#4 0x55abf408f6bb <unknown>
#5 0x55abf408f01d <unknown>
#6 0x55abf4090cd7 <unknown>
#7 0x55abf4090aac <unknown>
#8 0x55abf404fd32 <unknown>
#9 0x55abf4050bb1 <unknown>
#10 0x55abf4658bc0 <unknown>
#11 0x55abf465723a <unknown>
#12 0x55abf4641c65 <unknown>
#13 0x55abf4657efa <unknown>
#14 0x55abf4629b60 <unknown>
#15 0x55abf467f218 <unknown>
#16 0x55abf467f3b5 <unknown>
#17 0x55abf46923ee <unknown>
#18 0x7f8eb509caa4 <unknown>
#19 0x7f8eb5129c6c <unknown>

2026-08-04 11:57:53,720 [INFO] patching driver executable /home/runner/.local/share/undetected_chromedriver/undetected_chromedriver
2026-08-04 11:57:53,752 [ERROR] Tentative 3/3 échouée pour https://www.cg.gov.ma/ar/%D9%85%D8%AC%D9%84%D8%B3-%D8%A7%D9%84%D8%AD%D9%83%D9%88%D9%85%D8%A9: Message: invalid argument: cannot parse capability: goog:chromeOptions
from invalid argument: unrecognized chrome option: excludeSwitches
Stacktrace:
#0 0x55def09d083a <unknown>
#1 0x55def0343fc9 <unknown>
#2 0x55def03742d0 <unknown>
#3 0x55def03702f7 <unknown>
#4 0x55def03cc6bb <unknown>
#5 0x55def03cc01d <unknown>
#6 0x55def03cdcd7 <unknown>
#7 0x55def03cdaac <unknown>
#8 0x55def038cd32 <unknown>
#9 0x55def038dbb1 <unknown>
#10 0x55def0995bc0 <unknown>
#11 0x55def099423a <unknown>
#12 0x55def097ec65 <unknown>
#13 0x55def0994efa <unknown>
#14 0x55def0966b60 <unknown>
#15 0x55def09bc218 <unknown>
#16 0x55def09bc3b5 <unknown>
#17 0x55def09cf3ee <unknown>
#18 0x7f95e3c9caa4 <unknown>
#19 0x7f95e3d29c6c <unknown>

2026-08-04 11:57:58,752 [INFO] 
============================================================
2026-08-04 11:57:58,752 [INFO] RÉSUMÉ
2026-08-04 11:57:58,753 [INFO] ============================================================
2026-08-04 11:57:58,753 [INFO] Conseils analysés: 0
2026-08-04 11:57:58,753 [INFO] Nouveaux conseils: 0
2026-08-04 11:57:58,753 [INFO] Total en base: 0
2026-08-04 11:58:00,289 [INFO] Email envoyé à cavalkhalid@gmail.com
2026-08-04 11:58:00,289 [INFO] 
Scraper terminé.
2026-08-05 11:52:19,257 [INFO] ============================================================
2026-08-05 11:52:19,257 [INFO] DÉMARRAGE DU SCRAPER Conseil du Gouvernement (cg.gov.ma) - Selenium
2026-08-05 11:52:19,258 [INFO] Date: 2026-08-05 11:52:19
2026-08-05 11:52:19,258 [INFO] ============================================================
2026-08-05 11:52:19,258 [INFO] Conseils déjà traités: 0
2026-08-05 11:52:19,258 [INFO] Scraping avec Selenium: https://www.cg.gov.ma/ar/%D9%85%D8%AC%D9%84%D8%B3-%D8%A7%D9%84%D8%AD%D9%83%D9%88%D9%85%D8%A9
2026-08-05 11:52:20,067 [INFO] patching driver executable /home/runner/.local/share/undetected_chromedriver/undetected_chromedriver
2026-08-05 11:52:20,100 [ERROR] Tentative 1/3 échouée pour https://www.cg.gov.ma/ar/%D9%85%D8%AC%D9%84%D8%B3-%D8%A7%D9%84%D8%AD%D9%83%D9%88%D9%85%D8%A9: Message: invalid argument: cannot parse capability: goog:chromeOptions
from invalid argument: unrecognized chrome option: excludeSwitches
Stacktrace:
#0 0x5565122da75a <unknown>
#1 0x556511c4dfc9 <unknown>
#2 0x556511c7e2d0 <unknown>
#3 0x556511c7a2f7 <unknown>
#4 0x556511cd66bb <unknown>
#5 0x556511cd601d <unknown>
#6 0x556511cd7cd7 <unknown>
#7 0x556511cd7aac <unknown>
#8 0x556511c96d32 <unknown>
#9 0x556511c97bb1 <unknown>
#10 0x55651229fae0 <unknown>
#11 0x55651229e15a <unknown>
#12 0x556512288b85 <unknown>
#13 0x55651229ee1a <unknown>
#14 0x556512270a80 <unknown>
#15 0x5565122c6138 <unknown>
#16 0x5565122c62d5 <unknown>
#17 0x5565122d930e <unknown>
#18 0x7f1b4fc9caa4 <unknown>
#19 0x7f1b4fd29c6c <unknown>

2026-08-05 11:52:25,702 [INFO] patching driver executable /home/runner/.local/share/undetected_chromedriver/undetected_chromedriver
2026-08-05 11:52:25,733 [ERROR] Tentative 2/3 échouée pour https://www.cg.gov.ma/ar/%D9%85%D8%AC%D9%84%D8%B3-%D8%A7%D9%84%D8%AD%D9%83%D9%88%D9%85%D8%A9: Message: invalid argument: cannot parse capability: goog:chromeOptions
from invalid argument: unrecognized chrome option: excludeSwitches
Stacktrace:
#0 0x555cd4b0075a <unknown>
#1 0x555cd4473fc9 <unknown>
#2 0x555cd44a42d0 <unknown>
#3 0x555cd44a02f7 <unknown>
#4 0x555cd44fc6bb <unknown>
#5 0x555cd44fc01d <unknown>
#6 0x555cd44fdcd7 <unknown>
#7 0x555cd44fdaac <unknown>
#8 0x555cd44bcd32 <unknown>
#9 0x555cd44bdbb1 <unknown>
#10 0x555cd4ac5ae0 <unknown>
#11 0x555cd4ac415a <unknown>
#12 0x555cd4aaeb85 <unknown>
#13 0x555cd4ac4e1a <unknown>
#14 0x555cd4a96a80 <unknown>
#15 0x555cd4aec138 <unknown>
#16 0x555cd4aec2d5 <unknown>
#17 0x555cd4aff30e <unknown>
#18 0x7f14f869caa4 <unknown>
#19 0x7f14f8729c6c <unknown>

2026-08-05 11:52:31,295 [INFO] patching driver executable /home/runner/.local/share/undetected_chromedriver/undetected_chromedriver
2026-08-05 11:52:31,325 [ERROR] Tentative 3/3 échouée pour https://www.cg.gov.ma/ar/%D9%85%D8%AC%D9%84%D8%B3-%D8%A7%D9%84%D8%AD%D9%83%D9%88%D9%85%D8%A9: Message: invalid argument: cannot parse capability: goog:chromeOptions
from invalid argument: unrecognized chrome option: excludeSwitches
Stacktrace:
#0 0x563615acf75a <unknown>
#1 0x563615442fc9 <unknown>
#2 0x5636154732d0 <unknown>
#3 0x56361546f2f7 <unknown>
#4 0x5636154cb6bb <unknown>
#5 0x5636154cb01d <unknown>
#6 0x5636154cccd7 <unknown>
#7 0x5636154ccaac <unknown>
#8 0x56361548bd32 <unknown>
#9 0x56361548cbb1 <unknown>
#10 0x563615a94ae0 <unknown>
#11 0x563615a9315a <unknown>
#12 0x563615a7db85 <unknown>
#13 0x563615a93e1a <unknown>
#14 0x563615a65a80 <unknown>
#15 0x563615abb138 <unknown>
#16 0x563615abb2d5 <unknown>
#17 0x563615ace30e <unknown>
#18 0x7f894889caa4 <unknown>
#19 0x7f8948929c6c <unknown>

2026-08-05 11:52:36,326 [INFO] 
============================================================
2026-08-05 11:52:36,326 [INFO] RÉSUMÉ
2026-08-05 11:52:36,326 [INFO] ============================================================
2026-08-05 11:52:36,326 [INFO] Conseils analysés: 0
2026-08-05 11:52:36,326 [INFO] Nouveaux conseils: 0
2026-08-05 11:52:36,326 [INFO] Total en base: 0
2026-08-05 11:52:38,449 [INFO] Email envoyé à cavalkhalid@gmail.com
2026-08-05 11:52:38,449 [INFO] 
Scraper terminé.
2026-08-06 11:58:21,595 [INFO] ============================================================
2026-08-06 11:58:21,595 [INFO] DÉMARRAGE DU SCRAPER Conseil du Gouvernement (cg.gov.ma) - Selenium
2026-08-06 11:58:21,595 [INFO] Date: 2026-08-06 11:58:21
2026-08-06 11:58:21,595 [INFO] ============================================================
2026-08-06 11:58:21,595 [INFO] Conseils déjà traités: 0
2026-08-06 11:58:21,595 [INFO] Scraping avec Selenium: https://www.cg.gov.ma/ar/%D9%85%D8%AC%D9%84%D8%B3-%D8%A7%D9%84%D8%AD%D9%83%D9%88%D9%85%D8%A9
2026-08-06 11:58:22,064 [INFO] patching driver executable /home/runner/.local/share/undetected_chromedriver/undetected_chromedriver
2026-08-06 11:58:22,110 [ERROR] Tentative 1/3 échouée pour https://www.cg.gov.ma/ar/%D9%85%D8%AC%D9%84%D8%B3-%D8%A7%D9%84%D8%AD%D9%83%D9%88%D9%85%D8%A9: Message: invalid argument: cannot parse capability: goog:chromeOptions
from invalid argument: unrecognized chrome option: excludeSwitches
Stacktrace:
#0 0x5558db2dc75a <unknown>
#1 0x5558dac4ffc9 <unknown>
#2 0x5558dac802d0 <unknown>
#3 0x5558dac7c2f7 <unknown>
#4 0x5558dacd86bb <unknown>
#5 0x5558dacd801d <unknown>
#6 0x5558dacd9cd7 <unknown>
#7 0x5558dacd9aac <unknown>
#8 0x5558dac98d32 <unknown>
#9 0x5558dac99bb1 <unknown>
#10 0x5558db2a1ae0 <unknown>
#11 0x5558db2a015a <unknown>
#12 0x5558db28ab85 <unknown>
#13 0x5558db2a0e1a <unknown>
#14 0x5558db272a80 <unknown>
#15 0x5558db2c8138 <unknown>
#16 0x5558db2c82d5 <unknown>
#17 0x5558db2db30e <unknown>
#18 0x7f632f49caa4 <unknown>
#19 0x7f632f529c6c <unknown>

2026-08-06 11:58:27,599 [INFO] patching driver executable /home/runner/.local/share/undetected_chromedriver/undetected_chromedriver
2026-08-06 11:58:27,640 [ERROR] Tentative 2/3 échouée pour https://www.cg.gov.ma/ar/%D9%85%D8%AC%D9%84%D8%B3-%D8%A7%D9%84%D8%AD%D9%83%D9%88%D9%85%D8%A9: Message: invalid argument: cannot parse capability: goog:chromeOptions
from invalid argument: unrecognized chrome option: excludeSwitches
Stacktrace:
#0 0x5576adfc575a <unknown>
#1 0x5576ad938fc9 <unknown>
#2 0x5576ad9692d0 <unknown>
#3 0x5576ad9652f7 <unknown>
#4 0x5576ad9c16bb <unknown>
#5 0x5576ad9c101d <unknown>
#6 0x5576ad9c2cd7 <unknown>
#7 0x5576ad9c2aac <unknown>
#8 0x5576ad981d32 <unknown>
#9 0x5576ad982bb1 <unknown>
#10 0x5576adf8aae0 <unknown>
#11 0x5576adf8915a <unknown>
#12 0x5576adf73b85 <unknown>
#13 0x5576adf89e1a <unknown>
#14 0x5576adf5ba80 <unknown>
#15 0x5576adfb1138 <unknown>
#16 0x5576adfb12d5 <unknown>
#17 0x5576adfc430e <unknown>
#18 0x7f49f4c9caa4 <unknown>
#19 0x7f49f4d29c6c <unknown>

2026-08-06 11:58:33,113 [INFO] patching driver executable /home/runner/.local/share/undetected_chromedriver/undetected_chromedriver
2026-08-06 11:58:33,153 [ERROR] Tentative 3/3 échouée pour https://www.cg.gov.ma/ar/%D9%85%D8%AC%D9%84%D8%B3-%D8%A7%D9%84%D8%AD%D9%83%D9%88%D9%85%D8%A9: Message: invalid argument: cannot parse capability: goog:chromeOptions
from invalid argument: unrecognized chrome option: excludeSwitches
Stacktrace:
#0 0x55d6295a575a <unknown>
#1 0x55d628f18fc9 <unknown>
#2 0x55d628f492d0 <unknown>
#3 0x55d628f452f7 <unknown>
#4 0x55d628fa16bb <unknown>
#5 0x55d628fa101d <unknown>
#6 0x55d628fa2cd7 <unknown>
#7 0x55d628fa2aac <unknown>
#8 0x55d628f61d32 <unknown>
#9 0x55d628f62bb1 <unknown>
#10 0x55d62956aae0 <unknown>
#11 0x55d62956915a <unknown>
#12 0x55d629553b85 <unknown>
#13 0x55d629569e1a <unknown>
#14 0x55d62953ba80 <unknown>
#15 0x55d629591138 <unknown>
#16 0x55d6295912d5 <unknown>
#17 0x55d6295a430e <unknown>
#18 0x7efda7a9caa4 <unknown>
#19 0x7efda7b29c6c <unknown>

2026-08-06 11:58:38,154 [INFO] 
============================================================
2026-08-06 11:58:38,154 [INFO] RÉSUMÉ
2026-08-06 11:58:38,154 [INFO] ============================================================
2026-08-06 11:58:38,154 [INFO] Conseils analysés: 0
2026-08-06 11:58:38,154 [INFO] Nouveaux conseils: 0
2026-08-06 11:58:38,154 [INFO] Total en base: 0
2026-08-06 11:58:40,912 [INFO] Email envoyé à cavalkhalid@gmail.com
2026-08-06 11:58:40,912 [INFO] 
Scraper terminé.
2026-08-07 10:43:51,116 [INFO] ============================================================
2026-08-07 10:43:51,116 [INFO] DÉMARRAGE DU SCRAPER Conseil du Gouvernement (cg.gov.ma) - Selenium
2026-08-07 10:43:51,117 [INFO] Date: 2026-08-07 10:43:51
2026-08-07 10:43:51,117 [INFO] ============================================================
2026-08-07 10:43:51,117 [INFO] Conseils déjà traités: 0
2026-08-07 10:43:51,117 [INFO] Scraping avec Selenium: https://www.cg.gov.ma/ar/%D9%85%D8%AC%D9%84%D8%B3-%D8%A7%D9%84%D8%AD%D9%83%D9%88%D9%85%D8%A9
2026-08-07 10:43:51,606 [INFO] patching driver executable /home/runner/.local/share/undetected_chromedriver/undetected_chromedriver
2026-08-07 10:43:51,670 [ERROR] Tentative 1/3 échouée pour https://www.cg.gov.ma/ar/%D9%85%D8%AC%D9%84%D8%B3-%D8%A7%D9%84%D8%AD%D9%83%D9%88%D9%85%D8%A9: Message: invalid argument: cannot parse capability: goog:chromeOptions
from invalid argument: unrecognized chrome option: excludeSwitches
Stacktrace:
#0 0x5609ca02b82a <unknown>
#1 0x5609c999efc9 <unknown>
#2 0x5609c99cf2d0 <unknown>
#3 0x5609c99cb2f7 <unknown>
#4 0x5609c9a276bb <unknown>
#5 0x5609c9a2701d <unknown>
#6 0x5609c9a28cd7 <unknown>
#7 0x5609c9a28aac <unknown>
#8 0x5609c99e7d32 <unknown>
#9 0x5609c99e8bb1 <unknown>
#10 0x5609c9ff0bb0 <unknown>
#11 0x5609c9fef22a <unknown>
#12 0x5609c9fd9c55 <unknown>
#13 0x5609c9fefeea <unknown>
#14 0x5609c9fc1b50 <unknown>
#15 0x5609ca017208 <unknown>
#16 0x5609ca0173a5 <unknown>
#17 0x5609ca02a3de <unknown>
#18 0x7f152669cb84 <unknown>
#19 0x7f1526729d6c <unknown>

2026-08-07 10:43:57,145 [INFO] patching driver executable /home/runner/.local/share/undetected_chromedriver/undetected_chromedriver
2026-08-07 10:43:57,176 [ERROR] Tentative 2/3 échouée pour https://www.cg.gov.ma/ar/%D9%85%D8%AC%D9%84%D8%B3-%D8%A7%D9%84%D8%AD%D9%83%D9%88%D9%85%D8%A9: Message: invalid argument: cannot parse capability: goog:chromeOptions
from invalid argument: unrecognized chrome option: excludeSwitches
Stacktrace:
#0 0x56296ac6282a <unknown>
#1 0x56296a5d5fc9 <unknown>
#2 0x56296a6062d0 <unknown>
#3 0x56296a6022f7 <unknown>
#4 0x56296a65e6bb <unknown>
#5 0x56296a65e01d <unknown>
#6 0x56296a65fcd7 <unknown>
#7 0x56296a65faac <unknown>
#8 0x56296a61ed32 <unknown>
#9 0x56296a61fbb1 <unknown>
#10 0x56296ac27bb0 <unknown>
#11 0x56296ac2622a <unknown>
#12 0x56296ac10c55 <unknown>
#13 0x56296ac26eea <unknown>
#14 0x56296abf8b50 <unknown>
#15 0x56296ac4e208 <unknown>
#16 0x56296ac4e3a5 <unknown>
#17 0x56296ac613de <unknown>
#18 0x7fa19a29cb84 <unknown>
#19 0x7fa19a329d6c <unknown>

2026-08-07 10:44:02,652 [INFO] patching driver executable /home/runner/.local/share/undetected_chromedriver/undetected_chromedriver
2026-08-07 10:44:02,683 [ERROR] Tentative 3/3 échouée pour https://www.cg.gov.ma/ar/%D9%85%D8%AC%D9%84%D8%B3-%D8%A7%D9%84%D8%AD%D9%83%D9%88%D9%85%D8%A9: Message: invalid argument: cannot parse capability: goog:chromeOptions
from invalid argument: unrecognized chrome option: excludeSwitches
Stacktrace:
#0 0x56282ca8c82a <unknown>
#1 0x56282c3fffc9 <unknown>
#2 0x56282c4302d0 <unknown>
#3 0x56282c42c2f7 <unknown>
#4 0x56282c4886bb <unknown>
#5 0x56282c48801d <unknown>
#6 0x56282c489cd7 <unknown>
#7 0x56282c489aac <unknown>
#8 0x56282c448d32 <unknown>
#9 0x56282c449bb1 <unknown>
#10 0x56282ca51bb0 <unknown>
#11 0x56282ca5022a <unknown>
#12 0x56282ca3ac55 <unknown>
#13 0x56282ca50eea <unknown>
#14 0x56282ca22b50 <unknown>
#15 0x56282ca78208 <unknown>
#16 0x56282ca783a5 <unknown>
#17 0x56282ca8b3de <unknown>
#18 0x7f36e8e9cb84 <unknown>
#19 0x7f36e8f29d6c <unknown>

2026-08-07 10:44:07,684 [INFO] 
============================================================
2026-08-07 10:44:07,684 [INFO] RÉSUMÉ
2026-08-07 10:44:07,684 [INFO] ============================================================
2026-08-07 10:44:07,684 [INFO] Conseils analysés: 0
2026-08-07 10:44:07,684 [INFO] Nouveaux conseils: 0
2026-08-07 10:44:07,684 [INFO] Total en base: 0
2026-08-07 10:44:09,553 [INFO] Email envoyé à cavalkhalid@gmail.com
2026-08-07 10:44:09,553 [INFO] 
Scraper terminé.
2026-08-08 10:22:36,274 [INFO] ============================================================
2026-08-08 10:22:36,275 [INFO] DÉMARRAGE DU SCRAPER Conseil du Gouvernement (cg.gov.ma) - Selenium
2026-08-08 10:22:36,275 [INFO] Date: 2026-08-08 10:22:36
2026-08-08 10:22:36,275 [INFO] ============================================================
2026-08-08 10:22:36,275 [INFO] Conseils déjà traités: 0
2026-08-08 10:22:36,275 [INFO] Scraping avec Selenium: https://www.cg.gov.ma/ar/%D9%85%D8%AC%D9%84%D8%B3-%D8%A7%D9%84%D8%AD%D9%83%D9%88%D9%85%D8%A9
2026-08-08 10:22:36,659 [INFO] patching driver executable /home/runner/.local/share/undetected_chromedriver/undetected_chromedriver
2026-08-08 10:22:36,692 [ERROR] Tentative 1/3 échouée pour https://www.cg.gov.ma/ar/%D9%85%D8%AC%D9%84%D8%B3-%D8%A7%D9%84%D8%AD%D9%83%D9%88%D9%85%D8%A9: Message: invalid argument: cannot parse capability: goog:chromeOptions
from invalid argument: unrecognized chrome option: excludeSwitches
Stacktrace:
#0 0x558a03a5682a <unknown>
#1 0x558a033c9fc9 <unknown>
#2 0x558a033fa2d0 <unknown>
#3 0x558a033f62f7 <unknown>
#4 0x558a034526bb <unknown>
#5 0x558a0345201d <unknown>
#6 0x558a03453cd7 <unknown>
#7 0x558a03453aac <unknown>
#8 0x558a03412d32 <unknown>
#9 0x558a03413bb1 <unknown>
#10 0x558a03a1bbb0 <unknown>
#11 0x558a03a1a22a <unknown>
#12 0x558a03a04c55 <unknown>
#13 0x558a03a1aeea <unknown>
#14 0x558a039ecb50 <unknown>
#15 0x558a03a42208 <unknown>
#16 0x558a03a423a5 <unknown>
#17 0x558a03a553de <unknown>
#18 0x7fb19d49caa4 <unknown>
#19 0x7fb19d529c6c <unknown>

2026-08-08 10:22:42,048 [INFO] patching driver executable /home/runner/.local/share/undetected_chromedriver/undetected_chromedriver
2026-08-08 10:22:42,079 [ERROR] Tentative 2/3 échouée pour https://www.cg.gov.ma/ar/%D9%85%D8%AC%D9%84%D8%B3-%D8%A7%D9%84%D8%AD%D9%83%D9%88%D9%85%D8%A9: Message: invalid argument: cannot parse capability: goog:chromeOptions
from invalid argument: unrecognized chrome option: excludeSwitches
Stacktrace:
#0 0x55c846f0282a <unknown>
#1 0x55c846875fc9 <unknown>
#2 0x55c8468a62d0 <unknown>
#3 0x55c8468a22f7 <unknown>
#4 0x55c8468fe6bb <unknown>
#5 0x55c8468fe01d <unknown>
#6 0x55c8468ffcd7 <unknown>
#7 0x55c8468ffaac <unknown>
#8 0x55c8468bed32 <unknown>
#9 0x55c8468bfbb1 <unknown>
#10 0x55c846ec7bb0 <unknown>
#11 0x55c846ec622a <unknown>
#12 0x55c846eb0c55 <unknown>
#13 0x55c846ec6eea <unknown>
#14 0x55c846e98b50 <unknown>
#15 0x55c846eee208 <unknown>
#16 0x55c846eee3a5 <unknown>
#17 0x55c846f013de <unknown>
#18 0x7fe8e749caa4 <unknown>
#19 0x7fe8e7529c6c <unknown>

2026-08-08 10:22:47,377 [INFO] patching driver executable /home/runner/.local/share/undetected_chromedriver/undetected_chromedriver
2026-08-08 10:22:47,408 [ERROR] Tentative 3/3 échouée pour https://www.cg.gov.ma/ar/%D9%85%D8%AC%D9%84%D8%B3-%D8%A7%D9%84%D8%AD%D9%83%D9%88%D9%85%D8%A9: Message: invalid argument: cannot parse capability: goog:chromeOptions
from invalid argument: unrecognized chrome option: excludeSwitches
Stacktrace:
#0 0x559bb278682a <unknown>
#1 0x559bb20f9fc9 <unknown>
#2 0x559bb212a2d0 <unknown>
#3 0x559bb21262f7 <unknown>
#4 0x559bb21826bb <unknown>
#5 0x559bb218201d <unknown>
#6 0x559bb2183cd7 <unknown>
#7 0x559bb2183aac <unknown>
#8 0x559bb2142d32 <unknown>
#9 0x559bb2143bb1 <unknown>
#10 0x559bb274bbb0 <unknown>
#11 0x559bb274a22a <unknown>
#12 0x559bb2734c55 <unknown>
#13 0x559bb274aeea <unknown>
#14 0x559bb271cb50 <unknown>
#15 0x559bb2772208 <unknown>
#16 0x559bb27723a5 <unknown>
#17 0x559bb27853de <unknown>
#18 0x7ff111c9caa4 <unknown>
#19 0x7ff111d29c6c <unknown>

2026-08-08 10:22:52,408 [INFO] 
============================================================
2026-08-08 10:22:52,408 [INFO] RÉSUMÉ
2026-08-08 10:22:52,408 [INFO] ============================================================
2026-08-08 10:22:52,408 [INFO] Conseils analysés: 0
2026-08-08 10:22:52,409 [INFO] Nouveaux conseils: 0
2026-08-08 10:22:52,409 [INFO] Total en base: 0
2026-08-08 10:22:53,654 [INFO] Email envoyé à cavalkhalid@gmail.com
2026-08-08 10:22:53,654 [INFO] 
Scraper terminé.
2026-08-09 10:23:53,440 [INFO] ============================================================
2026-08-09 10:23:53,440 [INFO] DÉMARRAGE DU SCRAPER Conseil du Gouvernement (cg.gov.ma) - Selenium
2026-08-09 10:23:53,441 [INFO] Date: 2026-08-09 10:23:53
2026-08-09 10:23:53,441 [INFO] ============================================================
2026-08-09 10:23:53,441 [INFO] Conseils déjà traités: 0
2026-08-09 10:23:53,441 [INFO] Scraping avec Selenium: https://www.cg.gov.ma/ar/%D9%85%D8%AC%D9%84%D8%B3-%D8%A7%D9%84%D8%AD%D9%83%D9%88%D9%85%D8%A9
2026-08-09 10:23:53,786 [INFO] patching driver executable /home/runner/.local/share/undetected_chromedriver/undetected_chromedriver
2026-08-09 10:23:53,842 [ERROR] Tentative 1/3 échouée pour https://www.cg.gov.ma/ar/%D9%85%D8%AC%D9%84%D8%B3-%D8%A7%D9%84%D8%AD%D9%83%D9%88%D9%85%D8%A9: Message: invalid argument: cannot parse capability: goog:chromeOptions
from invalid argument: unrecognized chrome option: excludeSwitches
Stacktrace:
#0 0x55eb38cf182a <unknown>
#1 0x55eb38664fc9 <unknown>
#2 0x55eb386952d0 <unknown>
#3 0x55eb386912f7 <unknown>
#4 0x55eb386ed6bb <unknown>
#5 0x55eb386ed01d <unknown>
#6 0x55eb386eecd7 <unknown>
#7 0x55eb386eeaac <unknown>
#8 0x55eb386add32 <unknown>
#9 0x55eb386aebb1 <unknown>
#10 0x55eb38cb6bb0 <unknown>
#11 0x55eb38cb522a <unknown>
#12 0x55eb38c9fc55 <unknown>
#13 0x55eb38cb5eea <unknown>
#14 0x55eb38c87b50 <unknown>
#15 0x55eb38cdd208 <unknown>
#16 0x55eb38cdd3a5 <unknown>
#17 0x55eb38cf03de <unknown>
#18 0x7fef3569caa4 <unknown>
#19 0x7fef35729c6c <unknown>

2026-08-09 10:23:59,161 [INFO] patching driver executable /home/runner/.local/share/undetected_chromedriver/undetected_chromedriver
2026-08-09 10:23:59,193 [ERROR] Tentative 2/3 échouée pour https://www.cg.gov.ma/ar/%D9%85%D8%AC%D9%84%D8%B3-%D8%A7%D9%84%D8%AD%D9%83%D9%88%D9%85%D8%A9: Message: invalid argument: cannot parse capability: goog:chromeOptions
from invalid argument: unrecognized chrome option: excludeSwitches
Stacktrace:
#0 0x55d2293c382a <unknown>
#1 0x55d228d36fc9 <unknown>
#2 0x55d228d672d0 <unknown>
#3 0x55d228d632f7 <unknown>
#4 0x55d228dbf6bb <unknown>
#5 0x55d228dbf01d <unknown>
#6 0x55d228dc0cd7 <unknown>
#7 0x55d228dc0aac <unknown>
#8 0x55d228d7fd32 <unknown>
#9 0x55d228d80bb1 <unknown>
#10 0x55d229388bb0 <unknown>
#11 0x55d22938722a <unknown>
#12 0x55d229371c55 <unknown>
#13 0x55d229387eea <unknown>
#14 0x55d229359b50 <unknown>
#15 0x55d2293af208 <unknown>
#16 0x55d2293af3a5 <unknown>
#17 0x55d2293c23de <unknown>
#18 0x7f4829a9caa4 <unknown>
#19 0x7f4829b29c6c <unknown>

2026-08-09 10:24:04,604 [INFO] patching driver executable /home/runner/.local/share/undetected_chromedriver/undetected_chromedriver
2026-08-09 10:24:04,636 [ERROR] Tentative 3/3 échouée pour https://www.cg.gov.ma/ar/%D9%85%D8%AC%D9%84%D8%B3-%D8%A7%D9%84%D8%AD%D9%83%D9%88%D9%85%D8%A9: Message: invalid argument: cannot parse capability: goog:chromeOptions
from invalid argument: unrecognized chrome option: excludeSwitches
Stacktrace:
#0 0x563685c2382a <unknown>
#1 0x563685596fc9 <unknown>
#2 0x5636855c72d0 <unknown>
#3 0x5636855c32f7 <unknown>
#4 0x56368561f6bb <unknown>
#5 0x56368561f01d <unknown>
#6 0x563685620cd7 <unknown>
#7 0x563685620aac <unknown>
#8 0x5636855dfd32 <unknown>
#9 0x5636855e0bb1 <unknown>
#10 0x563685be8bb0 <unknown>
#11 0x563685be722a <unknown>
#12 0x563685bd1c55 <unknown>
#13 0x563685be7eea <unknown>
#14 0x563685bb9b50 <unknown>
#15 0x563685c0f208 <unknown>
#16 0x563685c0f3a5 <unknown>
#17 0x563685c223de <unknown>
#18 0x7f2a1769caa4 <unknown>
#19 0x7f2a17729c6c <unknown>

2026-08-09 10:24:09,637 [INFO] 
============================================================
2026-08-09 10:24:09,637 [INFO] RÉSUMÉ
2026-08-09 10:24:09,637 [INFO] ============================================================
2026-08-09 10:24:09,637 [INFO] Conseils analysés: 0
2026-08-09 10:24:09,638 [INFO] Nouveaux conseils: 0
2026-08-09 10:24:09,638 [INFO] Total en base: 0
2026-08-09 10:24:10,930 [INFO] Email envoyé à cavalkhalid@gmail.com
2026-08-09 10:24:10,930 [INFO] 
Scraper terminé.
2026-08-10 10:59:35,373 [INFO] ============================================================
2026-08-10 10:59:35,373 [INFO] DÉMARRAGE DU SCRAPER Conseil du Gouvernement (cg.gov.ma) - Selenium
2026-08-10 10:59:35,373 [INFO] Date: 2026-08-10 10:59:35
2026-08-10 10:59:35,373 [INFO] ============================================================
2026-08-10 10:59:35,373 [INFO] Conseils déjà traités: 0
2026-08-10 10:59:35,373 [INFO] Scraping avec Selenium: https://www.cg.gov.ma/ar/%D9%85%D8%AC%D9%84%D8%B3-%D8%A7%D9%84%D8%AD%D9%83%D9%88%D9%85%D8%A9
2026-08-10 10:59:35,685 [INFO] patching driver executable /home/runner/.local/share/undetected_chromedriver/undetected_chromedriver
2026-08-10 10:59:35,719 [ERROR] Tentative 1/3 échouée pour https://www.cg.gov.ma/ar/%D9%85%D8%AC%D9%84%D8%B3-%D8%A7%D9%84%D8%AD%D9%83%D9%88%D9%85%D8%A9: Message: invalid argument: cannot parse capability: goog:chromeOptions
from invalid argument: unrecognized chrome option: excludeSwitches
Stacktrace:
#0 0x5582a480182a <unknown>
#1 0x5582a4174fc9 <unknown>
#2 0x5582a41a52d0 <unknown>
#3 0x5582a41a12f7 <unknown>
#4 0x5582a41fd6bb <unknown>
#5 0x5582a41fd01d <unknown>
#6 0x5582a41fecd7 <unknown>
#7 0x5582a41feaac <unknown>
#8 0x5582a41bdd32 <unknown>
#9 0x5582a41bebb1 <unknown>
#10 0x5582a47c6bb0 <unknown>
#11 0x5582a47c522a <unknown>
#12 0x5582a47afc55 <unknown>
#13 0x5582a47c5eea <unknown>
#14 0x5582a4797b50 <unknown>
#15 0x5582a47ed208 <unknown>
#16 0x5582a47ed3a5 <unknown>
#17 0x5582a48003de <unknown>
#18 0x7f234a89caa4 <unknown>
#19 0x7f234a929c6c <unknown>

2026-08-10 10:59:41,028 [INFO] patching driver executable /home/runner/.local/share/undetected_chromedriver/undetected_chromedriver
2026-08-10 10:59:41,061 [ERROR] Tentative 2/3 échouée pour https://www.cg.gov.ma/ar/%D9%85%D8%AC%D9%84%D8%B3-%D8%A7%D9%84%D8%AD%D9%83%D9%88%D9%85%D8%A9: Message: invalid argument: cannot parse capability: goog:chromeOptions
from invalid argument: unrecognized chrome option: excludeSwitches
Stacktrace:
#0 0x55b3f3dd682a <unknown>
#1 0x55b3f3749fc9 <unknown>
#2 0x55b3f377a2d0 <unknown>
#3 0x55b3f37762f7 <unknown>
#4 0x55b3f37d26bb <unknown>
#5 0x55b3f37d201d <unknown>
#6 0x55b3f37d3cd7 <unknown>
#7 0x55b3f37d3aac <unknown>
#8 0x55b3f3792d32 <unknown>
#9 0x55b3f3793bb1 <unknown>
#10 0x55b3f3d9bbb0 <unknown>
#11 0x55b3f3d9a22a <unknown>
#12 0x55b3f3d84c55 <unknown>
#13 0x55b3f3d9aeea <unknown>
#14 0x55b3f3d6cb50 <unknown>
#15 0x55b3f3dc2208 <unknown>
#16 0x55b3f3dc23a5 <unknown>
#17 0x55b3f3dd53de <unknown>
#18 0x7f467389caa4 <unknown>
#19 0x7f4673929c6c <unknown>

2026-08-10 10:59:46,410 [INFO] patching driver executable /home/runner/.local/share/undetected_chromedriver/undetected_chromedriver
2026-08-10 10:59:46,440 [ERROR] Tentative 3/3 échouée pour https://www.cg.gov.ma/ar/%D9%85%D8%AC%D9%84%D8%B3-%D8%A7%D9%84%D8%AD%D9%83%D9%88%D9%85%D8%A9: Message: invalid argument: cannot parse capability: goog:chromeOptions
from invalid argument: unrecognized chrome option: excludeSwitches
Stacktrace:
#0 0x56294b50582a <unknown>
#1 0x56294ae78fc9 <unknown>
#2 0x56294aea92d0 <unknown>
#3 0x56294aea52f7 <unknown>
#4 0x56294af016bb <unknown>
#5 0x56294af0101d <unknown>
#6 0x56294af02cd7 <unknown>
#7 0x56294af02aac <unknown>
#8 0x56294aec1d32 <unknown>
#9 0x56294aec2bb1 <unknown>
#10 0x56294b4cabb0 <unknown>
#11 0x56294b4c922a <unknown>
#12 0x56294b4b3c55 <unknown>
#13 0x56294b4c9eea <unknown>
#14 0x56294b49bb50 <unknown>
#15 0x56294b4f1208 <unknown>
#16 0x56294b4f13a5 <unknown>
#17 0x56294b5043de <unknown>
#18 0x7fd230e9caa4 <unknown>
#19 0x7fd230f29c6c <unknown>

2026-08-10 10:59:51,441 [INFO] 
============================================================
2026-08-10 10:59:51,441 [INFO] RÉSUMÉ
2026-08-10 10:59:51,441 [INFO] ============================================================
2026-08-10 10:59:51,441 [INFO] Conseils analysés: 0
2026-08-10 10:59:51,441 [INFO] Nouveaux conseils: 0
2026-08-10 10:59:51,441 [INFO] Total en base: 0
2026-08-10 10:59:53,235 [INFO] Email envoyé à cavalkhalid@gmail.com
2026-08-10 10:59:53,235 [INFO] 
Scraper terminé.
2026-08-11 10:42:37,620 [INFO] ============================================================
2026-08-11 10:42:37,620 [INFO] DÉMARRAGE DU SCRAPER Conseil du Gouvernement (cg.gov.ma) - Selenium
2026-08-11 10:42:37,620 [INFO] Date: 2026-08-11 10:42:37
2026-08-11 10:42:37,620 [INFO] ============================================================
2026-08-11 10:42:37,620 [INFO] Conseils déjà traités: 0
2026-08-11 10:42:37,620 [INFO] Scraping avec Selenium: https://www.cg.gov.ma/ar/%D9%85%D8%AC%D9%84%D8%B3-%D8%A7%D9%84%D8%AD%D9%83%D9%88%D9%85%D8%A9
2026-08-11 10:42:38,001 [INFO] patching driver executable /home/runner/.local/share/undetected_chromedriver/undetected_chromedriver
2026-08-11 10:42:38,034 [ERROR] Tentative 1/3 échouée pour https://www.cg.gov.ma/ar/%D9%85%D8%AC%D9%84%D8%B3-%D8%A7%D9%84%D8%AD%D9%83%D9%88%D9%85%D8%A9: Message: invalid argument: cannot parse capability: goog:chromeOptions
from invalid argument: unrecognized chrome option: excludeSwitches
Stacktrace:
#0 0x557ac079082a <unknown>
#1 0x557ac0103fc9 <unknown>
#2 0x557ac01342d0 <unknown>
#3 0x557ac01302f7 <unknown>
#4 0x557ac018c6bb <unknown>
#5 0x557ac018c01d <unknown>
#6 0x557ac018dcd7 <unknown>
#7 0x557ac018daac <unknown>
#8 0x557ac014cd32 <unknown>
#9 0x557ac014dbb1 <unknown>
#10 0x557ac0755bb0 <unknown>
#11 0x557ac075422a <unknown>
#12 0x557ac073ec55 <unknown>
#13 0x557ac0754eea <unknown>
#14 0x557ac0726b50 <unknown>
#15 0x557ac077c208 <unknown>
#16 0x557ac077c3a5 <unknown>
#17 0x557ac078f3de <unknown>
#18 0x7f5c68c9caa4 <unknown>
#19 0x7f5c68d29c6c <unknown>

2026-08-11 10:42:43,374 [INFO] patching driver executable /home/runner/.local/share/undetected_chromedriver/undetected_chromedriver
2026-08-11 10:42:43,406 [ERROR] Tentative 2/3 échouée pour https://www.cg.gov.ma/ar/%D9%85%D8%AC%D9%84%D8%B3-%D8%A7%D9%84%D8%AD%D9%83%D9%88%D9%85%D8%A9: Message: invalid argument: cannot parse capability: goog:chromeOptions
from invalid argument: unrecognized chrome option: excludeSwitches
Stacktrace:
#0 0x564cdaa1682a <unknown>
#1 0x564cda389fc9 <unknown>
#2 0x564cda3ba2d0 <unknown>
#3 0x564cda3b62f7 <unknown>
#4 0x564cda4126bb <unknown>
#5 0x564cda41201d <unknown>
#6 0x564cda413cd7 <unknown>
#7 0x564cda413aac <unknown>
#8 0x564cda3d2d32 <unknown>
#9 0x564cda3d3bb1 <unknown>
#10 0x564cda9dbbb0 <unknown>
#11 0x564cda9da22a <unknown>
#12 0x564cda9c4c55 <unknown>
#13 0x564cda9daeea <unknown>
#14 0x564cda9acb50 <unknown>
#15 0x564cdaa02208 <unknown>
#16 0x564cdaa023a5 <unknown>
#17 0x564cdaa153de <unknown>
#18 0x7f0a02c9caa4 <unknown>
#19 0x7f0a02d29c6c <unknown>

2026-08-11 10:42:48,752 [INFO] patching driver executable /home/runner/.local/share/undetected_chromedriver/undetected_chromedriver
2026-08-11 10:42:48,784 [ERROR] Tentative 3/3 échouée pour https://www.cg.gov.ma/ar/%D9%85%D8%AC%D9%84%D8%B3-%D8%A7%D9%84%D8%AD%D9%83%D9%88%D9%85%D8%A9: Message: invalid argument: cannot parse capability: goog:chromeOptions
from invalid argument: unrecognized chrome option: excludeSwitches
Stacktrace:
#0 0x55a7f17ce82a <unknown>
#1 0x55a7f1141fc9 <unknown>
#2 0x55a7f11722d0 <unknown>
#3 0x55a7f116e2f7 <unknown>
#4 0x55a7f11ca6bb <unknown>
#5 0x55a7f11ca01d <unknown>
#6 0x55a7f11cbcd7 <unknown>
#7 0x55a7f11cbaac <unknown>
#8 0x55a7f118ad32 <unknown>
#9 0x55a7f118bbb1 <unknown>
#10 0x55a7f1793bb0 <unknown>
#11 0x55a7f179222a <unknown>
#12 0x55a7f177cc55 <unknown>
#13 0x55a7f1792eea <unknown>
#14 0x55a7f1764b50 <unknown>
#15 0x55a7f17ba208 <unknown>
#16 0x55a7f17ba3a5 <unknown>
#17 0x55a7f17cd3de <unknown>
#18 0x7fa1d209caa4 <unknown>
#19 0x7fa1d2129c6c <unknown>

2026-08-11 10:42:53,785 [INFO] 
============================================================
2026-08-11 10:42:53,785 [INFO] RÉSUMÉ
2026-08-11 10:42:53,785 [INFO] ============================================================
2026-08-11 10:42:53,785 [INFO] Conseils analysés: 0
2026-08-11 10:42:53,785 [INFO] Nouveaux conseils: 0
2026-08-11 10:42:53,785 [INFO] Total en base: 0
2026-08-11 10:42:54,871 [INFO] Email envoyé à cavalkhalid@gmail.com
2026-08-11 10:42:54,871 [INFO] 
Scraper terminé.
2026-08-12 10:53:09,529 [INFO] ============================================================
2026-08-12 10:53:09,529 [INFO] DÉMARRAGE DU SCRAPER Conseil du Gouvernement (cg.gov.ma) - Selenium
2026-08-12 10:53:09,529 [INFO] Date: 2026-08-12 10:53:09
2026-08-12 10:53:09,529 [INFO] ============================================================
2026-08-12 10:53:09,529 [INFO] Conseils déjà traités: 0
2026-08-12 10:53:09,529 [INFO] Scraping avec Selenium: https://www.cg.gov.ma/ar/%D9%85%D8%AC%D9%84%D8%B3-%D8%A7%D9%84%D8%AD%D9%83%D9%88%D9%85%D8%A9
2026-08-12 10:53:09,861 [INFO] patching driver executable /home/runner/.local/share/undetected_chromedriver/undetected_chromedriver
2026-08-12 10:53:09,904 [ERROR] Tentative 1/3 échouée pour https://www.cg.gov.ma/ar/%D9%85%D8%AC%D9%84%D8%B3-%D8%A7%D9%84%D8%AD%D9%83%D9%88%D9%85%D8%A9: Message: invalid argument: cannot parse capability: goog:chromeOptions
from invalid argument: unrecognized chrome option: excludeSwitches
Stacktrace:
#0 0x56419eaaa36a <unknown>
#1 0x56419e41df49 <unknown>
#2 0x56419e44e240 <unknown>
#3 0x56419e44a267 <unknown>
#4 0x56419e4a65cb <unknown>
#5 0x56419e4a5f2d <unknown>
#6 0x56419e4a7be7 <unknown>
#7 0x56419e4a79bc <unknown>
#8 0x56419e466c92 <unknown>
#9 0x56419e467b11 <unknown>
#10 0x56419ea6f8d0 <unknown>
#11 0x56419ea6df3a <unknown>
#12 0x56419ea589b5 <unknown>
#13 0x56419ea6ec0a <unknown>
#14 0x56419ea40740 <unknown>
#15 0x56419ea959a8 <unknown>
#16 0x56419ea95b45 <unknown>
#17 0x56419eaa8f1e <unknown>
#18 0x7f78b209caa4 <unknown>
#19 0x7f78b2129c6c <unknown>

2026-08-12 10:53:15,251 [INFO] patching driver executable /home/runner/.local/share/undetected_chromedriver/undetected_chromedriver
2026-08-12 10:53:15,282 [ERROR] Tentative 2/3 échouée pour https://www.cg.gov.ma/ar/%D9%85%D8%AC%D9%84%D8%B3-%D8%A7%D9%84%D8%AD%D9%83%D9%88%D9%85%D8%A9: Message: invalid argument: cannot parse capability: goog:chromeOptions
from invalid argument: unrecognized chrome option: excludeSwitches
Stacktrace:
#0 0x56265a80936a <unknown>
#1 0x56265a17cf49 <unknown>
#2 0x56265a1ad240 <unknown>
#3 0x56265a1a9267 <unknown>
#4 0x56265a2055cb <unknown>
#5 0x56265a204f2d <unknown>
#6 0x56265a206be7 <unknown>
#7 0x56265a2069bc <unknown>
#8 0x56265a1c5c92 <unknown>
#9 0x56265a1c6b11 <unknown>
#10 0x56265a7ce8d0 <unknown>
#11 0x56265a7ccf3a <unknown>
#12 0x56265a7b79b5 <unknown>
#13 0x56265a7cdc0a <unknown>
#14 0x56265a79f740 <unknown>
#15 0x56265a7f49a8 <unknown>
#16 0x56265a7f4b45 <unknown>
#17 0x56265a807f1e <unknown>
#18 0x7f5f1c29caa4 <unknown>
#19 0x7f5f1c329c6c <unknown>

2026-08-12 10:53:20,613 [INFO] patching driver executable /home/runner/.local/share/undetected_chromedriver/undetected_chromedriver
2026-08-12 10:53:20,643 [ERROR] Tentative 3/3 échouée pour https://www.cg.gov.ma/ar/%D9%85%D8%AC%D9%84%D8%B3-%D8%A7%D9%84%D8%AD%D9%83%D9%88%D9%85%D8%A9: Message: invalid argument: cannot parse capability: goog:chromeOptions
from invalid argument: unrecognized chrome option: excludeSwitches
Stacktrace:
#0 0x558ea1d9736a <unknown>
#1 0x558ea170af49 <unknown>
#2 0x558ea173b240 <unknown>
#3 0x558ea1737267 <unknown>
#4 0x558ea17935cb <unknown>
#5 0x558ea1792f2d <unknown>
#6 0x558ea1794be7 <unknown>
#7 0x558ea17949bc <unknown>
#8 0x558ea1753c92 <unknown>
#9 0x558ea1754b11 <unknown>
#10 0x558ea1d5c8d0 <unknown>
#11 0x558ea1d5af3a <unknown>
#12 0x558ea1d459b5 <unknown>
#13 0x558ea1d5bc0a <unknown>
#14 0x558ea1d2d740 <unknown>
#15 0x558ea1d829a8 <unknown>
#16 0x558ea1d82b45 <unknown>
#17 0x558ea1d95f1e <unknown>
#18 0x7f9659c9caa4 <unknown>
#19 0x7f9659d29c6c <unknown>

2026-08-12 10:53:25,644 [INFO] 
============================================================
2026-08-12 10:53:25,644 [INFO] RÉSUMÉ
2026-08-12 10:53:25,644 [INFO] ============================================================
2026-08-12 10:53:25,644 [INFO] Conseils analysés: 0
2026-08-12 10:53:25,644 [INFO] Nouveaux conseils: 0
2026-08-12 10:53:25,644 [INFO] Total en base: 0
2026-08-12 10:53:27,781 [INFO] Email envoyé à cavalkhalid@gmail.com
2026-08-12 10:53:27,781 [INFO] 
Scraper terminé.
2026-08-13 10:54:55,849 [INFO] ============================================================
2026-08-13 10:54:55,849 [INFO] DÉMARRAGE DU SCRAPER Conseil du Gouvernement (cg.gov.ma) - Selenium
2026-08-13 10:54:55,849 [INFO] Date: 2026-08-13 10:54:55
2026-08-13 10:54:55,850 [INFO] ============================================================
2026-08-13 10:54:55,850 [INFO] Conseils déjà traités: 0
2026-08-13 10:54:55,850 [INFO] Scraping avec Selenium: https://www.cg.gov.ma/ar/%D9%85%D8%AC%D9%84%D8%B3-%D8%A7%D9%84%D8%AD%D9%83%D9%88%D9%85%D8%A9
2026-08-13 10:54:56,116 [INFO] patching driver executable /home/runner/.local/share/undetected_chromedriver/undetected_chromedriver
2026-08-13 10:54:56,152 [ERROR] Tentative 1/3 échouée pour https://www.cg.gov.ma/ar/%D9%85%D8%AC%D9%84%D8%B3-%D8%A7%D9%84%D8%AD%D9%83%D9%88%D9%85%D8%A9: Message: invalid argument: cannot parse capability: goog:chromeOptions
from invalid argument: unrecognized chrome option: excludeSwitches
Stacktrace:
#0 0x55f907fb22ca <unknown>
#1 0x55f907915b39 <unknown>
#2 0x55f907945d30 <unknown>
#3 0x55f907941ca7 <unknown>
#4 0x55f90799e03b <unknown>
#5 0x55f90799d99d <unknown>
#6 0x55f90799f657 <unknown>
#7 0x55f90799f42c <unknown>
#8 0x55f90795eecb <unknown>
#9 0x55f90795fcb1 <unknown>
#10 0x55f907f767f0 <unknown>
#11 0x55f907f74e6a <unknown>
#12 0x55f907f5fbb5 <unknown>
#13 0x55f907f75b2a <unknown>
#14 0x55f907f48df0 <unknown>
#15 0x55f907f9d238 <unknown>
#16 0x55f907f9d3d5 <unknown>
#17 0x55f907fb0e53 <unknown>
#18 0x7f10adc9caa4 <unknown>
#19 0x7f10add29c6c <unknown>

2026-08-13 10:55:01,406 [INFO] patching driver executable /home/runner/.local/share/undetected_chromedriver/undetected_chromedriver
2026-08-13 10:55:01,437 [ERROR] Tentative 2/3 échouée pour https://www.cg.gov.ma/ar/%D9%85%D8%AC%D9%84%D8%B3-%D8%A7%D9%84%D8%AD%D9%83%D9%88%D9%85%D8%A9: Message: invalid argument: cannot parse capability: goog:chromeOptions
from invalid argument: unrecognized chrome option: excludeSwitches
Stacktrace:
#0 0x563c71ef22ca <unknown>
#1 0x563c71855b39 <unknown>
#2 0x563c71885d30 <unknown>
#3 0x563c71881ca7 <unknown>
#4 0x563c718de03b <unknown>
#5 0x563c718dd99d <unknown>
#6 0x563c718df657 <unknown>
#7 0x563c718df42c <unknown>
#8 0x563c7189eecb <unknown>
#9 0x563c7189fcb1 <unknown>
#10 0x563c71eb67f0 <unknown>
#11 0x563c71eb4e6a <unknown>
#12 0x563c71e9fbb5 <unknown>
#13 0x563c71eb5b2a <unknown>
#14 0x563c71e88df0 <unknown>
#15 0x563c71edd238 <unknown>
#16 0x563c71edd3d5 <unknown>
#17 0x563c71ef0e53 <unknown>
#18 0x7fc5aea9caa4 <unknown>
#19 0x7fc5aeb29c6c <unknown>

2026-08-13 10:55:06,744 [INFO] patching driver executable /home/runner/.local/share/undetected_chromedriver/undetected_chromedriver
2026-08-13 10:55:06,774 [ERROR] Tentative 3/3 échouée pour https://www.cg.gov.ma/ar/%D9%85%D8%AC%D9%84%D8%B3-%D8%A7%D9%84%D8%AD%D9%83%D9%88%D9%85%D8%A9: Message: invalid argument: cannot parse capability: goog:chromeOptions
from invalid argument: unrecognized chrome option: excludeSwitches
Stacktrace:
#0 0x55cfcb8112ca <unknown>
#1 0x55cfcb174b39 <unknown>
#2 0x55cfcb1a4d30 <unknown>
#3 0x55cfcb1a0ca7 <unknown>
#4 0x55cfcb1fd03b <unknown>
#5 0x55cfcb1fc99d <unknown>
#6 0x55cfcb1fe657 <unknown>
#7 0x55cfcb1fe42c <unknown>
#8 0x55cfcb1bdecb <unknown>
#9 0x55cfcb1becb1 <unknown>
#10 0x55cfcb7d57f0 <unknown>
#11 0x55cfcb7d3e6a <unknown>
#12 0x55cfcb7bebb5 <unknown>
#13 0x55cfcb7d4b2a <unknown>
#14 0x55cfcb7a7df0 <unknown>
#15 0x55cfcb7fc238 <unknown>
#16 0x55cfcb7fc3d5 <unknown>
#17 0x55cfcb80fe53 <unknown>
#18 0x7f5b78c9caa4 <unknown>
#19 0x7f5b78d29c6c <unknown>

2026-08-13 10:55:11,775 [INFO] 
============================================================
2026-08-13 10:55:11,775 [INFO] RÉSUMÉ
2026-08-13 10:55:11,775 [INFO] ============================================================
2026-08-13 10:55:11,776 [INFO] Conseils analysés: 0
2026-08-13 10:55:11,776 [INFO] Nouveaux conseils: 0
2026-08-13 10:55:11,776 [INFO] Total en base: 0
2026-08-13 10:55:12,768 [INFO] Email envoyé à cavalkhalid@gmail.com
2026-08-13 10:55:12,768 [INFO] 
Scraper terminé.
2026-08-14 10:50:32,828 [INFO] ============================================================
2026-08-14 10:50:32,828 [INFO] DÉMARRAGE DU SCRAPER Conseil du Gouvernement (cg.gov.ma) - Selenium
2026-08-14 10:50:32,828 [INFO] Date: 2026-08-14 10:50:32
2026-08-14 10:50:32,828 [INFO] ============================================================
2026-08-14 10:50:32,828 [INFO] Conseils déjà traités: 0
2026-08-14 10:50:32,828 [INFO] Scraping avec Selenium: https://www.cg.gov.ma/ar/%D9%85%D8%AC%D9%84%D8%B3-%D8%A7%D9%84%D8%AD%D9%83%D9%88%D9%85%D8%A9
2026-08-14 10:50:33,219 [INFO] patching driver executable /home/runner/.local/share/undetected_chromedriver/undetected_chromedriver
2026-08-14 10:50:33,247 [ERROR] Tentative 1/3 échouée pour https://www.cg.gov.ma/ar/%D9%85%D8%AC%D9%84%D8%B3-%D8%A7%D9%84%D8%AD%D9%83%D9%88%D9%85%D8%A9: Message: invalid argument: cannot parse capability: goog:chromeOptions
from invalid argument: unrecognized chrome option: excludeSwitches
Stacktrace:
#0 0x561153b3f2ca <unknown>
#1 0x5611534a2b39 <unknown>
#2 0x5611534d2d30 <unknown>
#3 0x5611534ceca7 <unknown>
#4 0x56115352b03b <unknown>
#5 0x56115352a99d <unknown>
#6 0x56115352c657 <unknown>
#7 0x56115352c42c <unknown>
#8 0x5611534ebecb <unknown>
#9 0x5611534eccb1 <unknown>
#10 0x561153b037f0 <unknown>
#11 0x561153b01e6a <unknown>
#12 0x561153aecbb5 <unknown>
#13 0x561153b02b2a <unknown>
#14 0x561153ad5df0 <unknown>
#15 0x561153b2a238 <unknown>
#16 0x561153b2a3d5 <unknown>
#17 0x561153b3de53 <unknown>
#18 0x7fd40989cb84 <unknown>
#19 0x7fd409929d6c <unknown>

2026-08-14 10:50:38,627 [INFO] patching driver executable /home/runner/.local/share/undetected_chromedriver/undetected_chromedriver
2026-08-14 10:50:38,653 [ERROR] Tentative 2/3 échouée pour https://www.cg.gov.ma/ar/%D9%85%D8%AC%D9%84%D8%B3-%D8%A7%D9%84%D8%AD%D9%83%D9%88%D9%85%D8%A9: Message: invalid argument: cannot parse capability: goog:chromeOptions
from invalid argument: unrecognized chrome option: excludeSwitches
Stacktrace:
#0 0x55b7c87532ca <unknown>
#1 0x55b7c80b6b39 <unknown>
#2 0x55b7c80e6d30 <unknown>
#3 0x55b7c80e2ca7 <unknown>
#4 0x55b7c813f03b <unknown>
#5 0x55b7c813e99d <unknown>
#6 0x55b7c8140657 <unknown>
#7 0x55b7c814042c <unknown>
#8 0x55b7c80ffecb <unknown>
#9 0x55b7c8100cb1 <unknown>
#10 0x55b7c87177f0 <unknown>
#11 0x55b7c8715e6a <unknown>
#12 0x55b7c8700bb5 <unknown>
#13 0x55b7c8716b2a <unknown>
#14 0x55b7c86e9df0 <unknown>
#15 0x55b7c873e238 <unknown>
#16 0x55b7c873e3d5 <unknown>
#17 0x55b7c8751e53 <unknown>
#18 0x7fac0269cb84 <unknown>
#19 0x7fac02729d6c <unknown>

2026-08-14 10:50:44,037 [INFO] patching driver executable /home/runner/.local/share/undetected_chromedriver/undetected_chromedriver
2026-08-14 10:50:44,063 [ERROR] Tentative 3/3 échouée pour https://www.cg.gov.ma/ar/%D9%85%D8%AC%D9%84%D8%B3-%D8%A7%D9%84%D8%AD%D9%83%D9%88%D9%85%D8%A9: Message: invalid argument: cannot parse capability: goog:chromeOptions
from invalid argument: unrecognized chrome option: excludeSwitches
Stacktrace:
#0 0x55c8c4ca22ca <unknown>
#1 0x55c8c4605b39 <unknown>
#2 0x55c8c4635d30 <unknown>
#3 0x55c8c4631ca7 <unknown>
#4 0x55c8c468e03b <unknown>
#5 0x55c8c468d99d <unknown>
#6 0x55c8c468f657 <unknown>
#7 0x55c8c468f42c <unknown>
#8 0x55c8c464eecb <unknown>
#9 0x55c8c464fcb1 <unknown>
#10 0x55c8c4c667f0 <unknown>
#11 0x55c8c4c64e6a <unknown>
#12 0x55c8c4c4fbb5 <unknown>
#13 0x55c8c4c65b2a <unknown>
#14 0x55c8c4c38df0 <unknown>
#15 0x55c8c4c8d238 <unknown>
#16 0x55c8c4c8d3d5 <unknown>
#17 0x55c8c4ca0e53 <unknown>
#18 0x7f0dbe29cb84 <unknown>
#19 0x7f0dbe329d6c <unknown>

2026-08-14 10:50:49,064 [INFO] 
============================================================
2026-08-14 10:50:49,064 [INFO] RÉSUMÉ
2026-08-14 10:50:49,064 [INFO] ============================================================
2026-08-14 10:50:49,064 [INFO] Conseils analysés: 0
2026-08-14 10:50:49,064 [INFO] Nouveaux conseils: 0
2026-08-14 10:50:49,064 [INFO] Total en base: 0
2026-08-14 10:50:50,615 [INFO] Email envoyé à cavalkhalid@gmail.com
2026-08-14 10:50:50,615 [INFO] 
Scraper terminé.
2026-08-15 10:14:14,279 [INFO] ============================================================
2026-08-15 10:14:14,279 [INFO] DÉMARRAGE DU SCRAPER Conseil du Gouvernement (cg.gov.ma) - Selenium
2026-08-15 10:14:14,279 [INFO] Date: 2026-08-15 10:14:14
2026-08-15 10:14:14,279 [INFO] ============================================================
2026-08-15 10:14:14,279 [INFO] Conseils déjà traités: 0
2026-08-15 10:14:14,279 [INFO] Scraping avec Selenium: https://www.cg.gov.ma/ar/%D9%85%D8%AC%D9%84%D8%B3-%D8%A7%D9%84%D8%AD%D9%83%D9%88%D9%85%D8%A9
2026-08-15 10:14:14,949 [INFO] patching driver executable /home/runner/.local/share/undetected_chromedriver/undetected_chromedriver
2026-08-15 10:14:15,033 [ERROR] Tentative 1/3 échouée pour https://www.cg.gov.ma/ar/%D9%85%D8%AC%D9%84%D8%B3-%D8%A7%D9%84%D8%AD%D9%83%D9%88%D9%85%D8%A9: Message: invalid argument: cannot parse capability: goog:chromeOptions
from invalid argument: unrecognized chrome option: excludeSwitches
Stacktrace:
#0 0x556587ff12ca <unknown>
#1 0x556587954b39 <unknown>
#2 0x556587984d30 <unknown>
#3 0x556587980ca7 <unknown>
#4 0x5565879dd03b <unknown>
#5 0x5565879dc99d <unknown>
#6 0x5565879de657 <unknown>
#7 0x5565879de42c <unknown>
#8 0x55658799decb <unknown>
#9 0x55658799ecb1 <unknown>
#10 0x556587fb57f0 <unknown>
#11 0x556587fb3e6a <unknown>
#12 0x556587f9ebb5 <unknown>
#13 0x556587fb4b2a <unknown>
#14 0x556587f87df0 <unknown>
#15 0x556587fdc238 <unknown>
#16 0x556587fdc3d5 <unknown>
#17 0x556587fefe53 <unknown>
#18 0x7f034c09cb84 <unknown>
#19 0x7f034c129d6c <unknown>

2026-08-15 10:14:20,774 [INFO] patching driver executable /home/runner/.local/share/undetected_chromedriver/undetected_chromedriver
2026-08-15 10:14:20,808 [ERROR] Tentative 2/3 échouée pour https://www.cg.gov.ma/ar/%D9%85%D8%AC%D9%84%D8%B3-%D8%A7%D9%84%D8%AD%D9%83%D9%88%D9%85%D8%A9: Message: invalid argument: cannot parse capability: goog:chromeOptions
from invalid argument: unrecognized chrome option: excludeSwitches
Stacktrace:
#0 0x5569d09f82ca <unknown>
#1 0x5569d035bb39 <unknown>
#2 0x5569d038bd30 <unknown>
#3 0x5569d0387ca7 <unknown>
#4 0x5569d03e403b <unknown>
#5 0x5569d03e399d <unknown>
#6 0x5569d03e5657 <unknown>
#7 0x5569d03e542c <unknown>
#8 0x5569d03a4ecb <unknown>
#9 0x5569d03a5cb1 <unknown>
#10 0x5569d09bc7f0 <unknown>
#11 0x5569d09bae6a <unknown>
#12 0x5569d09a5bb5 <unknown>
#13 0x5569d09bbb2a <unknown>
#14 0x5569d098edf0 <unknown>
#15 0x5569d09e3238 <unknown>
#16 0x5569d09e33d5 <unknown>
#17 0x5569d09f6e53 <unknown>
#18 0x7f147b49cb84 <unknown>
#19 0x7f147b529d6c <unknown>

2026-08-15 10:14:26,479 [INFO] patching driver executable /home/runner/.local/share/undetected_chromedriver/undetected_chromedriver
2026-08-15 10:14:26,514 [ERROR] Tentative 3/3 échouée pour https://www.cg.gov.ma/ar/%D9%85%D8%AC%D9%84%D8%B3-%D8%A7%D9%84%D8%AD%D9%83%D9%88%D9%85%D8%A9: Message: invalid argument: cannot parse capability: goog:chromeOptions
from invalid argument: unrecognized chrome option: excludeSwitches
Stacktrace:
#0 0x557eb5c8c2ca <unknown>
#1 0x557eb55efb39 <unknown>
#2 0x557eb561fd30 <unknown>
#3 0x557eb561bca7 <unknown>
#4 0x557eb567803b <unknown>
#5 0x557eb567799d <unknown>
#6 0x557eb5679657 <unknown>
#7 0x557eb567942c <unknown>
#8 0x557eb5638ecb <unknown>
#9 0x557eb5639cb1 <unknown>
#10 0x557eb5c507f0 <unknown>
#11 0x557eb5c4ee6a <unknown>
#12 0x557eb5c39bb5 <unknown>
#13 0x557eb5c4fb2a <unknown>
#14 0x557eb5c22df0 <unknown>
#15 0x557eb5c77238 <unknown>
#16 0x557eb5c773d5 <unknown>
#17 0x557eb5c8ae53 <unknown>
#18 0x7f160269cb84 <unknown>
#19 0x7f1602729d6c <unknown>

2026-08-15 10:14:31,515 [INFO] 
============================================================
2026-08-15 10:14:31,515 [INFO] RÉSUMÉ
2026-08-15 10:14:31,515 [INFO] ============================================================
2026-08-15 10:14:31,515 [INFO] Conseils analysés: 0
2026-08-15 10:14:31,515 [INFO] Nouveaux conseils: 0
2026-08-15 10:14:31,515 [INFO] Total en base: 0
2026-08-15 10:14:33,902 [INFO] Email envoyé à cavalkhalid@gmail.com
2026-08-15 10:14:33,902 [INFO] 
Scraper terminé.
2026-08-16 10:14:49,983 [INFO] ============================================================
2026-08-16 10:14:49,983 [INFO] DÉMARRAGE DU SCRAPER Conseil du Gouvernement (cg.gov.ma) - Selenium
2026-08-16 10:14:49,983 [INFO] Date: 2026-08-16 10:14:49
2026-08-16 10:14:49,984 [INFO] ============================================================
2026-08-16 10:14:49,984 [INFO] Conseils déjà traités: 0
2026-08-16 10:14:49,984 [INFO] Scraping avec Selenium: https://www.cg.gov.ma/ar/%D9%85%D8%AC%D9%84%D8%B3-%D8%A7%D9%84%D8%AD%D9%83%D9%88%D9%85%D8%A9
2026-08-16 10:14:50,308 [INFO] patching driver executable /home/runner/.local/share/undetected_chromedriver/undetected_chromedriver
2026-08-16 10:14:50,357 [ERROR] Tentative 1/3 échouée pour https://www.cg.gov.ma/ar/%D9%85%D8%AC%D9%84%D8%B3-%D8%A7%D9%84%D8%AD%D9%83%D9%88%D9%85%D8%A9: Message: invalid argument: cannot parse capability: goog:chromeOptions
from invalid argument: unrecognized chrome option: excludeSwitches
Stacktrace:
#0 0x5615922a72ca <unknown>
#1 0x561591c0ab39 <unknown>
#2 0x561591c3ad30 <unknown>
#3 0x561591c36ca7 <unknown>
#4 0x561591c9303b <unknown>
#5 0x561591c9299d <unknown>
#6 0x561591c94657 <unknown>
#7 0x561591c9442c <unknown>
#8 0x561591c53ecb <unknown>
#9 0x561591c54cb1 <unknown>
#10 0x56159226b7f0 <unknown>
#11 0x561592269e6a <unknown>
#12 0x561592254bb5 <unknown>
#13 0x56159226ab2a <unknown>
#14 0x56159223ddf0 <unknown>
#15 0x561592292238 <unknown>
#16 0x5615922923d5 <unknown>
#17 0x5615922a5e53 <unknown>
#18 0x7fa24749cb84 <unknown>
#19 0x7fa247529d6c <unknown>

2026-08-16 10:14:55,680 [INFO] patching driver executable /home/runner/.local/share/undetected_chromedriver/undetected_chromedriver
2026-08-16 10:14:55,712 [ERROR] Tentative 2/3 échouée pour https://www.cg.gov.ma/ar/%D9%85%D8%AC%D9%84%D8%B3-%D8%A7%D9%84%D8%AD%D9%83%D9%88%D9%85%D8%A9: Message: invalid argument: cannot parse capability: goog:chromeOptions
from invalid argument: unrecognized chrome option: excludeSwitches
Stacktrace:
#0 0x561f7eef62ca <unknown>
#1 0x561f7e859b39 <unknown>
#2 0x561f7e889d30 <unknown>
#3 0x561f7e885ca7 <unknown>
#4 0x561f7e8e203b <unknown>
#5 0x561f7e8e199d <unknown>
#6 0x561f7e8e3657 <unknown>
#7 0x561f7e8e342c <unknown>
#8 0x561f7e8a2ecb <unknown>
#9 0x561f7e8a3cb1 <unknown>
#10 0x561f7eeba7f0 <unknown>
#11 0x561f7eeb8e6a <unknown>
#12 0x561f7eea3bb5 <unknown>
#13 0x561f7eeb9b2a <unknown>
#14 0x561f7ee8cdf0 <unknown>
#15 0x561f7eee1238 <unknown>
#16 0x561f7eee13d5 <unknown>
#17 0x561f7eef4e53 <unknown>
#18 0x7f8d55e9cb84 <unknown>
#19 0x7f8d55f29d6c <unknown>

2026-08-16 10:15:01,062 [INFO] patching driver executable /home/runner/.local/share/undetected_chromedriver/undetected_chromedriver
2026-08-16 10:15:01,099 [ERROR] Tentative 3/3 échouée pour https://www.cg.gov.ma/ar/%D9%85%D8%AC%D9%84%D8%B3-%D8%A7%D9%84%D8%AD%D9%83%D9%88%D9%85%D8%A9: Message: invalid argument: cannot parse capability: goog:chromeOptions
from invalid argument: unrecognized chrome option: excludeSwitches
Stacktrace:
#0 0x56077d46d2ca <unknown>
#1 0x56077cdd0b39 <unknown>
#2 0x56077ce00d30 <unknown>
#3 0x56077cdfcca7 <unknown>
#4 0x56077ce5903b <unknown>
#5 0x56077ce5899d <unknown>
#6 0x56077ce5a657 <unknown>
#7 0x56077ce5a42c <unknown>
#8 0x56077ce19ecb <unknown>
#9 0x56077ce1acb1 <unknown>
#10 0x56077d4317f0 <unknown>
#11 0x56077d42fe6a <unknown>
#12 0x56077d41abb5 <unknown>
#13 0x56077d430b2a <unknown>
#14 0x56077d403df0 <unknown>
#15 0x56077d458238 <unknown>
#16 0x56077d4583d5 <unknown>
#17 0x56077d46be53 <unknown>
#18 0x7f7dad69cb84 <unknown>
#19 0x7f7dad729d6c <unknown>

2026-08-16 10:15:06,099 [INFO] 
============================================================
2026-08-16 10:15:06,099 [INFO] RÉSUMÉ
2026-08-16 10:15:06,100 [INFO] ============================================================
2026-08-16 10:15:06,100 [INFO] Conseils analysés: 0
2026-08-16 10:15:06,100 [INFO] Nouveaux conseils: 0
2026-08-16 10:15:06,100 [INFO] Total en base: 0
2026-08-16 10:15:07,831 [INFO] Email envoyé à cavalkhalid@gmail.com
2026-08-16 10:15:07,831 [INFO] 
Scraper terminé.
2026-08-17 10:23:17,602 [INFO] ============================================================
2026-08-17 10:23:17,602 [INFO] DÉMARRAGE DU SCRAPER Conseil du Gouvernement (cg.gov.ma) - Selenium
2026-08-17 10:23:17,602 [INFO] Date: 2026-08-17 10:23:17
2026-08-17 10:23:17,602 [INFO] ============================================================
2026-08-17 10:23:17,602 [INFO] Conseils déjà traités: 0
2026-08-17 10:23:17,602 [INFO] Scraping avec Selenium: https://www.cg.gov.ma/ar/%D9%85%D8%AC%D9%84%D8%B3-%D8%A7%D9%84%D8%AD%D9%83%D9%88%D9%85%D8%A9
2026-08-17 10:23:18,197 [INFO] patching driver executable /home/runner/.local/share/undetected_chromedriver/undetected_chromedriver
2026-08-17 10:23:18,230 [ERROR] Tentative 1/3 échouée pour https://www.cg.gov.ma/ar/%D9%85%D8%AC%D9%84%D8%B3-%D8%A7%D9%84%D8%AD%D9%83%D9%88%D9%85%D8%A9: Message: invalid argument: cannot parse capability: goog:chromeOptions
from invalid argument: unrecognized chrome option: excludeSwitches
Stacktrace:
#0 0x562a8f80f2ca <unknown>
#1 0x562a8f172b39 <unknown>
#2 0x562a8f1a2d30 <unknown>
#3 0x562a8f19eca7 <unknown>
#4 0x562a8f1fb03b <unknown>
#5 0x562a8f1fa99d <unknown>
#6 0x562a8f1fc657 <unknown>
#7 0x562a8f1fc42c <unknown>
#8 0x562a8f1bbecb <unknown>
#9 0x562a8f1bccb1 <unknown>
#10 0x562a8f7d37f0 <unknown>
#11 0x562a8f7d1e6a <unknown>
#12 0x562a8f7bcbb5 <unknown>
#13 0x562a8f7d2b2a <unknown>
#14 0x562a8f7a5df0 <unknown>
#15 0x562a8f7fa238 <unknown>
#16 0x562a8f7fa3d5 <unknown>
#17 0x562a8f80de53 <unknown>
#18 0x7f89f169cb84 <unknown>
#19 0x7f89f1729d6c <unknown>

2026-08-17 10:23:23,898 [INFO] patching driver executable /home/runner/.local/share/undetected_chromedriver/undetected_chromedriver
2026-08-17 10:23:23,930 [ERROR] Tentative 2/3 échouée pour https://www.cg.gov.ma/ar/%D9%85%D8%AC%D9%84%D8%B3-%D8%A7%D9%84%D8%AD%D9%83%D9%88%D9%85%D8%A9: Message: invalid argument: cannot parse capability: goog:chromeOptions
from invalid argument: unrecognized chrome option: excludeSwitches
Stacktrace:
#0 0x558ddd9a12ca <unknown>
#1 0x558ddd304b39 <unknown>
#2 0x558ddd334d30 <unknown>
#3 0x558ddd330ca7 <unknown>
#4 0x558ddd38d03b <unknown>
#5 0x558ddd38c99d <unknown>
#6 0x558ddd38e657 <unknown>
#7 0x558ddd38e42c <unknown>
#8 0x558ddd34decb <unknown>
#9 0x558ddd34ecb1 <unknown>
#10 0x558ddd9657f0 <unknown>
#11 0x558ddd963e6a <unknown>
#12 0x558ddd94ebb5 <unknown>
#13 0x558ddd964b2a <unknown>
#14 0x558ddd937df0 <unknown>
#15 0x558ddd98c238 <unknown>
#16 0x558ddd98c3d5 <unknown>
#17 0x558ddd99fe53 <unknown>
#18 0x7fa2a7e9cb84 <unknown>
#19 0x7fa2a7f29d6c <unknown>

2026-08-17 10:23:29,662 [INFO] patching driver executable /home/runner/.local/share/undetected_chromedriver/undetected_chromedriver
2026-08-17 10:23:29,693 [ERROR] Tentative 3/3 échouée pour https://www.cg.gov.ma/ar/%D9%85%D8%AC%D9%84%D8%B3-%D8%A7%D9%84%D8%AD%D9%83%D9%88%D9%85%D8%A9: Message: invalid argument: cannot parse capability: goog:chromeOptions
from invalid argument: unrecognized chrome option: excludeSwitches
Stacktrace:
#0 0x558931a392ca <unknown>
#1 0x55893139cb39 <unknown>
#2 0x5589313ccd30 <unknown>
#3 0x5589313c8ca7 <unknown>
#4 0x55893142503b <unknown>
#5 0x55893142499d <unknown>
#6 0x558931426657 <unknown>
#7 0x55893142642c <unknown>
#8 0x5589313e5ecb <unknown>
#9 0x5589313e6cb1 <unknown>
#10 0x5589319fd7f0 <unknown>
#11 0x5589319fbe6a <unknown>
#12 0x5589319e6bb5 <unknown>
#13 0x5589319fcb2a <unknown>
#14 0x5589319cfdf0 <unknown>
#15 0x558931a24238 <unknown>
#16 0x558931a243d5 <unknown>
#17 0x558931a37e53 <unknown>
#18 0x7fa96f89cb84 <unknown>
#19 0x7fa96f929d6c <unknown>

2026-08-17 10:23:34,694 [INFO] 
============================================================
2026-08-17 10:23:34,694 [INFO] RÉSUMÉ
2026-08-17 10:23:34,694 [INFO] ============================================================
2026-08-17 10:23:34,694 [INFO] Conseils analysés: 0
2026-08-17 10:23:34,694 [INFO] Nouveaux conseils: 0
2026-08-17 10:23:34,694 [INFO] Total en base: 0
2026-08-17 10:23:36,808 [INFO] Email envoyé à cavalkhalid@gmail.com
2026-08-17 10:23:36,808 [INFO] 
Scraper terminé.
2026-08-18 10:19:09,905 [INFO] ============================================================
2026-08-18 10:19:09,905 [INFO] DÉMARRAGE DU SCRAPER Conseil du Gouvernement (cg.gov.ma) - Selenium
2026-08-18 10:19:09,905 [INFO] Date: 2026-08-18 10:19:09
2026-08-18 10:19:09,905 [INFO] ============================================================
2026-08-18 10:19:09,905 [INFO] Conseils déjà traités: 0
2026-08-18 10:19:09,905 [INFO] Scraping avec Selenium: https://www.cg.gov.ma/ar/%D9%85%D8%AC%D9%84%D8%B3-%D8%A7%D9%84%D8%AD%D9%83%D9%88%D9%85%D8%A9
2026-08-18 10:19:10,286 [INFO] patching driver executable /home/runner/.local/share/undetected_chromedriver/undetected_chromedriver
2026-08-18 10:19:10,320 [ERROR] Tentative 1/3 échouée pour https://www.cg.gov.ma/ar/%D9%85%D8%AC%D9%84%D8%B3-%D8%A7%D9%84%D8%AD%D9%83%D9%88%D9%85%D8%A9: Message: invalid argument: cannot parse capability: goog:chromeOptions
from invalid argument: unrecognized chrome option: excludeSwitches
Stacktrace:
#0 0x56187f3302ca <unknown>
#1 0x56187ec93b39 <unknown>
#2 0x56187ecc3d30 <unknown>
#3 0x56187ecbfca7 <unknown>
#4 0x56187ed1c03b <unknown>
#5 0x56187ed1b99d <unknown>
#6 0x56187ed1d657 <unknown>
#7 0x56187ed1d42c <unknown>
#8 0x56187ecdcecb <unknown>
#9 0x56187ecddcb1 <unknown>
#10 0x56187f2f47f0 <unknown>
#11 0x56187f2f2e6a <unknown>
#12 0x56187f2ddbb5 <unknown>
#13 0x56187f2f3b2a <unknown>
#14 0x56187f2c6df0 <unknown>
#15 0x56187f31b238 <unknown>
#16 0x56187f31b3d5 <unknown>
#17 0x56187f32ee53 <unknown>
#18 0x7fb1e029cb84 <unknown>
#19 0x7fb1e0329d6c <unknown>

2026-08-18 10:19:15,699 [INFO] patching driver executable /home/runner/.local/share/undetected_chromedriver/undetected_chromedriver
2026-08-18 10:19:15,727 [ERROR] Tentative 2/3 échouée pour https://www.cg.gov.ma/ar/%D9%85%D8%AC%D9%84%D8%B3-%D8%A7%D9%84%D8%AD%D9%83%D9%88%D9%85%D8%A9: Message: invalid argument: cannot parse capability: goog:chromeOptions
from invalid argument: unrecognized chrome option: excludeSwitches
Stacktrace:
#0 0x56221fa762ca <unknown>
#1 0x56221f3d9b39 <unknown>
#2 0x56221f409d30 <unknown>
#3 0x56221f405ca7 <unknown>
#4 0x56221f46203b <unknown>
#5 0x56221f46199d <unknown>
#6 0x56221f463657 <unknown>
#7 0x56221f46342c <unknown>
#8 0x56221f422ecb <unknown>
#9 0x56221f423cb1 <unknown>
#10 0x56221fa3a7f0 <unknown>
#11 0x56221fa38e6a <unknown>
#12 0x56221fa23bb5 <unknown>
#13 0x56221fa39b2a <unknown>
#14 0x56221fa0cdf0 <unknown>
#15 0x56221fa61238 <unknown>
#16 0x56221fa613d5 <unknown>
#17 0x56221fa74e53 <unknown>
#18 0x7f0a0389cb84 <unknown>
#19 0x7f0a03929d6c <unknown>

2026-08-18 10:19:21,113 [INFO] patching driver executable /home/runner/.local/share/undetected_chromedriver/undetected_chromedriver
2026-08-18 10:19:21,141 [ERROR] Tentative 3/3 échouée pour https://www.cg.gov.ma/ar/%D9%85%D8%AC%D9%84%D8%B3-%D8%A7%D9%84%D8%AD%D9%83%D9%88%D9%85%D8%A9: Message: invalid argument: cannot parse capability: goog:chromeOptions
from invalid argument: unrecognized chrome option: excludeSwitches
Stacktrace:
#0 0x55e6016402ca <unknown>
#1 0x55e600fa3b39 <unknown>
#2 0x55e600fd3d30 <unknown>
#3 0x55e600fcfca7 <unknown>
#4 0x55e60102c03b <unknown>
#5 0x55e60102b99d <unknown>
#6 0x55e60102d657 <unknown>
#7 0x55e60102d42c <unknown>
#8 0x55e600fececb <unknown>
#9 0x55e600fedcb1 <unknown>
#10 0x55e6016047f0 <unknown>
#11 0x55e601602e6a <unknown>
#12 0x55e6015edbb5 <unknown>
#13 0x55e601603b2a <unknown>
#14 0x55e6015d6df0 <unknown>
#15 0x55e60162b238 <unknown>
#16 0x55e60162b3d5 <unknown>
#17 0x55e60163ee53 <unknown>
#18 0x7f791dc9cb84 <unknown>
#19 0x7f791dd29d6c <unknown>

2026-08-18 10:19:26,142 [INFO] 
============================================================
2026-08-18 10:19:26,142 [INFO] RÉSUMÉ
2026-08-18 10:19:26,142 [INFO] ============================================================
2026-08-18 10:19:26,142 [INFO] Conseils analysés: 0
2026-08-18 10:19:26,142 [INFO] Nouveaux conseils: 0
2026-08-18 10:19:26,142 [INFO] Total en base: 0
2026-08-18 10:19:27,497 [INFO] Email envoyé à cavalkhalid@gmail.com
2026-08-18 10:19:27,497 [INFO] 
Scraper terminé.
2026-08-19 10:20:38,156 [INFO] ============================================================
2026-08-19 10:20:38,157 [INFO] DÉMARRAGE DU SCRAPER Conseil du Gouvernement (cg.gov.ma) - Selenium
2026-08-19 10:20:38,157 [INFO] Date: 2026-08-19 10:20:38
2026-08-19 10:20:38,157 [INFO] ============================================================
2026-08-19 10:20:38,157 [INFO] Conseils déjà traités: 0
2026-08-19 10:20:38,157 [INFO] Scraping avec Selenium: https://www.cg.gov.ma/ar/%D9%85%D8%AC%D9%84%D8%B3-%D8%A7%D9%84%D8%AD%D9%83%D9%88%D9%85%D8%A9
2026-08-19 10:20:38,571 [INFO] patching driver executable /home/runner/.local/share/undetected_chromedriver/undetected_chromedriver
2026-08-19 10:20:38,624 [ERROR] Tentative 1/3 échouée pour https://www.cg.gov.ma/ar/%D9%85%D8%AC%D9%84%D8%B3-%D8%A7%D9%84%D8%AD%D9%83%D9%88%D9%85%D8%A9: Message: invalid argument: cannot parse capability: goog:chromeOptions
from invalid argument: unrecognized chrome option: excludeSwitches
Stacktrace:
#0 0x55750a31c2ca <unknown>
#1 0x557509c7fb39 <unknown>
#2 0x557509cafd30 <unknown>
#3 0x557509cabca7 <unknown>
#4 0x557509d0803b <unknown>
#5 0x557509d0799d <unknown>
#6 0x557509d09657 <unknown>
#7 0x557509d0942c <unknown>
#8 0x557509cc8ecb <unknown>
#9 0x557509cc9cb1 <unknown>
#10 0x55750a2e07f0 <unknown>
#11 0x55750a2dee6a <unknown>
#12 0x55750a2c9bb5 <unknown>
#13 0x55750a2dfb2a <unknown>
#14 0x55750a2b2df0 <unknown>
#15 0x55750a307238 <unknown>
#16 0x55750a3073d5 <unknown>
#17 0x55750a31ae53 <unknown>
#18 0x7f2dd7a9cb84 <unknown>
#19 0x7f2dd7b29d6c <unknown>

2026-08-19 10:20:43,958 [INFO] patching driver executable /home/runner/.local/share/undetected_chromedriver/undetected_chromedriver
2026-08-19 10:20:43,989 [ERROR] Tentative 2/3 échouée pour https://www.cg.gov.ma/ar/%D9%85%D8%AC%D9%84%D8%B3-%D8%A7%D9%84%D8%AD%D9%83%D9%88%D9%85%D8%A9: Message: invalid argument: cannot parse capability: goog:chromeOptions
from invalid argument: unrecognized chrome option: excludeSwitches
Stacktrace:
#0 0x55c227c332ca <unknown>
#1 0x55c227596b39 <unknown>
#2 0x55c2275c6d30 <unknown>
#3 0x55c2275c2ca7 <unknown>
#4 0x55c22761f03b <unknown>
#5 0x55c22761e99d <unknown>
#6 0x55c227620657 <unknown>
#7 0x55c22762042c <unknown>
#8 0x55c2275dfecb <unknown>
#9 0x55c2275e0cb1 <unknown>
#10 0x55c227bf77f0 <unknown>
#11 0x55c227bf5e6a <unknown>
#12 0x55c227be0bb5 <unknown>
#13 0x55c227bf6b2a <unknown>
#14 0x55c227bc9df0 <unknown>
#15 0x55c227c1e238 <unknown>
#16 0x55c227c1e3d5 <unknown>
#17 0x55c227c31e53 <unknown>
#18 0x7f1e6069cb84 <unknown>
#19 0x7f1e60729d6c <unknown>

2026-08-19 10:20:49,382 [INFO] patching driver executable /home/runner/.local/share/undetected_chromedriver/undetected_chromedriver
2026-08-19 10:20:49,415 [ERROR] Tentative 3/3 échouée pour https://www.cg.gov.ma/ar/%D9%85%D8%AC%D9%84%D8%B3-%D8%A7%D9%84%D8%AD%D9%83%D9%88%D9%85%D8%A9: Message: invalid argument: cannot parse capability: goog:chromeOptions
from invalid argument: unrecognized chrome option: excludeSwitches
Stacktrace:
#0 0x555c98e2d2ca <unknown>
#1 0x555c98790b39 <unknown>
#2 0x555c987c0d30 <unknown>
#3 0x555c987bcca7 <unknown>
#4 0x555c9881903b <unknown>
#5 0x555c9881899d <unknown>
#6 0x555c9881a657 <unknown>
#7 0x555c9881a42c <unknown>
#8 0x555c987d9ecb <unknown>
#9 0x555c987dacb1 <unknown>
#10 0x555c98df17f0 <unknown>
#11 0x555c98defe6a <unknown>
#12 0x555c98ddabb5 <unknown>
#13 0x555c98df0b2a <unknown>
#14 0x555c98dc3df0 <unknown>
#15 0x555c98e18238 <unknown>
#16 0x555c98e183d5 <unknown>
#17 0x555c98e2be53 <unknown>
#18 0x7f6443e9cb84 <unknown>
#19 0x7f6443f29d6c <unknown>

2026-08-19 10:20:54,416 [INFO] 
============================================================
2026-08-19 10:20:54,416 [INFO] RÉSUMÉ
2026-08-19 10:20:54,416 [INFO] ============================================================
2026-08-19 10:20:54,416 [INFO] Conseils analysés: 0
2026-08-19 10:20:54,416 [INFO] Nouveaux conseils: 0
2026-08-19 10:20:54,416 [INFO] Total en base: 0
2026-08-19 10:20:55,640 [INFO] Email envoyé à cavalkhalid@gmail.com
2026-08-19 10:20:55,641 [INFO] 
Scraper terminé.
2026-08-20 10:21:02,450 [INFO] ============================================================
2026-08-20 10:21:02,450 [INFO] DÉMARRAGE DU SCRAPER Conseil du Gouvernement (cg.gov.ma) - Selenium
2026-08-20 10:21:02,450 [INFO] Date: 2026-08-20 10:21:02
2026-08-20 10:21:02,450 [INFO] ============================================================
2026-08-20 10:21:02,450 [INFO] Conseils déjà traités: 0
2026-08-20 10:21:02,451 [INFO] Scraping avec Selenium: https://www.cg.gov.ma/ar/%D9%85%D8%AC%D9%84%D8%B3-%D8%A7%D9%84%D8%AD%D9%83%D9%88%D9%85%D8%A9
2026-08-20 10:21:02,810 [INFO] patching driver executable /home/runner/.local/share/undetected_chromedriver/undetected_chromedriver
2026-08-20 10:21:02,843 [ERROR] Tentative 1/3 échouée pour https://www.cg.gov.ma/ar/%D9%85%D8%AC%D9%84%D8%B3-%D8%A7%D9%84%D8%AD%D9%83%D9%88%D9%85%D8%A9: Message: invalid argument: cannot parse capability: goog:chromeOptions
from invalid argument: unrecognized chrome option: excludeSwitches
Stacktrace:
#0 0x55c533ff928a <unknown>
#1 0x55c53395dad9 <unknown>
#2 0x55c53398dcd0 <unknown>
#3 0x55c533989c47 <unknown>
#4 0x55c5339e5fdb <unknown>
#5 0x55c5339e593d <unknown>
#6 0x55c5339e75f7 <unknown>
#7 0x55c5339e73cc <unknown>
#8 0x55c5339a6e6b <unknown>
#9 0x55c5339a7c51 <unknown>
#10 0x55c533fbd7b0 <unknown>
#11 0x55c533fbbe2a <unknown>
#12 0x55c533fa6ba5 <unknown>
#13 0x55c533fbcaea <unknown>
#14 0x55c533f8fdf0 <unknown>
#15 0x55c533fe4178 <unknown>
#16 0x55c533fe4315 <unknown>
#17 0x55c533ff7e13 <unknown>
#18 0x7f9eec89cb84 <unknown>
#19 0x7f9eec929d6c <unknown>

2026-08-20 10:21:08,147 [INFO] patching driver executable /home/runner/.local/share/undetected_chromedriver/undetected_chromedriver
2026-08-20 10:21:08,178 [ERROR] Tentative 2/3 échouée pour https://www.cg.gov.ma/ar/%D9%85%D8%AC%D9%84%D8%B3-%D8%A7%D9%84%D8%AD%D9%83%D9%88%D9%85%D8%A9: Message: invalid argument: cannot parse capability: goog:chromeOptions
from invalid argument: unrecognized chrome option: excludeSwitches
Stacktrace:
#0 0x564318e6828a <unknown>
#1 0x5643187ccad9 <unknown>
#2 0x5643187fccd0 <unknown>
#3 0x5643187f8c47 <unknown>
#4 0x564318854fdb <unknown>
#5 0x56431885493d <unknown>
#6 0x5643188565f7 <unknown>
#7 0x5643188563cc <unknown>
#8 0x564318815e6b <unknown>
#9 0x564318816c51 <unknown>
#10 0x564318e2c7b0 <unknown>
#11 0x564318e2ae2a <unknown>
#12 0x564318e15ba5 <unknown>
#13 0x564318e2baea <unknown>
#14 0x564318dfedf0 <unknown>
#15 0x564318e53178 <unknown>
#16 0x564318e53315 <unknown>
#17 0x564318e66e13 <unknown>
#18 0x7f019589cb84 <unknown>
#19 0x7f0195929d6c <unknown>

2026-08-20 10:21:13,522 [INFO] patching driver executable /home/runner/.local/share/undetected_chromedriver/undetected_chromedriver
2026-08-20 10:21:13,552 [ERROR] Tentative 3/3 échouée pour https://www.cg.gov.ma/ar/%D9%85%D8%AC%D9%84%D8%B3-%D8%A7%D9%84%D8%AD%D9%83%D9%88%D9%85%D8%A9: Message: invalid argument: cannot parse capability: goog:chromeOptions
from invalid argument: unrecognized chrome option: excludeSwitches
Stacktrace:
#0 0x55a0df9a728a <unknown>
#1 0x55a0df30bad9 <unknown>
#2 0x55a0df33bcd0 <unknown>
#3 0x55a0df337c47 <unknown>
#4 0x55a0df393fdb <unknown>
#5 0x55a0df39393d <unknown>
#6 0x55a0df3955f7 <unknown>
#7 0x55a0df3953cc <unknown>
#8 0x55a0df354e6b <unknown>
#9 0x55a0df355c51 <unknown>
#10 0x55a0df96b7b0 <unknown>
#11 0x55a0df969e2a <unknown>
#12 0x55a0df954ba5 <unknown>
#13 0x55a0df96aaea <unknown>
#14 0x55a0df93ddf0 <unknown>
#15 0x55a0df992178 <unknown>
#16 0x55a0df992315 <unknown>
#17 0x55a0df9a5e13 <unknown>
#18 0x7fe79549cb84 <unknown>
#19 0x7fe795529d6c <unknown>

2026-08-20 10:21:18,553 [INFO] 
============================================================
2026-08-20 10:21:18,553 [INFO] RÉSUMÉ
2026-08-20 10:21:18,553 [INFO] ============================================================
2026-08-20 10:21:18,553 [INFO] Conseils analysés: 0
2026-08-20 10:21:18,553 [INFO] Nouveaux conseils: 0
2026-08-20 10:21:18,553 [INFO] Total en base: 0
2026-08-20 10:21:20,670 [INFO] Email envoyé à cavalkhalid@gmail.com
2026-08-20 10:21:20,670 [INFO] 
Scraper terminé.
2026-08-21 10:21:15,068 [INFO] ============================================================
2026-08-21 10:21:15,068 [INFO] DÉMARRAGE DU SCRAPER Conseil du Gouvernement (cg.gov.ma) - Selenium
2026-08-21 10:21:15,069 [INFO] Date: 2026-08-21 10:21:15
2026-08-21 10:21:15,069 [INFO] ============================================================
2026-08-21 10:21:15,069 [INFO] Conseils déjà traités: 0
2026-08-21 10:21:15,069 [INFO] Scraping avec Selenium: https://www.cg.gov.ma/ar/%D9%85%D8%AC%D9%84%D8%B3-%D8%A7%D9%84%D8%AD%D9%83%D9%88%D9%85%D8%A9
2026-08-21 10:21:15,416 [INFO] patching driver executable /home/runner/.local/share/undetected_chromedriver/undetected_chromedriver
2026-08-21 10:21:15,445 [ERROR] Tentative 1/3 échouée pour https://www.cg.gov.ma/ar/%D9%85%D8%AC%D9%84%D8%B3-%D8%A7%D9%84%D8%AD%D9%83%D9%88%D9%85%D8%A9: Message: invalid argument: cannot parse capability: goog:chromeOptions
from invalid argument: unrecognized chrome option: excludeSwitches
Stacktrace:
#0 0x5588146a528a <unknown>
#1 0x558814009ad9 <unknown>
#2 0x558814039cd0 <unknown>
#3 0x558814035c47 <unknown>
#4 0x558814091fdb <unknown>
#5 0x55881409193d <unknown>
#6 0x5588140935f7 <unknown>
#7 0x5588140933cc <unknown>
#8 0x558814052e6b <unknown>
#9 0x558814053c51 <unknown>
#10 0x5588146697b0 <unknown>
#11 0x558814667e2a <unknown>
#12 0x558814652ba5 <unknown>
#13 0x558814668aea <unknown>
#14 0x55881463bdf0 <unknown>
#15 0x558814690178 <unknown>
#16 0x558814690315 <unknown>
#17 0x5588146a3e13 <unknown>
#18 0x7f8c68c9cb84 <unknown>
#19 0x7f8c68d29d6c <unknown>

2026-08-21 10:21:20,725 [INFO] patching driver executable /home/runner/.local/share/undetected_chromedriver/undetected_chromedriver
2026-08-21 10:21:20,753 [ERROR] Tentative 2/3 échouée pour https://www.cg.gov.ma/ar/%D9%85%D8%AC%D9%84%D8%B3-%D8%A7%D9%84%D8%AD%D9%83%D9%88%D9%85%D8%A9: Message: invalid argument: cannot parse capability: goog:chromeOptions
from invalid argument: unrecognized chrome option: excludeSwitches
Stacktrace:
#0 0x55d02523e28a <unknown>
#1 0x55d024ba2ad9 <unknown>
#2 0x55d024bd2cd0 <unknown>
#3 0x55d024bcec47 <unknown>
#4 0x55d024c2afdb <unknown>
#5 0x55d024c2a93d <unknown>
#6 0x55d024c2c5f7 <unknown>
#7 0x55d024c2c3cc <unknown>
#8 0x55d024bebe6b <unknown>
#9 0x55d024becc51 <unknown>
#10 0x55d0252027b0 <unknown>
#11 0x55d025200e2a <unknown>
#12 0x55d0251ebba5 <unknown>
#13 0x55d025201aea <unknown>
#14 0x55d0251d4df0 <unknown>
#15 0x55d025229178 <unknown>
#16 0x55d025229315 <unknown>
#17 0x55d02523ce13 <unknown>
#18 0x7f31cf69cb84 <unknown>
#19 0x7f31cf729d6c <unknown>

2026-08-21 10:21:26,099 [INFO] patching driver executable /home/runner/.local/share/undetected_chromedriver/undetected_chromedriver
2026-08-21 10:21:26,127 [ERROR] Tentative 3/3 échouée pour https://www.cg.gov.ma/ar/%D9%85%D8%AC%D9%84%D8%B3-%D8%A7%D9%84%D8%AD%D9%83%D9%88%D9%85%D8%A9: Message: invalid argument: cannot parse capability: goog:chromeOptions
from invalid argument: unrecognized chrome option: excludeSwitches
Stacktrace:
#0 0x56448728d28a <unknown>
#1 0x564486bf1ad9 <unknown>
#2 0x564486c21cd0 <unknown>
#3 0x564486c1dc47 <unknown>
#4 0x564486c79fdb <unknown>
#5 0x564486c7993d <unknown>
#6 0x564486c7b5f7 <unknown>
#7 0x564486c7b3cc <unknown>
#8 0x564486c3ae6b <unknown>
#9 0x564486c3bc51 <unknown>
#10 0x5644872517b0 <unknown>
#11 0x56448724fe2a <unknown>
#12 0x56448723aba5 <unknown>
#13 0x564487250aea <unknown>
#14 0x564487223df0 <unknown>
#15 0x564487278178 <unknown>
#16 0x564487278315 <unknown>
#17 0x56448728be13 <unknown>
#18 0x7fcc3b89cb84 <unknown>
#19 0x7fcc3b929d6c <unknown>

2026-08-21 10:21:31,128 [INFO] 
============================================================
2026-08-21 10:21:31,128 [INFO] RÉSUMÉ
2026-08-21 10:21:31,128 [INFO] ============================================================
2026-08-21 10:21:31,128 [INFO] Conseils analysés: 0
2026-08-21 10:21:31,128 [INFO] Nouveaux conseils: 0
2026-08-21 10:21:31,128 [INFO] Total en base: 0
2026-08-21 10:21:32,665 [INFO] Email envoyé à cavalkhalid@gmail.com
2026-08-21 10:21:32,665 [INFO] 
Scraper terminé.
2026-08-22 10:14:01,444 [INFO] ============================================================
2026-08-22 10:14:01,444 [INFO] DÉMARRAGE DU SCRAPER Conseil du Gouvernement (cg.gov.ma) - Selenium
2026-08-22 10:14:01,444 [INFO] Date: 2026-08-22 10:14:01
2026-08-22 10:14:01,444 [INFO] ============================================================
2026-08-22 10:14:01,444 [INFO] Conseils déjà traités: 0
2026-08-22 10:14:01,444 [INFO] Scraping avec Selenium: https://www.cg.gov.ma/ar/%D9%85%D8%AC%D9%84%D8%B3-%D8%A7%D9%84%D8%AD%D9%83%D9%88%D9%85%D8%A9
2026-08-22 10:14:01,762 [INFO] patching driver executable /home/runner/.local/share/undetected_chromedriver/undetected_chromedriver
2026-08-22 10:14:01,828 [ERROR] Tentative 1/3 échouée pour https://www.cg.gov.ma/ar/%D9%85%D8%AC%D9%84%D8%B3-%D8%A7%D9%84%D8%AD%D9%83%D9%88%D9%85%D8%A9: Message: invalid argument: cannot parse capability: goog:chromeOptions
from invalid argument: unrecognized chrome option: excludeSwitches
Stacktrace:
#0 0x564e8ed7028a <unknown>
#1 0x564e8e6d4ad9 <unknown>
#2 0x564e8e704cd0 <unknown>
#3 0x564e8e700c47 <unknown>
#4 0x564e8e75cfdb <unknown>
#5 0x564e8e75c93d <unknown>
#6 0x564e8e75e5f7 <unknown>
#7 0x564e8e75e3cc <unknown>
#8 0x564e8e71de6b <unknown>
#9 0x564e8e71ec51 <unknown>
#10 0x564e8ed347b0 <unknown>
#11 0x564e8ed32e2a <unknown>
#12 0x564e8ed1dba5 <unknown>
#13 0x564e8ed33aea <unknown>
#14 0x564e8ed06df0 <unknown>
#15 0x564e8ed5b178 <unknown>
#16 0x564e8ed5b315 <unknown>
#17 0x564e8ed6ee13 <unknown>
#18 0x7f787c49cb84 <unknown>
#19 0x7f787c529d6c <unknown>

2026-08-22 10:14:07,157 [INFO] patching driver executable /home/runner/.local/share/undetected_chromedriver/undetected_chromedriver
2026-08-22 10:14:07,188 [ERROR] Tentative 2/3 échouée pour https://www.cg.gov.ma/ar/%D9%85%D8%AC%D9%84%D8%B3-%D8%A7%D9%84%D8%AD%D9%83%D9%88%D9%85%D8%A9: Message: invalid argument: cannot parse capability: goog:chromeOptions
from invalid argument: unrecognized chrome option: excludeSwitches
Stacktrace:
#0 0x5643a8d2428a <unknown>
#1 0x5643a8688ad9 <unknown>
#2 0x5643a86b8cd0 <unknown>
#3 0x5643a86b4c47 <unknown>
#4 0x5643a8710fdb <unknown>
#5 0x5643a871093d <unknown>
#6 0x5643a87125f7 <unknown>
#7 0x5643a87123cc <unknown>
#8 0x5643a86d1e6b <unknown>
#9 0x5643a86d2c51 <unknown>
#10 0x5643a8ce87b0 <unknown>
#11 0x5643a8ce6e2a <unknown>
#12 0x5643a8cd1ba5 <unknown>
#13 0x5643a8ce7aea <unknown>
#14 0x5643a8cbadf0 <unknown>
#15 0x5643a8d0f178 <unknown>
#16 0x5643a8d0f315 <unknown>
#17 0x5643a8d22e13 <unknown>
#18 0x7f1a1a69cb84 <unknown>
#19 0x7f1a1a729d6c <unknown>

2026-08-22 10:14:12,502 [INFO] patching driver executable /home/runner/.local/share/undetected_chromedriver/undetected_chromedriver
2026-08-22 10:14:12,534 [ERROR] Tentative 3/3 échouée pour https://www.cg.gov.ma/ar/%D9%85%D8%AC%D9%84%D8%B3-%D8%A7%D9%84%D8%AD%D9%83%D9%88%D9%85%D8%A9: Message: invalid argument: cannot parse capability: goog:chromeOptions
from invalid argument: unrecognized chrome option: excludeSwitches
Stacktrace:
#0 0x55a70a09928a <unknown>
#1 0x55a7099fdad9 <unknown>
#2 0x55a709a2dcd0 <unknown>
#3 0x55a709a29c47 <unknown>
#4 0x55a709a85fdb <unknown>
#5 0x55a709a8593d <unknown>
#6 0x55a709a875f7 <unknown>
#7 0x55a709a873cc <unknown>
#8 0x55a709a46e6b <unknown>
#9 0x55a709a47c51 <unknown>
#10 0x55a70a05d7b0 <unknown>
#11 0x55a70a05be2a <unknown>
#12 0x55a70a046ba5 <unknown>
#13 0x55a70a05caea <unknown>
#14 0x55a70a02fdf0 <unknown>
#15 0x55a70a084178 <unknown>
#16 0x55a70a084315 <unknown>
#17 0x55a70a097e13 <unknown>
#18 0x7f837aa9cb84 <unknown>
#19 0x7f837ab29d6c <unknown>

2026-08-22 10:14:17,535 [INFO] 
============================================================
2026-08-22 10:14:17,535 [INFO] RÉSUMÉ
2026-08-22 10:14:17,535 [INFO] ============================================================
2026-08-22 10:14:17,535 [INFO] Conseils analysés: 0
2026-08-22 10:14:17,535 [INFO] Nouveaux conseils: 0
2026-08-22 10:14:17,535 [INFO] Total en base: 0
2026-08-22 10:14:19,198 [INFO] Email envoyé à cavalkhalid@gmail.com
2026-08-22 10:14:19,198 [INFO] 
Scraper terminé.
2026-08-23 10:14:47,800 [INFO] ============================================================
2026-08-23 10:14:47,800 [INFO] DÉMARRAGE DU SCRAPER Conseil du Gouvernement (cg.gov.ma) - Selenium
2026-08-23 10:14:47,800 [INFO] Date: 2026-08-23 10:14:47
2026-08-23 10:14:47,800 [INFO] ============================================================
2026-08-23 10:14:47,800 [INFO] Conseils déjà traités: 0
2026-08-23 10:14:47,800 [INFO] Scraping avec Selenium: https://www.cg.gov.ma/ar/%D9%85%D8%AC%D9%84%D8%B3-%D8%A7%D9%84%D8%AD%D9%83%D9%88%D9%85%D8%A9
2026-08-23 10:14:48,148 [INFO] patching driver executable /home/runner/.local/share/undetected_chromedriver/undetected_chromedriver
2026-08-23 10:14:48,180 [ERROR] Tentative 1/3 échouée pour https://www.cg.gov.ma/ar/%D9%85%D8%AC%D9%84%D8%B3-%D8%A7%D9%84%D8%AD%D9%83%D9%88%D9%85%D8%A9: Message: invalid argument: cannot parse capability: goog:chromeOptions
from invalid argument: unrecognized chrome option: excludeSwitches
Stacktrace:
#0 0x55e058e4a28a <unknown>
#1 0x55e0587aead9 <unknown>
#2 0x55e0587decd0 <unknown>
#3 0x55e0587dac47 <unknown>
#4 0x55e058836fdb <unknown>
#5 0x55e05883693d <unknown>
#6 0x55e0588385f7 <unknown>
#7 0x55e0588383cc <unknown>
#8 0x55e0587f7e6b <unknown>
#9 0x55e0587f8c51 <unknown>
#10 0x55e058e0e7b0 <unknown>
#11 0x55e058e0ce2a <unknown>
#12 0x55e058df7ba5 <unknown>
#13 0x55e058e0daea <unknown>
#14 0x55e058de0df0 <unknown>
#15 0x55e058e35178 <unknown>
#16 0x55e058e35315 <unknown>
#17 0x55e058e48e13 <unknown>
#18 0x7f5df409cb84 <unknown>
#19 0x7f5df4129d6c <unknown>

2026-08-23 10:14:53,491 [INFO] patching driver executable /home/runner/.local/share/undetected_chromedriver/undetected_chromedriver
2026-08-23 10:14:53,522 [ERROR] Tentative 2/3 échouée pour https://www.cg.gov.ma/ar/%D9%85%D8%AC%D9%84%D8%B3-%D8%A7%D9%84%D8%AD%D9%83%D9%88%D9%85%D8%A9: Message: invalid argument: cannot parse capability: goog:chromeOptions
from invalid argument: unrecognized chrome option: excludeSwitches
Stacktrace:
#0 0x560db649e28a <unknown>
#1 0x560db5e02ad9 <unknown>
#2 0x560db5e32cd0 <unknown>
#3 0x560db5e2ec47 <unknown>
#4 0x560db5e8afdb <unknown>
#5 0x560db5e8a93d <unknown>
#6 0x560db5e8c5f7 <unknown>
#7 0x560db5e8c3cc <unknown>
#8 0x560db5e4be6b <unknown>
#9 0x560db5e4cc51 <unknown>
#10 0x560db64627b0 <unknown>
#11 0x560db6460e2a <unknown>
#12 0x560db644bba5 <unknown>
#13 0x560db6461aea <unknown>
#14 0x560db6434df0 <unknown>
#15 0x560db6489178 <unknown>
#16 0x560db6489315 <unknown>
#17 0x560db649ce13 <unknown>
#18 0x7f63b189cb84 <unknown>
#19 0x7f63b1929d6c <unknown>

2026-08-23 10:14:58,820 [INFO] patching driver executable /home/runner/.local/share/undetected_chromedriver/undetected_chromedriver
2026-08-23 10:14:58,852 [ERROR] Tentative 3/3 échouée pour https://www.cg.gov.ma/ar/%D9%85%D8%AC%D9%84%D8%B3-%D8%A7%D9%84%D8%AD%D9%83%D9%88%D9%85%D8%A9: Message: invalid argument: cannot parse capability: goog:chromeOptions
from invalid argument: unrecognized chrome option: excludeSwitches
Stacktrace:
#0 0x55776927528a <unknown>
#1 0x557768bd9ad9 <unknown>
#2 0x557768c09cd0 <unknown>
#3 0x557768c05c47 <unknown>
#4 0x557768c61fdb <unknown>
#5 0x557768c6193d <unknown>
#6 0x557768c635f7 <unknown>
#7 0x557768c633cc <unknown>
#8 0x557768c22e6b <unknown>
#9 0x557768c23c51 <unknown>
#10 0x5577692397b0 <unknown>
#11 0x557769237e2a <unknown>
#12 0x557769222ba5 <unknown>
#13 0x557769238aea <unknown>
#14 0x55776920bdf0 <unknown>
#15 0x557769260178 <unknown>
#16 0x557769260315 <unknown>
#17 0x557769273e13 <unknown>
#18 0x7f264089cb84 <unknown>
#19 0x7f2640929d6c <unknown>

2026-08-23 10:15:03,853 [INFO] 
============================================================
2026-08-23 10:15:03,853 [INFO] RÉSUMÉ
2026-08-23 10:15:03,853 [INFO] ============================================================
2026-08-23 10:15:03,853 [INFO] Conseils analysés: 0
2026-08-23 10:15:03,853 [INFO] Nouveaux conseils: 0
2026-08-23 10:15:03,853 [INFO] Total en base: 0
2026-08-23 10:15:05,584 [INFO] Email envoyé à cavalkhalid@gmail.com
2026-08-23 10:15:05,584 [INFO] 
Scraper terminé.
2026-08-24 10:29:24,071 [INFO] ============================================================
2026-08-24 10:29:24,072 [INFO] DÉMARRAGE DU SCRAPER Conseil du Gouvernement (cg.gov.ma) - Selenium
2026-08-24 10:29:24,072 [INFO] Date: 2026-08-24 10:29:24
2026-08-24 10:29:24,072 [INFO] ============================================================
2026-08-24 10:29:24,072 [INFO] Conseils déjà traités: 0
2026-08-24 10:29:24,072 [INFO] Scraping avec Selenium: https://www.cg.gov.ma/ar/%D9%85%D8%AC%D9%84%D8%B3-%D8%A7%D9%84%D8%AD%D9%83%D9%88%D9%85%D8%A9
2026-08-24 10:29:24,326 [INFO] patching driver executable /home/runner/.local/share/undetected_chromedriver/undetected_chromedriver
2026-08-24 10:29:24,367 [ERROR] Tentative 1/3 échouée pour https://www.cg.gov.ma/ar/%D9%85%D8%AC%D9%84%D8%B3-%D8%A7%D9%84%D8%AD%D9%83%D9%88%D9%85%D8%A9: Message: invalid argument: cannot parse capability: goog:chromeOptions
from invalid argument: unrecognized chrome option: excludeSwitches
Stacktrace:
#0 0x56370157a28a <unknown>
#1 0x563700edead9 <unknown>
#2 0x563700f0ecd0 <unknown>
#3 0x563700f0ac47 <unknown>
#4 0x563700f66fdb <unknown>
#5 0x563700f6693d <unknown>
#6 0x563700f685f7 <unknown>
#7 0x563700f683cc <unknown>
#8 0x563700f27e6b <unknown>
#9 0x563700f28c51 <unknown>
#10 0x56370153e7b0 <unknown>
#11 0x56370153ce2a <unknown>
#12 0x563701527ba5 <unknown>
#13 0x56370153daea <unknown>
#14 0x563701510df0 <unknown>
#15 0x563701565178 <unknown>
#16 0x563701565315 <unknown>
#17 0x563701578e13 <unknown>
#18 0x7f8d96e9cb84 <unknown>
#19 0x7f8d96f29d6c <unknown>

2026-08-24 10:29:29,674 [INFO] patching driver executable /home/runner/.local/share/undetected_chromedriver/undetected_chromedriver
2026-08-24 10:29:29,709 [ERROR] Tentative 2/3 échouée pour https://www.cg.gov.ma/ar/%D9%85%D8%AC%D9%84%D8%B3-%D8%A7%D9%84%D8%AD%D9%83%D9%88%D9%85%D8%A9: Message: invalid argument: cannot parse capability: goog:chromeOptions
from invalid argument: unrecognized chrome option: excludeSwitches
Stacktrace:
#0 0x55aaedd0e28a <unknown>
#1 0x55aaed672ad9 <unknown>
#2 0x55aaed6a2cd0 <unknown>
#3 0x55aaed69ec47 <unknown>
#4 0x55aaed6fafdb <unknown>
#5 0x55aaed6fa93d <unknown>
#6 0x55aaed6fc5f7 <unknown>
#7 0x55aaed6fc3cc <unknown>
#8 0x55aaed6bbe6b <unknown>
#9 0x55aaed6bcc51 <unknown>
#10 0x55aaedcd27b0 <unknown>
#11 0x55aaedcd0e2a <unknown>
#12 0x55aaedcbbba5 <unknown>
#13 0x55aaedcd1aea <unknown>
#14 0x55aaedca4df0 <unknown>
#15 0x55aaedcf9178 <unknown>
#16 0x55aaedcf9315 <unknown>
#17 0x55aaedd0ce13 <unknown>
#18 0x7f977b49cb84 <unknown>
#19 0x7f977b529d6c <unknown>

2026-08-24 10:29:34,969 [INFO] patching driver executable /home/runner/.local/share/undetected_chromedriver/undetected_chromedriver
2026-08-24 10:29:35,005 [ERROR] Tentative 3/3 échouée pour https://www.cg.gov.ma/ar/%D9%85%D8%AC%D9%84%D8%B3-%D8%A7%D9%84%D8%AD%D9%83%D9%88%D9%85%D8%A9: Message: invalid argument: cannot parse capability: goog:chromeOptions
from invalid argument: unrecognized chrome option: excludeSwitches
Stacktrace:
#0 0x559262a2028a <unknown>
#1 0x559262384ad9 <unknown>
#2 0x5592623b4cd0 <unknown>
#3 0x5592623b0c47 <unknown>
#4 0x55926240cfdb <unknown>
#5 0x55926240c93d <unknown>
#6 0x55926240e5f7 <unknown>
#7 0x55926240e3cc <unknown>
#8 0x5592623cde6b <unknown>
#9 0x5592623cec51 <unknown>
#10 0x5592629e47b0 <unknown>
#11 0x5592629e2e2a <unknown>
#12 0x5592629cdba5 <unknown>
#13 0x5592629e3aea <unknown>
#14 0x5592629b6df0 <unknown>
#15 0x559262a0b178 <unknown>
#16 0x559262a0b315 <unknown>
#17 0x559262a1ee13 <unknown>
#18 0x7f4270e9cb84 <unknown>
#19 0x7f4270f29d6c <unknown>

2026-08-24 10:29:40,006 [INFO] 
============================================================
2026-08-24 10:29:40,006 [INFO] RÉSUMÉ
2026-08-24 10:29:40,006 [INFO] ============================================================
2026-08-24 10:29:40,006 [INFO] Conseils analysés: 0
2026-08-24 10:29:40,006 [INFO] Nouveaux conseils: 0
2026-08-24 10:29:40,006 [INFO] Total en base: 0
2026-08-24 10:29:41,002 [INFO] Email envoyé à cavalkhalid@gmail.com
2026-08-24 10:29:41,002 [INFO] 
Scraper terminé.
2026-08-25 10:23:01,916 [INFO] ============================================================
2026-08-25 10:23:01,916 [INFO] DÉMARRAGE DU SCRAPER Conseil du Gouvernement (cg.gov.ma) - Selenium
2026-08-25 10:23:01,916 [INFO] Date: 2026-08-25 10:23:01
2026-08-25 10:23:01,916 [INFO] ============================================================
2026-08-25 10:23:01,916 [INFO] Conseils déjà traités: 0
2026-08-25 10:23:01,916 [INFO] Scraping avec Selenium: https://www.cg.gov.ma/ar/%D9%85%D8%AC%D9%84%D8%B3-%D8%A7%D9%84%D8%AD%D9%83%D9%88%D9%85%D8%A9
2026-08-25 10:23:02,252 [INFO] patching driver executable /home/runner/.local/share/undetected_chromedriver/undetected_chromedriver
2026-08-25 10:23:02,289 [ERROR] Tentative 1/3 échouée pour https://www.cg.gov.ma/ar/%D9%85%D8%AC%D9%84%D8%B3-%D8%A7%D9%84%D8%AD%D9%83%D9%88%D9%85%D8%A9: Message: invalid argument: cannot parse capability: goog:chromeOptions
from invalid argument: unrecognized chrome option: excludeSwitches
Stacktrace:
#0 0x560868ac028a <unknown>
#1 0x560868424ad9 <unknown>
#2 0x560868454cd0 <unknown>
#3 0x560868450c47 <unknown>
#4 0x5608684acfdb <unknown>
#5 0x5608684ac93d <unknown>
#6 0x5608684ae5f7 <unknown>
#7 0x5608684ae3cc <unknown>
#8 0x56086846de6b <unknown>
#9 0x56086846ec51 <unknown>
#10 0x560868a847b0 <unknown>
#11 0x560868a82e2a <unknown>
#12 0x560868a6dba5 <unknown>
#13 0x560868a83aea <unknown>
#14 0x560868a56df0 <unknown>
#15 0x560868aab178 <unknown>
#16 0x560868aab315 <unknown>
#17 0x560868abee13 <unknown>
#18 0x7f8d76e9cb84 <unknown>
#19 0x7f8d76f29d6c <unknown>

2026-08-25 10:23:07,653 [INFO] patching driver executable /home/runner/.local/share/undetected_chromedriver/undetected_chromedriver
2026-08-25 10:23:07,687 [ERROR] Tentative 2/3 échouée pour https://www.cg.gov.ma/ar/%D9%85%D8%AC%D9%84%D8%B3-%D8%A7%D9%84%D8%AD%D9%83%D9%88%D9%85%D8%A9: Message: invalid argument: cannot parse capability: goog:chromeOptions
from invalid argument: unrecognized chrome option: excludeSwitches
Stacktrace:
#0 0x559097bc828a <unknown>
#1 0x55909752cad9 <unknown>
#2 0x55909755ccd0 <unknown>
#3 0x559097558c47 <unknown>
#4 0x5590975b4fdb <unknown>
#5 0x5590975b493d <unknown>
#6 0x5590975b65f7 <unknown>
#7 0x5590975b63cc <unknown>
#8 0x559097575e6b <unknown>
#9 0x559097576c51 <unknown>
#10 0x559097b8c7b0 <unknown>
#11 0x559097b8ae2a <unknown>
#12 0x559097b75ba5 <unknown>
#13 0x559097b8baea <unknown>
#14 0x559097b5edf0 <unknown>
#15 0x559097bb3178 <unknown>
#16 0x559097bb3315 <unknown>
#17 0x559097bc6e13 <unknown>
#18 0x7fb6db09cb84 <unknown>
#19 0x7fb6db129d6c <unknown>

2026-08-25 10:23:13,054 [INFO] patching driver executable /home/runner/.local/share/undetected_chromedriver/undetected_chromedriver
2026-08-25 10:23:13,086 [ERROR] Tentative 3/3 échouée pour https://www.cg.gov.ma/ar/%D9%85%D8%AC%D9%84%D8%B3-%D8%A7%D9%84%D8%AD%D9%83%D9%88%D9%85%D8%A9: Message: invalid argument: cannot parse capability: goog:chromeOptions
from invalid argument: unrecognized chrome option: excludeSwitches
Stacktrace:
#0 0x56015bed628a <unknown>
#1 0x56015b83aad9 <unknown>
#2 0x56015b86acd0 <unknown>
#3 0x56015b866c47 <unknown>
#4 0x56015b8c2fdb <unknown>
#5 0x56015b8c293d <unknown>
#6 0x56015b8c45f7 <unknown>
#7 0x56015b8c43cc <unknown>
#8 0x56015b883e6b <unknown>
#9 0x56015b884c51 <unknown>
#10 0x56015be9a7b0 <unknown>
#11 0x56015be98e2a <unknown>
#12 0x56015be83ba5 <unknown>
#13 0x56015be99aea <unknown>
#14 0x56015be6cdf0 <unknown>
#15 0x56015bec1178 <unknown>
#16 0x56015bec1315 <unknown>
#17 0x56015bed4e13 <unknown>
#18 0x7fa14f09cb84 <unknown>
#19 0x7fa14f129d6c <unknown>

2026-08-25 10:23:18,087 [INFO] 
============================================================
2026-08-25 10:23:18,087 [INFO] RÉSUMÉ
2026-08-25 10:23:18,087 [INFO] ============================================================
2026-08-25 10:23:18,087 [INFO] Conseils analysés: 0
2026-08-25 10:23:18,087 [INFO] Nouveaux conseils: 0
2026-08-25 10:23:18,088 [INFO] Total en base: 0
2026-08-25 10:23:19,994 [INFO] Email envoyé à cavalkhalid@gmail.com
2026-08-25 10:23:19,995 [INFO] 
Scraper terminé.
2026-08-26 10:25:49,367 [INFO] ============================================================
2026-08-26 10:25:49,367 [INFO] DÉMARRAGE DU SCRAPER Conseil du Gouvernement (cg.gov.ma) - Selenium
2026-08-26 10:25:49,367 [INFO] Date: 2026-08-26 10:25:49
2026-08-26 10:25:49,367 [INFO] ============================================================
2026-08-26 10:25:49,367 [INFO] Conseils déjà traités: 0
2026-08-26 10:25:49,367 [INFO] Scraping avec Selenium: https://www.cg.gov.ma/ar/%D9%85%D8%AC%D9%84%D8%B3-%D8%A7%D9%84%D8%AD%D9%83%D9%88%D9%85%D8%A9
2026-08-26 10:25:49,718 [INFO] patching driver executable /home/runner/.local/share/undetected_chromedriver/undetected_chromedriver
2026-08-26 10:25:49,756 [ERROR] Tentative 1/3 échouée pour https://www.cg.gov.ma/ar/%D9%85%D8%AC%D9%84%D8%B3-%D8%A7%D9%84%D8%AD%D9%83%D9%88%D9%85%D8%A9: Message: invalid argument: cannot parse capability: goog:chromeOptions
from invalid argument: unrecognized chrome option: excludeSwitches
Stacktrace:
#0 0x563663e09f5a <unknown>
#1 0x563663772499 <unknown>
#2 0x5636637a2670 <unknown>
#3 0x56366379e5e7 <unknown>
#4 0x5636637fa97b <unknown>
#5 0x5636637fa2dd <unknown>
#6 0x5636637fbf97 <unknown>
#7 0x5636637fbd6c <unknown>
#8 0x5636637bb81b <unknown>
#9 0x5636637bc601 <unknown>
#10 0x563663dce120 <unknown>
#11 0x563663dcc79a <unknown>
#12 0x563663db74e5 <unknown>
#13 0x563663dcd45a <unknown>
#14 0x563663da07d0 <unknown>
#15 0x563663df5048 <unknown>
#16 0x563663df51e5 <unknown>
#17 0x563663e08ae3 <unknown>
#18 0x7f506209cb84 <unknown>
#19 0x7f5062129d6c <unknown>

2026-08-26 10:25:55,011 [INFO] patching driver executable /home/runner/.local/share/undetected_chromedriver/undetected_chromedriver
2026-08-26 10:25:55,045 [ERROR] Tentative 2/3 échouée pour https://www.cg.gov.ma/ar/%D9%85%D8%AC%D9%84%D8%B3-%D8%A7%D9%84%D8%AD%D9%83%D9%88%D9%85%D8%A9: Message: invalid argument: cannot parse capability: goog:chromeOptions
from invalid argument: unrecognized chrome option: excludeSwitches
Stacktrace:
#0 0x55f2254d4f5a <unknown>
#1 0x55f224e3d499 <unknown>
#2 0x55f224e6d670 <unknown>
#3 0x55f224e695e7 <unknown>
#4 0x55f224ec597b <unknown>
#5 0x55f224ec52dd <unknown>
#6 0x55f224ec6f97 <unknown>
#7 0x55f224ec6d6c <unknown>
#8 0x55f224e8681b <unknown>
#9 0x55f224e87601 <unknown>
#10 0x55f225499120 <unknown>
#11 0x55f22549779a <unknown>
#12 0x55f2254824e5 <unknown>
#13 0x55f22549845a <unknown>
#14 0x55f22546b7d0 <unknown>
#15 0x55f2254c0048 <unknown>
#16 0x55f2254c01e5 <unknown>
#17 0x55f2254d3ae3 <unknown>
#18 0x7f3a06c9cb84 <unknown>
#19 0x7f3a06d29d6c <unknown>

2026-08-26 10:26:00,353 [INFO] patching driver executable /home/runner/.local/share/undetected_chromedriver/undetected_chromedriver
2026-08-26 10:26:00,384 [ERROR] Tentative 3/3 échouée pour https://www.cg.gov.ma/ar/%D9%85%D8%AC%D9%84%D8%B3-%D8%A7%D9%84%D8%AD%D9%83%D9%88%D9%85%D8%A9: Message: invalid argument: cannot parse capability: goog:chromeOptions
from invalid argument: unrecognized chrome option: excludeSwitches
Stacktrace:
#0 0x55f14fbc4f5a <unknown>
#1 0x55f14f52d499 <unknown>
#2 0x55f14f55d670 <unknown>
#3 0x55f14f5595e7 <unknown>
#4 0x55f14f5b597b <unknown>
#5 0x55f14f5b52dd <unknown>
#6 0x55f14f5b6f97 <unknown>
#7 0x55f14f5b6d6c <unknown>
#8 0x55f14f57681b <unknown>
#9 0x55f14f577601 <unknown>
#10 0x55f14fb89120 <unknown>
#11 0x55f14fb8779a <unknown>
#12 0x55f14fb724e5 <unknown>
#13 0x55f14fb8845a <unknown>
#14 0x55f14fb5b7d0 <unknown>
#15 0x55f14fbb0048 <unknown>
#16 0x55f14fbb01e5 <unknown>
#17 0x55f14fbc3ae3 <unknown>
#18 0x7f2398e9cb84 <unknown>
#19 0x7f2398f29d6c <unknown>

2026-08-26 10:26:05,385 [INFO] 
============================================================
2026-08-26 10:26:05,385 [INFO] RÉSUMÉ
2026-08-26 10:26:05,385 [INFO] ============================================================
2026-08-26 10:26:05,385 [INFO] Conseils analysés: 0
2026-08-26 10:26:05,385 [INFO] Nouveaux conseils: 0
2026-08-26 10:26:05,386 [INFO] Total en base: 0
2026-08-26 10:26:07,309 [INFO] Email envoyé à cavalkhalid@gmail.com
2026-08-26 10:26:07,309 [INFO] 
Scraper terminé.
2026-08-27 20:04:23,776 [INFO] ============================================================
2026-08-27 20:04:23,776 [INFO] DÉMARRAGE DU SCRAPER Conseil du Gouvernement (cg.gov.ma) - Selenium
2026-08-27 20:04:23,776 [INFO] Date: 2026-08-27 20:04:23
2026-08-27 20:04:23,776 [INFO] ============================================================
2026-08-27 20:04:23,776 [INFO] Conseils déjà traités: 0
2026-08-27 20:04:23,776 [INFO] Scraping avec Selenium: https://www.cg.gov.ma/ar/%D9%85%D8%AC%D9%84%D8%B3-%D8%A7%D9%84%D8%AD%D9%83%D9%88%D9%85%D8%A9
2026-08-27 20:04:24,192 [INFO] patching driver executable /home/runner/.local/share/undetected_chromedriver/undetected_chromedriver
2026-08-27 20:04:24,302 [ERROR] Tentative 1/3 échouée pour https://www.cg.gov.ma/ar/%D9%85%D8%AC%D9%84%D8%B3-%D8%A7%D9%84%D8%AD%D9%83%D9%88%D9%85%D8%A9: Message: invalid argument: cannot parse capability: goog:chromeOptions
from invalid argument: unrecognized chrome option: excludeSwitches
Stacktrace:
#0 0x55f015ed8f5a <unknown>
#1 0x55f015841499 <unknown>
#2 0x55f015871670 <unknown>
#3 0x55f01586d5e7 <unknown>
#4 0x55f0158c997b <unknown>
#5 0x55f0158c92dd <unknown>
#6 0x55f0158caf97 <unknown>
#7 0x55f0158cad6c <unknown>
#8 0x55f01588a81b <unknown>
#9 0x55f01588b601 <unknown>
#10 0x55f015e9d120 <unknown>
#11 0x55f015e9b79a <unknown>
#12 0x55f015e864e5 <unknown>
#13 0x55f015e9c45a <unknown>
#14 0x55f015e6f7d0 <unknown>
#15 0x55f015ec4048 <unknown>
#16 0x55f015ec41e5 <unknown>
#17 0x55f015ed7ae3 <unknown>
#18 0x7f7f73c9cb84 <unknown>
#19 0x7f7f73d29d6c <unknown>

2026-08-27 20:04:29,784 [INFO] patching driver executable /home/runner/.local/share/undetected_chromedriver/undetected_chromedriver
2026-08-27 20:04:29,816 [ERROR] Tentative 2/3 échouée pour https://www.cg.gov.ma/ar/%D9%85%D8%AC%D9%84%D8%B3-%D8%A7%D9%84%D8%AD%D9%83%D9%88%D9%85%D8%A9: Message: invalid argument: cannot parse capability: goog:chromeOptions
from invalid argument: unrecognized chrome option: excludeSwitches
Stacktrace:
#0 0x55861641af5a <unknown>
#1 0x558615d83499 <unknown>
#2 0x558615db3670 <unknown>
#3 0x558615daf5e7 <unknown>
#4 0x558615e0b97b <unknown>
#5 0x558615e0b2dd <unknown>
#6 0x558615e0cf97 <unknown>
#7 0x558615e0cd6c <unknown>
#8 0x558615dcc81b <unknown>
#9 0x558615dcd601 <unknown>
#10 0x5586163df120 <unknown>
#11 0x5586163dd79a <unknown>
#12 0x5586163c84e5 <unknown>
#13 0x5586163de45a <unknown>
#14 0x5586163b17d0 <unknown>
#15 0x558616406048 <unknown>
#16 0x5586164061e5 <unknown>
#17 0x558616419ae3 <unknown>
#18 0x7f13fdc9cb84 <unknown>
#19 0x7f13fdd29d6c <unknown>

2026-08-27 20:04:35,230 [INFO] patching driver executable /home/runner/.local/share/undetected_chromedriver/undetected_chromedriver
2026-08-27 20:04:35,260 [ERROR] Tentative 3/3 échouée pour https://www.cg.gov.ma/ar/%D9%85%D8%AC%D9%84%D8%B3-%D8%A7%D9%84%D8%AD%D9%83%D9%88%D9%85%D8%A9: Message: invalid argument: cannot parse capability: goog:chromeOptions
from invalid argument: unrecognized chrome option: excludeSwitches
Stacktrace:
#0 0x55fb00ab5f5a <unknown>
#1 0x55fb0041e499 <unknown>
#2 0x55fb0044e670 <unknown>
#3 0x55fb0044a5e7 <unknown>
#4 0x55fb004a697b <unknown>
#5 0x55fb004a62dd <unknown>
#6 0x55fb004a7f97 <unknown>
#7 0x55fb004a7d6c <unknown>
#8 0x55fb0046781b <unknown>
#9 0x55fb00468601 <unknown>
#10 0x55fb00a7a120 <unknown>
#11 0x55fb00a7879a <unknown>
#12 0x55fb00a634e5 <unknown>
#13 0x55fb00a7945a <unknown>
#14 0x55fb00a4c7d0 <unknown>
#15 0x55fb00aa1048 <unknown>
#16 0x55fb00aa11e5 <unknown>
#17 0x55fb00ab4ae3 <unknown>
#18 0x7fdc56c9cb84 <unknown>
#19 0x7fdc56d29d6c <unknown>

2026-08-27 20:04:40,261 [INFO] 
============================================================
2026-08-27 20:04:40,261 [INFO] RÉSUMÉ
2026-08-27 20:04:40,261 [INFO] ============================================================
2026-08-27 20:04:40,261 [INFO] Conseils analysés: 0
2026-08-27 20:04:40,261 [INFO] Nouveaux conseils: 0
2026-08-27 20:04:40,261 [INFO] Total en base: 0
2026-08-27 20:04:41,758 [INFO] Email envoyé à cavalkhalid@gmail.com
2026-08-27 20:04:41,758 [INFO] 
Scraper terminé.
2026-08-28 21:02:50,057 [INFO] ============================================================
2026-08-28 21:02:50,057 [INFO] DÉMARRAGE DU SCRAPER Conseil du Gouvernement (cg.gov.ma) - Selenium
2026-08-28 21:02:50,057 [INFO] Date: 2026-08-28 21:02:50
2026-08-28 21:02:50,057 [INFO] ============================================================
2026-08-28 21:02:50,057 [INFO] Conseils déjà traités: 0
2026-08-28 21:02:50,058 [INFO] Scraping avec Selenium: https://www.cg.gov.ma/ar/%D9%85%D8%AC%D9%84%D8%B3-%D8%A7%D9%84%D8%AD%D9%83%D9%88%D9%85%D8%A9
2026-08-28 21:02:50,416 [INFO] patching driver executable /home/runner/.local/share/undetected_chromedriver/undetected_chromedriver
2026-08-28 21:02:50,461 [ERROR] Tentative 1/3 échouée pour https://www.cg.gov.ma/ar/%D9%85%D8%AC%D9%84%D8%B3-%D8%A7%D9%84%D8%AD%D9%83%D9%88%D9%85%D8%A9: Message: invalid argument: cannot parse capability: goog:chromeOptions
from invalid argument: unrecognized chrome option: excludeSwitches
Stacktrace:
#0 0x55f2ec3d5f5a <unknown>
#1 0x55f2ebd3e499 <unknown>
#2 0x55f2ebd6e670 <unknown>
#3 0x55f2ebd6a5e7 <unknown>
#4 0x55f2ebdc697b <unknown>
#5 0x55f2ebdc62dd <unknown>
#6 0x55f2ebdc7f97 <unknown>
#7 0x55f2ebdc7d6c <unknown>
#8 0x55f2ebd8781b <unknown>
#9 0x55f2ebd88601 <unknown>
#10 0x55f2ec39a120 <unknown>
#11 0x55f2ec39879a <unknown>
#12 0x55f2ec3834e5 <unknown>
#13 0x55f2ec39945a <unknown>
#14 0x55f2ec36c7d0 <unknown>
#15 0x55f2ec3c1048 <unknown>
#16 0x55f2ec3c11e5 <unknown>
#17 0x55f2ec3d4ae3 <unknown>
#18 0x7f61a089cb84 <unknown>
#19 0x7f61a0929d6c <unknown>

2026-08-28 21:02:55,847 [INFO] patching driver executable /home/runner/.local/share/undetected_chromedriver/undetected_chromedriver
2026-08-28 21:02:55,882 [ERROR] Tentative 2/3 échouée pour https://www.cg.gov.ma/ar/%D9%85%D8%AC%D9%84%D8%B3-%D8%A7%D9%84%D8%AD%D9%83%D9%88%D9%85%D8%A9: Message: invalid argument: cannot parse capability: goog:chromeOptions
from invalid argument: unrecognized chrome option: excludeSwitches
Stacktrace:
#0 0x564c02e4df5a <unknown>
#1 0x564c027b6499 <unknown>
#2 0x564c027e6670 <unknown>
#3 0x564c027e25e7 <unknown>
#4 0x564c0283e97b <unknown>
#5 0x564c0283e2dd <unknown>
#6 0x564c0283ff97 <unknown>
#7 0x564c0283fd6c <unknown>
#8 0x564c027ff81b <unknown>
#9 0x564c02800601 <unknown>
#10 0x564c02e12120 <unknown>
#11 0x564c02e1079a <unknown>
#12 0x564c02dfb4e5 <unknown>
#13 0x564c02e1145a <unknown>
#14 0x564c02de47d0 <unknown>
#15 0x564c02e39048 <unknown>
#16 0x564c02e391e5 <unknown>
#17 0x564c02e4cae3 <unknown>
#18 0x7fd77069cb84 <unknown>
#19 0x7fd770729d6c <unknown>

2026-08-28 21:03:01,213 [INFO] patching driver executable /home/runner/.local/share/undetected_chromedriver/undetected_chromedriver
2026-08-28 21:03:01,249 [ERROR] Tentative 3/3 échouée pour https://www.cg.gov.ma/ar/%D9%85%D8%AC%D9%84%D8%B3-%D8%A7%D9%84%D8%AD%D9%83%D9%88%D9%85%D8%A9: Message: invalid argument: cannot parse capability: goog:chromeOptions
from invalid argument: unrecognized chrome option: excludeSwitches
Stacktrace:
#0 0x5610e1500f5a <unknown>
#1 0x5610e0e69499 <unknown>
#2 0x5610e0e99670 <unknown>
#3 0x5610e0e955e7 <unknown>
#4 0x5610e0ef197b <unknown>
#5 0x5610e0ef12dd <unknown>
#6 0x5610e0ef2f97 <unknown>
#7 0x5610e0ef2d6c <unknown>
#8 0x5610e0eb281b <unknown>
#9 0x5610e0eb3601 <unknown>
#10 0x5610e14c5120 <unknown>
#11 0x5610e14c379a <unknown>
#12 0x5610e14ae4e5 <unknown>
#13 0x5610e14c445a <unknown>
#14 0x5610e14977d0 <unknown>
#15 0x5610e14ec048 <unknown>
#16 0x5610e14ec1e5 <unknown>
#17 0x5610e14ffae3 <unknown>
#18 0x7f3db809cb84 <unknown>
#19 0x7f3db8129d6c <unknown>

2026-08-28 21:03:06,249 [INFO] 
============================================================
2026-08-28 21:03:06,249 [INFO] RÉSUMÉ
2026-08-28 21:03:06,250 [INFO] ============================================================
2026-08-28 21:03:06,250 [INFO] Conseils analysés: 0
2026-08-28 21:03:06,250 [INFO] Nouveaux conseils: 0
2026-08-28 21:03:06,250 [INFO] Total en base: 0
2026-08-28 21:03:07,884 [INFO] Email envoyé à cavalkhalid@gmail.com
2026-08-28 21:03:07,884 [INFO] 
Scraper terminé.
2026-08-29 14:50:20,922 [INFO] ============================================================
2026-08-29 14:50:20,922 [INFO] DÉMARRAGE DU SCRAPER Conseil du Gouvernement (cg.gov.ma) - Selenium
2026-08-29 14:50:20,922 [INFO] Date: 2026-08-29 14:50:20
2026-08-29 14:50:20,922 [INFO] ============================================================
2026-08-29 14:50:20,922 [INFO] Conseils déjà traités: 0
2026-08-29 14:50:20,923 [INFO] Scraping avec Selenium: https://www.cg.gov.ma/ar/%D9%85%D8%AC%D9%84%D8%B3-%D8%A7%D9%84%D8%AD%D9%83%D9%88%D9%85%D8%A9
2026-08-29 14:50:21,351 [INFO] patching driver executable /home/runner/.local/share/undetected_chromedriver/undetected_chromedriver
2026-08-29 14:50:21,385 [ERROR] Tentative 1/3 échouée pour https://www.cg.gov.ma/ar/%D9%85%D8%AC%D9%84%D8%B3-%D8%A7%D9%84%D8%AD%D9%83%D9%88%D9%85%D8%A9: Message: invalid argument: cannot parse capability: goog:chromeOptions
from invalid argument: unrecognized chrome option: excludeSwitches
Stacktrace:
#0 0x55b90fa1cf5a <unknown>
#1 0x55b90f385499 <unknown>
#2 0x55b90f3b5670 <unknown>
#3 0x55b90f3b15e7 <unknown>
#4 0x55b90f40d97b <unknown>
#5 0x55b90f40d2dd <unknown>
#6 0x55b90f40ef97 <unknown>
#7 0x55b90f40ed6c <unknown>
#8 0x55b90f3ce81b <unknown>
#9 0x55b90f3cf601 <unknown>
#10 0x55b90f9e1120 <unknown>
#11 0x55b90f9df79a <unknown>
#12 0x55b90f9ca4e5 <unknown>
#13 0x55b90f9e045a <unknown>
#14 0x55b90f9b37d0 <unknown>
#15 0x55b90fa08048 <unknown>
#16 0x55b90fa081e5 <unknown>
#17 0x55b90fa1bae3 <unknown>
#18 0x7f8d0cc9cb84 <unknown>
#19 0x7f8d0cd29d6c <unknown>

2026-08-29 14:50:26,776 [INFO] patching driver executable /home/runner/.local/share/undetected_chromedriver/undetected_chromedriver
2026-08-29 14:50:26,807 [ERROR] Tentative 2/3 échouée pour https://www.cg.gov.ma/ar/%D9%85%D8%AC%D9%84%D8%B3-%D8%A7%D9%84%D8%AD%D9%83%D9%88%D9%85%D8%A9: Message: invalid argument: cannot parse capability: goog:chromeOptions
from invalid argument: unrecognized chrome option: excludeSwitches
Stacktrace:
#0 0x5574f2cccf5a <unknown>
#1 0x5574f2635499 <unknown>
#2 0x5574f2665670 <unknown>
#3 0x5574f26615e7 <unknown>
#4 0x5574f26bd97b <unknown>
#5 0x5574f26bd2dd <unknown>
#6 0x5574f26bef97 <unknown>
#7 0x5574f26bed6c <unknown>
#8 0x5574f267e81b <unknown>
#9 0x5574f267f601 <unknown>
#10 0x5574f2c91120 <unknown>
#11 0x5574f2c8f79a <unknown>
#12 0x5574f2c7a4e5 <unknown>
#13 0x5574f2c9045a <unknown>
#14 0x5574f2c637d0 <unknown>
#15 0x5574f2cb8048 <unknown>
#16 0x5574f2cb81e5 <unknown>
#17 0x5574f2ccbae3 <unknown>
#18 0x7fb7b449cb84 <unknown>
#19 0x7fb7b4529d6c <unknown>

2026-08-29 14:50:32,218 [INFO] patching driver executable /home/runner/.local/share/undetected_chromedriver/undetected_chromedriver
2026-08-29 14:50:32,252 [ERROR] Tentative 3/3 échouée pour https://www.cg.gov.ma/ar/%D9%85%D8%AC%D9%84%D8%B3-%D8%A7%D9%84%D8%AD%D9%83%D9%88%D9%85%D8%A9: Message: invalid argument: cannot parse capability: goog:chromeOptions
from invalid argument: unrecognized chrome option: excludeSwitches
Stacktrace:
#0 0x560df8812f5a <unknown>
#1 0x560df817b499 <unknown>
#2 0x560df81ab670 <unknown>
#3 0x560df81a75e7 <unknown>
#4 0x560df820397b <unknown>
#5 0x560df82032dd <unknown>
#6 0x560df8204f97 <unknown>
#7 0x560df8204d6c <unknown>
#8 0x560df81c481b <unknown>
#9 0x560df81c5601 <unknown>
#10 0x560df87d7120 <unknown>
#11 0x560df87d579a <unknown>
#12 0x560df87c04e5 <unknown>
#13 0x560df87d645a <unknown>
#14 0x560df87a97d0 <unknown>
#15 0x560df87fe048 <unknown>
#16 0x560df87fe1e5 <unknown>
#17 0x560df8811ae3 <unknown>
#18 0x7f269609cb84 <unknown>
#19 0x7f2696129d6c <unknown>

2026-08-29 14:50:37,253 [INFO] 
============================================================
2026-08-29 14:50:37,253 [INFO] RÉSUMÉ
2026-08-29 14:50:37,253 [INFO] ============================================================
2026-08-29 14:50:37,253 [INFO] Conseils analysés: 0
2026-08-29 14:50:37,253 [INFO] Nouveaux conseils: 0
2026-08-29 14:50:37,253 [INFO] Total en base: 0
2026-08-29 14:50:38,708 [INFO] Email envoyé à cavalkhalid@gmail.com
2026-08-29 14:50:38,708 [INFO] 
Scraper terminé.
2026-08-30 14:35:34,652 [INFO] ============================================================
2026-08-30 14:35:34,652 [INFO] DÉMARRAGE DU SCRAPER Conseil du Gouvernement (cg.gov.ma) - Selenium
2026-08-30 14:35:34,652 [INFO] Date: 2026-08-30 14:35:34
2026-08-30 14:35:34,652 [INFO] ============================================================
2026-08-30 14:35:34,652 [INFO] Conseils déjà traités: 0
2026-08-30 14:35:34,653 [INFO] Scraping avec Selenium: https://www.cg.gov.ma/ar/%D9%85%D8%AC%D9%84%D8%B3-%D8%A7%D9%84%D8%AD%D9%83%D9%88%D9%85%D8%A9
2026-08-30 14:35:34,995 [INFO] patching driver executable /home/runner/.local/share/undetected_chromedriver/undetected_chromedriver
2026-08-30 14:35:35,028 [ERROR] Tentative 1/3 échouée pour https://www.cg.gov.ma/ar/%D9%85%D8%AC%D9%84%D8%B3-%D8%A7%D9%84%D8%AD%D9%83%D9%88%D9%85%D8%A9: Message: invalid argument: cannot parse capability: goog:chromeOptions
from invalid argument: unrecognized chrome option: excludeSwitches
Stacktrace:
#0 0x5622b578bf5a <unknown>
#1 0x5622b50f4499 <unknown>
#2 0x5622b5124670 <unknown>
#3 0x5622b51205e7 <unknown>
#4 0x5622b517c97b <unknown>
#5 0x5622b517c2dd <unknown>
#6 0x5622b517df97 <unknown>
#7 0x5622b517dd6c <unknown>
#8 0x5622b513d81b <unknown>
#9 0x5622b513e601 <unknown>
#10 0x5622b5750120 <unknown>
#11 0x5622b574e79a <unknown>
#12 0x5622b57394e5 <unknown>
#13 0x5622b574f45a <unknown>
#14 0x5622b57227d0 <unknown>
#15 0x5622b5777048 <unknown>
#16 0x5622b57771e5 <unknown>
#17 0x5622b578aae3 <unknown>
#18 0x7f1b9489cb84 <unknown>
#19 0x7f1b94929d6c <unknown>

2026-08-30 14:35:40,351 [INFO] patching driver executable /home/runner/.local/share/undetected_chromedriver/undetected_chromedriver
2026-08-30 14:35:40,382 [ERROR] Tentative 2/3 échouée pour https://www.cg.gov.ma/ar/%D9%85%D8%AC%D9%84%D8%B3-%D8%A7%D9%84%D8%AD%D9%83%D9%88%D9%85%D8%A9: Message: invalid argument: cannot parse capability: goog:chromeOptions
from invalid argument: unrecognized chrome option: excludeSwitches
Stacktrace:
#0 0x55cfd3fc1f5a <unknown>
#1 0x55cfd392a499 <unknown>
#2 0x55cfd395a670 <unknown>
#3 0x55cfd39565e7 <unknown>
#4 0x55cfd39b297b <unknown>
#5 0x55cfd39b22dd <unknown>
#6 0x55cfd39b3f97 <unknown>
#7 0x55cfd39b3d6c <unknown>
#8 0x55cfd397381b <unknown>
#9 0x55cfd3974601 <unknown>
#10 0x55cfd3f86120 <unknown>
#11 0x55cfd3f8479a <unknown>
#12 0x55cfd3f6f4e5 <unknown>
#13 0x55cfd3f8545a <unknown>
#14 0x55cfd3f587d0 <unknown>
#15 0x55cfd3fad048 <unknown>
#16 0x55cfd3fad1e5 <unknown>
#17 0x55cfd3fc0ae3 <unknown>
#18 0x7f8cfb29cb84 <unknown>
#19 0x7f8cfb329d6c <unknown>

2026-08-30 14:35:45,730 [INFO] patching driver executable /home/runner/.local/share/undetected_chromedriver/undetected_chromedriver
2026-08-30 14:35:45,763 [ERROR] Tentative 3/3 échouée pour https://www.cg.gov.ma/ar/%D9%85%D8%AC%D9%84%D8%B3-%D8%A7%D9%84%D8%AD%D9%83%D9%88%D9%85%D8%A9: Message: invalid argument: cannot parse capability: goog:chromeOptions
from invalid argument: unrecognized chrome option: excludeSwitches
Stacktrace:
#0 0x55e230de9f5a <unknown>
#1 0x55e230752499 <unknown>
#2 0x55e230782670 <unknown>
#3 0x55e23077e5e7 <unknown>
#4 0x55e2307da97b <unknown>
#5 0x55e2307da2dd <unknown>
#6 0x55e2307dbf97 <unknown>
#7 0x55e2307dbd6c <unknown>
#8 0x55e23079b81b <unknown>
#9 0x55e23079c601 <unknown>
#10 0x55e230dae120 <unknown>
#11 0x55e230dac79a <unknown>
#12 0x55e230d974e5 <unknown>
#13 0x55e230dad45a <unknown>
#14 0x55e230d807d0 <unknown>
#15 0x55e230dd5048 <unknown>
#16 0x55e230dd51e5 <unknown>
#17 0x55e230de8ae3 <unknown>
#18 0x7feac349cb84 <unknown>
#19 0x7feac3529d6c <unknown>

2026-08-30 14:35:50,763 [INFO] 
============================================================
2026-08-30 14:35:50,763 [INFO] RÉSUMÉ
2026-08-30 14:35:50,764 [INFO] ============================================================
2026-08-30 14:35:50,764 [INFO] Conseils analysés: 0
2026-08-30 14:35:50,764 [INFO] Nouveaux conseils: 0
2026-08-30 14:35:50,764 [INFO] Total en base: 0
2026-08-30 14:35:52,175 [INFO] Email envoyé à cavalkhalid@gmail.com
2026-08-30 14:35:52,176 [INFO] 
Scraper terminé.
2026-08-31 17:19:16,911 [INFO] ============================================================
2026-08-31 17:19:16,911 [INFO] DÉMARRAGE DU SCRAPER Conseil du Gouvernement (cg.gov.ma) - Selenium
2026-08-31 17:19:16,911 [INFO] Date: 2026-08-31 17:19:16
2026-08-31 17:19:16,911 [INFO] ============================================================
2026-08-31 17:19:16,911 [INFO] Conseils déjà traités: 0
2026-08-31 17:19:16,911 [INFO] Scraping avec Selenium: https://www.cg.gov.ma/ar/%D9%85%D8%AC%D9%84%D8%B3-%D8%A7%D9%84%D8%AD%D9%83%D9%88%D9%85%D8%A9
2026-08-31 17:19:17,305 [INFO] patching driver executable /home/runner/.local/share/undetected_chromedriver/undetected_chromedriver
2026-08-31 17:19:17,344 [ERROR] Tentative 1/3 échouée pour https://www.cg.gov.ma/ar/%D9%85%D8%AC%D9%84%D8%B3-%D8%A7%D9%84%D8%AD%D9%83%D9%88%D9%85%D8%A9: Message: invalid argument: cannot parse capability: goog:chromeOptions
from invalid argument: unrecognized chrome option: excludeSwitches
Stacktrace:
#0 0x556563902f5a <unknown>
#1 0x55656326b499 <unknown>
#2 0x55656329b670 <unknown>
#3 0x5565632975e7 <unknown>
#4 0x5565632f397b <unknown>
#5 0x5565632f32dd <unknown>
#6 0x5565632f4f97 <unknown>
#7 0x5565632f4d6c <unknown>
#8 0x5565632b481b <unknown>
#9 0x5565632b5601 <unknown>
#10 0x5565638c7120 <unknown>
#11 0x5565638c579a <unknown>
#12 0x5565638b04e5 <unknown>
#13 0x5565638c645a <unknown>
#14 0x5565638997d0 <unknown>
#15 0x5565638ee048 <unknown>
#16 0x5565638ee1e5 <unknown>
#17 0x556563901ae3 <unknown>
#18 0x7f809ac9cb84 <unknown>
#19 0x7f809ad29d6c <unknown>

2026-08-31 17:19:22,702 [INFO] patching driver executable /home/runner/.local/share/undetected_chromedriver/undetected_chromedriver
2026-08-31 17:19:22,735 [ERROR] Tentative 2/3 échouée pour https://www.cg.gov.ma/ar/%D9%85%D8%AC%D9%84%D8%B3-%D8%A7%D9%84%D8%AD%D9%83%D9%88%D9%85%D8%A9: Message: invalid argument: cannot parse capability: goog:chromeOptions
from invalid argument: unrecognized chrome option: excludeSwitches
Stacktrace:
#0 0x55759c76cf5a <unknown>
#1 0x55759c0d5499 <unknown>
#2 0x55759c105670 <unknown>
#3 0x55759c1015e7 <unknown>
#4 0x55759c15d97b <unknown>
#5 0x55759c15d2dd <unknown>
#6 0x55759c15ef97 <unknown>
#7 0x55759c15ed6c <unknown>
#8 0x55759c11e81b <unknown>
#9 0x55759c11f601 <unknown>
#10 0x55759c731120 <unknown>
#11 0x55759c72f79a <unknown>
#12 0x55759c71a4e5 <unknown>
#13 0x55759c73045a <unknown>
#14 0x55759c7037d0 <unknown>
#15 0x55759c758048 <unknown>
#16 0x55759c7581e5 <unknown>
#17 0x55759c76bae3 <unknown>
#18 0x7fe521e9cb84 <unknown>
#19 0x7fe521f29d6c <unknown>

2026-08-31 17:19:28,081 [INFO] patching driver executable /home/runner/.local/share/undetected_chromedriver/undetected_chromedriver
2026-08-31 17:19:28,118 [ERROR] Tentative 3/3 échouée pour https://www.cg.gov.ma/ar/%D9%85%D8%AC%D9%84%D8%B3-%D8%A7%D9%84%D8%AD%D9%83%D9%88%D9%85%D8%A9: Message: invalid argument: cannot parse capability: goog:chromeOptions
from invalid argument: unrecognized chrome option: excludeSwitches
Stacktrace:
#0 0x559e5cc62f5a <unknown>
#1 0x559e5c5cb499 <unknown>
#2 0x559e5c5fb670 <unknown>
#3 0x559e5c5f75e7 <unknown>
#4 0x559e5c65397b <unknown>
#5 0x559e5c6532dd <unknown>
#6 0x559e5c654f97 <unknown>
#7 0x559e5c654d6c <unknown>
#8 0x559e5c61481b <unknown>
#9 0x559e5c615601 <unknown>
#10 0x559e5cc27120 <unknown>
#11 0x559e5cc2579a <unknown>
#12 0x559e5cc104e5 <unknown>
#13 0x559e5cc2645a <unknown>
#14 0x559e5cbf97d0 <unknown>
#15 0x559e5cc4e048 <unknown>
#16 0x559e5cc4e1e5 <unknown>
#17 0x559e5cc61ae3 <unknown>
#18 0x7f9f1449cb84 <unknown>
#19 0x7f9f14529d6c <unknown>

2026-08-31 17:19:33,119 [INFO] 
============================================================
2026-08-31 17:19:33,119 [INFO] RÉSUMÉ
2026-08-31 17:19:33,119 [INFO] ============================================================
2026-08-31 17:19:33,119 [INFO] Conseils analysés: 0
2026-08-31 17:19:33,119 [INFO] Nouveaux conseils: 0
2026-08-31 17:19:33,119 [INFO] Total en base: 0
2026-08-31 17:19:34,680 [INFO] Email envoyé à cavalkhalid@gmail.com
2026-08-31 17:19:34,680 [INFO] 
Scraper terminé.
2026-09-01 14:25:22,653 [INFO] ============================================================
2026-09-01 14:25:22,653 [INFO] DÉMARRAGE DU SCRAPER Conseil du Gouvernement (cg.gov.ma) - Selenium
2026-09-01 14:25:22,653 [INFO] Date: 2026-09-01 14:25:22
2026-09-01 14:25:22,653 [INFO] ============================================================
2026-09-01 14:25:22,653 [INFO] Conseils déjà traités: 0
2026-09-01 14:25:22,653 [INFO] Scraping avec Selenium: https://www.cg.gov.ma/ar/%D9%85%D8%AC%D9%84%D8%B3-%D8%A7%D9%84%D8%AD%D9%83%D9%88%D9%85%D8%A9
2026-09-01 14:25:23,033 [INFO] patching driver executable /home/runner/.local/share/undetected_chromedriver/undetected_chromedriver
2026-09-01 14:25:23,067 [ERROR] Tentative 1/3 échouée pour https://www.cg.gov.ma/ar/%D9%85%D8%AC%D9%84%D8%B3-%D8%A7%D9%84%D8%AD%D9%83%D9%88%D9%85%D8%A9: Message: invalid argument: cannot parse capability: goog:chromeOptions
from invalid argument: unrecognized chrome option: excludeSwitches
Stacktrace:
#0 0x5583d1182f5a <unknown>
#1 0x5583d0aeb499 <unknown>
#2 0x5583d0b1b670 <unknown>
#3 0x5583d0b175e7 <unknown>
#4 0x5583d0b7397b <unknown>
#5 0x5583d0b732dd <unknown>
#6 0x5583d0b74f97 <unknown>
#7 0x5583d0b74d6c <unknown>
#8 0x5583d0b3481b <unknown>
#9 0x5583d0b35601 <unknown>
#10 0x5583d1147120 <unknown>
#11 0x5583d114579a <unknown>
#12 0x5583d11304e5 <unknown>
#13 0x5583d114645a <unknown>
#14 0x5583d11197d0 <unknown>
#15 0x5583d116e048 <unknown>
#16 0x5583d116e1e5 <unknown>
#17 0x5583d1181ae3 <unknown>
#18 0x7f7b66a9cb84 <unknown>
#19 0x7f7b66b29d6c <unknown>

2026-09-01 14:25:28,425 [INFO] patching driver executable /home/runner/.local/share/undetected_chromedriver/undetected_chromedriver
2026-09-01 14:25:28,459 [ERROR] Tentative 2/3 échouée pour https://www.cg.gov.ma/ar/%D9%85%D8%AC%D9%84%D8%B3-%D8%A7%D9%84%D8%AD%D9%83%D9%88%D9%85%D8%A9: Message: invalid argument: cannot parse capability: goog:chromeOptions
from invalid argument: unrecognized chrome option: excludeSwitches
Stacktrace:
#0 0x560f542a1f5a <unknown>
#1 0x560f53c0a499 <unknown>
#2 0x560f53c3a670 <unknown>
#3 0x560f53c365e7 <unknown>
#4 0x560f53c9297b <unknown>
#5 0x560f53c922dd <unknown>
#6 0x560f53c93f97 <unknown>
#7 0x560f53c93d6c <unknown>
#8 0x560f53c5381b <unknown>
#9 0x560f53c54601 <unknown>
#10 0x560f54266120 <unknown>
#11 0x560f5426479a <unknown>
#12 0x560f5424f4e5 <unknown>
#13 0x560f5426545a <unknown>
#14 0x560f542387d0 <unknown>
#15 0x560f5428d048 <unknown>
#16 0x560f5428d1e5 <unknown>
#17 0x560f542a0ae3 <unknown>
#18 0x7ff70669cb84 <unknown>
#19 0x7ff706729d6c <unknown>

2026-09-01 14:25:33,846 [INFO] patching driver executable /home/runner/.local/share/undetected_chromedriver/undetected_chromedriver
2026-09-01 14:25:33,879 [ERROR] Tentative 3/3 échouée pour https://www.cg.gov.ma/ar/%D9%85%D8%AC%D9%84%D8%B3-%D8%A7%D9%84%D8%AD%D9%83%D9%88%D9%85%D8%A9: Message: invalid argument: cannot parse capability: goog:chromeOptions
from invalid argument: unrecognized chrome option: excludeSwitches
Stacktrace:
#0 0x556fed5daf5a <unknown>
#1 0x556fecf43499 <unknown>
#2 0x556fecf73670 <unknown>
#3 0x556fecf6f5e7 <unknown>
#4 0x556fecfcb97b <unknown>
#5 0x556fecfcb2dd <unknown>
#6 0x556fecfccf97 <unknown>
#7 0x556fecfccd6c <unknown>
#8 0x556fecf8c81b <unknown>
#9 0x556fecf8d601 <unknown>
#10 0x556fed59f120 <unknown>
#11 0x556fed59d79a <unknown>
#12 0x556fed5884e5 <unknown>
#13 0x556fed59e45a <unknown>
#14 0x556fed5717d0 <unknown>
#15 0x556fed5c6048 <unknown>
#16 0x556fed5c61e5 <unknown>
#17 0x556fed5d9ae3 <unknown>
#18 0x7fc844e9cb84 <unknown>
#19 0x7fc844f29d6c <unknown>

2026-09-01 14:25:38,879 [INFO] 
============================================================
2026-09-01 14:25:38,880 [INFO] RÉSUMÉ
2026-09-01 14:25:38,880 [INFO] ============================================================
2026-09-01 14:25:38,880 [INFO] Conseils analysés: 0
2026-09-01 14:25:38,880 [INFO] Nouveaux conseils: 0
2026-09-01 14:25:38,880 [INFO] Total en base: 0
2026-09-01 14:25:40,821 [INFO] Email envoyé à cavalkhalid@gmail.com
2026-09-01 14:25:40,821 [INFO] 
Scraper terminé.
2026-09-02 13:58:37,512 [INFO] ============================================================
2026-09-02 13:58:37,512 [INFO] DÉMARRAGE DU SCRAPER Conseil du Gouvernement (cg.gov.ma) - Selenium
2026-09-02 13:58:37,512 [INFO] Date: 2026-09-02 13:58:37
2026-09-02 13:58:37,512 [INFO] ============================================================
2026-09-02 13:58:37,512 [INFO] Conseils déjà traités: 0
2026-09-02 13:58:37,512 [INFO] Scraping avec Selenium: https://www.cg.gov.ma/ar/%D9%85%D8%AC%D9%84%D8%B3-%D8%A7%D9%84%D8%AD%D9%83%D9%88%D9%85%D8%A9
2026-09-02 13:58:37,916 [INFO] patching driver executable /home/runner/.local/share/undetected_chromedriver/undetected_chromedriver
2026-09-02 13:58:37,950 [ERROR] Tentative 1/3 échouée pour https://www.cg.gov.ma/ar/%D9%85%D8%AC%D9%84%D8%B3-%D8%A7%D9%84%D8%AD%D9%83%D9%88%D9%85%D8%A9: Message: invalid argument: cannot parse capability: goog:chromeOptions
from invalid argument: unrecognized chrome option: excludeSwitches
Stacktrace:
#0 0x55ea8d16d79a <unknown>
#1 0x55ea8cad0cc9 <unknown>
#2 0x55ea8cb00ea0 <unknown>
#3 0x55ea8cafce17 <unknown>
#4 0x55ea8cb5922b <unknown>
#5 0x55ea8cb58b8d <unknown>
#6 0x55ea8cb5a847 <unknown>
#7 0x55ea8cb5a61c <unknown>
#8 0x55ea8cb1a07e <unknown>
#9 0x55ea8cb1ae91 <unknown>
#10 0x55ea8d131bb0 <unknown>
#11 0x55ea8d13022a <unknown>
#12 0x55ea8d11afa5 <unknown>
#13 0x55ea8d130eea <unknown>
#14 0x55ea8d1041c0 <unknown>
#15 0x55ea8d158698 <unknown>
#16 0x55ea8d158835 <unknown>
#17 0x55ea8d16c323 <unknown>
#18 0x7f1f04a9cb84 <unknown>
#19 0x7f1f04b29d6c <unknown>

2026-09-02 13:58:43,243 [INFO] patching driver executable /home/runner/.local/share/undetected_chromedriver/undetected_chromedriver
2026-09-02 13:58:43,275 [ERROR] Tentative 2/3 échouée pour https://www.cg.gov.ma/ar/%D9%85%D8%AC%D9%84%D8%B3-%D8%A7%D9%84%D8%AD%D9%83%D9%88%D9%85%D8%A9: Message: invalid argument: cannot parse capability: goog:chromeOptions
from invalid argument: unrecognized chrome option: excludeSwitches
Stacktrace:
#0 0x5653e558579a <unknown>
#1 0x5653e4ee8cc9 <unknown>
#2 0x5653e4f18ea0 <unknown>
#3 0x5653e4f14e17 <unknown>
#4 0x5653e4f7122b <unknown>
#5 0x5653e4f70b8d <unknown>
#6 0x5653e4f72847 <unknown>
#7 0x5653e4f7261c <unknown>
#8 0x5653e4f3207e <unknown>
#9 0x5653e4f32e91 <unknown>
#10 0x5653e5549bb0 <unknown>
#11 0x5653e554822a <unknown>
#12 0x5653e5532fa5 <unknown>
#13 0x5653e5548eea <unknown>
#14 0x5653e551c1c0 <unknown>
#15 0x5653e5570698 <unknown>
#16 0x5653e5570835 <unknown>
#17 0x5653e5584323 <unknown>
#18 0x7fd4e9c9cb84 <unknown>
#19 0x7fd4e9d29d6c <unknown>

2026-09-02 13:58:48,579 [INFO] patching driver executable /home/runner/.local/share/undetected_chromedriver/undetected_chromedriver
2026-09-02 13:58:48,611 [ERROR] Tentative 3/3 échouée pour https://www.cg.gov.ma/ar/%D9%85%D8%AC%D9%84%D8%B3-%D8%A7%D9%84%D8%AD%D9%83%D9%88%D9%85%D8%A9: Message: invalid argument: cannot parse capability: goog:chromeOptions
from invalid argument: unrecognized chrome option: excludeSwitches
Stacktrace:
#0 0x556b175b979a <unknown>
#1 0x556b16f1ccc9 <unknown>
#2 0x556b16f4cea0 <unknown>
#3 0x556b16f48e17 <unknown>
#4 0x556b16fa522b <unknown>
#5 0x556b16fa4b8d <unknown>
#6 0x556b16fa6847 <unknown>
#7 0x556b16fa661c <unknown>
#8 0x556b16f6607e <unknown>
#9 0x556b16f66e91 <unknown>
#10 0x556b1757dbb0 <unknown>
#11 0x556b1757c22a <unknown>
#12 0x556b17566fa5 <unknown>
#13 0x556b1757ceea <unknown>
#14 0x556b175501c0 <unknown>
#15 0x556b175a4698 <unknown>
#16 0x556b175a4835 <unknown>
#17 0x556b175b8323 <unknown>
#18 0x7fdfd6e9cb84 <unknown>
#19 0x7fdfd6f29d6c <unknown>

2026-09-02 13:58:53,612 [INFO] 
============================================================
2026-09-02 13:58:53,612 [INFO] RÉSUMÉ
2026-09-02 13:58:53,612 [INFO] ============================================================
2026-09-02 13:58:53,612 [INFO] Conseils analysés: 0
2026-09-02 13:58:53,612 [INFO] Nouveaux conseils: 0
2026-09-02 13:58:53,612 [INFO] Total en base: 0
2026-09-02 13:58:54,864 [INFO] Email envoyé à cavalkhalid@gmail.com
2026-09-02 13:58:54,864 [INFO] 
Scraper terminé.
2026-09-03 14:00:35,589 [INFO] ============================================================
2026-09-03 14:00:35,589 [INFO] DÉMARRAGE DU SCRAPER Conseil du Gouvernement (cg.gov.ma) - Selenium
2026-09-03 14:00:35,589 [INFO] Date: 2026-09-03 14:00:35
2026-09-03 14:00:35,589 [INFO] ============================================================
2026-09-03 14:00:35,590 [INFO] Conseils déjà traités: 0
2026-09-03 14:00:35,590 [INFO] Scraping avec Selenium: https://www.cg.gov.ma/ar/%D9%85%D8%AC%D9%84%D8%B3-%D8%A7%D9%84%D8%AD%D9%83%D9%88%D9%85%D8%A9
2026-09-03 14:00:35,878 [INFO] patching driver executable /home/runner/.local/share/undetected_chromedriver/undetected_chromedriver
2026-09-03 14:00:35,921 [ERROR] Tentative 1/3 échouée pour https://www.cg.gov.ma/ar/%D9%85%D8%AC%D9%84%D8%B3-%D8%A7%D9%84%D8%AD%D9%83%D9%88%D9%85%D8%A9: Message: invalid argument: cannot parse capability: goog:chromeOptions
from invalid argument: unrecognized chrome option: excludeSwitches
Stacktrace:
#0 0x56383261479a <unknown>
#1 0x563831f77cc9 <unknown>
#2 0x563831fa7ea0 <unknown>
#3 0x563831fa3e17 <unknown>
#4 0x56383200022b <unknown>
#5 0x563831fffb8d <unknown>
#6 0x563832001847 <unknown>
#7 0x56383200161c <unknown>
#8 0x563831fc107e <unknown>
#9 0x563831fc1e91 <unknown>
#10 0x5638325d8bb0 <unknown>
#11 0x5638325d722a <unknown>
#12 0x5638325c1fa5 <unknown>
#13 0x5638325d7eea <unknown>
#14 0x5638325ab1c0 <unknown>
#15 0x5638325ff698 <unknown>
#16 0x5638325ff835 <unknown>
#17 0x563832613323 <unknown>
#18 0x7fdb1709cb84 <unknown>
#19 0x7fdb17129d6c <unknown>

2026-09-03 14:00:41,179 [INFO] patching driver executable /home/runner/.local/share/undetected_chromedriver/undetected_chromedriver
2026-09-03 14:00:41,210 [ERROR] Tentative 2/3 échouée pour https://www.cg.gov.ma/ar/%D9%85%D8%AC%D9%84%D8%B3-%D8%A7%D9%84%D8%AD%D9%83%D9%88%D9%85%D8%A9: Message: invalid argument: cannot parse capability: goog:chromeOptions
from invalid argument: unrecognized chrome option: excludeSwitches
Stacktrace:
#0 0x55d367ccd79a <unknown>
#1 0x55d367630cc9 <unknown>
#2 0x55d367660ea0 <unknown>
#3 0x55d36765ce17 <unknown>
#4 0x55d3676b922b <unknown>
#5 0x55d3676b8b8d <unknown>
#6 0x55d3676ba847 <unknown>
#7 0x55d3676ba61c <unknown>
#8 0x55d36767a07e <unknown>
#9 0x55d36767ae91 <unknown>
#10 0x55d367c91bb0 <unknown>
#11 0x55d367c9022a <unknown>
#12 0x55d367c7afa5 <unknown>
#13 0x55d367c90eea <unknown>
#14 0x55d367c641c0 <unknown>
#15 0x55d367cb8698 <unknown>
#16 0x55d367cb8835 <unknown>
#17 0x55d367ccc323 <unknown>
#18 0x7f4153e9cb84 <unknown>
#19 0x7f4153f29d6c <unknown>

2026-09-03 14:00:46,515 [INFO] patching driver executable /home/runner/.local/share/undetected_chromedriver/undetected_chromedriver
2026-09-03 14:00:46,547 [ERROR] Tentative 3/3 échouée pour https://www.cg.gov.ma/ar/%D9%85%D8%AC%D9%84%D8%B3-%D8%A7%D9%84%D8%AD%D9%83%D9%88%D9%85%D8%A9: Message: invalid argument: cannot parse capability: goog:chromeOptions
from invalid argument: unrecognized chrome option: excludeSwitches
Stacktrace:
#0 0x5594503d279a <unknown>
#1 0x55944fd35cc9 <unknown>
#2 0x55944fd65ea0 <unknown>
#3 0x55944fd61e17 <unknown>
#4 0x55944fdbe22b <unknown>
#5 0x55944fdbdb8d <unknown>
#6 0x55944fdbf847 <unknown>
#7 0x55944fdbf61c <unknown>
#8 0x55944fd7f07e <unknown>
#9 0x55944fd7fe91 <unknown>
#10 0x559450396bb0 <unknown>
#11 0x55945039522a <unknown>
#12 0x55945037ffa5 <unknown>
#13 0x559450395eea <unknown>
#14 0x5594503691c0 <unknown>
#15 0x5594503bd698 <unknown>
#16 0x5594503bd835 <unknown>
#17 0x5594503d1323 <unknown>
#18 0x7f3fb3c9cb84 <unknown>
#19 0x7f3fb3d29d6c <unknown>

2026-09-03 14:00:51,547 [INFO] 
============================================================
2026-09-03 14:00:51,547 [INFO] RÉSUMÉ
2026-09-03 14:00:51,548 [INFO] ============================================================
2026-09-03 14:00:51,548 [INFO] Conseils analysés: 0
2026-09-03 14:00:51,548 [INFO] Nouveaux conseils: 0
2026-09-03 14:00:51,548 [INFO] Total en base: 0
2026-09-03 14:00:53,876 [INFO] Email envoyé à cavalkhalid@gmail.com
2026-09-03 14:00:53,876 [INFO] 
Scraper terminé.
2026-09-04 13:54:02,983 [INFO] ============================================================
2026-09-04 13:54:02,983 [INFO] DÉMARRAGE DU SCRAPER Conseil du Gouvernement (cg.gov.ma) - Selenium
2026-09-04 13:54:02,984 [INFO] Date: 2026-09-04 13:54:02
2026-09-04 13:54:02,984 [INFO] ============================================================
2026-09-04 13:54:02,984 [INFO] Conseils déjà traités: 0
2026-09-04 13:54:02,984 [INFO] Scraping avec Selenium: https://www.cg.gov.ma/ar/%D9%85%D8%AC%D9%84%D8%B3-%D8%A7%D9%84%D8%AD%D9%83%D9%88%D9%85%D8%A9
2026-09-04 13:54:03,300 [INFO] patching driver executable /home/runner/.local/share/undetected_chromedriver/undetected_chromedriver
2026-09-04 13:54:03,340 [ERROR] Tentative 1/3 échouée pour https://www.cg.gov.ma/ar/%D9%85%D8%AC%D9%84%D8%B3-%D8%A7%D9%84%D8%AD%D9%83%D9%88%D9%85%D8%A9: Message: invalid argument: cannot parse capability: goog:chromeOptions
from invalid argument: unrecognized chrome option: excludeSwitches
Stacktrace:
#0 0x564f55a6803a <unknown>
#1 0x564f553d04c9 <unknown>
#2 0x564f554006b0 <unknown>
#3 0x564f553fc627 <unknown>
#4 0x564f554589ab <unknown>
#5 0x564f5545830d <unknown>
#6 0x564f55459fc7 <unknown>
#7 0x564f55459d9c <unknown>
#8 0x564f5541983b <unknown>
#9 0x564f5541a621 <unknown>
#10 0x564f55a2c5f0 <unknown>
#11 0x564f55a2ac6a <unknown>
#12 0x564f55a159f5 <unknown>
#13 0x564f55a2b92a <unknown>
#14 0x564f559fed10 <unknown>
#15 0x564f55a53158 <unknown>
#16 0x564f55a532f5 <unknown>
#17 0x564f55a66bc3 <unknown>
#18 0x7f5cc3c9cb84 <unknown>
#19 0x7f5cc3d29d6c <unknown>

2026-09-04 13:54:08,648 [INFO] patching driver executable /home/runner/.local/share/undetected_chromedriver/undetected_chromedriver
2026-09-04 13:54:08,676 [ERROR] Tentative 2/3 échouée pour https://www.cg.gov.ma/ar/%D9%85%D8%AC%D9%84%D8%B3-%D8%A7%D9%84%D8%AD%D9%83%D9%88%D9%85%D8%A9: Message: invalid argument: cannot parse capability: goog:chromeOptions
from invalid argument: unrecognized chrome option: excludeSwitches
Stacktrace:
#0 0x5566b414103a <unknown>
#1 0x5566b3aa94c9 <unknown>
#2 0x5566b3ad96b0 <unknown>
#3 0x5566b3ad5627 <unknown>
#4 0x5566b3b319ab <unknown>
#5 0x5566b3b3130d <unknown>
#6 0x5566b3b32fc7 <unknown>
#7 0x5566b3b32d9c <unknown>
#8 0x5566b3af283b <unknown>
#9 0x5566b3af3621 <unknown>
#10 0x5566b41055f0 <unknown>
#11 0x5566b4103c6a <unknown>
#12 0x5566b40ee9f5 <unknown>
#13 0x5566b410492a <unknown>
#14 0x5566b40d7d10 <unknown>
#15 0x5566b412c158 <unknown>
#16 0x5566b412c2f5 <unknown>
#17 0x5566b413fbc3 <unknown>
#18 0x7f9ec209cb84 <unknown>
#19 0x7f9ec2129d6c <unknown>

2026-09-04 13:54:13,962 [INFO] patching driver executable /home/runner/.local/share/undetected_chromedriver/undetected_chromedriver
2026-09-04 13:54:13,989 [ERROR] Tentative 3/3 échouée pour https://www.cg.gov.ma/ar/%D9%85%D8%AC%D9%84%D8%B3-%D8%A7%D9%84%D8%AD%D9%83%D9%88%D9%85%D8%A9: Message: invalid argument: cannot parse capability: goog:chromeOptions
from invalid argument: unrecognized chrome option: excludeSwitches
Stacktrace:
#0 0x55b123b5b03a <unknown>
#1 0x55b1234c34c9 <unknown>
#2 0x55b1234f36b0 <unknown>
#3 0x55b1234ef627 <unknown>
#4 0x55b12354b9ab <unknown>
#5 0x55b12354b30d <unknown>
#6 0x55b12354cfc7 <unknown>
#7 0x55b12354cd9c <unknown>
#8 0x55b12350c83b <unknown>
#9 0x55b12350d621 <unknown>
#10 0x55b123b1f5f0 <unknown>
#11 0x55b123b1dc6a <unknown>
#12 0x55b123b089f5 <unknown>
#13 0x55b123b1e92a <unknown>
#14 0x55b123af1d10 <unknown>
#15 0x55b123b46158 <unknown>
#16 0x55b123b462f5 <unknown>
#17 0x55b123b59bc3 <unknown>
#18 0x7fd0ca69cb84 <unknown>
#19 0x7fd0ca729d6c <unknown>

2026-09-04 13:54:18,990 [INFO] 
============================================================
2026-09-04 13:54:18,990 [INFO] RÉSUMÉ
2026-09-04 13:54:18,990 [INFO] ============================================================
2026-09-04 13:54:18,990 [INFO] Conseils analysés: 0
2026-09-04 13:54:18,990 [INFO] Nouveaux conseils: 0
2026-09-04 13:54:18,990 [INFO] Total en base: 0
2026-09-04 13:54:20,264 [ERROR] Erreur envoi email: (535, b'5.7.8 Username and Password not accepted. For more information, go to\n5.7.8  https://support.google.com/mail/?p=BadCredentials a92af1059eb24-143243767e1sm6128558c88.6 - gsmtp')
2026-09-04 13:54:20,264 [INFO] 
Scraper terminé.
