2026-07-21 14:35:59,151 [INFO] ============================================================
2026-07-21 14:35:59,151 [INFO] DÉMARRAGE DU SCRAPER emploi-public.ma
2026-07-21 14:35:59,151 [INFO] Date: 2026-07-21 14:35:59
2026-07-21 14:35:59,151 [INFO] ============================================================
2026-07-21 14:35:59,151 [INFO] Annonces déjà traitées: 0
2026-07-21 14:35:59,152 [INFO] 
--- Catégorie: مناصب المسؤولية ---
2026-07-21 14:35:59,152 [INFO] Page 1/3
2026-07-21 14:35:59,152 [INFO] Scraping page: https://www.emploi-public.ma/ar/قائمة-مناصب-المسؤولية
2026-07-21 14:36:00,410 [INFO]   → 13 annonces trouvées sur cette page
2026-07-21 14:36:00,410 [INFO]   Détails: https://www.emploi-public.ma/ar/%D8%AA%D9%81%D8%A7%D8%B5%D9%8A%D9%84/%D9%85%D9%86%D8%A7%D8%B5%D8%A8-%D8%A7%D9%84%D9%85%D8%B3%D8%A4%D9%88%D9%84%D9%8A%D8%A9/a35f3c8e-0667-423a-a54c-978dbf200428
2026-07-21 14:36:01,820 [INFO]   [EXPIRÉE] لائحة الناجحين في مناصب المسؤولية ب وزارة التجهيز والماءوزار... → 2026-07-08
2026-07-21 14:36:01,820 [INFO]   Détails: https://www.emploi-public.ma/ar/%D8%AA%D9%81%D8%A7%D8%B5%D9%8A%D9%84/%D9%85%D9%86%D8%A7%D8%B5%D8%A8-%D8%A7%D9%84%D9%85%D8%B3%D8%A4%D9%88%D9%84%D9%8A%D8%A9/c570c40b-7e53-4d54-ba1a-13f0893e857c
2026-07-21 14:36:02,965 [INFO]   [EN COURS] فتح باب الترشيح ل مناصب المسؤولية ب المجلس الوطني لحقوق الإن... → 2026-08-10
2026-07-21 14:36:02,965 [INFO]     → Pas de PDF trouvé
2026-07-21 14:36:02,965 [INFO]   Détails: https://www.emploi-public.ma/ar/%D8%AA%D9%81%D8%A7%D8%B5%D9%8A%D9%84/%D9%85%D9%86%D8%A7%D8%B5%D8%A8-%D8%A7%D9%84%D9%85%D8%B3%D8%A4%D9%88%D9%84%D9%8A%D8%A9/1bdf85ad-c948-4784-b473-af98b5a2bdc4
2026-07-21 14:36:04,343 [INFO]   [EXPIRÉE] لائحة المدعوين لاجتياز اختبار الترشيح ل مناصب المسؤولية ب ال... → 2026-05-25
2026-07-21 14:36:04,343 [INFO]   Détails: https://www.emploi-public.ma/ar/%D8%AA%D9%81%D8%A7%D8%B5%D9%8A%D9%84/%D9%85%D9%86%D8%A7%D8%B5%D8%A8-%D8%A7%D9%84%D9%85%D8%B3%D8%A4%D9%88%D9%84%D9%8A%D8%A9/b2591536-0a21-45a1-8b3f-43030a0c8988
2026-07-21 14:36:05,708 [INFO]   [EXPIRÉE] لائحة الناجحين في مناصب المسؤولية ب وزارة التجهيز والماءوزار... → 2026-07-08
2026-07-21 14:36:05,708 [INFO]   Détails: https://www.emploi-public.ma/ar/%D8%AA%D9%81%D8%A7%D8%B5%D9%8A%D9%84/%D9%85%D9%86%D8%A7%D8%B5%D8%A8-%D8%A7%D9%84%D9%85%D8%B3%D8%A4%D9%88%D9%84%D9%8A%D8%A9/c4f5cb55-ee66-4bf2-b1f2-cf71a2c23130
2026-07-21 14:36:06,996 [INFO]   [EXPIRÉE] لائحة الناجحين في مناصب المسؤولية ب وزارة الداخلية -عمالة مر... → 2026-03-27
2026-07-21 14:36:06,996 [INFO]   Détails: https://www.emploi-public.ma/ar/%D8%AA%D9%81%D8%A7%D8%B5%D9%8A%D9%84/%D9%85%D9%86%D8%A7%D8%B5%D8%A8-%D8%A7%D9%84%D9%85%D8%B3%D8%A4%D9%88%D9%84%D9%8A%D8%A9/22705a8c-da33-4075-8bf0-5ed6d7154128
2026-07-21 14:36:08,116 [INFO]   [EN COURS] فتح باب الترشيح ل مناصب المسؤولية ب المندوبية العامة لإدارة ... → 2026-08-17
2026-07-21 14:36:08,116 [INFO]     → Pas de PDF trouvé
2026-07-21 14:36:08,116 [INFO]   Détails: https://www.emploi-public.ma/ar/%D8%AA%D9%81%D8%A7%D8%B5%D9%8A%D9%84/%D9%85%D9%86%D8%A7%D8%B5%D8%A8-%D8%A7%D9%84%D9%85%D8%B3%D8%A4%D9%88%D9%84%D9%8A%D8%A9/e774ca4d-81dc-42d4-8139-14553b32118f
2026-07-21 14:36:09,227 [INFO]   [EN COURS] فتح باب الترشيح ل مناصب المسؤولية ب وزارة الشباب والثقافة وا... → 2026-08-04
2026-07-21 14:36:09,227 [INFO]     → Pas de PDF trouvé
2026-07-21 14:36:09,228 [INFO]   Détails: https://www.emploi-public.ma/ar/%D8%AA%D9%81%D8%A7%D8%B5%D9%8A%D9%84/%D9%85%D9%86%D8%A7%D8%B5%D8%A8-%D8%A7%D9%84%D9%85%D8%B3%D8%A4%D9%88%D9%84%D9%8A%D8%A9/f80e03a8-5337-47bc-891d-cd3da5e49bfb
2026-07-21 14:36:11,641 [INFO]   [EXPIRÉE] فتح باب الترشيح ل مناصب المسؤولية ب وزارة الداخلية - عمالة ا... → 2026-07-20
2026-07-21 14:36:11,641 [INFO]   Détails: https://www.emploi-public.ma/ar/%D8%AA%D9%81%D8%A7%D8%B5%D9%8A%D9%84/%D9%85%D9%86%D8%A7%D8%B5%D8%A8-%D8%A7%D9%84%D9%85%D8%B3%D8%A4%D9%88%D9%84%D9%8A%D8%A9/5d665ecc-2ba0-419a-81e1-a402431adc16
2026-07-21 14:36:12,710 [INFO]   [EN COURS] فتح باب الترشيح ل مناصب المسؤولية ب وزارة الشباب والثقافة وا... → 2026-08-03
2026-07-21 14:36:12,710 [INFO]     → Pas de PDF trouvé
2026-07-21 14:36:12,710 [INFO]   Détails: https://www.emploi-public.ma/ar/%D8%AA%D9%81%D8%A7%D8%B5%D9%8A%D9%84/%D9%85%D9%86%D8%A7%D8%B5%D8%A8-%D8%A7%D9%84%D9%85%D8%B3%D8%A4%D9%88%D9%84%D9%8A%D8%A9/d009480c-71a6-41f0-bc4c-2b019d70a27f
2026-07-21 14:36:13,686 [INFO]   [EN COURS] رئيس قسم الملاحة الجوية بمطار وجدة أنجادالمكتب الوطني للمطار... → 2026-07-22
2026-07-21 14:36:13,687 [INFO]     → Pas de PDF trouvé
2026-07-21 14:36:13,687 [INFO]   Détails: https://www.emploi-public.ma/ar/%D8%AA%D9%81%D8%A7%D8%B5%D9%8A%D9%84/%D9%85%D9%86%D8%A7%D8%B5%D8%A8-%D8%A7%D9%84%D9%85%D8%B3%D8%A4%D9%88%D9%84%D9%8A%D8%A9/29d81367-f52a-409e-892d-e1baaff34479
2026-07-21 14:36:15,762 [INFO]   [EN COURS] رئيس قسم الملاحة الجوية بمطار طنجة ابن بطوطةالمكتب الوطني لل... → 2026-07-22
2026-07-21 14:36:15,763 [INFO]     → Pas de PDF trouvé
2026-07-21 14:36:15,763 [INFO]   Détails: https://www.emploi-public.ma/ar/%D8%AA%D9%81%D8%A7%D8%B5%D9%8A%D9%84/%D9%85%D9%86%D8%A7%D8%B5%D8%A8-%D8%A7%D9%84%D9%85%D8%B3%D8%A4%D9%88%D9%84%D9%8A%D8%A9/af5851aa-a314-4090-8ebd-37dd73d202a7
2026-07-21 14:36:16,931 [INFO]   [EN COURS] رئيس قسم الغرفة التقنية لمركز مراقبة المنطقة بأكادير بقطب ال... → 2026-07-22
2026-07-21 14:36:16,931 [INFO]     → Pas de PDF trouvé
2026-07-21 14:36:16,931 [INFO]   Détails: https://www.emploi-public.ma/ar/%D8%AA%D9%81%D8%A7%D8%B5%D9%8A%D9%84/%D9%85%D9%86%D8%A7%D8%B5%D8%A8-%D8%A7%D9%84%D9%85%D8%B3%D8%A4%D9%88%D9%84%D9%8A%D8%A9/c634b29a-0dd6-40c1-9603-491b02375c83
2026-07-21 14:36:17,941 [INFO]   [EN COURS] رئيس قسم التدريب لمركز مراقبة المنطقة بأكادير  بقطب الملاحة ... → 2026-07-22
2026-07-21 14:36:17,941 [INFO]     → Pas de PDF trouvé
2026-07-21 14:36:17,941 [INFO] Page 2/3
2026-07-21 14:36:17,941 [INFO] Scraping page: https://www.emploi-public.ma/ar/قائمة-مناصب-المسؤولية?page=1
2026-07-21 14:36:20,782 [INFO]   → 13 annonces trouvées sur cette page
2026-07-21 14:36:20,783 [INFO]   [DÉJÀ VU] لائحة الناجحين في مناصب المسؤولية ب وزارة التجهيز والماءوزار...
2026-07-21 14:36:20,784 [INFO]   [DÉJÀ VU] فتح باب الترشيح ل مناصب المسؤولية ب المجلس الوطني لحقوق الإن...
2026-07-21 14:36:20,784 [INFO]   [DÉJÀ VU] لائحة المدعوين لاجتياز اختبار الترشيح ل مناصب المسؤولية ب ال...
2026-07-21 14:36:20,784 [INFO]   [DÉJÀ VU] لائحة الناجحين في مناصب المسؤولية ب وزارة التجهيز والماءوزار...
2026-07-21 14:36:20,784 [INFO]   [DÉJÀ VU] لائحة الناجحين في مناصب المسؤولية ب وزارة الداخلية -عمالة مر...
2026-07-21 14:36:20,784 [INFO]   [DÉJÀ VU] فتح باب الترشيح ل مناصب المسؤولية ب المندوبية العامة لإدارة ...
2026-07-21 14:36:20,784 [INFO]   [DÉJÀ VU] فتح باب الترشيح ل مناصب المسؤولية ب وزارة الشباب والثقافة وا...
2026-07-21 14:36:20,784 [INFO]   [DÉJÀ VU] فتح باب الترشيح ل مناصب المسؤولية ب وزارة الداخلية - عمالة ا...
2026-07-21 14:36:20,784 [INFO]   [DÉJÀ VU] فتح باب الترشيح ل مناصب المسؤولية ب وزارة الشباب والثقافة وا...
2026-07-21 14:36:20,784 [INFO]   [DÉJÀ VU] رئيس قسم الملاحة الجوية بمطار وجدة أنجادالمكتب الوطني للمطار...
2026-07-21 14:36:20,784 [INFO]   [DÉJÀ VU] رئيس قسم الملاحة الجوية بمطار طنجة ابن بطوطةالمكتب الوطني لل...
2026-07-21 14:36:20,784 [INFO]   [DÉJÀ VU] رئيس قسم الغرفة التقنية لمركز مراقبة المنطقة بأكادير بقطب ال...
2026-07-21 14:36:20,784 [INFO]   [DÉJÀ VU] رئيس قسم التدريب لمركز مراقبة المنطقة بأكادير  بقطب الملاحة ...
2026-07-21 14:36:20,784 [INFO] Page 3/3
2026-07-21 14:36:20,784 [INFO] Scraping page: https://www.emploi-public.ma/ar/قائمة-مناصب-المسؤولية?page=2
2026-07-21 14:36:21,903 [INFO]   → 13 annonces trouvées sur cette page
2026-07-21 14:36:21,904 [INFO]   Détails: https://www.emploi-public.ma/ar/%D8%AA%D9%81%D8%A7%D8%B5%D9%8A%D9%84/%D9%85%D9%86%D8%A7%D8%B5%D8%A8-%D8%A7%D9%84%D9%85%D8%B3%D8%A4%D9%88%D9%84%D9%8A%D8%A9/f6181909-9d0e-4bf9-aa98-7c5bb916b755
2026-07-21 14:36:24,056 [INFO]   [EN COURS] فتح باب الترشيح ل مناصب المسؤولية ب وزارة الشباب والثقافة وا... → 2026-08-03
2026-07-21 14:36:24,056 [INFO]     → Pas de PDF trouvé
2026-07-21 14:36:24,056 [INFO]   Détails: https://www.emploi-public.ma/ar/%D8%AA%D9%81%D8%A7%D8%B5%D9%8A%D9%84/%D9%85%D9%86%D8%A7%D8%B5%D8%A8-%D8%A7%D9%84%D9%85%D8%B3%D8%A4%D9%88%D9%84%D9%8A%D8%A9/33fadd95-e7a3-48e9-9532-58ab3fef908c
2026-07-21 14:36:28,855 [INFO]   [EN COURS] فتح باب الترشيح ل مناصب المسؤولية ب وزارة الشباب والثقافة وا... → 2026-08-03
2026-07-21 14:36:28,855 [INFO]     → Pas de PDF trouvé
2026-07-21 14:36:28,855 [INFO]   Détails: https://www.emploi-public.ma/ar/%D8%AA%D9%81%D8%A7%D8%B5%D9%8A%D9%84/%D9%85%D9%86%D8%A7%D8%B5%D8%A8-%D8%A7%D9%84%D9%85%D8%B3%D8%A4%D9%88%D9%84%D9%8A%D8%A9/17642040-c2de-4150-bf47-0523cb6a6615
2026-07-21 14:36:31,048 [INFO]   [EN COURS] فتح باب الترشيح ل مناصب المسؤولية ب وزارة الشباب والثقافة وا... → 2026-08-03
2026-07-21 14:36:31,048 [INFO]     → Pas de PDF trouvé
2026-07-21 14:36:31,048 [INFO]   Détails: https://www.emploi-public.ma/ar/%D8%AA%D9%81%D8%A7%D8%B5%D9%8A%D9%84/%D9%85%D9%86%D8%A7%D8%B5%D8%A8-%D8%A7%D9%84%D9%85%D8%B3%D8%A4%D9%88%D9%84%D9%8A%D8%A9/f8baf400-d3be-464c-a9cd-a75fc5d8a8bc
2026-07-21 14:36:34,532 [INFO]   [EN COURS] فتح باب الترشيح ل مناصب المسؤولية ب وزارة الشباب والثقافة وا... → 2026-08-03
2026-07-21 14:36:34,532 [INFO]     → Pas de PDF trouvé
2026-07-21 14:36:34,532 [INFO]   Détails: https://www.emploi-public.ma/ar/%D8%AA%D9%81%D8%A7%D8%B5%D9%8A%D9%84/%D9%85%D9%86%D8%A7%D8%B5%D8%A8-%D8%A7%D9%84%D9%85%D8%B3%D8%A4%D9%88%D9%84%D9%8A%D8%A9/8191a001-182e-490c-a582-5cf834f5eeb7
2026-07-21 14:36:41,756 [INFO]   [EXPIRÉE] لائحة المدعوين لاجتياز اختبار الترشيح ل مناصب المسؤولية ب وز... → 2026-05-18
2026-07-21 14:36:41,756 [INFO]   Détails: https://www.emploi-public.ma/ar/%D8%AA%D9%81%D8%A7%D8%B5%D9%8A%D9%84/%D9%85%D9%86%D8%A7%D8%B5%D8%A8-%D8%A7%D9%84%D9%85%D8%B3%D8%A4%D9%88%D9%84%D9%8A%D8%A9/a2d8ded6-f6da-4802-aa9c-5d77f0e0e766
2026-07-21 14:36:43,489 [INFO]   [EN COURS] فتح باب الترشيح ل مناصب المسؤولية ب وزارة الاقتصاد والماليةو... → 2026-08-04
2026-07-21 14:36:43,490 [INFO]     → Pas de PDF trouvé
2026-07-21 14:36:43,490 [INFO]   Détails: https://www.emploi-public.ma/ar/%D8%AA%D9%81%D8%A7%D8%B5%D9%8A%D9%84/%D9%85%D9%86%D8%A7%D8%B5%D8%A8-%D8%A7%D9%84%D9%85%D8%B3%D8%A4%D9%88%D9%84%D9%8A%D8%A9/9627a9bd-e2a2-49f4-87d0-21bbe0f298a6
2026-07-21 14:36:46,043 [INFO]   [EXPIRÉE] فتح باب الترشيح ل مناصب المسؤولية ب وزارة الداخلية -عمالة إق... → 2026-07-17
2026-07-21 14:36:46,043 [INFO]   Détails: https://www.emploi-public.ma/ar/%D8%AA%D9%81%D8%A7%D8%B5%D9%8A%D9%84/%D9%85%D9%86%D8%A7%D8%B5%D8%A8-%D8%A7%D9%84%D9%85%D8%B3%D8%A4%D9%88%D9%84%D9%8A%D8%A9/5f889aec-aea1-4bcd-92d5-5b798b207e69
2026-07-21 14:36:47,542 [INFO]   [EXPIRÉE] لائحة المدعوين لاجتياز اختبار الترشيح ل مناصب المسؤولية ب ال... → 2026-07-10
2026-07-21 14:36:47,542 [INFO]   Détails: https://www.emploi-public.ma/ar/%D8%AA%D9%81%D8%A7%D8%B5%D9%8A%D9%84/%D9%85%D9%86%D8%A7%D8%B5%D8%A8-%D8%A7%D9%84%D9%85%D8%B3%D8%A4%D9%88%D9%84%D9%8A%D8%A9/2901b05e-8b4e-4745-b87d-a8cf158f579f
2026-07-21 14:36:49,136 [INFO]   [EN COURS] فتح باب الترشيح ل مناصب المسؤولية ب وزارة التجهيز والماءوزار... → 2026-07-23
2026-07-21 14:36:49,136 [INFO]     → Pas de PDF trouvé
2026-07-21 14:36:49,136 [INFO]   [DÉJÀ VU] رئيس قسم الملاحة الجوية بمطار وجدة أنجادالمكتب الوطني للمطار...
2026-07-21 14:36:49,136 [INFO]   [DÉJÀ VU] رئيس قسم الملاحة الجوية بمطار طنجة ابن بطوطةالمكتب الوطني لل...
2026-07-21 14:36:49,136 [INFO]   [DÉJÀ VU] رئيس قسم الغرفة التقنية لمركز مراقبة المنطقة بأكادير بقطب ال...
2026-07-21 14:36:49,136 [INFO]   [DÉJÀ VU] رئيس قسم التدريب لمركز مراقبة المنطقة بأكادير  بقطب الملاحة ...
2026-07-21 14:36:49,136 [INFO] 
--- Catégorie: المناصب العليا ---
2026-07-21 14:36:49,136 [INFO] Page 1/3
2026-07-21 14:36:49,136 [INFO] Scraping page: https://www.emploi-public.ma/ar/قائمة-المناصب-العليا
2026-07-21 14:36:51,249 [INFO]   → 9 annonces trouvées sur cette page
2026-07-21 14:36:51,250 [INFO]   Détails: https://www.emploi-public.ma/ar/%D8%AA%D9%81%D8%A7%D8%B5%D9%8A%D9%84/%D8%A7%D9%84%D9%85%D9%86%D8%A7%D8%B5%D8%A8-%D8%A7%D9%84%D8%B9%D9%84%D9%8A%D8%A7/d75f25b8-e1b6-4bba-9bf2-9bcc6a5e913c
2026-07-21 14:36:56,528 [INFO]   [EN COURS] فتح باب الترشيح للمناصب العليا مدير الانظمة والدراسات التاري... → 2026-07-21
2026-07-21 14:36:56,528 [INFO]     → Pas de PDF trouvé
2026-07-21 14:36:56,528 [INFO]   Détails: https://www.emploi-public.ma/ar/%D8%AA%D9%81%D8%A7%D8%B5%D9%8A%D9%84/%D8%A7%D9%84%D9%85%D9%86%D8%A7%D8%B5%D8%A8-%D8%A7%D9%84%D8%B9%D9%84%D9%8A%D8%A7/2c16f418-dd0f-4bb2-b66e-f926057114f9
2026-07-21 14:37:01,788 [INFO]   [EN COURS] فتح باب الترشيح للمناصب العليا مدير الشبابوزارة الشباب والثق... → 2026-07-27
2026-07-21 14:37:01,788 [INFO]     → Pas de PDF trouvé
2026-07-21 14:37:01,788 [INFO]   Détails: https://www.emploi-public.ma/ar/%D8%AA%D9%81%D8%A7%D8%B5%D9%8A%D9%84/%D8%A7%D9%84%D9%85%D9%86%D8%A7%D8%B5%D8%A8-%D8%A7%D9%84%D8%B9%D9%84%D9%8A%D8%A7/43fe4445-da66-401e-a3c4-2562a221a332
2026-07-21 14:37:02,849 [INFO]   [EN COURS] فتح باب الترشيح للمناصب العليا مدير مؤسسة النهوض بالأعمال ال... → 2026-07-27
2026-07-21 14:37:02,849 [INFO]     → Pas de PDF trouvé
2026-07-21 14:37:02,849 [INFO]   Détails: https://www.emploi-public.ma/ar/%D8%AA%D9%81%D8%A7%D8%B5%D9%8A%D9%84/%D8%A7%D9%84%D9%85%D9%86%D8%A7%D8%B5%D8%A8-%D8%A7%D9%84%D8%B9%D9%84%D9%8A%D8%A7/4d6a3c99-2658-4cfd-99b5-bc5c012c8e55
2026-07-21 14:37:03,723 [INFO]   [EXPIRÉE] فتح باب الترشيح للمناصب العليا مدير(ة) المركز الوطني للامتحا... → 2026-07-17
2026-07-21 14:37:03,724 [INFO]   Détails: https://www.emploi-public.ma/ar/%D8%AA%D9%81%D8%A7%D8%B5%D9%8A%D9%84/%D8%A7%D9%84%D9%85%D9%86%D8%A7%D8%B5%D8%A8-%D8%A7%D9%84%D8%B9%D9%84%D9%8A%D8%A7/803881f5-f7fa-4f8f-b2cd-d6b1566b7fe5
2026-07-21 14:37:09,788 [INFO]   [EN COURS] فتح باب الترشيح للمناصب العليا مدير المعهد العالي للدراسات ا... → 2026-07-28
2026-07-21 14:37:09,789 [INFO]     → Pas de PDF trouvé
2026-07-21 14:37:09,789 [INFO]   Détails: https://www.emploi-public.ma/ar/%D8%AA%D9%81%D8%A7%D8%B5%D9%8A%D9%84/%D8%A7%D9%84%D9%85%D9%86%D8%A7%D8%B5%D8%A8-%D8%A7%D9%84%D8%B9%D9%84%D9%8A%D8%A7/d5445636-5a56-491e-9305-8cd418b361f8
2026-07-21 14:37:10,816 [INFO]   [EXPIRÉE] فتح باب الترشيح للمناصب العليا مدير إعداد التراب الوطنيوزارة... → 2026-07-13
2026-07-21 14:37:10,816 [INFO]   Détails: https://www.emploi-public.ma/ar/%D8%AA%D9%81%D8%A7%D8%B5%D9%8A%D9%84/%D8%A7%D9%84%D9%85%D9%86%D8%A7%D8%B5%D8%A8-%D8%A7%D9%84%D8%B9%D9%84%D9%8A%D8%A7/a19c981f-5e73-4699-978a-3c26f387e76d
2026-07-21 14:37:12,261 [INFO]   [EXPIRÉE] فتح باب الترشيح للمناصب العليا مدير الوكالة الحضرية للحسيمةو... → 2026-07-13
2026-07-21 14:37:12,262 [INFO]   Détails: https://www.emploi-public.ma/ar/%D8%AA%D9%81%D8%A7%D8%B5%D9%8A%D9%84/%D8%A7%D9%84%D9%85%D9%86%D8%A7%D8%B5%D8%A8-%D8%A7%D9%84%D8%B9%D9%84%D9%8A%D8%A7/c3eed04a-67b9-4ceb-b4c3-b32e0273c191
2026-07-21 14:37:13,604 [INFO]   [EXPIRÉE] فتح باب الترشيح للمناصب العليا مدير الوكالة الحضرية للعرائشو... → 2026-07-13
2026-07-21 14:37:13,605 [INFO]   Détails: https://www.emploi-public.ma/ar/%D8%AA%D9%81%D8%A7%D8%B5%D9%8A%D9%84/%D8%A7%D9%84%D9%85%D9%86%D8%A7%D8%B5%D8%A8-%D8%A7%D9%84%D8%B9%D9%84%D9%8A%D8%A7/6bbca177-c943-4200-991d-4945c7de6c3e
2026-07-21 14:37:14,547 [INFO]   [EXPIRÉE] فتح باب الترشيح للمناصب العليا مدير(ة) الشؤون العامةوزارة ال... → 2026-07-03
2026-07-21 14:37:14,547 [INFO] Page 2/3
2026-07-21 14:37:14,547 [INFO] Scraping page: https://www.emploi-public.ma/ar/قائمة-المناصب-العليا?page=1
2026-07-21 14:37:15,645 [INFO]   → 9 annonces trouvées sur cette page
2026-07-21 14:37:15,646 [INFO]   [DÉJÀ VU] فتح باب الترشيح للمناصب العليا مدير الانظمة والدراسات التاري...
2026-07-21 14:37:15,646 [INFO]   [DÉJÀ VU] فتح باب الترشيح للمناصب العليا مدير الشبابوزارة الشباب والثق...
2026-07-21 14:37:15,646 [INFO]   [DÉJÀ VU] فتح باب الترشيح للمناصب العليا مدير مؤسسة النهوض بالأعمال ال...
2026-07-21 14:37:15,646 [INFO]   [DÉJÀ VU] فتح باب الترشيح للمناصب العليا مدير(ة) المركز الوطني للامتحا...
2026-07-21 14:37:15,646 [INFO]   [DÉJÀ VU] فتح باب الترشيح للمناصب العليا مدير المعهد العالي للدراسات ا...
2026-07-21 14:37:15,646 [INFO]   [DÉJÀ VU] فتح باب الترشيح للمناصب العليا مدير إعداد التراب الوطنيوزارة...
2026-07-21 14:37:15,646 [INFO]   [DÉJÀ VU] فتح باب الترشيح للمناصب العليا مدير الوكالة الحضرية للحسيمةو...
2026-07-21 14:37:15,646 [INFO]   [DÉJÀ VU] فتح باب الترشيح للمناصب العليا مدير الوكالة الحضرية للعرائشو...
2026-07-21 14:37:15,646 [INFO]   [DÉJÀ VU] فتح باب الترشيح للمناصب العليا مدير(ة) الشؤون العامةوزارة ال...
2026-07-21 14:37:15,646 [INFO] Page 3/3
2026-07-21 14:37:15,647 [INFO] Scraping page: https://www.emploi-public.ma/ar/قائمة-المناصب-العليا?page=2
2026-07-21 14:37:16,823 [INFO]   → 12 annonces trouvées sur cette page
2026-07-21 14:37:16,824 [INFO]   Détails: https://www.emploi-public.ma/ar/%D8%AA%D9%81%D8%A7%D8%B5%D9%8A%D9%84/%D8%A7%D9%84%D9%85%D9%86%D8%A7%D8%B5%D8%A8-%D8%A7%D9%84%D8%B9%D9%84%D9%8A%D8%A7/971391f4-c3ed-4054-b39a-d498fdbfba4b
2026-07-21 14:37:18,949 [INFO]   [EXPIRÉE] فتح باب الترشيح للمناصب العليا مدير(ة) المعهد الملكي لتكوين ... → 2026-07-03
2026-07-21 14:37:18,949 [INFO]   Détails: https://www.emploi-public.ma/ar/%D8%AA%D9%81%D8%A7%D8%B5%D9%8A%D9%84/%D8%A7%D9%84%D9%85%D9%86%D8%A7%D8%B5%D8%A8-%D8%A7%D9%84%D8%B9%D9%84%D9%8A%D8%A7/1afa70c8-a02b-457d-98c8-6787ae253f28
2026-07-21 14:37:25,457 [INFO]   [EXPIRÉE] فتح باب الترشيح للمناصب العليا مدير مدرسة علوم المعلوماتالمن... → 2026-06-30
2026-07-21 14:37:25,458 [INFO]   Détails: https://www.emploi-public.ma/ar/%D8%AA%D9%81%D8%A7%D8%B5%D9%8A%D9%84/%D8%A7%D9%84%D9%85%D9%86%D8%A7%D8%B5%D8%A8-%D8%A7%D9%84%D8%B9%D9%84%D9%8A%D8%A7/e1c5923d-7307-42c7-90ed-21db5ce34a49
2026-07-21 14:37:26,705 [INFO]   [EXPIRÉE] فتح باب الترشيح للمناصب العليا منصب مدير تشريعات البنيات الأ... → 2026-06-29
2026-07-21 14:37:26,705 [INFO]   Détails: https://www.emploi-public.ma/ar/%D8%AA%D9%81%D8%A7%D8%B5%D9%8A%D9%84/%D8%A7%D9%84%D9%85%D9%86%D8%A7%D8%B5%D8%A8-%D8%A7%D9%84%D8%B9%D9%84%D9%8A%D8%A7/cb431ce3-c104-457a-b464-8ca3b4a5fe55
2026-07-21 14:37:29,545 [INFO]   [EXPIRÉE] فتح باب الترشيح للمناصب العليا مدير تشريعات الحكامة والحقوق ... → 2026-06-29
2026-07-21 14:37:29,545 [INFO]   Détails: https://www.emploi-public.ma/ar/%D8%AA%D9%81%D8%A7%D8%B5%D9%8A%D9%84/%D8%A7%D9%84%D9%85%D9%86%D8%A7%D8%B5%D8%A8-%D8%A7%D9%84%D8%B9%D9%84%D9%8A%D8%A7/83256c4b-36f7-461e-8579-7dbec3b6aae0
2026-07-21 14:37:30,451 [INFO]   [EXPIRÉE] فتح باب الترشيح للمناصب العليا عميد كلية الطب والصيدلة بالرب... → 2026-06-26
2026-07-21 14:37:30,452 [INFO]   Détails: https://www.emploi-public.ma/ar/%D8%AA%D9%81%D8%A7%D8%B5%D9%8A%D9%84/%D8%A7%D9%84%D9%85%D9%86%D8%A7%D8%B5%D8%A8-%D8%A7%D9%84%D8%B9%D9%84%D9%8A%D8%A7/e1054489-8a0a-4d64-92ab-55a9dbb52ac5
2026-07-21 14:37:31,925 [INFO]   [EXPIRÉE] فتح باب الترشيح للمناصب العليا مدير المدرسة المحمدية للمهندس... → 2026-06-26
2026-07-21 14:37:31,925 [INFO]   Détails: https://www.emploi-public.ma/ar/%D8%AA%D9%81%D8%A7%D8%B5%D9%8A%D9%84/%D8%A7%D9%84%D9%85%D9%86%D8%A7%D8%B5%D8%A8-%D8%A7%D9%84%D8%B9%D9%84%D9%8A%D8%A7/4276b348-5dae-41c9-b638-6ca89ffaf304
2026-07-21 14:37:33,071 [INFO]   [EXPIRÉE] فتح باب الترشيح للمناصب العليا منصب مدير(ة) المركز الجهوي لم... → 2026-06-22
2026-07-21 14:37:33,071 [INFO]   Détails: https://www.emploi-public.ma/ar/%D8%AA%D9%81%D8%A7%D8%B5%D9%8A%D9%84/%D8%A7%D9%84%D9%85%D9%86%D8%A7%D8%B5%D8%A8-%D8%A7%D9%84%D8%B9%D9%84%D9%8A%D8%A7/0f48ee65-4c13-4056-a870-a38f35f26eee
2026-07-21 14:37:34,465 [INFO]   [EXPIRÉE] فتح باب الترشيح للمناصب العليا مدير الانظمة والدراسات التاري... → 2026-06-22
2026-07-21 14:37:34,465 [INFO]   Détails: https://www.emploi-public.ma/ar/%D8%AA%D9%81%D8%A7%D8%B5%D9%8A%D9%84/%D8%A7%D9%84%D9%85%D9%86%D8%A7%D8%B5%D8%A8-%D8%A7%D9%84%D8%B9%D9%84%D9%8A%D8%A7/17544c4c-7a33-48bd-be97-d4e261c4b1ba
2026-07-21 14:37:36,378 [INFO]   [EXPIRÉE] فتح باب الترشيح للمناصب العليا المدير(ة) العام(ة) لتنظيم الح... → 2026-06-19
2026-07-21 14:37:36,378 [INFO]   [DÉJÀ VU] مدير مؤسسة النهوض بالأعمال الاجتماعية لفائدة موظفي وأعوان وز...
2026-07-21 14:37:36,378 [INFO]   [DÉJÀ VU] مدير الشبابوزارة الشباب والثقافة والتواصل - قطاع الشبابالإعل...
2026-07-21 14:37:36,378 [INFO]   [DÉJÀ VU] مدير المعهد العالي للدراسات البحريةوزارة النقل واللوجيستيكال...
2026-07-21 14:37:36,378 [INFO] 
--- Catégorie: المباريات ---
2026-07-21 14:37:36,378 [INFO] Page 1/3
2026-07-21 14:37:36,378 [INFO] Scraping page: https://www.emploi-public.ma/ar/قائمة-المباريات
2026-07-21 14:37:37,640 [INFO]   → 13 annonces trouvées sur cette page
2026-07-21 14:37:37,641 [INFO]   Détails: https://www.emploi-public.ma/ar/%D8%AA%D9%81%D8%A7%D8%B5%D9%8A%D9%84/%D8%A7%D9%84%D9%85%D8%A8%D8%A7%D8%B1%D9%8A%D8%A7%D8%AA/c27ac1df-953a-4b58-a2e2-e273271f18b1
2026-07-21 14:37:38,743 [INFO]   [EN COURS] مباراة لتوظيف مساعد تقني من الدرجة الثانيةوزارة النقل واللوج... → 2026-08-05
2026-07-21 14:37:38,743 [INFO]     → Pas de PDF trouvé
2026-07-21 14:37:38,743 [INFO]   Détails: https://www.emploi-public.ma/ar/%D8%AA%D9%81%D8%A7%D8%B5%D9%8A%D9%84/%D8%A7%D9%84%D9%85%D8%A8%D8%A7%D8%B1%D9%8A%D8%A7%D8%AA/7faff0fb-2922-485a-853e-20b4d81cbc7a
2026-07-21 14:37:39,788 [INFO]   [EN COURS] مباراة لتوظيف أستاذ محاضر من الدرجة أ - سلم 11وزارة الشباب و... → 2026-08-03
2026-07-21 14:37:39,789 [INFO]     → Pas de PDF trouvé
2026-07-21 14:37:39,789 [INFO]   Détails: https://www.emploi-public.ma/ar/%D8%AA%D9%81%D8%A7%D8%B5%D9%8A%D9%84/%D8%A7%D9%84%D9%85%D8%A8%D8%A7%D8%B1%D9%8A%D8%A7%D8%AA/2c15e888-7029-4082-9334-eef194ee5586
2026-07-21 14:37:41,407 [INFO]   [EN COURS] مباراة لتوظيف متصرف من الدرجة الثانية - سلم 11وزارة السياحة ... → 2026-08-03
2026-07-21 14:37:41,408 [INFO]     → Pas de PDF trouvé
2026-07-21 14:37:41,408 [INFO]   Détails: https://www.emploi-public.ma/ar/%D8%AA%D9%81%D8%A7%D8%B5%D9%8A%D9%84/%D8%A7%D9%84%D9%85%D8%A8%D8%A7%D8%B1%D9%8A%D8%A7%D8%AA/d543668b-c808-4ac0-933b-4301237f9f67
2026-07-21 14:37:42,313 [INFO]   [EN COURS] مباراة لتوظيف متصرف من الدرجة الثالثة - سلم 10وزارة الشباب و... → 2026-07-31
2026-07-21 14:37:42,313 [INFO]     → Pas de PDF trouvé
2026-07-21 14:37:42,314 [INFO]   Détails: https://www.emploi-public.ma/ar/%D8%AA%D9%81%D8%A7%D8%B5%D9%8A%D9%84/%D8%A7%D9%84%D9%85%D8%A8%D8%A7%D8%B1%D9%8A%D8%A7%D8%AA/78699344-c4d1-4204-ad40-9749cc0563aa
2026-07-21 14:37:43,333 [INFO]   [EN COURS] مباراة لتوظيف طبيب من الدرجة الأولى - سلم 11وزارة الصحة والح... → 2026-07-23
2026-07-21 14:37:43,333 [INFO]     → Pas de PDF trouvé
2026-07-21 14:37:43,333 [INFO]   Détails: https://www.emploi-public.ma/ar/%D8%AA%D9%81%D8%A7%D8%B5%D9%8A%D9%84/%D8%A7%D9%84%D9%85%D8%A8%D8%A7%D8%B1%D9%8A%D8%A7%D8%AA/b62a7d1c-c399-48cd-ab9f-adca105db22f
2026-07-21 14:37:47,829 [INFO]   [EN COURS] مباراة لتوظيف أستاذ محاضر من الدرجة أ - سلم 11وزارة التضامن ... → 2026-07-21
2026-07-21 14:37:47,829 [INFO]     → Pas de PDF trouvé
2026-07-21 14:37:47,829 [INFO]   Détails: https://www.emploi-public.ma/ar/%D8%AA%D9%81%D8%A7%D8%B5%D9%8A%D9%84/%D8%A7%D9%84%D9%85%D8%A8%D8%A7%D8%B1%D9%8A%D8%A7%D8%AA/dc6005fa-8f1f-418f-baed-64e9caca12f6
2026-07-21 14:37:48,749 [INFO]   [EN COURS] مباراة لتوظيف تقني من الدرجة الثالثة - سلم 9وزارة التضامن وا... → 2026-07-21
2026-07-21 14:37:48,750 [INFO]     → Pas de PDF trouvé
2026-07-21 14:37:48,750 [INFO]   Détails: https://www.emploi-public.ma/ar/%D8%AA%D9%81%D8%A7%D8%B5%D9%8A%D9%84/%D8%A7%D9%84%D9%85%D8%A8%D8%A7%D8%B1%D9%8A%D8%A7%D8%AA/7d4f66b4-2f8c-4dbf-94ea-99d5943a7378
2026-07-21 14:37:49,949 [INFO]   [EN COURS] مباراة لتوظيف متصرف من الدرجة الثالثة - سلم 10وزارة التضامن ... → 2026-07-21
2026-07-21 14:37:49,949 [INFO]     → Pas de PDF trouvé
2026-07-21 14:37:49,949 [INFO]   Détails: https://www.emploi-public.ma/ar/%D8%AA%D9%81%D8%A7%D8%B5%D9%8A%D9%84/%D8%A7%D9%84%D9%85%D8%A8%D8%A7%D8%B1%D9%8A%D8%A7%D8%AA/e372c384-b595-401d-bfa7-77c67af01fbe
2026-07-21 14:37:51,134 [INFO]   [EN COURS] مباراة لتوظيف متصرف من الدرجة الثانية - سلم 11وزارة التضامن ... → 2026-07-21
2026-07-21 14:37:51,134 [INFO]     → Pas de PDF trouvé
2026-07-21 14:37:51,134 [INFO]   Détails: https://www.emploi-public.ma/ar/%D8%AA%D9%81%D8%A7%D8%B5%D9%8A%D9%84/%D8%A7%D9%84%D9%85%D8%A8%D8%A7%D8%B1%D9%8A%D8%A7%D8%AA/4e7cb4da-1ddf-4e12-83f6-487166077fca
2026-07-21 14:37:51,987 [INFO]   [EN COURS] اطار في الموارد البشرية2 أيام متبقيةالوكالة الوطنية للموانئا... → 2026-07-22
2026-07-21 14:37:51,987 [INFO]     → Pas de PDF trouvé
2026-07-21 14:37:51,987 [INFO]   Détails: https://www.emploi-public.ma/ar/%D8%AA%D9%81%D8%A7%D8%B5%D9%8A%D9%84/%D8%A7%D9%84%D9%85%D8%A8%D8%A7%D8%B1%D9%8A%D8%A7%D8%AA/5f1ca851-8ef5-4b06-a1e5-080d83810895
2026-07-21 14:37:52,883 [INFO]   [EN COURS] إطار في تدبير أمن الأنظمة المعلوماتية2 أيام متبقيةالوكالة ال... → 2026-07-22
2026-07-21 14:37:52,883 [INFO]     → Pas de PDF trouvé
2026-07-21 14:37:52,883 [INFO]   Détails: https://www.emploi-public.ma/ar/%D8%AA%D9%81%D8%A7%D8%B5%D9%8A%D9%84/%D8%A7%D9%84%D9%85%D8%A8%D8%A7%D8%B1%D9%8A%D8%A7%D8%AA/d6eb3aaa-0baf-4fd2-914f-19d951f0caa6
2026-07-21 14:37:54,187 [INFO]   [EN COURS] مساعد(ة) إداري(ة)2 أيام متبقيةالوكالة الوطنية للموانئالإعلان... → 2026-07-22
2026-07-21 14:37:54,187 [INFO]     → Pas de PDF trouvé
2026-07-21 14:37:54,187 [INFO]   Détails: https://www.emploi-public.ma/ar/%D8%AA%D9%81%D8%A7%D8%B5%D9%8A%D9%84/%D8%A7%D9%84%D9%85%D8%A8%D8%A7%D8%B1%D9%8A%D8%A7%D8%AA/9e40f622-678b-4229-a98b-b6490aff48ce
2026-07-21 14:37:55,105 [INFO]   [EN COURS] إطار عالي Chargé(e) de Contentieux2 أيام متبقيةصندوق الإيداع... → 2026-07-23
2026-07-21 14:37:55,105 [INFO]     → Pas de PDF trouvé
2026-07-21 14:37:55,105 [INFO] Page 2/3
2026-07-21 14:37:55,105 [INFO] Scraping page: https://www.emploi-public.ma/ar/قائمة-المباريات?page=1
2026-07-21 14:37:57,080 [INFO]   → 13 annonces trouvées sur cette page
2026-07-21 14:37:57,081 [INFO]   [DÉJÀ VU] مباراة لتوظيف مساعد تقني من الدرجة الثانيةوزارة النقل واللوج...
2026-07-21 14:37:57,081 [INFO]   [DÉJÀ VU] مباراة لتوظيف أستاذ محاضر من الدرجة أ - سلم 11وزارة الشباب و...
2026-07-21 14:37:57,081 [INFO]   [DÉJÀ VU] مباراة لتوظيف متصرف من الدرجة الثانية - سلم 11وزارة السياحة ...
2026-07-21 14:37:57,081 [INFO]   [DÉJÀ VU] مباراة لتوظيف متصرف من الدرجة الثالثة - سلم 10وزارة الشباب و...
2026-07-21 14:37:57,081 [INFO]   [DÉJÀ VU] مباراة لتوظيف طبيب من الدرجة الأولى - سلم 11وزارة الصحة والح...
2026-07-21 14:37:57,082 [INFO]   [DÉJÀ VU] مباراة لتوظيف أستاذ محاضر من الدرجة أ - سلم 11وزارة التضامن ...
2026-07-21 14:37:57,082 [INFO]   [DÉJÀ VU] مباراة لتوظيف تقني من الدرجة الثالثة - سلم 9وزارة التضامن وا...
2026-07-21 14:37:57,082 [INFO]   [DÉJÀ VU] مباراة لتوظيف متصرف من الدرجة الثالثة - سلم 10وزارة التضامن ...
2026-07-21 14:37:57,082 [INFO]   [DÉJÀ VU] مباراة لتوظيف متصرف من الدرجة الثانية - سلم 11وزارة التضامن ...
2026-07-21 14:37:57,082 [INFO]   [DÉJÀ VU] اطار في الموارد البشرية2 أيام متبقيةالوكالة الوطنية للموانئا...
2026-07-21 14:37:57,082 [INFO]   [DÉJÀ VU] إطار في تدبير أمن الأنظمة المعلوماتية2 أيام متبقيةالوكالة ال...
2026-07-21 14:37:57,082 [INFO]   [DÉJÀ VU] مساعد(ة) إداري(ة)2 أيام متبقيةالوكالة الوطنية للموانئالإعلان...
2026-07-21 14:37:57,082 [INFO]   [DÉJÀ VU] إطار عالي Chargé(e) de Contentieux2 أيام متبقيةصندوق الإيداع...
2026-07-21 14:37:57,082 [INFO] Page 3/3
2026-07-21 14:37:57,082 [INFO] Scraping page: https://www.emploi-public.ma/ar/قائمة-المباريات?page=2
2026-07-21 14:37:58,726 [INFO]   → 13 annonces trouvées sur cette page
2026-07-21 14:37:58,727 [INFO]   Détails: https://www.emploi-public.ma/ar/%D8%AA%D9%81%D8%A7%D8%B5%D9%8A%D9%84/%D8%A7%D9%84%D9%85%D8%A8%D8%A7%D8%B1%D9%8A%D8%A7%D8%AA/606d3ff2-2e7a-4174-9d74-713c58402b8a
2026-07-21 14:38:00,786 [INFO]   [EN COURS] مباراة لتوظيف طبيب من الدرجة الأولى - سلم 11وزارة الصحة والح... → 2026-07-21
2026-07-21 14:38:00,786 [INFO]     → Pas de PDF trouvé
2026-07-21 14:38:00,787 [INFO]   Détails: https://www.emploi-public.ma/ar/%D8%AA%D9%81%D8%A7%D8%B5%D9%8A%D9%84/%D8%A7%D9%84%D9%85%D8%A8%D8%A7%D8%B1%D9%8A%D8%A7%D8%AA/9740d64c-8b1b-47b8-abe8-00b3575d4aa9
2026-07-21 14:38:01,897 [INFO]   [EXPIRÉE] مباراة لتوظيف مهندس دولة من الدرجة الأولى - سلم 11وزارة الفل... → 2026-07-20
2026-07-21 14:38:01,897 [INFO]   Détails: https://www.emploi-public.ma/ar/%D8%AA%D9%81%D8%A7%D8%B5%D9%8A%D9%84/%D8%A7%D9%84%D9%85%D8%A8%D8%A7%D8%B1%D9%8A%D8%A7%D8%AA/b89b6b38-795f-49af-9d00-910305760e85
2026-07-21 14:38:09,155 [INFO]   [EXPIRÉE] مباراة لتوظيف متصرف من الدرجة الثانية - سلم 11وزارة الفلاحة ... → 2026-07-20
2026-07-21 14:38:09,156 [INFO]   Détails: https://www.emploi-public.ma/ar/%D8%AA%D9%81%D8%A7%D8%B5%D9%8A%D9%84/%D8%A7%D9%84%D9%85%D8%A8%D8%A7%D8%B1%D9%8A%D8%A7%D8%AA/f33919ef-c4a4-41c0-9927-744882ec1140
2026-07-21 14:38:11,625 [INFO]   [EXPIRÉE] مباراة لتوظيف تقني من الدرجة الثالثة - سلم 9وزارة الفلاحة وا... → 2026-07-20
2026-07-21 14:38:11,625 [INFO]   Détails: https://www.emploi-public.ma/ar/%D8%AA%D9%81%D8%A7%D8%B5%D9%8A%D9%84/%D8%A7%D9%84%D9%85%D8%A8%D8%A7%D8%B1%D9%8A%D8%A7%D8%AA/00afdf47-67cd-4c3b-910d-295480956c45
2026-07-21 14:38:14,429 [INFO]   [EXPIRÉE] مباراة لتوظيف متصرف من الدرجة الثالثة - سلم 10وزارة الفلاحة ... → 2026-07-20
2026-07-21 14:38:14,429 [INFO]   Détails: https://www.emploi-public.ma/ar/%D8%AA%D9%81%D8%A7%D8%B5%D9%8A%D9%84/%D8%A7%D9%84%D9%85%D8%A8%D8%A7%D8%B1%D9%8A%D8%A7%D8%AA/0c6baf5e-be9d-4ef5-a8f7-b9044cf640d5
2026-07-21 14:38:17,154 [INFO]   [EXPIRÉE] لائحة المدعوين لإجراء الاختبار الكتابي لمباراة توظيف جراح أس... → 2026-07-15
2026-07-21 14:38:17,154 [INFO]   Détails: https://www.emploi-public.ma/ar/%D8%AA%D9%81%D8%A7%D8%B5%D9%8A%D9%84/%D8%A7%D9%84%D9%85%D8%A8%D8%A7%D8%B1%D9%8A%D8%A7%D8%AA/c6303b4c-114c-4b25-b6c5-eca77cba3dad
2026-07-21 14:38:18,332 [INFO]   [EXPIRÉE] لائحة المدعوين لإجراء الاختبار الكتابي لمباراة توظيف صيدلي م... → 2026-07-15
2026-07-21 14:38:18,332 [INFO]   Détails: https://www.emploi-public.ma/ar/%D8%AA%D9%81%D8%A7%D8%B5%D9%8A%D9%84/%D8%A7%D9%84%D9%85%D8%A8%D8%A7%D8%B1%D9%8A%D8%A7%D8%AA/1f901e2f-de1d-4110-874d-d5d890119e69
2026-07-21 14:38:19,343 [INFO]   [EXPIRÉE] لائحة المدعوين لإجراء الاختبار الكتابي لمباراة توظيف طبيب من... → 2026-07-15
2026-07-21 14:38:19,343 [INFO]   Détails: https://www.emploi-public.ma/ar/%D8%AA%D9%81%D8%A7%D8%B5%D9%8A%D9%84/%D8%A7%D9%84%D9%85%D8%A8%D8%A7%D8%B1%D9%8A%D8%A7%D8%AA/c83d70e2-ec18-4f3b-b97f-03d080ad762a
2026-07-21 14:38:20,344 [INFO]   [EXPIRÉE] لائحة المدعوين لإجراء الاختبار الكتابي لمباراة توظيف تقني من... → 2026-07-14
2026-07-21 14:38:20,345 [INFO]   [DÉJÀ VU] اطار في الموارد البشرية2 أيام متبقيةالوكالة الوطنية للموانئا...
2026-07-21 14:38:20,345 [INFO]   [DÉJÀ VU] إطار في تدبير أمن الأنظمة المعلوماتية2 أيام متبقيةالوكالة ال...
2026-07-21 14:38:20,345 [INFO]   [DÉJÀ VU] مساعد(ة) إداري(ة)2 أيام متبقيةالوكالة الوطنية للموانئالإعلان...
2026-07-21 14:38:20,345 [INFO]   [DÉJÀ VU] إطار عالي Chargé(e) de Contentieux2 أيام متبقيةصندوق الإيداع...
2026-07-21 14:38:20,345 [INFO] 
--- Catégorie: تشغيل الخبراء ---
2026-07-21 14:38:20,345 [INFO] Page 1/3
2026-07-21 14:38:20,345 [INFO] Scraping page: https://www.emploi-public.ma/ar/قائمة-تشغيل-الخبراء
2026-07-21 14:38:26,382 [INFO]   → 9 annonces trouvées sur cette page
2026-07-21 14:38:26,383 [INFO]   Détails: https://www.emploi-public.ma/ar/%D8%AA%D9%81%D8%A7%D8%B5%D9%8A%D9%84/%D8%AA%D8%B4%D8%BA%D9%8A%D9%84-%D8%A7%D9%84%D8%AE%D8%A8%D8%B1%D8%A7%D8%A1/ff8d6494-748d-4698-8ef0-676cbd5b1951
2026-07-21 14:38:27,355 [INFO]   [EXPIRÉE] فتح باب الترشيح لمنصب خبير في الشؤون القانونيةوزارة الفلاحة ... → 2026-06-25
2026-07-21 14:38:27,356 [INFO]   Détails: https://www.emploi-public.ma/ar/%D8%AA%D9%81%D8%A7%D8%B5%D9%8A%D9%84/%D8%AA%D8%B4%D8%BA%D9%8A%D9%84-%D8%A7%D9%84%D8%AE%D8%A8%D8%B1%D8%A7%D8%A1/abce4b98-a1d8-48f9-a84c-053f53697154
2026-07-21 14:38:28,259 [INFO]   [EXPIRÉE] فتح باب الترشيح لمنصب خبيروزارة الداخليةالإعلانآخر أجل لإيدا... → 2026-06-15
2026-07-21 14:38:28,260 [INFO]   Détails: https://www.emploi-public.ma/ar/%D8%AA%D9%81%D8%A7%D8%B5%D9%8A%D9%84/%D8%AA%D8%B4%D8%BA%D9%8A%D9%84-%D8%A7%D9%84%D8%AE%D8%A8%D8%B1%D8%A7%D8%A1/5030f678-19f4-4bc0-96c6-f5462b134c1c
2026-07-21 14:38:29,722 [INFO]   [EXPIRÉE] فتح باب الترشيح لمنصب خبيروزارة الداخليةالإعلانآخر أجل لإيدا... → 2026-06-08
2026-07-21 14:38:29,723 [INFO]   Détails: https://www.emploi-public.ma/ar/%D8%AA%D9%81%D8%A7%D8%B5%D9%8A%D9%84/%D8%AA%D8%B4%D8%BA%D9%8A%D9%84-%D8%A7%D9%84%D8%AE%D8%A8%D8%B1%D8%A7%D8%A1/b0a97522-0c72-4a26-8b32-da0c02e79891
2026-07-21 14:38:30,583 [INFO]   [EXPIRÉE] فتح باب الترشيح لمنصب خبير متعاقدوزارة السياحة والصناعة التق... → 2026-06-03
2026-07-21 14:38:30,583 [INFO]   Détails: https://www.emploi-public.ma/ar/%D8%AA%D9%81%D8%A7%D8%B5%D9%8A%D9%84/%D8%AA%D8%B4%D8%BA%D9%8A%D9%84-%D8%A7%D9%84%D8%AE%D8%A8%D8%B1%D8%A7%D8%A1/b3f7145b-9f2a-4cb4-aef7-1d917c679a65
2026-07-21 14:38:31,492 [INFO]   [EXPIRÉE] فتح باب الترشيح لمنصب خبيروزارة الداخليةالإعلانآخر أجل لإيدا... → 2026-05-29
2026-07-21 14:38:31,492 [INFO]   Détails: https://www.emploi-public.ma/ar/%D8%AA%D9%81%D8%A7%D8%B5%D9%8A%D9%84/%D8%AA%D8%B4%D8%BA%D9%8A%D9%84-%D8%A7%D9%84%D8%AE%D8%A8%D8%B1%D8%A7%D8%A1/4854b58c-c09e-4edd-9a39-c01a0c414425
2026-07-21 14:38:32,395 [INFO]   [EXPIRÉE] فتح باب الترشيح لمنصب خبير في مجال الملاحة التجاريةوزارة الن... → 2026-04-12
2026-07-21 14:38:32,395 [INFO]   Détails: https://www.emploi-public.ma/ar/%D8%AA%D9%81%D8%A7%D8%B5%D9%8A%D9%84/%D8%AA%D8%B4%D8%BA%D9%8A%D9%84-%D8%A7%D9%84%D8%AE%D8%A8%D8%B1%D8%A7%D8%A1/d9255cd9-fe2e-4248-8eba-adf58b668823
2026-07-21 14:38:33,270 [INFO]   [EXPIRÉE] فتح باب الترشيح لمنصب خبير في مجال التفاوض والسياسة التجارية... → 2026-04-03
2026-07-21 14:38:33,270 [INFO]   Détails: https://www.emploi-public.ma/ar/%D8%AA%D9%81%D8%A7%D8%B5%D9%8A%D9%84/%D8%AA%D8%B4%D8%BA%D9%8A%D9%84-%D8%A7%D9%84%D8%AE%D8%A8%D8%B1%D8%A7%D8%A1/0236914d-e17c-41c5-a5be-e632ad35f838
2026-07-21 14:38:34,317 [INFO]   [EXPIRÉE] فتح باب الترشيح لمنصب خبيروزارة الداخليةالإعلانآخر أجل لإيدا... → 2026-03-17
2026-07-21 14:38:34,317 [INFO]   Détails: https://www.emploi-public.ma/ar/%D8%AA%D9%81%D8%A7%D8%B5%D9%8A%D9%84/%D8%AA%D8%B4%D8%BA%D9%8A%D9%84-%D8%A7%D9%84%D8%AE%D8%A8%D8%B1%D8%A7%D8%A1/2a449c40-1832-450d-9eae-a70607bcac07
2026-07-21 14:38:35,301 [INFO]   [EXPIRÉE] فتح باب الترشيح لمنصب خبيروزارة الشباب والثقافة والتواصل - ق... → 2026-03-16
2026-07-21 14:38:35,302 [INFO] Page 2/3
2026-07-21 14:38:35,302 [INFO] Scraping page: https://www.emploi-public.ma/ar/قائمة-تشغيل-الخبراء?page=1
2026-07-21 14:38:36,251 [INFO]   → 9 annonces trouvées sur cette page
2026-07-21 14:38:36,252 [INFO]   [DÉJÀ VU] فتح باب الترشيح لمنصب خبير في الشؤون القانونيةوزارة الفلاحة ...
2026-07-21 14:38:36,252 [INFO]   [DÉJÀ VU] فتح باب الترشيح لمنصب خبيروزارة الداخليةالإعلانآخر أجل لإيدا...
2026-07-21 14:38:36,252 [INFO]   [DÉJÀ VU] فتح باب الترشيح لمنصب خبيروزارة الداخليةالإعلانآخر أجل لإيدا...
2026-07-21 14:38:36,253 [INFO]   [DÉJÀ VU] فتح باب الترشيح لمنصب خبير متعاقدوزارة السياحة والصناعة التق...
2026-07-21 14:38:36,253 [INFO]   [DÉJÀ VU] فتح باب الترشيح لمنصب خبيروزارة الداخليةالإعلانآخر أجل لإيدا...
2026-07-21 14:38:36,253 [INFO]   [DÉJÀ VU] فتح باب الترشيح لمنصب خبير في مجال الملاحة التجاريةوزارة الن...
2026-07-21 14:38:36,253 [INFO]   [DÉJÀ VU] فتح باب الترشيح لمنصب خبير في مجال التفاوض والسياسة التجارية...
2026-07-21 14:38:36,253 [INFO]   [DÉJÀ VU] فتح باب الترشيح لمنصب خبيروزارة الداخليةالإعلانآخر أجل لإيدا...
2026-07-21 14:38:36,253 [INFO]   [DÉJÀ VU] فتح باب الترشيح لمنصب خبيروزارة الشباب والثقافة والتواصل - ق...
2026-07-21 14:38:36,253 [INFO] Page 3/3
2026-07-21 14:38:36,253 [INFO] Scraping page: https://www.emploi-public.ma/ar/قائمة-تشغيل-الخبراء?page=2
2026-07-21 14:38:37,367 [INFO]   → 9 annonces trouvées sur cette page
2026-07-21 14:38:37,368 [INFO]   Détails: https://www.emploi-public.ma/ar/%D8%AA%D9%81%D8%A7%D8%B5%D9%8A%D9%84/%D8%AA%D8%B4%D8%BA%D9%8A%D9%84-%D8%A7%D9%84%D8%AE%D8%A8%D8%B1%D8%A7%D8%A1/1f2e38a5-0fe9-4f17-89fb-d23ab9140242
2026-07-21 14:38:38,343 [INFO]   [EXPIRÉE] فتح باب الترشيح لمنصب خبير في المجالات المرتبطة بتطوير آليات... → 2026-03-12
2026-07-21 14:38:38,344 [INFO]   Détails: https://www.emploi-public.ma/ar/%D8%AA%D9%81%D8%A7%D8%B5%D9%8A%D9%84/%D8%AA%D8%B4%D8%BA%D9%8A%D9%84-%D8%A7%D9%84%D8%AE%D8%A8%D8%B1%D8%A7%D8%A1/2401abad-8177-4fdc-8c76-354d03f61cd3
2026-07-21 14:38:39,236 [INFO]   [EXPIRÉE] فتح باب الترشيح لمنصب خبيروزارة الداخليةالإعلانآخر أجل لإيدا... → 2026-02-18
2026-07-21 14:38:39,236 [INFO]   Détails: https://www.emploi-public.ma/ar/%D8%AA%D9%81%D8%A7%D8%B5%D9%8A%D9%84/%D8%AA%D8%B4%D8%BA%D9%8A%D9%84-%D8%A7%D9%84%D8%AE%D8%A8%D8%B1%D8%A7%D8%A1/ad16f9e2-25eb-4a06-9a7a-572410c14d55
2026-07-21 14:38:42,191 [INFO]   [EXPIRÉE] فتح باب الترشيح لمنصب خبير في مجال حكامة المؤسسات والمنشآت ا... → 2025-12-23
2026-07-21 14:38:42,191 [INFO]   Détails: https://www.emploi-public.ma/ar/%D8%AA%D9%81%D8%A7%D8%B5%D9%8A%D9%84/%D8%AA%D8%B4%D8%BA%D9%8A%D9%84-%D8%A7%D9%84%D8%AE%D8%A8%D8%B1%D8%A7%D8%A1/302ab5a1-fa28-4ec1-9341-8ba50b6bf810
2026-07-21 14:38:43,483 [INFO]   [EXPIRÉE] فتح باب الترشيح لمنصب خبير بموجب عقدوزارة الصحة والحماية الا... → 2025-12-21
2026-07-21 14:38:43,483 [INFO]   Détails: https://www.emploi-public.ma/ar/%D8%AA%D9%81%D8%A7%D8%B5%D9%8A%D9%84/%D8%AA%D8%B4%D8%BA%D9%8A%D9%84-%D8%A7%D9%84%D8%AE%D8%A8%D8%B1%D8%A7%D8%A1/f9f74e66-af9e-4c4a-9cec-491e7d25fbbb
2026-07-21 14:38:44,471 [INFO]   [EXPIRÉE] لائحة الناجحين لمنصب خبير في مجال التقييم ومنح التراخيصالوكا... → 2025-12-06
2026-07-21 14:38:44,471 [INFO]   Détails: https://www.emploi-public.ma/ar/%D8%AA%D9%81%D8%A7%D8%B5%D9%8A%D9%84/%D8%AA%D8%B4%D8%BA%D9%8A%D9%84-%D8%A7%D9%84%D8%AE%D8%A8%D8%B1%D8%A7%D8%A1/99f49e97-4b0e-4897-b1c6-a1a811d179d9
2026-07-21 14:38:45,337 [INFO]   [EXPIRÉE] لائحة الناجحين لمنصب خبيرفي مجال مراقبة الجودة الدوائيةالوكا... → 2025-12-06
2026-07-21 14:38:45,337 [INFO]   Détails: https://www.emploi-public.ma/ar/%D8%AA%D9%81%D8%A7%D8%B5%D9%8A%D9%84/%D8%AA%D8%B4%D8%BA%D9%8A%D9%84-%D8%A7%D9%84%D8%AE%D8%A8%D8%B1%D8%A7%D8%A1/121493c9-78d8-44bf-b408-e42f8bf43d27
2026-07-21 14:38:46,200 [INFO]   [EXPIRÉE] فتح باب الترشيح لمنصب خبير في التنسيق المؤسساتي والتعاون الد... → 2025-12-05
2026-07-21 14:38:46,201 [INFO]   Détails: https://www.emploi-public.ma/ar/%D8%AA%D9%81%D8%A7%D8%B5%D9%8A%D9%84/%D8%AA%D8%B4%D8%BA%D9%8A%D9%84-%D8%A7%D9%84%D8%AE%D8%A8%D8%B1%D8%A7%D8%A1/336eb4a9-c147-4981-94da-c636a748f7a0
2026-07-21 14:38:47,175 [INFO]   [EXPIRÉE] لائحة الناجحين لمنصب خبير مكلف بقيادة إنجاز دراسات وأشغال مل... → 2025-09-30
2026-07-21 14:38:47,175 [INFO]   Détails: https://www.emploi-public.ma/ar/%D8%AA%D9%81%D8%A7%D8%B5%D9%8A%D9%84/%D8%AA%D8%B4%D8%BA%D9%8A%D9%84-%D8%A7%D9%84%D8%AE%D8%A8%D8%B1%D8%A7%D8%A1/0917753f-ac81-4229-b8d4-5292cae1510a
2026-07-21 14:38:48,167 [INFO]   [EXPIRÉE] فتح باب الترشيح لمنصب خبير بموجب عقدوزارة الصناعة والتجارةال... → 2025-06-11
2026-07-21 14:38:48,167 [INFO] 
============================================================
2026-07-21 14:38:48,167 [INFO] RÉSUMÉ
2026-07-21 14:38:48,167 [INFO] ============================================================
2026-07-21 14:38:48,168 [INFO] Annonces traitées: 135
2026-07-21 14:38:48,168 [INFO] Dates en cours: 32
2026-07-21 14:38:48,168 [INFO] Dates expirées: 48
2026-07-21 14:38:48,168 [INFO] PDF lus: 0
2026-07-21 14:38:48,168 [INFO] Match région: 0
2026-07-21 14:38:48,168 [INFO] Nouveaux résultats: 0
2026-07-21 14:38:48,168 [INFO] Total résultats en base: 0
2026-07-21 14:38:49,315 [ERROR] Erreur envoi email: (535, b'5.7.8 Username and Password not accepted. For more information, go to\n5.7.8  https://support.google.com/mail/?p=BadCredentials 5a478bee46e88-31429f9d444sm55805541eec.6 - gsmtp')
2026-07-21 14:38:49,315 [INFO] 
Scraper terminé.
2026-07-21 15:46:00,055 [INFO] ============================================================
2026-07-21 15:46:00,055 [INFO] DÉMARRAGE DU SCRAPER emploi-public.ma
2026-07-21 15:46:00,055 [INFO] Date: 2026-07-21 15:46:00
2026-07-21 15:46:00,055 [INFO] ============================================================
2026-07-21 15:46:00,056 [INFO] Annonces déjà traitées: 80
2026-07-21 15:46:00,056 [INFO] 
--- Catégorie: مناصب المسؤولية ---
2026-07-21 15:46:00,056 [INFO] Page 1/3
2026-07-21 15:46:00,056 [INFO] Scraping page: https://www.emploi-public.ma/ar/قائمة-مناصب-المسؤولية
2026-07-21 15:46:00,921 [INFO]   → 13 annonces trouvées sur cette page
2026-07-21 15:46:00,922 [INFO]   [DÉJÀ VU] لائحة الناجحين في مناصب المسؤولية ب وزارة التجهيز والماءوزار...
2026-07-21 15:46:00,923 [INFO]   [DÉJÀ VU] فتح باب الترشيح ل مناصب المسؤولية ب المجلس الوطني لحقوق الإن...
2026-07-21 15:46:00,923 [INFO]   [DÉJÀ VU] لائحة المدعوين لاجتياز اختبار الترشيح ل مناصب المسؤولية ب ال...
2026-07-21 15:46:00,923 [INFO]   [DÉJÀ VU] لائحة الناجحين في مناصب المسؤولية ب وزارة التجهيز والماءوزار...
2026-07-21 15:46:00,923 [INFO]   [DÉJÀ VU] لائحة الناجحين في مناصب المسؤولية ب وزارة الداخلية -عمالة مر...
2026-07-21 15:46:00,923 [INFO]   [DÉJÀ VU] فتح باب الترشيح ل مناصب المسؤولية ب المندوبية العامة لإدارة ...
2026-07-21 15:46:00,923 [INFO]   [DÉJÀ VU] فتح باب الترشيح ل مناصب المسؤولية ب وزارة الشباب والثقافة وا...
2026-07-21 15:46:00,923 [INFO]   [DÉJÀ VU] فتح باب الترشيح ل مناصب المسؤولية ب وزارة الداخلية - عمالة ا...
2026-07-21 15:46:00,923 [INFO]   [DÉJÀ VU] فتح باب الترشيح ل مناصب المسؤولية ب وزارة الشباب والثقافة وا...
2026-07-21 15:46:00,923 [INFO]   [DÉJÀ VU] رئيس قسم الملاحة الجوية بمطار وجدة أنجادالمكتب الوطني للمطار...
2026-07-21 15:46:00,923 [INFO]   [DÉJÀ VU] رئيس قسم الملاحة الجوية بمطار طنجة ابن بطوطةالمكتب الوطني لل...
2026-07-21 15:46:00,923 [INFO]   [DÉJÀ VU] رئيس قسم الغرفة التقنية لمركز مراقبة المنطقة بأكادير بقطب ال...
2026-07-21 15:46:00,923 [INFO]   [DÉJÀ VU] رئيس قسم التدريب لمركز مراقبة المنطقة بأكادير  بقطب الملاحة ...
2026-07-21 15:46:00,923 [INFO] Page 2/3
2026-07-21 15:46:00,923 [INFO] Scraping page: https://www.emploi-public.ma/ar/قائمة-مناصب-المسؤولية?page=1
2026-07-21 15:46:05,232 [INFO]   → 13 annonces trouvées sur cette page
2026-07-21 15:46:05,233 [INFO]   [DÉJÀ VU] لائحة الناجحين في مناصب المسؤولية ب وزارة التجهيز والماءوزار...
2026-07-21 15:46:05,234 [INFO]   [DÉJÀ VU] فتح باب الترشيح ل مناصب المسؤولية ب المجلس الوطني لحقوق الإن...
2026-07-21 15:46:05,234 [INFO]   [DÉJÀ VU] لائحة المدعوين لاجتياز اختبار الترشيح ل مناصب المسؤولية ب ال...
2026-07-21 15:46:05,234 [INFO]   [DÉJÀ VU] لائحة الناجحين في مناصب المسؤولية ب وزارة التجهيز والماءوزار...
2026-07-21 15:46:05,234 [INFO]   [DÉJÀ VU] لائحة الناجحين في مناصب المسؤولية ب وزارة الداخلية -عمالة مر...
2026-07-21 15:46:05,234 [INFO]   [DÉJÀ VU] فتح باب الترشيح ل مناصب المسؤولية ب المندوبية العامة لإدارة ...
2026-07-21 15:46:05,234 [INFO]   [DÉJÀ VU] فتح باب الترشيح ل مناصب المسؤولية ب وزارة الشباب والثقافة وا...
2026-07-21 15:46:05,234 [INFO]   [DÉJÀ VU] فتح باب الترشيح ل مناصب المسؤولية ب وزارة الداخلية - عمالة ا...
2026-07-21 15:46:05,234 [INFO]   [DÉJÀ VU] فتح باب الترشيح ل مناصب المسؤولية ب وزارة الشباب والثقافة وا...
2026-07-21 15:46:05,234 [INFO]   [DÉJÀ VU] رئيس قسم الملاحة الجوية بمطار وجدة أنجادالمكتب الوطني للمطار...
2026-07-21 15:46:05,234 [INFO]   [DÉJÀ VU] رئيس قسم الملاحة الجوية بمطار طنجة ابن بطوطةالمكتب الوطني لل...
2026-07-21 15:46:05,234 [INFO]   [DÉJÀ VU] رئيس قسم الغرفة التقنية لمركز مراقبة المنطقة بأكادير بقطب ال...
2026-07-21 15:46:05,234 [INFO]   [DÉJÀ VU] رئيس قسم التدريب لمركز مراقبة المنطقة بأكادير  بقطب الملاحة ...
2026-07-21 15:46:05,234 [INFO] Page 3/3
2026-07-21 15:46:05,234 [INFO] Scraping page: https://www.emploi-public.ma/ar/قائمة-مناصب-المسؤولية?page=2
2026-07-21 15:46:06,116 [INFO]   → 13 annonces trouvées sur cette page
2026-07-21 15:46:06,117 [INFO]   [DÉJÀ VU] فتح باب الترشيح ل مناصب المسؤولية ب وزارة الشباب والثقافة وا...
2026-07-21 15:46:06,117 [INFO]   [DÉJÀ VU] فتح باب الترشيح ل مناصب المسؤولية ب وزارة الشباب والثقافة وا...
2026-07-21 15:46:06,117 [INFO]   [DÉJÀ VU] فتح باب الترشيح ل مناصب المسؤولية ب وزارة الشباب والثقافة وا...
2026-07-21 15:46:06,117 [INFO]   [DÉJÀ VU] فتح باب الترشيح ل مناصب المسؤولية ب وزارة الشباب والثقافة وا...
2026-07-21 15:46:06,117 [INFO]   [DÉJÀ VU] لائحة المدعوين لاجتياز اختبار الترشيح ل مناصب المسؤولية ب وز...
2026-07-21 15:46:06,117 [INFO]   [DÉJÀ VU] فتح باب الترشيح ل مناصب المسؤولية ب وزارة الاقتصاد والماليةو...
2026-07-21 15:46:06,117 [INFO]   [DÉJÀ VU] فتح باب الترشيح ل مناصب المسؤولية ب وزارة الداخلية -عمالة إق...
2026-07-21 15:46:06,117 [INFO]   [DÉJÀ VU] لائحة المدعوين لاجتياز اختبار الترشيح ل مناصب المسؤولية ب ال...
2026-07-21 15:46:06,117 [INFO]   [DÉJÀ VU] فتح باب الترشيح ل مناصب المسؤولية ب وزارة التجهيز والماءوزار...
2026-07-21 15:46:06,117 [INFO]   [DÉJÀ VU] رئيس قسم الملاحة الجوية بمطار وجدة أنجادالمكتب الوطني للمطار...
2026-07-21 15:46:06,117 [INFO]   [DÉJÀ VU] رئيس قسم الملاحة الجوية بمطار طنجة ابن بطوطةالمكتب الوطني لل...
2026-07-21 15:46:06,117 [INFO]   [DÉJÀ VU] رئيس قسم الغرفة التقنية لمركز مراقبة المنطقة بأكادير بقطب ال...
2026-07-21 15:46:06,117 [INFO]   [DÉJÀ VU] رئيس قسم التدريب لمركز مراقبة المنطقة بأكادير  بقطب الملاحة ...
2026-07-21 15:46:06,118 [INFO] 
--- Catégorie: المناصب العليا ---
2026-07-21 15:46:06,118 [INFO] Page 1/3
2026-07-21 15:46:06,118 [INFO] Scraping page: https://www.emploi-public.ma/ar/قائمة-المناصب-العليا
2026-07-21 15:46:07,063 [INFO]   → 9 annonces trouvées sur cette page
2026-07-21 15:46:07,064 [INFO]   [DÉJÀ VU] فتح باب الترشيح للمناصب العليا مدير الانظمة والدراسات التاري...
2026-07-21 15:46:07,064 [INFO]   [DÉJÀ VU] فتح باب الترشيح للمناصب العليا مدير الشبابوزارة الشباب والثق...
2026-07-21 15:46:07,064 [INFO]   [DÉJÀ VU] فتح باب الترشيح للمناصب العليا مدير مؤسسة النهوض بالأعمال ال...
2026-07-21 15:46:07,064 [INFO]   [DÉJÀ VU] فتح باب الترشيح للمناصب العليا مدير(ة) المركز الوطني للامتحا...
2026-07-21 15:46:07,064 [INFO]   [DÉJÀ VU] فتح باب الترشيح للمناصب العليا مدير المعهد العالي للدراسات ا...
2026-07-21 15:46:07,064 [INFO]   [DÉJÀ VU] فتح باب الترشيح للمناصب العليا مدير إعداد التراب الوطنيوزارة...
2026-07-21 15:46:07,064 [INFO]   [DÉJÀ VU] فتح باب الترشيح للمناصب العليا مدير الوكالة الحضرية للحسيمةو...
2026-07-21 15:46:07,064 [INFO]   [DÉJÀ VU] فتح باب الترشيح للمناصب العليا مدير الوكالة الحضرية للعرائشو...
2026-07-21 15:46:07,064 [INFO]   [DÉJÀ VU] فتح باب الترشيح للمناصب العليا مدير(ة) الشؤون العامةوزارة ال...
2026-07-21 15:46:07,064 [INFO] Page 2/3
2026-07-21 15:46:07,064 [INFO] Scraping page: https://www.emploi-public.ma/ar/قائمة-المناصب-العليا?page=1
2026-07-21 15:46:07,817 [INFO]   → 9 annonces trouvées sur cette page
2026-07-21 15:46:07,818 [INFO]   [DÉJÀ VU] فتح باب الترشيح للمناصب العليا مدير الانظمة والدراسات التاري...
2026-07-21 15:46:07,818 [INFO]   [DÉJÀ VU] فتح باب الترشيح للمناصب العليا مدير الشبابوزارة الشباب والثق...
2026-07-21 15:46:07,818 [INFO]   [DÉJÀ VU] فتح باب الترشيح للمناصب العليا مدير مؤسسة النهوض بالأعمال ال...
2026-07-21 15:46:07,818 [INFO]   [DÉJÀ VU] فتح باب الترشيح للمناصب العليا مدير(ة) المركز الوطني للامتحا...
2026-07-21 15:46:07,818 [INFO]   [DÉJÀ VU] فتح باب الترشيح للمناصب العليا مدير المعهد العالي للدراسات ا...
2026-07-21 15:46:07,818 [INFO]   [DÉJÀ VU] فتح باب الترشيح للمناصب العليا مدير إعداد التراب الوطنيوزارة...
2026-07-21 15:46:07,818 [INFO]   [DÉJÀ VU] فتح باب الترشيح للمناصب العليا مدير الوكالة الحضرية للحسيمةو...
2026-07-21 15:46:07,818 [INFO]   [DÉJÀ VU] فتح باب الترشيح للمناصب العليا مدير الوكالة الحضرية للعرائشو...
2026-07-21 15:46:07,818 [INFO]   [DÉJÀ VU] فتح باب الترشيح للمناصب العليا مدير(ة) الشؤون العامةوزارة ال...
2026-07-21 15:46:07,818 [INFO] Page 3/3
2026-07-21 15:46:07,818 [INFO] Scraping page: https://www.emploi-public.ma/ar/قائمة-المناصب-العليا?page=2
2026-07-21 15:46:08,519 [INFO]   → 12 annonces trouvées sur cette page
2026-07-21 15:46:08,520 [INFO]   [DÉJÀ VU] فتح باب الترشيح للمناصب العليا مدير(ة) المعهد الملكي لتكوين ...
2026-07-21 15:46:08,520 [INFO]   [DÉJÀ VU] فتح باب الترشيح للمناصب العليا مدير مدرسة علوم المعلوماتالمن...
2026-07-21 15:46:08,520 [INFO]   [DÉJÀ VU] فتح باب الترشيح للمناصب العليا منصب مدير تشريعات البنيات الأ...
2026-07-21 15:46:08,520 [INFO]   [DÉJÀ VU] فتح باب الترشيح للمناصب العليا مدير تشريعات الحكامة والحقوق ...
2026-07-21 15:46:08,520 [INFO]   [DÉJÀ VU] فتح باب الترشيح للمناصب العليا عميد كلية الطب والصيدلة بالرب...
2026-07-21 15:46:08,520 [INFO]   [DÉJÀ VU] فتح باب الترشيح للمناصب العليا مدير المدرسة المحمدية للمهندس...
2026-07-21 15:46:08,520 [INFO]   [DÉJÀ VU] فتح باب الترشيح للمناصب العليا منصب مدير(ة) المركز الجهوي لم...
2026-07-21 15:46:08,520 [INFO]   [DÉJÀ VU] فتح باب الترشيح للمناصب العليا مدير الانظمة والدراسات التاري...
2026-07-21 15:46:08,520 [INFO]   [DÉJÀ VU] فتح باب الترشيح للمناصب العليا المدير(ة) العام(ة) لتنظيم الح...
2026-07-21 15:46:08,520 [INFO]   [DÉJÀ VU] مدير مؤسسة النهوض بالأعمال الاجتماعية لفائدة موظفي وأعوان وز...
2026-07-21 15:46:08,520 [INFO]   [DÉJÀ VU] مدير الشبابوزارة الشباب والثقافة والتواصل - قطاع الشبابالإعل...
2026-07-21 15:46:08,520 [INFO]   [DÉJÀ VU] مدير المعهد العالي للدراسات البحريةوزارة النقل واللوجيستيكال...
2026-07-21 15:46:08,520 [INFO] 
--- Catégorie: المباريات ---
2026-07-21 15:46:08,520 [INFO] Page 1/3
2026-07-21 15:46:08,520 [INFO] Scraping page: https://www.emploi-public.ma/ar/قائمة-المباريات
2026-07-21 15:46:10,609 [INFO]   → 13 annonces trouvées sur cette page
2026-07-21 15:46:10,610 [INFO]   [DÉJÀ VU] مباراة لتوظيف مساعد تقني من الدرجة الثانيةوزارة النقل واللوج...
2026-07-21 15:46:10,610 [INFO]   [DÉJÀ VU] مباراة لتوظيف أستاذ محاضر من الدرجة أ - سلم 11وزارة الشباب و...
2026-07-21 15:46:10,610 [INFO]   [DÉJÀ VU] مباراة لتوظيف متصرف من الدرجة الثانية - سلم 11وزارة السياحة ...
2026-07-21 15:46:10,610 [INFO]   [DÉJÀ VU] مباراة لتوظيف متصرف من الدرجة الثالثة - سلم 10وزارة الشباب و...
2026-07-21 15:46:10,611 [INFO]   [DÉJÀ VU] مباراة لتوظيف طبيب من الدرجة الأولى - سلم 11وزارة الصحة والح...
2026-07-21 15:46:10,611 [INFO]   [DÉJÀ VU] مباراة لتوظيف أستاذ محاضر من الدرجة أ - سلم 11وزارة التضامن ...
2026-07-21 15:46:10,611 [INFO]   [DÉJÀ VU] مباراة لتوظيف تقني من الدرجة الثالثة - سلم 9وزارة التضامن وا...
2026-07-21 15:46:10,611 [INFO]   [DÉJÀ VU] مباراة لتوظيف متصرف من الدرجة الثالثة - سلم 10وزارة التضامن ...
2026-07-21 15:46:10,611 [INFO]   [DÉJÀ VU] مباراة لتوظيف متصرف من الدرجة الثانية - سلم 11وزارة التضامن ...
2026-07-21 15:46:10,611 [INFO]   [DÉJÀ VU] اطار في الموارد البشرية2 أيام متبقيةالوكالة الوطنية للموانئا...
2026-07-21 15:46:10,611 [INFO]   [DÉJÀ VU] إطار في تدبير أمن الأنظمة المعلوماتية2 أيام متبقيةالوكالة ال...
2026-07-21 15:46:10,611 [INFO]   [DÉJÀ VU] مساعد(ة) إداري(ة)2 أيام متبقيةالوكالة الوطنية للموانئالإعلان...
2026-07-21 15:46:10,611 [INFO]   [DÉJÀ VU] إطار عالي Chargé(e) de Contentieux2 أيام متبقيةصندوق الإيداع...
2026-07-21 15:46:10,611 [INFO] Page 2/3
2026-07-21 15:46:10,611 [INFO] Scraping page: https://www.emploi-public.ma/ar/قائمة-المباريات?page=1
2026-07-21 15:46:11,553 [INFO]   → 13 annonces trouvées sur cette page
2026-07-21 15:46:11,554 [INFO]   [DÉJÀ VU] مباراة لتوظيف مساعد تقني من الدرجة الثانيةوزارة النقل واللوج...
2026-07-21 15:46:11,554 [INFO]   [DÉJÀ VU] مباراة لتوظيف أستاذ محاضر من الدرجة أ - سلم 11وزارة الشباب و...
2026-07-21 15:46:11,554 [INFO]   [DÉJÀ VU] مباراة لتوظيف متصرف من الدرجة الثانية - سلم 11وزارة السياحة ...
2026-07-21 15:46:11,554 [INFO]   [DÉJÀ VU] مباراة لتوظيف متصرف من الدرجة الثالثة - سلم 10وزارة الشباب و...
2026-07-21 15:46:11,554 [INFO]   [DÉJÀ VU] مباراة لتوظيف طبيب من الدرجة الأولى - سلم 11وزارة الصحة والح...
2026-07-21 15:46:11,554 [INFO]   [DÉJÀ VU] مباراة لتوظيف أستاذ محاضر من الدرجة أ - سلم 11وزارة التضامن ...
2026-07-21 15:46:11,554 [INFO]   [DÉJÀ VU] مباراة لتوظيف تقني من الدرجة الثالثة - سلم 9وزارة التضامن وا...
2026-07-21 15:46:11,554 [INFO]   [DÉJÀ VU] مباراة لتوظيف متصرف من الدرجة الثالثة - سلم 10وزارة التضامن ...
2026-07-21 15:46:11,554 [INFO]   [DÉJÀ VU] مباراة لتوظيف متصرف من الدرجة الثانية - سلم 11وزارة التضامن ...
2026-07-21 15:46:11,554 [INFO]   [DÉJÀ VU] اطار في الموارد البشرية2 أيام متبقيةالوكالة الوطنية للموانئا...
2026-07-21 15:46:11,554 [INFO]   [DÉJÀ VU] إطار في تدبير أمن الأنظمة المعلوماتية2 أيام متبقيةالوكالة ال...
2026-07-21 15:46:11,554 [INFO]   [DÉJÀ VU] مساعد(ة) إداري(ة)2 أيام متبقيةالوكالة الوطنية للموانئالإعلان...
2026-07-21 15:46:11,554 [INFO]   [DÉJÀ VU] إطار عالي Chargé(e) de Contentieux2 أيام متبقيةصندوق الإيداع...
2026-07-21 15:46:11,554 [INFO] Page 3/3
2026-07-21 15:46:11,554 [INFO] Scraping page: https://www.emploi-public.ma/ar/قائمة-المباريات?page=2
2026-07-21 15:46:15,638 [INFO]   → 13 annonces trouvées sur cette page
2026-07-21 15:46:15,639 [INFO]   [DÉJÀ VU] مباراة لتوظيف طبيب من الدرجة الأولى - سلم 11وزارة الصحة والح...
2026-07-21 15:46:15,639 [INFO]   [DÉJÀ VU] مباراة لتوظيف مهندس دولة من الدرجة الأولى - سلم 11وزارة الفل...
2026-07-21 15:46:15,639 [INFO]   [DÉJÀ VU] مباراة لتوظيف متصرف من الدرجة الثانية - سلم 11وزارة الفلاحة ...
2026-07-21 15:46:15,639 [INFO]   [DÉJÀ VU] مباراة لتوظيف تقني من الدرجة الثالثة - سلم 9وزارة الفلاحة وا...
2026-07-21 15:46:15,639 [INFO]   [DÉJÀ VU] مباراة لتوظيف متصرف من الدرجة الثالثة - سلم 10وزارة الفلاحة ...
2026-07-21 15:46:15,639 [INFO]   [DÉJÀ VU] لائحة المدعوين لإجراء الاختبار الكتابي لمباراة توظيف جراح أس...
2026-07-21 15:46:15,639 [INFO]   [DÉJÀ VU] لائحة المدعوين لإجراء الاختبار الكتابي لمباراة توظيف صيدلي م...
2026-07-21 15:46:15,639 [INFO]   [DÉJÀ VU] لائحة المدعوين لإجراء الاختبار الكتابي لمباراة توظيف طبيب من...
2026-07-21 15:46:15,639 [INFO]   [DÉJÀ VU] لائحة المدعوين لإجراء الاختبار الكتابي لمباراة توظيف تقني من...
2026-07-21 15:46:15,639 [INFO]   [DÉJÀ VU] اطار في الموارد البشرية2 أيام متبقيةالوكالة الوطنية للموانئا...
2026-07-21 15:46:15,639 [INFO]   [DÉJÀ VU] إطار في تدبير أمن الأنظمة المعلوماتية2 أيام متبقيةالوكالة ال...
2026-07-21 15:46:15,639 [INFO]   [DÉJÀ VU] مساعد(ة) إداري(ة)2 أيام متبقيةالوكالة الوطنية للموانئالإعلان...
2026-07-21 15:46:15,639 [INFO]   [DÉJÀ VU] إطار عالي Chargé(e) de Contentieux2 أيام متبقيةصندوق الإيداع...
2026-07-21 15:46:15,640 [INFO] 
--- Catégorie: تشغيل الخبراء ---
2026-07-21 15:46:15,640 [INFO] Page 1/3
2026-07-21 15:46:15,640 [INFO] Scraping page: https://www.emploi-public.ma/ar/قائمة-تشغيل-الخبراء
2026-07-21 15:46:19,462 [INFO]   → 9 annonces trouvées sur cette page
2026-07-21 15:46:19,463 [INFO]   [DÉJÀ VU] فتح باب الترشيح لمنصب خبير في الشؤون القانونيةوزارة الفلاحة ...
2026-07-21 15:46:19,463 [INFO]   [DÉJÀ VU] فتح باب الترشيح لمنصب خبيروزارة الداخليةالإعلانآخر أجل لإيدا...
2026-07-21 15:46:19,463 [INFO]   [DÉJÀ VU] فتح باب الترشيح لمنصب خبيروزارة الداخليةالإعلانآخر أجل لإيدا...
2026-07-21 15:46:19,463 [INFO]   [DÉJÀ VU] فتح باب الترشيح لمنصب خبير متعاقدوزارة السياحة والصناعة التق...
2026-07-21 15:46:19,463 [INFO]   [DÉJÀ VU] فتح باب الترشيح لمنصب خبيروزارة الداخليةالإعلانآخر أجل لإيدا...
2026-07-21 15:46:19,463 [INFO]   [DÉJÀ VU] فتح باب الترشيح لمنصب خبير في مجال الملاحة التجاريةوزارة الن...
2026-07-21 15:46:19,463 [INFO]   [DÉJÀ VU] فتح باب الترشيح لمنصب خبير في مجال التفاوض والسياسة التجارية...
2026-07-21 15:46:19,464 [INFO]   [DÉJÀ VU] فتح باب الترشيح لمنصب خبيروزارة الداخليةالإعلانآخر أجل لإيدا...
2026-07-21 15:46:19,464 [INFO]   [DÉJÀ VU] فتح باب الترشيح لمنصب خبيروزارة الشباب والثقافة والتواصل - ق...
2026-07-21 15:46:19,464 [INFO] Page 2/3
2026-07-21 15:46:19,464 [INFO] Scraping page: https://www.emploi-public.ma/ar/قائمة-تشغيل-الخبراء?page=1
2026-07-21 15:46:23,429 [INFO]   → 9 annonces trouvées sur cette page
2026-07-21 15:46:23,430 [INFO]   [DÉJÀ VU] فتح باب الترشيح لمنصب خبير في الشؤون القانونيةوزارة الفلاحة ...
2026-07-21 15:46:23,430 [INFO]   [DÉJÀ VU] فتح باب الترشيح لمنصب خبيروزارة الداخليةالإعلانآخر أجل لإيدا...
2026-07-21 15:46:23,430 [INFO]   [DÉJÀ VU] فتح باب الترشيح لمنصب خبيروزارة الداخليةالإعلانآخر أجل لإيدا...
2026-07-21 15:46:23,430 [INFO]   [DÉJÀ VU] فتح باب الترشيح لمنصب خبير متعاقدوزارة السياحة والصناعة التق...
2026-07-21 15:46:23,430 [INFO]   [DÉJÀ VU] فتح باب الترشيح لمنصب خبيروزارة الداخليةالإعلانآخر أجل لإيدا...
2026-07-21 15:46:23,430 [INFO]   [DÉJÀ VU] فتح باب الترشيح لمنصب خبير في مجال الملاحة التجاريةوزارة الن...
2026-07-21 15:46:23,431 [INFO]   [DÉJÀ VU] فتح باب الترشيح لمنصب خبير في مجال التفاوض والسياسة التجارية...
2026-07-21 15:46:23,431 [INFO]   [DÉJÀ VU] فتح باب الترشيح لمنصب خبيروزارة الداخليةالإعلانآخر أجل لإيدا...
2026-07-21 15:46:23,431 [INFO]   [DÉJÀ VU] فتح باب الترشيح لمنصب خبيروزارة الشباب والثقافة والتواصل - ق...
2026-07-21 15:46:23,431 [INFO] Page 3/3
2026-07-21 15:46:23,431 [INFO] Scraping page: https://www.emploi-public.ma/ar/قائمة-تشغيل-الخبراء?page=2
2026-07-21 15:46:24,371 [INFO]   → 9 annonces trouvées sur cette page
2026-07-21 15:46:24,372 [INFO]   [DÉJÀ VU] فتح باب الترشيح لمنصب خبير في المجالات المرتبطة بتطوير آليات...
2026-07-21 15:46:24,373 [INFO]   [DÉJÀ VU] فتح باب الترشيح لمنصب خبيروزارة الداخليةالإعلانآخر أجل لإيدا...
2026-07-21 15:46:24,373 [INFO]   [DÉJÀ VU] فتح باب الترشيح لمنصب خبير في مجال حكامة المؤسسات والمنشآت ا...
2026-07-21 15:46:24,373 [INFO]   [DÉJÀ VU] فتح باب الترشيح لمنصب خبير بموجب عقدوزارة الصحة والحماية الا...
2026-07-21 15:46:24,373 [INFO]   [DÉJÀ VU] لائحة الناجحين لمنصب خبير في مجال التقييم ومنح التراخيصالوكا...
2026-07-21 15:46:24,373 [INFO]   [DÉJÀ VU] لائحة الناجحين لمنصب خبيرفي مجال مراقبة الجودة الدوائيةالوكا...
2026-07-21 15:46:24,373 [INFO]   [DÉJÀ VU] فتح باب الترشيح لمنصب خبير في التنسيق المؤسساتي والتعاون الد...
2026-07-21 15:46:24,373 [INFO]   [DÉJÀ VU] لائحة الناجحين لمنصب خبير مكلف بقيادة إنجاز دراسات وأشغال مل...
2026-07-21 15:46:24,373 [INFO]   [DÉJÀ VU] فتح باب الترشيح لمنصب خبير بموجب عقدوزارة الصناعة والتجارةال...
2026-07-21 15:46:24,373 [INFO] 
============================================================
2026-07-21 15:46:24,373 [INFO] RÉSUMÉ
2026-07-21 15:46:24,373 [INFO] ============================================================
2026-07-21 15:46:24,373 [INFO] Annonces traitées: 135
2026-07-21 15:46:24,374 [INFO] Dates en cours: 0
2026-07-21 15:46:24,374 [INFO] Dates expirées: 0
2026-07-21 15:46:24,374 [INFO] PDF lus: 0
2026-07-21 15:46:24,374 [INFO] Match région: 0
2026-07-21 15:46:24,374 [INFO] Nouveaux résultats: 0
2026-07-21 15:46:24,374 [INFO] Total résultats en base: 0
2026-07-21 15:46:25,614 [INFO] Email envoyé à cavalkhalid@gmail.com
2026-07-21 15:46:25,614 [INFO] 
Scraper terminé.
2026-07-21 15:57:51,513 [INFO] ============================================================
2026-07-21 15:57:51,514 [INFO] DÉMARRAGE DU SCRAPER emploi-public.ma
2026-07-21 15:57:51,514 [INFO] Date: 2026-07-21 15:57:51
2026-07-21 15:57:51,514 [INFO] ============================================================
2026-07-21 15:57:51,514 [INFO] Annonces déjà traitées: 80
2026-07-21 15:57:51,514 [INFO] 
--- Catégorie: مناصب المسؤولية ---
2026-07-21 15:57:51,514 [INFO] Page 1/3
2026-07-21 15:57:51,514 [INFO] Scraping page: https://www.emploi-public.ma/ar/قائمة-مناصب-المسؤولية
2026-07-21 15:57:52,578 [INFO]   → 13 annonces trouvées sur cette page
2026-07-21 15:57:52,579 [INFO]   [DÉJÀ VU] لائحة الناجحين في مناصب المسؤولية ب وزارة الداخليةوزارة الدا...
2026-07-21 15:57:52,579 [INFO]   [DÉJÀ VU] لائحة الناجحين في مناصب المسؤولية ب وزارة التجهيز والماءوزار...
2026-07-21 15:57:52,579 [INFO]   [DÉJÀ VU] فتح باب الترشيح ل مناصب المسؤولية ب المجلس الوطني لحقوق الإن...
2026-07-21 15:57:52,579 [INFO]   [DÉJÀ VU] لائحة المدعوين لاجتياز اختبار الترشيح ل مناصب المسؤولية ب ال...
2026-07-21 15:57:52,579 [INFO]   [DÉJÀ VU] لائحة الناجحين في مناصب المسؤولية ب وزارة التجهيز والماءوزار...
2026-07-21 15:57:52,579 [INFO]   [DÉJÀ VU] لائحة الناجحين في مناصب المسؤولية ب وزارة الداخلية -عمالة مر...
2026-07-21 15:57:52,580 [INFO]   [DÉJÀ VU] فتح باب الترشيح ل مناصب المسؤولية ب المندوبية العامة لإدارة ...
2026-07-21 15:57:52,580 [INFO]   [DÉJÀ VU] فتح باب الترشيح ل مناصب المسؤولية ب وزارة الشباب والثقافة وا...
2026-07-21 15:57:52,580 [INFO]   [DÉJÀ VU] فتح باب الترشيح ل مناصب المسؤولية ب وزارة الداخلية - عمالة ا...
2026-07-21 15:57:52,580 [INFO]   [DÉJÀ VU] رئيس قسم الملاحة الجوية بمطار وجدة أنجادالمكتب الوطني للمطار...
2026-07-21 15:57:52,580 [INFO]   [DÉJÀ VU] رئيس قسم الملاحة الجوية بمطار طنجة ابن بطوطةالمكتب الوطني لل...
2026-07-21 15:57:52,580 [INFO]   [DÉJÀ VU] رئيس قسم الغرفة التقنية لمركز مراقبة المنطقة بأكادير بقطب ال...
2026-07-21 15:57:52,580 [INFO]   [DÉJÀ VU] رئيس قسم التدريب لمركز مراقبة المنطقة بأكادير  بقطب الملاحة ...
2026-07-21 15:57:52,580 [INFO] Page 2/3
2026-07-21 15:57:52,580 [INFO] Scraping page: https://www.emploi-public.ma/ar/قائمة-مناصب-المسؤولية?page=1
2026-07-21 15:57:53,799 [INFO]   → 13 annonces trouvées sur cette page
2026-07-21 15:57:53,800 [INFO]   [DÉJÀ VU] لائحة الناجحين في مناصب المسؤولية ب وزارة الداخليةوزارة الدا...
2026-07-21 15:57:53,800 [INFO]   [DÉJÀ VU] لائحة الناجحين في مناصب المسؤولية ب وزارة التجهيز والماءوزار...
2026-07-21 15:57:53,800 [INFO]   [DÉJÀ VU] فتح باب الترشيح ل مناصب المسؤولية ب المجلس الوطني لحقوق الإن...
2026-07-21 15:57:53,800 [INFO]   [DÉJÀ VU] لائحة المدعوين لاجتياز اختبار الترشيح ل مناصب المسؤولية ب ال...
2026-07-21 15:57:53,800 [INFO]   [DÉJÀ VU] لائحة الناجحين في مناصب المسؤولية ب وزارة التجهيز والماءوزار...
2026-07-21 15:57:53,800 [INFO]   [DÉJÀ VU] لائحة الناجحين في مناصب المسؤولية ب وزارة الداخلية -عمالة مر...
2026-07-21 15:57:53,800 [INFO]   [DÉJÀ VU] فتح باب الترشيح ل مناصب المسؤولية ب المندوبية العامة لإدارة ...
2026-07-21 15:57:53,800 [INFO]   [DÉJÀ VU] فتح باب الترشيح ل مناصب المسؤولية ب وزارة الشباب والثقافة وا...
2026-07-21 15:57:53,800 [INFO]   [DÉJÀ VU] فتح باب الترشيح ل مناصب المسؤولية ب وزارة الداخلية - عمالة ا...
2026-07-21 15:57:53,800 [INFO]   [DÉJÀ VU] رئيس قسم الملاحة الجوية بمطار وجدة أنجادالمكتب الوطني للمطار...
2026-07-21 15:57:53,800 [INFO]   [DÉJÀ VU] رئيس قسم الملاحة الجوية بمطار طنجة ابن بطوطةالمكتب الوطني لل...
2026-07-21 15:57:53,800 [INFO]   [DÉJÀ VU] رئيس قسم الغرفة التقنية لمركز مراقبة المنطقة بأكادير بقطب ال...
2026-07-21 15:57:53,800 [INFO]   [DÉJÀ VU] رئيس قسم التدريب لمركز مراقبة المنطقة بأكادير  بقطب الملاحة ...
2026-07-21 15:57:53,800 [INFO] Page 3/3
2026-07-21 15:57:53,800 [INFO] Scraping page: https://www.emploi-public.ma/ar/قائمة-مناصب-المسؤولية?page=2
2026-07-21 15:57:54,832 [INFO]   → 13 annonces trouvées sur cette page
2026-07-21 15:57:54,833 [INFO]   [DÉJÀ VU] فتح باب الترشيح ل مناصب المسؤولية ب وزارة الشباب والثقافة وا...
2026-07-21 15:57:54,833 [INFO]   [DÉJÀ VU] فتح باب الترشيح ل مناصب المسؤولية ب وزارة الشباب والثقافة وا...
2026-07-21 15:57:54,833 [INFO]   [DÉJÀ VU] فتح باب الترشيح ل مناصب المسؤولية ب وزارة الشباب والثقافة وا...
2026-07-21 15:57:54,833 [INFO]   [DÉJÀ VU] فتح باب الترشيح ل مناصب المسؤولية ب وزارة الشباب والثقافة وا...
2026-07-21 15:57:54,833 [INFO]   [DÉJÀ VU] فتح باب الترشيح ل مناصب المسؤولية ب وزارة الشباب والثقافة وا...
2026-07-21 15:57:54,833 [INFO]   [DÉJÀ VU] فتح باب الترشيح ل مناصب المسؤولية ب وزارة الاقتصاد والماليةو...
2026-07-21 15:57:54,833 [INFO]   [DÉJÀ VU] فتح باب الترشيح ل مناصب المسؤولية ب وزارة الداخلية -عمالة إق...
2026-07-21 15:57:54,833 [INFO]   [DÉJÀ VU] لائحة المدعوين لاجتياز اختبار الترشيح ل مناصب المسؤولية ب ال...
2026-07-21 15:57:54,833 [INFO]   [DÉJÀ VU] فتح باب الترشيح ل مناصب المسؤولية ب وزارة التجهيز والماءوزار...
2026-07-21 15:57:54,833 [INFO]   [DÉJÀ VU] رئيس قسم الملاحة الجوية بمطار وجدة أنجادالمكتب الوطني للمطار...
2026-07-21 15:57:54,833 [INFO]   [DÉJÀ VU] رئيس قسم الملاحة الجوية بمطار طنجة ابن بطوطةالمكتب الوطني لل...
2026-07-21 15:57:54,834 [INFO]   [DÉJÀ VU] رئيس قسم الغرفة التقنية لمركز مراقبة المنطقة بأكادير بقطب ال...
2026-07-21 15:57:54,834 [INFO]   [DÉJÀ VU] رئيس قسم التدريب لمركز مراقبة المنطقة بأكادير  بقطب الملاحة ...
2026-07-21 15:57:54,834 [INFO] 
--- Catégorie: المناصب العليا ---
2026-07-21 15:57:54,834 [INFO] Page 1/3
2026-07-21 15:57:54,834 [INFO] Scraping page: https://www.emploi-public.ma/ar/قائمة-المناصب-العليا
2026-07-21 15:57:58,728 [INFO]   → 9 annonces trouvées sur cette page
2026-07-21 15:57:58,728 [INFO]   [DÉJÀ VU] فتح باب الترشيح للمناصب العليا مدير الانظمة والدراسات التاري...
2026-07-21 15:57:58,729 [INFO]   [DÉJÀ VU] فتح باب الترشيح للمناصب العليا مدير الشبابوزارة الشباب والثق...
2026-07-21 15:57:58,729 [INFO]   [DÉJÀ VU] فتح باب الترشيح للمناصب العليا مدير مؤسسة النهوض بالأعمال ال...
2026-07-21 15:57:58,729 [INFO]   [DÉJÀ VU] فتح باب الترشيح للمناصب العليا مدير(ة) المركز الوطني للامتحا...
2026-07-21 15:57:58,729 [INFO]   [DÉJÀ VU] فتح باب الترشيح للمناصب العليا مدير المعهد العالي للدراسات ا...
2026-07-21 15:57:58,729 [INFO]   [DÉJÀ VU] فتح باب الترشيح للمناصب العليا مدير إعداد التراب الوطنيوزارة...
2026-07-21 15:57:58,729 [INFO]   [DÉJÀ VU] فتح باب الترشيح للمناصب العليا مدير الوكالة الحضرية للحسيمةو...
2026-07-21 15:57:58,729 [INFO]   [DÉJÀ VU] فتح باب الترشيح للمناصب العليا مدير الوكالة الحضرية للعرائشو...
2026-07-21 15:57:58,729 [INFO]   [DÉJÀ VU] فتح باب الترشيح للمناصب العليا مدير(ة) الشؤون العامةوزارة ال...
2026-07-21 15:57:58,729 [INFO] Page 2/3
2026-07-21 15:57:58,729 [INFO] Scraping page: https://www.emploi-public.ma/ar/قائمة-المناصب-العليا?page=1
2026-07-21 15:57:59,625 [INFO]   → 9 annonces trouvées sur cette page
2026-07-21 15:57:59,625 [INFO]   [DÉJÀ VU] فتح باب الترشيح للمناصب العليا مدير الانظمة والدراسات التاري...
2026-07-21 15:57:59,626 [INFO]   [DÉJÀ VU] فتح باب الترشيح للمناصب العليا مدير الشبابوزارة الشباب والثق...
2026-07-21 15:57:59,626 [INFO]   [DÉJÀ VU] فتح باب الترشيح للمناصب العليا مدير مؤسسة النهوض بالأعمال ال...
2026-07-21 15:57:59,626 [INFO]   [DÉJÀ VU] فتح باب الترشيح للمناصب العليا مدير(ة) المركز الوطني للامتحا...
2026-07-21 15:57:59,626 [INFO]   [DÉJÀ VU] فتح باب الترشيح للمناصب العليا مدير المعهد العالي للدراسات ا...
2026-07-21 15:57:59,626 [INFO]   [DÉJÀ VU] فتح باب الترشيح للمناصب العليا مدير إعداد التراب الوطنيوزارة...
2026-07-21 15:57:59,626 [INFO]   [DÉJÀ VU] فتح باب الترشيح للمناصب العليا مدير الوكالة الحضرية للحسيمةو...
2026-07-21 15:57:59,626 [INFO]   [DÉJÀ VU] فتح باب الترشيح للمناصب العليا مدير الوكالة الحضرية للعرائشو...
2026-07-21 15:57:59,626 [INFO]   [DÉJÀ VU] فتح باب الترشيح للمناصب العليا مدير(ة) الشؤون العامةوزارة ال...
2026-07-21 15:57:59,626 [INFO] Page 3/3
2026-07-21 15:57:59,626 [INFO] Scraping page: https://www.emploi-public.ma/ar/قائمة-المناصب-العليا?page=2
2026-07-21 15:58:00,550 [INFO]   → 12 annonces trouvées sur cette page
2026-07-21 15:58:00,551 [INFO]   [DÉJÀ VU] فتح باب الترشيح للمناصب العليا مدير(ة) المعهد الملكي لتكوين ...
2026-07-21 15:58:00,551 [INFO]   [DÉJÀ VU] فتح باب الترشيح للمناصب العليا مدير مدرسة علوم المعلوماتالمن...
2026-07-21 15:58:00,552 [INFO]   [DÉJÀ VU] فتح باب الترشيح للمناصب العليا منصب مدير تشريعات البنيات الأ...
2026-07-21 15:58:00,552 [INFO]   [DÉJÀ VU] فتح باب الترشيح للمناصب العليا مدير تشريعات الحكامة والحقوق ...
2026-07-21 15:58:00,552 [INFO]   [DÉJÀ VU] فتح باب الترشيح للمناصب العليا عميد كلية الطب والصيدلة بالرب...
2026-07-21 15:58:00,552 [INFO]   [DÉJÀ VU] فتح باب الترشيح للمناصب العليا مدير المدرسة المحمدية للمهندس...
2026-07-21 15:58:00,552 [INFO]   [DÉJÀ VU] فتح باب الترشيح للمناصب العليا منصب مدير(ة) المركز الجهوي لم...
2026-07-21 15:58:00,552 [INFO]   [DÉJÀ VU] فتح باب الترشيح للمناصب العليا مدير الانظمة والدراسات التاري...
2026-07-21 15:58:00,552 [INFO]   [DÉJÀ VU] فتح باب الترشيح للمناصب العليا المدير(ة) العام(ة) لتنظيم الح...
2026-07-21 15:58:00,552 [INFO]   [DÉJÀ VU] مدير مؤسسة النهوض بالأعمال الاجتماعية لفائدة موظفي وأعوان وز...
2026-07-21 15:58:00,552 [INFO]   [DÉJÀ VU] مدير الشبابوزارة الشباب والثقافة والتواصل - قطاع الشبابالإعل...
2026-07-21 15:58:00,552 [INFO]   [DÉJÀ VU] مدير المعهد العالي للدراسات البحريةوزارة النقل واللوجيستيكال...
2026-07-21 15:58:00,552 [INFO] 
--- Catégorie: المباريات ---
2026-07-21 15:58:00,552 [INFO] Page 1/3
2026-07-21 15:58:00,552 [INFO] Scraping page: https://www.emploi-public.ma/ar/قائمة-المباريات
2026-07-21 15:58:01,688 [INFO]   → 13 annonces trouvées sur cette page
2026-07-21 15:58:01,689 [INFO]   [DÉJÀ VU] مباراة لتوظيف مساعد تقني من الدرجة الثانيةوزارة النقل واللوج...
2026-07-21 15:58:01,689 [INFO]   [DÉJÀ VU] مباراة لتوظيف أستاذ محاضر من الدرجة أ - سلم 11وزارة الشباب و...
2026-07-21 15:58:01,689 [INFO]   [DÉJÀ VU] مباراة لتوظيف متصرف من الدرجة الثانية - سلم 11وزارة السياحة ...
2026-07-21 15:58:01,689 [INFO]   [DÉJÀ VU] مباراة لتوظيف متصرف من الدرجة الثالثة - سلم 10وزارة الشباب و...
2026-07-21 15:58:01,689 [INFO]   [DÉJÀ VU] مباراة لتوظيف طبيب من الدرجة الأولى - سلم 11وزارة الصحة والح...
2026-07-21 15:58:01,689 [INFO]   [DÉJÀ VU] مباراة لتوظيف أستاذ محاضر من الدرجة أ - سلم 11وزارة التضامن ...
2026-07-21 15:58:01,689 [INFO]   [DÉJÀ VU] مباراة لتوظيف تقني من الدرجة الثالثة - سلم 9وزارة التضامن وا...
2026-07-21 15:58:01,689 [INFO]   [DÉJÀ VU] مباراة لتوظيف متصرف من الدرجة الثالثة - سلم 10وزارة التضامن ...
2026-07-21 15:58:01,689 [INFO]   [DÉJÀ VU] مباراة لتوظيف متصرف من الدرجة الثانية - سلم 11وزارة التضامن ...
2026-07-21 15:58:01,689 [INFO]   [DÉJÀ VU] اطار في الموارد البشرية2 أيام متبقيةالوكالة الوطنية للموانئا...
2026-07-21 15:58:01,689 [INFO]   [DÉJÀ VU] إطار في تدبير أمن الأنظمة المعلوماتية2 أيام متبقيةالوكالة ال...
2026-07-21 15:58:01,689 [INFO]   [DÉJÀ VU] مساعد(ة) إداري(ة)2 أيام متبقيةالوكالة الوطنية للموانئالإعلان...
2026-07-21 15:58:01,689 [INFO]   [DÉJÀ VU] إطار عالي Chargé(e) de Contentieux2 أيام متبقيةصندوق الإيداع...
2026-07-21 15:58:01,689 [INFO] Page 2/3
2026-07-21 15:58:01,689 [INFO] Scraping page: https://www.emploi-public.ma/ar/قائمة-المباريات?page=1
2026-07-21 15:58:05,608 [INFO]   → 13 annonces trouvées sur cette page
2026-07-21 15:58:05,609 [INFO]   [DÉJÀ VU] مباراة لتوظيف مساعد تقني من الدرجة الثانيةوزارة النقل واللوج...
2026-07-21 15:58:05,609 [INFO]   [DÉJÀ VU] مباراة لتوظيف أستاذ محاضر من الدرجة أ - سلم 11وزارة الشباب و...
2026-07-21 15:58:05,609 [INFO]   [DÉJÀ VU] مباراة لتوظيف متصرف من الدرجة الثانية - سلم 11وزارة السياحة ...
2026-07-21 15:58:05,609 [INFO]   [DÉJÀ VU] مباراة لتوظيف متصرف من الدرجة الثالثة - سلم 10وزارة الشباب و...
2026-07-21 15:58:05,609 [INFO]   [DÉJÀ VU] مباراة لتوظيف طبيب من الدرجة الأولى - سلم 11وزارة الصحة والح...
2026-07-21 15:58:05,609 [INFO]   [DÉJÀ VU] مباراة لتوظيف أستاذ محاضر من الدرجة أ - سلم 11وزارة التضامن ...
2026-07-21 15:58:05,609 [INFO]   [DÉJÀ VU] مباراة لتوظيف تقني من الدرجة الثالثة - سلم 9وزارة التضامن وا...
2026-07-21 15:58:05,609 [INFO]   [DÉJÀ VU] مباراة لتوظيف متصرف من الدرجة الثالثة - سلم 10وزارة التضامن ...
2026-07-21 15:58:05,609 [INFO]   [DÉJÀ VU] مباراة لتوظيف متصرف من الدرجة الثانية - سلم 11وزارة التضامن ...
2026-07-21 15:58:05,609 [INFO]   [DÉJÀ VU] اطار في الموارد البشرية2 أيام متبقيةالوكالة الوطنية للموانئا...
2026-07-21 15:58:05,609 [INFO]   [DÉJÀ VU] إطار في تدبير أمن الأنظمة المعلوماتية2 أيام متبقيةالوكالة ال...
2026-07-21 15:58:05,609 [INFO]   [DÉJÀ VU] مساعد(ة) إداري(ة)2 أيام متبقيةالوكالة الوطنية للموانئالإعلان...
2026-07-21 15:58:05,609 [INFO]   [DÉJÀ VU] إطار عالي Chargé(e) de Contentieux2 أيام متبقيةصندوق الإيداع...
2026-07-21 15:58:05,609 [INFO] Page 3/3
2026-07-21 15:58:05,609 [INFO] Scraping page: https://www.emploi-public.ma/ar/قائمة-المباريات?page=2
2026-07-21 15:58:06,711 [INFO]   → 13 annonces trouvées sur cette page
2026-07-21 15:58:06,712 [INFO]   [DÉJÀ VU] مباراة لتوظيف طبيب من الدرجة الأولى - سلم 11وزارة الصحة والح...
2026-07-21 15:58:06,712 [INFO]   [DÉJÀ VU] مباراة لتوظيف مهندس دولة من الدرجة الأولى - سلم 11وزارة الفل...
2026-07-21 15:58:06,712 [INFO]   [DÉJÀ VU] مباراة لتوظيف متصرف من الدرجة الثانية - سلم 11وزارة الفلاحة ...
2026-07-21 15:58:06,712 [INFO]   [DÉJÀ VU] مباراة لتوظيف تقني من الدرجة الثالثة - سلم 9وزارة الفلاحة وا...
2026-07-21 15:58:06,712 [INFO]   [DÉJÀ VU] مباراة لتوظيف متصرف من الدرجة الثالثة - سلم 10وزارة الفلاحة ...
2026-07-21 15:58:06,712 [INFO]   [DÉJÀ VU] لائحة المدعوين لإجراء الاختبار الكتابي لمباراة توظيف جراح أس...
2026-07-21 15:58:06,712 [INFO]   [DÉJÀ VU] لائحة المدعوين لإجراء الاختبار الكتابي لمباراة توظيف صيدلي م...
2026-07-21 15:58:06,712 [INFO]   [DÉJÀ VU] لائحة المدعوين لإجراء الاختبار الكتابي لمباراة توظيف طبيب من...
2026-07-21 15:58:06,712 [INFO]   [DÉJÀ VU] لائحة المدعوين لإجراء الاختبار الكتابي لمباراة توظيف تقني من...
2026-07-21 15:58:06,712 [INFO]   [DÉJÀ VU] اطار في الموارد البشرية2 أيام متبقيةالوكالة الوطنية للموانئا...
2026-07-21 15:58:06,713 [INFO]   [DÉJÀ VU] إطار في تدبير أمن الأنظمة المعلوماتية2 أيام متبقيةالوكالة ال...
2026-07-21 15:58:06,713 [INFO]   [DÉJÀ VU] مساعد(ة) إداري(ة)2 أيام متبقيةالوكالة الوطنية للموانئالإعلان...
2026-07-21 15:58:06,713 [INFO]   [DÉJÀ VU] إطار عالي Chargé(e) de Contentieux2 أيام متبقيةصندوق الإيداع...
2026-07-21 15:58:06,713 [INFO] 
--- Catégorie: تشغيل الخبراء ---
2026-07-21 15:58:06,713 [INFO] Page 1/3
2026-07-21 15:58:06,713 [INFO] Scraping page: https://www.emploi-public.ma/ar/قائمة-تشغيل-الخبراء
2026-07-21 15:58:07,805 [INFO]   → 9 annonces trouvées sur cette page
2026-07-21 15:58:07,806 [INFO]   [DÉJÀ VU] فتح باب الترشيح لمنصب خبير في الشؤون القانونيةوزارة الفلاحة ...
2026-07-21 15:58:07,807 [INFO]   [DÉJÀ VU] فتح باب الترشيح لمنصب خبيروزارة الداخليةالإعلانآخر أجل لإيدا...
2026-07-21 15:58:07,807 [INFO]   [DÉJÀ VU] فتح باب الترشيح لمنصب خبيروزارة الداخليةالإعلانآخر أجل لإيدا...
2026-07-21 15:58:07,807 [INFO]   [DÉJÀ VU] فتح باب الترشيح لمنصب خبير متعاقدوزارة السياحة والصناعة التق...
2026-07-21 15:58:07,807 [INFO]   [DÉJÀ VU] فتح باب الترشيح لمنصب خبيروزارة الداخليةالإعلانآخر أجل لإيدا...
2026-07-21 15:58:07,807 [INFO]   [DÉJÀ VU] فتح باب الترشيح لمنصب خبير في مجال الملاحة التجاريةوزارة الن...
2026-07-21 15:58:07,807 [INFO]   [DÉJÀ VU] فتح باب الترشيح لمنصب خبير في مجال التفاوض والسياسة التجارية...
2026-07-21 15:58:07,807 [INFO]   [DÉJÀ VU] فتح باب الترشيح لمنصب خبيروزارة الداخليةالإعلانآخر أجل لإيدا...
2026-07-21 15:58:07,807 [INFO]   [DÉJÀ VU] فتح باب الترشيح لمنصب خبيروزارة الشباب والثقافة والتواصل - ق...
2026-07-21 15:58:07,807 [INFO] Page 2/3
2026-07-21 15:58:07,807 [INFO] Scraping page: https://www.emploi-public.ma/ar/قائمة-تشغيل-الخبراء?page=1
2026-07-21 15:58:09,405 [INFO]   → 9 annonces trouvées sur cette page
2026-07-21 15:58:09,406 [INFO]   [DÉJÀ VU] فتح باب الترشيح لمنصب خبير في الشؤون القانونيةوزارة الفلاحة ...
2026-07-21 15:58:09,406 [INFO]   [DÉJÀ VU] فتح باب الترشيح لمنصب خبيروزارة الداخليةالإعلانآخر أجل لإيدا...
2026-07-21 15:58:09,406 [INFO]   [DÉJÀ VU] فتح باب الترشيح لمنصب خبيروزارة الداخليةالإعلانآخر أجل لإيدا...
2026-07-21 15:58:09,406 [INFO]   [DÉJÀ VU] فتح باب الترشيح لمنصب خبير متعاقدوزارة السياحة والصناعة التق...
2026-07-21 15:58:09,406 [INFO]   [DÉJÀ VU] فتح باب الترشيح لمنصب خبيروزارة الداخليةالإعلانآخر أجل لإيدا...
2026-07-21 15:58:09,406 [INFO]   [DÉJÀ VU] فتح باب الترشيح لمنصب خبير في مجال الملاحة التجاريةوزارة الن...
2026-07-21 15:58:09,406 [INFO]   [DÉJÀ VU] فتح باب الترشيح لمنصب خبير في مجال التفاوض والسياسة التجارية...
2026-07-21 15:58:09,406 [INFO]   [DÉJÀ VU] فتح باب الترشيح لمنصب خبيروزارة الداخليةالإعلانآخر أجل لإيدا...
2026-07-21 15:58:09,406 [INFO]   [DÉJÀ VU] فتح باب الترشيح لمنصب خبيروزارة الشباب والثقافة والتواصل - ق...
2026-07-21 15:58:09,406 [INFO] Page 3/3
2026-07-21 15:58:09,406 [INFO] Scraping page: https://www.emploi-public.ma/ar/قائمة-تشغيل-الخبراء?page=2
2026-07-21 15:58:10,707 [INFO]   → 9 annonces trouvées sur cette page
2026-07-21 15:58:10,708 [INFO]   [DÉJÀ VU] فتح باب الترشيح لمنصب خبير في المجالات المرتبطة بتطوير آليات...
2026-07-21 15:58:10,708 [INFO]   [DÉJÀ VU] فتح باب الترشيح لمنصب خبيروزارة الداخليةالإعلانآخر أجل لإيدا...
2026-07-21 15:58:10,708 [INFO]   [DÉJÀ VU] فتح باب الترشيح لمنصب خبير في مجال حكامة المؤسسات والمنشآت ا...
2026-07-21 15:58:10,708 [INFO]   [DÉJÀ VU] فتح باب الترشيح لمنصب خبير بموجب عقدوزارة الصحة والحماية الا...
2026-07-21 15:58:10,709 [INFO]   [DÉJÀ VU] لائحة الناجحين لمنصب خبير في مجال التقييم ومنح التراخيصالوكا...
2026-07-21 15:58:10,709 [INFO]   [DÉJÀ VU] لائحة الناجحين لمنصب خبيرفي مجال مراقبة الجودة الدوائيةالوكا...
2026-07-21 15:58:10,709 [INFO]   [DÉJÀ VU] فتح باب الترشيح لمنصب خبير في التنسيق المؤسساتي والتعاون الد...
2026-07-21 15:58:10,709 [INFO]   [DÉJÀ VU] لائحة الناجحين لمنصب خبير مكلف بقيادة إنجاز دراسات وأشغال مل...
2026-07-21 15:58:10,709 [INFO]   [DÉJÀ VU] فتح باب الترشيح لمنصب خبير بموجب عقدوزارة الصناعة والتجارةال...
2026-07-21 15:58:10,709 [INFO] 
============================================================
2026-07-21 15:58:10,709 [INFO] RÉSUMÉ
2026-07-21 15:58:10,709 [INFO] ============================================================
2026-07-21 15:58:10,709 [INFO] Annonces traitées: 135
2026-07-21 15:58:10,709 [INFO] Dates en cours: 0
2026-07-21 15:58:10,709 [INFO] Dates expirées: 0
2026-07-21 15:58:10,709 [INFO] PDF lus: 0
2026-07-21 15:58:10,709 [INFO] Match région: 0
2026-07-21 15:58:10,709 [INFO] Nouveaux résultats: 0
2026-07-21 15:58:10,709 [INFO] Total résultats en base: 0
2026-07-21 15:58:12,294 [INFO] Email envoyé à cavalkhalid@gmail.com
2026-07-21 15:58:12,294 [INFO] 
Scraper terminé.
2026-07-22 10:20:16,048 [INFO] ============================================================
2026-07-22 10:20:16,048 [INFO] DÉMARRAGE DU SCRAPER emploi-public.ma (AR)
2026-07-22 10:20:16,048 [INFO] Date: 2026-07-22 10:20:16
2026-07-22 10:20:16,048 [INFO] ============================================================
2026-07-22 10:20:16,049 [INFO] Annonces déjà traitées: 80
2026-07-22 10:20:16,049 [INFO] 
--- Catégorie: مناصب المسؤولية ---
2026-07-22 10:20:16,049 [INFO] Page 1/3
2026-07-22 10:20:16,049 [INFO] Scraping page: https://www.emploi-public.ma/ar/قائمة-مناصب-المسؤولية
2026-07-22 10:20:17,951 [INFO]   → 13 annonces trouvées sur cette page
2026-07-22 10:20:17,953 [INFO]   Détails: https://www.emploi-public.ma/ar/%D8%AA%D9%81%D8%A7%D8%B5%D9%8A%D9%84/%D9%85%D9%86%D8%A7%D8%B5%D8%A8-%D8%A7%D9%84%D9%85%D8%B3%D8%A4%D9%88%D9%84%D9%8A%D8%A9/881fad78-1510-43dd-a038-743c67dd20f8
2026-07-22 10:20:18,773 [INFO]     PDF trouvé: قرار فتح باب الترشيح (score: 25)
2026-07-22 10:20:18,775 [INFO]   [EXPIRÉE] لائحة المدعوين لاجتياز اختبار الترشيح ل مناصب المسؤولية ب وز... → 2026-04-24
2026-07-22 10:20:18,775 [INFO]   Détails: https://www.emploi-public.ma/ar/%D8%AA%D9%81%D8%A7%D8%B5%D9%8A%D9%84/%D9%85%D9%86%D8%A7%D8%B5%D8%A8-%D8%A7%D9%84%D9%85%D8%B3%D8%A4%D9%88%D9%84%D9%8A%D8%A9/dd4ef999-edb7-4d73-a51f-f94527df58d6
2026-07-22 10:20:19,563 [INFO]     PDF trouvé: قرار فتح باب الترشيح (score: 25)
2026-07-22 10:20:19,564 [INFO]   [EN COURS] فتح باب الترشيح ل مناصب المسؤولية ب وزارة الفلاحة والصيد الب... → 2026-08-03
2026-07-22 10:20:19,565 [INFO]     → PDF: https://www.emploi-public.ma/ar/%D8%AA%D8%AD%D9%85%D9%8A%D9%84/%D9%85%D9%86%D8%A7%D8%B5%D8%A8-%D8%A7%D9%84%D9%85%D8%B3%D8%A4%D9%88%D9%84%D9%8A%D8%A9/arrete/dd4ef999-edb7-4d73-a51f-f94527df58d6
2026-07-22 10:20:20,683 [INFO]     → Pas de match région
2026-07-22 10:20:20,683 [INFO]   [DÉJÀ VU] لائحة الناجحين في مناصب المسؤولية ب وزارة الداخليةوزارة الدا...
2026-07-22 10:20:20,683 [INFO]   [DÉJÀ VU] لائحة الناجحين في مناصب المسؤولية ب وزارة التجهيز والماءوزار...
2026-07-22 10:20:20,683 [INFO]   [DÉJÀ VU] فتح باب الترشيح ل مناصب المسؤولية ب المجلس الوطني لحقوق الإن...
2026-07-22 10:20:20,683 [INFO]   [DÉJÀ VU] لائحة المدعوين لاجتياز اختبار الترشيح ل مناصب المسؤولية ب ال...
2026-07-22 10:20:20,683 [INFO]   [DÉJÀ VU] لائحة الناجحين في مناصب المسؤولية ب وزارة التجهيز والماءوزار...
2026-07-22 10:20:20,683 [INFO]   [DÉJÀ VU] لائحة الناجحين في مناصب المسؤولية ب وزارة الداخلية -عمالة مر...
2026-07-22 10:20:20,683 [INFO]   [DÉJÀ VU] فتح باب الترشيح ل مناصب المسؤولية ب المندوبية العامة لإدارة ...
2026-07-22 10:20:20,683 [INFO]   Détails: https://www.emploi-public.ma/ar/%D8%AA%D9%81%D8%A7%D8%B5%D9%8A%D9%84/%D9%85%D9%86%D8%A7%D8%B5%D8%A8-%D8%A7%D9%84%D9%85%D8%B3%D8%A4%D9%88%D9%84%D9%8A%D8%A9/6f22a67d-5879-42dd-bdeb-9f810acb5368
2026-07-22 10:20:21,352 [INFO]     PDF trouvé: قرار فتح باب الترشيح (score: 25)
2026-07-22 10:20:21,353 [INFO]   [EN COURS] رئيس قسم منطقة إفريقيا (RH 27/2026)مكتب التكوين المهني وإنعا... → 2026-07-23
2026-07-22 10:20:21,353 [INFO]     → PDF: https://www.emploi-public.ma/ar/%D8%AA%D8%AD%D9%85%D9%8A%D9%84/%D9%85%D9%86%D8%A7%D8%B5%D8%A8-%D8%A7%D9%84%D9%85%D8%B3%D8%A4%D9%88%D9%84%D9%8A%D8%A9/arrete/6f22a67d-5879-42dd-bdeb-9f810acb5368
2026-07-22 10:20:22,666 [INFO]     → Pas de match région
2026-07-22 10:20:22,666 [INFO]   Détails: https://www.emploi-public.ma/ar/%D8%AA%D9%81%D8%A7%D8%B5%D9%8A%D9%84/%D9%85%D9%86%D8%A7%D8%B5%D8%A8-%D8%A7%D9%84%D9%85%D8%B3%D8%A4%D9%88%D9%84%D9%8A%D8%A9/6d6ddf45-6677-4887-a331-e9889f895e03
2026-07-22 10:20:23,358 [INFO]     PDF trouvé: قرار فتح باب الترشيح (score: 25)
2026-07-22 10:20:23,360 [INFO]   [EN COURS] مسؤول مشروع المباني والمنشآت الفنيةشركة القنيطرة للتهيئة وال... → 2026-07-23
2026-07-22 10:20:23,360 [INFO]     → PDF: https://www.emploi-public.ma/ar/%D8%AA%D8%AD%D9%85%D9%8A%D9%84/%D9%85%D9%86%D8%A7%D8%B5%D8%A8-%D8%A7%D9%84%D9%85%D8%B3%D8%A4%D9%88%D9%84%D9%8A%D8%A9/arrete/6d6ddf45-6677-4887-a331-e9889f895e03
2026-07-22 10:20:24,728 [INFO]     → Pas de match région
2026-07-22 10:20:24,728 [INFO]   Détails: https://www.emploi-public.ma/ar/%D8%AA%D9%81%D8%A7%D8%B5%D9%8A%D9%84/%D9%85%D9%86%D8%A7%D8%B5%D8%A8-%D8%A7%D9%84%D9%85%D8%B3%D8%A4%D9%88%D9%84%D9%8A%D8%A9/4dcaf1d4-e6c5-4dd7-b91e-18cdd4551d3a
2026-07-22 10:20:26,169 [INFO]     PDF trouvé: قرار فتح باب الترشيح (score: 25)
2026-07-22 10:20:26,171 [INFO]   [EN COURS] مدقق الداخليالدار البيضاء للبيئةالإعلانآخر أجل لإيداع ملفات ... → 2026-07-23
2026-07-22 10:20:26,171 [INFO]     → PDF: https://www.emploi-public.ma/ar/%D8%AA%D8%AD%D9%85%D9%8A%D9%84/%D9%85%D9%86%D8%A7%D8%B5%D8%A8-%D8%A7%D9%84%D9%85%D8%B3%D8%A4%D9%88%D9%84%D9%8A%D8%A9/arrete/4dcaf1d4-e6c5-4dd7-b91e-18cdd4551d3a
2026-07-22 10:20:27,733 [INFO]     → Pas de match région
2026-07-22 10:20:27,733 [INFO]   Détails: https://www.emploi-public.ma/ar/%D8%AA%D9%81%D8%A7%D8%B5%D9%8A%D9%84/%D9%85%D9%86%D8%A7%D8%B5%D8%A8-%D8%A7%D9%84%D9%85%D8%B3%D8%A4%D9%88%D9%84%D9%8A%D8%A9/2311c87e-8950-4206-aea6-b5cf964865bd
2026-07-22 10:20:28,416 [INFO]     PDF trouvé: قرار فتح باب الترشيح (score: 25)
2026-07-22 10:20:28,418 [INFO]   [EN COURS] محاسبالدار البيضاء للبيئةالإعلانآخر أجل لإيداع ملفات الترشيح... → 2026-07-23
2026-07-22 10:20:28,418 [INFO]     → PDF: https://www.emploi-public.ma/ar/%D8%AA%D8%AD%D9%85%D9%8A%D9%84/%D9%85%D9%86%D8%A7%D8%B5%D8%A8-%D8%A7%D9%84%D9%85%D8%B3%D8%A4%D9%88%D9%84%D9%8A%D8%A9/arrete/2311c87e-8950-4206-aea6-b5cf964865bd
2026-07-22 10:20:29,421 [INFO]     → Pas de match région
2026-07-22 10:20:29,421 [INFO] Page 2/3
2026-07-22 10:20:29,421 [INFO] Scraping page: https://www.emploi-public.ma/ar/قائمة-مناصب-المسؤولية?page=1
2026-07-22 10:20:30,232 [INFO]   → 13 annonces trouvées sur cette page
2026-07-22 10:20:30,233 [INFO]   [DÉJÀ VU] لائحة المدعوين لاجتياز اختبار الترشيح ل مناصب المسؤولية ب وز...
2026-07-22 10:20:30,233 [INFO]   [DÉJÀ VU] فتح باب الترشيح ل مناصب المسؤولية ب وزارة الفلاحة والصيد الب...
2026-07-22 10:20:30,233 [INFO]   [DÉJÀ VU] لائحة الناجحين في مناصب المسؤولية ب وزارة الداخليةوزارة الدا...
2026-07-22 10:20:30,234 [INFO]   [DÉJÀ VU] لائحة الناجحين في مناصب المسؤولية ب وزارة التجهيز والماءوزار...
2026-07-22 10:20:30,234 [INFO]   [DÉJÀ VU] فتح باب الترشيح ل مناصب المسؤولية ب المجلس الوطني لحقوق الإن...
2026-07-22 10:20:30,234 [INFO]   [DÉJÀ VU] لائحة المدعوين لاجتياز اختبار الترشيح ل مناصب المسؤولية ب ال...
2026-07-22 10:20:30,234 [INFO]   [DÉJÀ VU] لائحة الناجحين في مناصب المسؤولية ب وزارة التجهيز والماءوزار...
2026-07-22 10:20:30,234 [INFO]   [DÉJÀ VU] لائحة الناجحين في مناصب المسؤولية ب وزارة الداخلية -عمالة مر...
2026-07-22 10:20:30,234 [INFO]   [DÉJÀ VU] فتح باب الترشيح ل مناصب المسؤولية ب المندوبية العامة لإدارة ...
2026-07-22 10:20:30,234 [INFO]   [DÉJÀ VU] رئيس قسم منطقة إفريقيا (RH 27/2026)مكتب التكوين المهني وإنعا...
2026-07-22 10:20:30,234 [INFO]   [DÉJÀ VU] مسؤول مشروع المباني والمنشآت الفنيةشركة القنيطرة للتهيئة وال...
2026-07-22 10:20:30,234 [INFO]   [DÉJÀ VU] مدقق الداخليالدار البيضاء للبيئةالإعلانآخر أجل لإيداع ملفات ...
2026-07-22 10:20:30,234 [INFO]   [DÉJÀ VU] محاسبالدار البيضاء للبيئةالإعلانآخر أجل لإيداع ملفات الترشيح...
2026-07-22 10:20:30,234 [INFO] Page 3/3
2026-07-22 10:20:30,234 [INFO] Scraping page: https://www.emploi-public.ma/ar/قائمة-مناصب-المسؤولية?page=2
2026-07-22 10:20:31,004 [INFO]   → 13 annonces trouvées sur cette page
2026-07-22 10:20:31,005 [INFO]   [DÉJÀ VU] فتح باب الترشيح ل مناصب المسؤولية ب وزارة الشباب والثقافة وا...
2026-07-22 10:20:31,005 [INFO]   [DÉJÀ VU] فتح باب الترشيح ل مناصب المسؤولية ب وزارة الداخلية - عمالة ا...
2026-07-22 10:20:31,005 [INFO]   [DÉJÀ VU] فتح باب الترشيح ل مناصب المسؤولية ب وزارة الشباب والثقافة وا...
2026-07-22 10:20:31,005 [INFO]   [DÉJÀ VU] فتح باب الترشيح ل مناصب المسؤولية ب وزارة الشباب والثقافة وا...
2026-07-22 10:20:31,005 [INFO]   [DÉJÀ VU] فتح باب الترشيح ل مناصب المسؤولية ب وزارة الشباب والثقافة وا...
2026-07-22 10:20:31,005 [INFO]   [DÉJÀ VU] فتح باب الترشيح ل مناصب المسؤولية ب وزارة الشباب والثقافة وا...
2026-07-22 10:20:31,005 [INFO]   [DÉJÀ VU] فتح باب الترشيح ل مناصب المسؤولية ب وزارة الشباب والثقافة وا...
2026-07-22 10:20:31,005 [INFO]   [DÉJÀ VU] فتح باب الترشيح ل مناصب المسؤولية ب وزارة الاقتصاد والماليةو...
2026-07-22 10:20:31,006 [INFO]   [DÉJÀ VU] فتح باب الترشيح ل مناصب المسؤولية ب وزارة الداخلية -عمالة إق...
2026-07-22 10:20:31,006 [INFO]   [DÉJÀ VU] رئيس قسم منطقة إفريقيا (RH 27/2026)مكتب التكوين المهني وإنعا...
2026-07-22 10:20:31,006 [INFO]   [DÉJÀ VU] مسؤول مشروع المباني والمنشآت الفنيةشركة القنيطرة للتهيئة وال...
2026-07-22 10:20:31,006 [INFO]   [DÉJÀ VU] مدقق الداخليالدار البيضاء للبيئةالإعلانآخر أجل لإيداع ملفات ...
2026-07-22 10:20:31,006 [INFO]   [DÉJÀ VU] محاسبالدار البيضاء للبيئةالإعلانآخر أجل لإيداع ملفات الترشيح...
2026-07-22 10:20:31,006 [INFO] 
--- Catégorie: المناصب العليا ---
2026-07-22 10:20:31,006 [INFO] Page 1/3
2026-07-22 10:20:31,006 [INFO] Scraping page: https://www.emploi-public.ma/ar/قائمة-المناصب-العليا
2026-07-22 10:20:31,735 [INFO]   → 9 annonces trouvées sur cette page
2026-07-22 10:20:31,736 [INFO]   [DÉJÀ VU] فتح باب الترشيح للمناصب العليا مدير الانظمة والدراسات التاري...
2026-07-22 10:20:31,736 [INFO]   [DÉJÀ VU] فتح باب الترشيح للمناصب العليا مدير الشبابوزارة الشباب والثق...
2026-07-22 10:20:31,736 [INFO]   [DÉJÀ VU] فتح باب الترشيح للمناصب العليا مدير مؤسسة النهوض بالأعمال ال...
2026-07-22 10:20:31,736 [INFO]   [DÉJÀ VU] فتح باب الترشيح للمناصب العليا مدير(ة) المركز الوطني للامتحا...
2026-07-22 10:20:31,736 [INFO]   [DÉJÀ VU] فتح باب الترشيح للمناصب العليا مدير المعهد العالي للدراسات ا...
2026-07-22 10:20:31,736 [INFO]   [DÉJÀ VU] فتح باب الترشيح للمناصب العليا مدير إعداد التراب الوطنيوزارة...
2026-07-22 10:20:31,736 [INFO]   [DÉJÀ VU] فتح باب الترشيح للمناصب العليا مدير الوكالة الحضرية للحسيمةو...
2026-07-22 10:20:31,736 [INFO]   [DÉJÀ VU] فتح باب الترشيح للمناصب العليا مدير الوكالة الحضرية للعرائشو...
2026-07-22 10:20:31,736 [INFO]   [DÉJÀ VU] فتح باب الترشيح للمناصب العليا مدير(ة) الشؤون العامةوزارة ال...
2026-07-22 10:20:31,737 [INFO] Page 2/3
2026-07-22 10:20:31,737 [INFO] Scraping page: https://www.emploi-public.ma/ar/قائمة-المناصب-العليا?page=1
2026-07-22 10:20:32,646 [INFO]   → 9 annonces trouvées sur cette page
2026-07-22 10:20:32,648 [INFO]   [DÉJÀ VU] فتح باب الترشيح للمناصب العليا مدير الانظمة والدراسات التاري...
2026-07-22 10:20:32,648 [INFO]   [DÉJÀ VU] فتح باب الترشيح للمناصب العليا مدير الشبابوزارة الشباب والثق...
2026-07-22 10:20:32,648 [INFO]   [DÉJÀ VU] فتح باب الترشيح للمناصب العليا مدير مؤسسة النهوض بالأعمال ال...
2026-07-22 10:20:32,648 [INFO]   [DÉJÀ VU] فتح باب الترشيح للمناصب العليا مدير(ة) المركز الوطني للامتحا...
2026-07-22 10:20:32,648 [INFO]   [DÉJÀ VU] فتح باب الترشيح للمناصب العليا مدير المعهد العالي للدراسات ا...
2026-07-22 10:20:32,648 [INFO]   [DÉJÀ VU] فتح باب الترشيح للمناصب العليا مدير إعداد التراب الوطنيوزارة...
2026-07-22 10:20:32,648 [INFO]   [DÉJÀ VU] فتح باب الترشيح للمناصب العليا مدير الوكالة الحضرية للحسيمةو...
2026-07-22 10:20:32,648 [INFO]   [DÉJÀ VU] فتح باب الترشيح للمناصب العليا مدير الوكالة الحضرية للعرائشو...
2026-07-22 10:20:32,648 [INFO]   [DÉJÀ VU] فتح باب الترشيح للمناصب العليا مدير(ة) الشؤون العامةوزارة ال...
2026-07-22 10:20:32,648 [INFO] Page 3/3
2026-07-22 10:20:32,648 [INFO] Scraping page: https://www.emploi-public.ma/ar/قائمة-المناصب-العليا?page=2
2026-07-22 10:20:34,311 [INFO]   → 12 annonces trouvées sur cette page
2026-07-22 10:20:34,312 [INFO]   [DÉJÀ VU] فتح باب الترشيح للمناصب العليا مدير(ة) المعهد الملكي لتكوين ...
2026-07-22 10:20:34,312 [INFO]   [DÉJÀ VU] فتح باب الترشيح للمناصب العليا مدير مدرسة علوم المعلوماتالمن...
2026-07-22 10:20:34,312 [INFO]   [DÉJÀ VU] فتح باب الترشيح للمناصب العليا منصب مدير تشريعات البنيات الأ...
2026-07-22 10:20:34,313 [INFO]   [DÉJÀ VU] فتح باب الترشيح للمناصب العليا مدير تشريعات الحكامة والحقوق ...
2026-07-22 10:20:34,313 [INFO]   [DÉJÀ VU] فتح باب الترشيح للمناصب العليا عميد كلية الطب والصيدلة بالرب...
2026-07-22 10:20:34,313 [INFO]   [DÉJÀ VU] فتح باب الترشيح للمناصب العليا مدير المدرسة المحمدية للمهندس...
2026-07-22 10:20:34,313 [INFO]   [DÉJÀ VU] فتح باب الترشيح للمناصب العليا منصب مدير(ة) المركز الجهوي لم...
2026-07-22 10:20:34,313 [INFO]   [DÉJÀ VU] فتح باب الترشيح للمناصب العليا مدير الانظمة والدراسات التاري...
2026-07-22 10:20:34,313 [INFO]   [DÉJÀ VU] فتح باب الترشيح للمناصب العليا المدير(ة) العام(ة) لتنظيم الح...
2026-07-22 10:20:34,313 [INFO]   [DÉJÀ VU] مدير مؤسسة النهوض بالأعمال الاجتماعية لفائدة موظفي وأعوان وز...
2026-07-22 10:20:34,313 [INFO]   [DÉJÀ VU] مدير الشبابوزارة الشباب والثقافة والتواصل - قطاع الشبابالإعل...
2026-07-22 10:20:34,313 [INFO]   [DÉJÀ VU] مدير المعهد العالي للدراسات البحريةوزارة النقل واللوجيستيكال...
2026-07-22 10:20:34,313 [INFO] 
--- Catégorie: المباريات ---
2026-07-22 10:20:34,313 [INFO] Page 1/3
2026-07-22 10:20:34,313 [INFO] Scraping page: https://www.emploi-public.ma/ar/قائمة-المباريات
2026-07-22 10:20:35,538 [INFO]   → 13 annonces trouvées sur cette page
2026-07-22 10:20:35,539 [INFO]   [DÉJÀ VU] مباراة لتوظيف مساعد تقني من الدرجة الثانيةوزارة النقل واللوج...
2026-07-22 10:20:35,540 [INFO]   [DÉJÀ VU] مباراة لتوظيف أستاذ محاضر من الدرجة أ - سلم 11وزارة الشباب و...
2026-07-22 10:20:35,540 [INFO]   [DÉJÀ VU] مباراة لتوظيف متصرف من الدرجة الثانية - سلم 11وزارة السياحة ...
2026-07-22 10:20:35,540 [INFO]   [DÉJÀ VU] مباراة لتوظيف متصرف من الدرجة الثالثة - سلم 10وزارة الشباب و...
2026-07-22 10:20:35,540 [INFO]   [DÉJÀ VU] مباراة لتوظيف طبيب من الدرجة الأولى - سلم 11وزارة الصحة والح...
2026-07-22 10:20:35,540 [INFO]   [DÉJÀ VU] مباراة لتوظيف أستاذ محاضر من الدرجة أ - سلم 11وزارة التضامن ...
2026-07-22 10:20:35,540 [INFO]   [DÉJÀ VU] مباراة لتوظيف تقني من الدرجة الثالثة - سلم 9وزارة التضامن وا...
2026-07-22 10:20:35,540 [INFO]   [DÉJÀ VU] مباراة لتوظيف متصرف من الدرجة الثالثة - سلم 10وزارة التضامن ...
2026-07-22 10:20:35,540 [INFO]   [DÉJÀ VU] مباراة لتوظيف متصرف من الدرجة الثانية - سلم 11وزارة التضامن ...
2026-07-22 10:20:35,540 [INFO]   [DÉJÀ VU] اطار في الموارد البشرية1 أيام متبقيةالوكالة الوطنية للموانئا...
2026-07-22 10:20:35,540 [INFO]   [DÉJÀ VU] إطار في تدبير أمن الأنظمة المعلوماتية1 أيام متبقيةالوكالة ال...
2026-07-22 10:20:35,540 [INFO]   [DÉJÀ VU] مساعد(ة) إداري(ة)1 أيام متبقيةالوكالة الوطنية للموانئالإعلان...
2026-07-22 10:20:35,540 [INFO]   [DÉJÀ VU] إطار عالي Chargé(e) de Contentieux1 أيام متبقيةصندوق الإيداع...
2026-07-22 10:20:35,540 [INFO] Page 2/3
2026-07-22 10:20:35,540 [INFO] Scraping page: https://www.emploi-public.ma/ar/قائمة-المباريات?page=1
2026-07-22 10:20:37,988 [INFO]   → 13 annonces trouvées sur cette page
2026-07-22 10:20:37,989 [INFO]   [DÉJÀ VU] مباراة لتوظيف مساعد تقني من الدرجة الثانيةوزارة النقل واللوج...
2026-07-22 10:20:37,989 [INFO]   [DÉJÀ VU] مباراة لتوظيف أستاذ محاضر من الدرجة أ - سلم 11وزارة الشباب و...
2026-07-22 10:20:37,989 [INFO]   [DÉJÀ VU] مباراة لتوظيف متصرف من الدرجة الثانية - سلم 11وزارة السياحة ...
2026-07-22 10:20:37,989 [INFO]   [DÉJÀ VU] مباراة لتوظيف متصرف من الدرجة الثالثة - سلم 10وزارة الشباب و...
2026-07-22 10:20:37,989 [INFO]   [DÉJÀ VU] مباراة لتوظيف طبيب من الدرجة الأولى - سلم 11وزارة الصحة والح...
2026-07-22 10:20:37,989 [INFO]   [DÉJÀ VU] مباراة لتوظيف أستاذ محاضر من الدرجة أ - سلم 11وزارة التضامن ...
2026-07-22 10:20:37,989 [INFO]   [DÉJÀ VU] مباراة لتوظيف تقني من الدرجة الثالثة - سلم 9وزارة التضامن وا...
2026-07-22 10:20:37,989 [INFO]   [DÉJÀ VU] مباراة لتوظيف متصرف من الدرجة الثالثة - سلم 10وزارة التضامن ...
2026-07-22 10:20:37,989 [INFO]   [DÉJÀ VU] مباراة لتوظيف متصرف من الدرجة الثانية - سلم 11وزارة التضامن ...
2026-07-22 10:20:37,989 [INFO]   [DÉJÀ VU] اطار في الموارد البشرية1 أيام متبقيةالوكالة الوطنية للموانئا...
2026-07-22 10:20:37,989 [INFO]   [DÉJÀ VU] إطار في تدبير أمن الأنظمة المعلوماتية1 أيام متبقيةالوكالة ال...
2026-07-22 10:20:37,989 [INFO]   [DÉJÀ VU] مساعد(ة) إداري(ة)1 أيام متبقيةالوكالة الوطنية للموانئالإعلان...
2026-07-22 10:20:37,989 [INFO]   [DÉJÀ VU] إطار عالي Chargé(e) de Contentieux1 أيام متبقيةصندوق الإيداع...
2026-07-22 10:20:37,989 [INFO] Page 3/3
2026-07-22 10:20:37,989 [INFO] Scraping page: https://www.emploi-public.ma/ar/قائمة-المباريات?page=2
2026-07-22 10:20:38,963 [INFO]   → 13 annonces trouvées sur cette page
2026-07-22 10:20:38,964 [INFO]   [DÉJÀ VU] مباراة لتوظيف طبيب من الدرجة الأولى - سلم 11وزارة الصحة والح...
2026-07-22 10:20:38,964 [INFO]   [DÉJÀ VU] مباراة لتوظيف مهندس دولة من الدرجة الأولى - سلم 11وزارة الفل...
2026-07-22 10:20:38,964 [INFO]   [DÉJÀ VU] مباراة لتوظيف متصرف من الدرجة الثانية - سلم 11وزارة الفلاحة ...
2026-07-22 10:20:38,964 [INFO]   [DÉJÀ VU] مباراة لتوظيف تقني من الدرجة الثالثة - سلم 9وزارة الفلاحة وا...
2026-07-22 10:20:38,964 [INFO]   [DÉJÀ VU] مباراة لتوظيف متصرف من الدرجة الثالثة - سلم 10وزارة الفلاحة ...
2026-07-22 10:20:38,964 [INFO]   [DÉJÀ VU] لائحة الناجحين في مباراة التوظيف جراح أسنان من الدرجة الأولى...
2026-07-22 10:20:38,964 [INFO]   [DÉJÀ VU] لائحة الناجحين في مباراة التوظيف صيدلي من الدرجة الأولى - سل...
2026-07-22 10:20:38,964 [INFO]   [DÉJÀ VU] لائحة الناجحين في مباراة التوظيف طبيب من الدرجة الأولى - سلم...
2026-07-22 10:20:38,964 [INFO]   [DÉJÀ VU] لائحة المدعوين لإجراء الاختبار الكتابي لمباراة توظيف تقني من...
2026-07-22 10:20:38,964 [INFO]   [DÉJÀ VU] اطار في الموارد البشرية1 أيام متبقيةالوكالة الوطنية للموانئا...
2026-07-22 10:20:38,964 [INFO]   [DÉJÀ VU] إطار في تدبير أمن الأنظمة المعلوماتية1 أيام متبقيةالوكالة ال...
2026-07-22 10:20:38,964 [INFO]   [DÉJÀ VU] مساعد(ة) إداري(ة)1 أيام متبقيةالوكالة الوطنية للموانئالإعلان...
2026-07-22 10:20:38,964 [INFO]   [DÉJÀ VU] إطار عالي Chargé(e) de Contentieux1 أيام متبقيةصندوق الإيداع...
2026-07-22 10:20:38,964 [INFO] 
--- Catégorie: تشغيل الخبراء ---
2026-07-22 10:20:38,964 [INFO] Page 1/3
2026-07-22 10:20:38,964 [INFO] Scraping page: https://www.emploi-public.ma/ar/قائمة-تشغيل-الخبراء
2026-07-22 10:20:39,849 [INFO]   → 9 annonces trouvées sur cette page
2026-07-22 10:20:39,850 [INFO]   [DÉJÀ VU] فتح باب الترشيح لمنصب خبير في الشؤون القانونيةوزارة الفلاحة ...
2026-07-22 10:20:39,850 [INFO]   [DÉJÀ VU] فتح باب الترشيح لمنصب خبيروزارة الداخليةالإعلانآخر أجل لإيدا...
2026-07-22 10:20:39,850 [INFO]   [DÉJÀ VU] فتح باب الترشيح لمنصب خبيروزارة الداخليةالإعلانآخر أجل لإيدا...
2026-07-22 10:20:39,851 [INFO]   [DÉJÀ VU] فتح باب الترشيح لمنصب خبير متعاقدوزارة السياحة والصناعة التق...
2026-07-22 10:20:39,851 [INFO]   [DÉJÀ VU] فتح باب الترشيح لمنصب خبيروزارة الداخليةالإعلانآخر أجل لإيدا...
2026-07-22 10:20:39,851 [INFO]   [DÉJÀ VU] فتح باب الترشيح لمنصب خبير في مجال الملاحة التجاريةوزارة الن...
2026-07-22 10:20:39,851 [INFO]   [DÉJÀ VU] فتح باب الترشيح لمنصب خبير في مجال التفاوض والسياسة التجارية...
2026-07-22 10:20:39,851 [INFO]   [DÉJÀ VU] فتح باب الترشيح لمنصب خبيروزارة الداخليةالإعلانآخر أجل لإيدا...
2026-07-22 10:20:39,851 [INFO]   [DÉJÀ VU] فتح باب الترشيح لمنصب خبيروزارة الشباب والثقافة والتواصل - ق...
2026-07-22 10:20:39,851 [INFO] Page 2/3
2026-07-22 10:20:39,851 [INFO] Scraping page: https://www.emploi-public.ma/ar/قائمة-تشغيل-الخبراء?page=1
2026-07-22 10:20:44,758 [INFO]   → 9 annonces trouvées sur cette page
2026-07-22 10:20:44,759 [INFO]   [DÉJÀ VU] فتح باب الترشيح لمنصب خبير في الشؤون القانونيةوزارة الفلاحة ...
2026-07-22 10:20:44,760 [INFO]   [DÉJÀ VU] فتح باب الترشيح لمنصب خبيروزارة الداخليةالإعلانآخر أجل لإيدا...
2026-07-22 10:20:44,760 [INFO]   [DÉJÀ VU] فتح باب الترشيح لمنصب خبيروزارة الداخليةالإعلانآخر أجل لإيدا...
2026-07-22 10:20:44,760 [INFO]   [DÉJÀ VU] فتح باب الترشيح لمنصب خبير متعاقدوزارة السياحة والصناعة التق...
2026-07-22 10:20:44,760 [INFO]   [DÉJÀ VU] فتح باب الترشيح لمنصب خبيروزارة الداخليةالإعلانآخر أجل لإيدا...
2026-07-22 10:20:44,760 [INFO]   [DÉJÀ VU] فتح باب الترشيح لمنصب خبير في مجال الملاحة التجاريةوزارة الن...
2026-07-22 10:20:44,760 [INFO]   [DÉJÀ VU] فتح باب الترشيح لمنصب خبير في مجال التفاوض والسياسة التجارية...
2026-07-22 10:20:44,760 [INFO]   [DÉJÀ VU] فتح باب الترشيح لمنصب خبيروزارة الداخليةالإعلانآخر أجل لإيدا...
2026-07-22 10:20:44,760 [INFO]   [DÉJÀ VU] فتح باب الترشيح لمنصب خبيروزارة الشباب والثقافة والتواصل - ق...
2026-07-22 10:20:44,760 [INFO] Page 3/3
2026-07-22 10:20:44,760 [INFO] Scraping page: https://www.emploi-public.ma/ar/قائمة-تشغيل-الخبراء?page=2
2026-07-22 10:20:45,329 [INFO]   → 9 annonces trouvées sur cette page
2026-07-22 10:20:45,330 [INFO]   [DÉJÀ VU] فتح باب الترشيح لمنصب خبير في المجالات المرتبطة بتطوير آليات...
2026-07-22 10:20:45,331 [INFO]   [DÉJÀ VU] فتح باب الترشيح لمنصب خبيروزارة الداخليةالإعلانآخر أجل لإيدا...
2026-07-22 10:20:45,331 [INFO]   [DÉJÀ VU] فتح باب الترشيح لمنصب خبير في مجال حكامة المؤسسات والمنشآت ا...
2026-07-22 10:20:45,331 [INFO]   [DÉJÀ VU] فتح باب الترشيح لمنصب خبير بموجب عقدوزارة الصحة والحماية الا...
2026-07-22 10:20:45,331 [INFO]   [DÉJÀ VU] لائحة الناجحين لمنصب خبير في مجال التقييم ومنح التراخيصالوكا...
2026-07-22 10:20:45,331 [INFO]   [DÉJÀ VU] لائحة الناجحين لمنصب خبيرفي مجال مراقبة الجودة الدوائيةالوكا...
2026-07-22 10:20:45,331 [INFO]   [DÉJÀ VU] فتح باب الترشيح لمنصب خبير في التنسيق المؤسساتي والتعاون الد...
2026-07-22 10:20:45,331 [INFO]   [DÉJÀ VU] لائحة الناجحين لمنصب خبير مكلف بقيادة إنجاز دراسات وأشغال مل...
2026-07-22 10:20:45,331 [INFO]   [DÉJÀ VU] فتح باب الترشيح لمنصب خبير بموجب عقدوزارة الصناعة والتجارةال...
2026-07-22 10:20:45,331 [INFO] 
============================================================
2026-07-22 10:20:45,331 [INFO] RÉSUMÉ
2026-07-22 10:20:45,331 [INFO] ============================================================
2026-07-22 10:20:45,331 [INFO] Annonces traitées: 135
2026-07-22 10:20:45,331 [INFO] Dates en cours: 5
2026-07-22 10:20:45,331 [INFO] Dates expirées: 1
2026-07-22 10:20:45,331 [INFO] PDF lus: 5
2026-07-22 10:20:45,331 [INFO] Match région: 0
2026-07-22 10:20:45,331 [INFO] Nouveaux résultats: 0
2026-07-22 10:20:45,331 [INFO] Total résultats en base: 0
2026-07-22 10:20:46,981 [INFO] Email envoyé à cavalkhalid@gmail.com
2026-07-22 10:20:46,981 [INFO] 
Scraper terminé.
2026-07-22 10:25:28,157 [INFO] ============================================================
2026-07-22 10:25:28,157 [INFO] DÉMARRAGE DU SCRAPER emploi-public.ma (AR)
2026-07-22 10:25:28,157 [INFO] Date: 2026-07-22 10:25:28
2026-07-22 10:25:28,157 [INFO] ============================================================
2026-07-22 10:25:28,157 [INFO] Annonces déjà traitées: 86
2026-07-22 10:25:28,158 [INFO] 
--- Catégorie: مناصب المسؤولية ---
2026-07-22 10:25:28,158 [INFO] Page 1/3
2026-07-22 10:25:28,158 [INFO] Scraping page: https://www.emploi-public.ma/ar/قائمة-مناصب-المسؤولية
2026-07-22 10:25:29,326 [INFO]   → 13 annonces trouvées sur cette page
2026-07-22 10:25:29,327 [INFO]   [DÉJÀ VU] لائحة المدعوين لاجتياز اختبار الترشيح ل مناصب المسؤولية ب وز...
2026-07-22 10:25:29,328 [INFO]   [DÉJÀ VU] فتح باب الترشيح ل مناصب المسؤولية ب وزارة الفلاحة والصيد الب...
2026-07-22 10:25:29,328 [INFO]   [DÉJÀ VU] لائحة الناجحين في مناصب المسؤولية ب وزارة الداخليةوزارة الدا...
2026-07-22 10:25:29,328 [INFO]   [DÉJÀ VU] لائحة الناجحين في مناصب المسؤولية ب وزارة التجهيز والماءوزار...
2026-07-22 10:25:29,328 [INFO]   [DÉJÀ VU] فتح باب الترشيح ل مناصب المسؤولية ب المجلس الوطني لحقوق الإن...
2026-07-22 10:25:29,328 [INFO]   [DÉJÀ VU] لائحة المدعوين لاجتياز اختبار الترشيح ل مناصب المسؤولية ب ال...
2026-07-22 10:25:29,328 [INFO]   [DÉJÀ VU] لائحة الناجحين في مناصب المسؤولية ب وزارة التجهيز والماءوزار...
2026-07-22 10:25:29,328 [INFO]   [DÉJÀ VU] لائحة الناجحين في مناصب المسؤولية ب وزارة الداخلية -عمالة مر...
2026-07-22 10:25:29,328 [INFO]   [DÉJÀ VU] فتح باب الترشيح ل مناصب المسؤولية ب المندوبية العامة لإدارة ...
2026-07-22 10:25:29,328 [INFO]   [DÉJÀ VU] رئيس قسم منطقة إفريقيا (RH 27/2026)مكتب التكوين المهني وإنعا...
2026-07-22 10:25:29,328 [INFO]   [DÉJÀ VU] مسؤول مشروع المباني والمنشآت الفنيةشركة القنيطرة للتهيئة وال...
2026-07-22 10:25:29,328 [INFO]   [DÉJÀ VU] مدقق الداخليالدار البيضاء للبيئةالإعلانآخر أجل لإيداع ملفات ...
2026-07-22 10:25:29,328 [INFO]   [DÉJÀ VU] محاسبالدار البيضاء للبيئةالإعلانآخر أجل لإيداع ملفات الترشيح...
2026-07-22 10:25:29,328 [INFO] Page 2/3
2026-07-22 10:25:29,328 [INFO] Scraping page: https://www.emploi-public.ma/ar/قائمة-مناصب-المسؤولية?page=1
2026-07-22 10:25:30,516 [INFO]   → 13 annonces trouvées sur cette page
2026-07-22 10:25:30,517 [INFO]   [DÉJÀ VU] لائحة المدعوين لاجتياز اختبار الترشيح ل مناصب المسؤولية ب وز...
2026-07-22 10:25:30,517 [INFO]   [DÉJÀ VU] فتح باب الترشيح ل مناصب المسؤولية ب وزارة الفلاحة والصيد الب...
2026-07-22 10:25:30,517 [INFO]   [DÉJÀ VU] لائحة الناجحين في مناصب المسؤولية ب وزارة الداخليةوزارة الدا...
2026-07-22 10:25:30,517 [INFO]   [DÉJÀ VU] لائحة الناجحين في مناصب المسؤولية ب وزارة التجهيز والماءوزار...
2026-07-22 10:25:30,517 [INFO]   [DÉJÀ VU] فتح باب الترشيح ل مناصب المسؤولية ب المجلس الوطني لحقوق الإن...
2026-07-22 10:25:30,517 [INFO]   [DÉJÀ VU] لائحة المدعوين لاجتياز اختبار الترشيح ل مناصب المسؤولية ب ال...
2026-07-22 10:25:30,517 [INFO]   [DÉJÀ VU] لائحة الناجحين في مناصب المسؤولية ب وزارة التجهيز والماءوزار...
2026-07-22 10:25:30,517 [INFO]   [DÉJÀ VU] لائحة الناجحين في مناصب المسؤولية ب وزارة الداخلية -عمالة مر...
2026-07-22 10:25:30,517 [INFO]   [DÉJÀ VU] فتح باب الترشيح ل مناصب المسؤولية ب المندوبية العامة لإدارة ...
2026-07-22 10:25:30,517 [INFO]   [DÉJÀ VU] رئيس قسم منطقة إفريقيا (RH 27/2026)مكتب التكوين المهني وإنعا...
2026-07-22 10:25:30,517 [INFO]   [DÉJÀ VU] مسؤول مشروع المباني والمنشآت الفنيةشركة القنيطرة للتهيئة وال...
2026-07-22 10:25:30,517 [INFO]   [DÉJÀ VU] مدقق الداخليالدار البيضاء للبيئةالإعلانآخر أجل لإيداع ملفات ...
2026-07-22 10:25:30,517 [INFO]   [DÉJÀ VU] محاسبالدار البيضاء للبيئةالإعلانآخر أجل لإيداع ملفات الترشيح...
2026-07-22 10:25:30,517 [INFO] Page 3/3
2026-07-22 10:25:30,517 [INFO] Scraping page: https://www.emploi-public.ma/ar/قائمة-مناصب-المسؤولية?page=2
2026-07-22 10:25:38,511 [INFO]   → 13 annonces trouvées sur cette page
2026-07-22 10:25:38,512 [INFO]   [DÉJÀ VU] فتح باب الترشيح ل مناصب المسؤولية ب وزارة الشباب والثقافة وا...
2026-07-22 10:25:38,512 [INFO]   [DÉJÀ VU] فتح باب الترشيح ل مناصب المسؤولية ب وزارة الداخلية - عمالة ا...
2026-07-22 10:25:38,512 [INFO]   [DÉJÀ VU] فتح باب الترشيح ل مناصب المسؤولية ب وزارة الشباب والثقافة وا...
2026-07-22 10:25:38,512 [INFO]   [DÉJÀ VU] فتح باب الترشيح ل مناصب المسؤولية ب وزارة الشباب والثقافة وا...
2026-07-22 10:25:38,512 [INFO]   [DÉJÀ VU] فتح باب الترشيح ل مناصب المسؤولية ب وزارة الشباب والثقافة وا...
2026-07-22 10:25:38,512 [INFO]   [DÉJÀ VU] فتح باب الترشيح ل مناصب المسؤولية ب وزارة الشباب والثقافة وا...
2026-07-22 10:25:38,512 [INFO]   [DÉJÀ VU] فتح باب الترشيح ل مناصب المسؤولية ب وزارة الشباب والثقافة وا...
2026-07-22 10:25:38,512 [INFO]   [DÉJÀ VU] فتح باب الترشيح ل مناصب المسؤولية ب وزارة الاقتصاد والماليةو...
2026-07-22 10:25:38,512 [INFO]   [DÉJÀ VU] فتح باب الترشيح ل مناصب المسؤولية ب وزارة الداخلية -عمالة إق...
2026-07-22 10:25:38,512 [INFO]   [DÉJÀ VU] رئيس قسم منطقة إفريقيا (RH 27/2026)مكتب التكوين المهني وإنعا...
2026-07-22 10:25:38,512 [INFO]   [DÉJÀ VU] مسؤول مشروع المباني والمنشآت الفنيةشركة القنيطرة للتهيئة وال...
2026-07-22 10:25:38,512 [INFO]   [DÉJÀ VU] مدقق الداخليالدار البيضاء للبيئةالإعلانآخر أجل لإيداع ملفات ...
2026-07-22 10:25:38,512 [INFO]   [DÉJÀ VU] محاسبالدار البيضاء للبيئةالإعلانآخر أجل لإيداع ملفات الترشيح...
2026-07-22 10:25:38,513 [INFO] 
--- Catégorie: المناصب العليا ---
2026-07-22 10:25:38,513 [INFO] Page 1/3
2026-07-22 10:25:38,513 [INFO] Scraping page: https://www.emploi-public.ma/ar/قائمة-المناصب-العليا
2026-07-22 10:25:39,499 [INFO]   → 9 annonces trouvées sur cette page
2026-07-22 10:25:39,500 [INFO]   [DÉJÀ VU] فتح باب الترشيح للمناصب العليا مدير الانظمة والدراسات التاري...
2026-07-22 10:25:39,500 [INFO]   [DÉJÀ VU] فتح باب الترشيح للمناصب العليا مدير الشبابوزارة الشباب والثق...
2026-07-22 10:25:39,500 [INFO]   [DÉJÀ VU] فتح باب الترشيح للمناصب العليا مدير مؤسسة النهوض بالأعمال ال...
2026-07-22 10:25:39,500 [INFO]   [DÉJÀ VU] فتح باب الترشيح للمناصب العليا مدير(ة) المركز الوطني للامتحا...
2026-07-22 10:25:39,500 [INFO]   [DÉJÀ VU] فتح باب الترشيح للمناصب العليا مدير المعهد العالي للدراسات ا...
2026-07-22 10:25:39,500 [INFO]   [DÉJÀ VU] فتح باب الترشيح للمناصب العليا مدير إعداد التراب الوطنيوزارة...
2026-07-22 10:25:39,500 [INFO]   [DÉJÀ VU] فتح باب الترشيح للمناصب العليا مدير الوكالة الحضرية للحسيمةو...
2026-07-22 10:25:39,500 [INFO]   [DÉJÀ VU] فتح باب الترشيح للمناصب العليا مدير الوكالة الحضرية للعرائشو...
2026-07-22 10:25:39,500 [INFO]   [DÉJÀ VU] فتح باب الترشيح للمناصب العليا مدير(ة) الشؤون العامةوزارة ال...
2026-07-22 10:25:39,500 [INFO] Page 2/3
2026-07-22 10:25:39,500 [INFO] Scraping page: https://www.emploi-public.ma/ar/قائمة-المناصب-العليا?page=1
2026-07-22 10:25:42,912 [INFO]   → 9 annonces trouvées sur cette page
2026-07-22 10:25:42,913 [INFO]   [DÉJÀ VU] فتح باب الترشيح للمناصب العليا مدير الانظمة والدراسات التاري...
2026-07-22 10:25:42,913 [INFO]   [DÉJÀ VU] فتح باب الترشيح للمناصب العليا مدير الشبابوزارة الشباب والثق...
2026-07-22 10:25:42,913 [INFO]   [DÉJÀ VU] فتح باب الترشيح للمناصب العليا مدير مؤسسة النهوض بالأعمال ال...
2026-07-22 10:25:42,913 [INFO]   [DÉJÀ VU] فتح باب الترشيح للمناصب العليا مدير(ة) المركز الوطني للامتحا...
2026-07-22 10:25:42,913 [INFO]   [DÉJÀ VU] فتح باب الترشيح للمناصب العليا مدير المعهد العالي للدراسات ا...
2026-07-22 10:25:42,913 [INFO]   [DÉJÀ VU] فتح باب الترشيح للمناصب العليا مدير إعداد التراب الوطنيوزارة...
2026-07-22 10:25:42,913 [INFO]   [DÉJÀ VU] فتح باب الترشيح للمناصب العليا مدير الوكالة الحضرية للحسيمةو...
2026-07-22 10:25:42,913 [INFO]   [DÉJÀ VU] فتح باب الترشيح للمناصب العليا مدير الوكالة الحضرية للعرائشو...
2026-07-22 10:25:42,913 [INFO]   [DÉJÀ VU] فتح باب الترشيح للمناصب العليا مدير(ة) الشؤون العامةوزارة ال...
2026-07-22 10:25:42,913 [INFO] Page 3/3
2026-07-22 10:25:42,913 [INFO] Scraping page: https://www.emploi-public.ma/ar/قائمة-المناصب-العليا?page=2
2026-07-22 10:25:44,285 [INFO]   → 12 annonces trouvées sur cette page
2026-07-22 10:25:44,286 [INFO]   [DÉJÀ VU] فتح باب الترشيح للمناصب العليا مدير(ة) المعهد الملكي لتكوين ...
2026-07-22 10:25:44,287 [INFO]   [DÉJÀ VU] فتح باب الترشيح للمناصب العليا مدير مدرسة علوم المعلوماتالمن...
2026-07-22 10:25:44,287 [INFO]   [DÉJÀ VU] فتح باب الترشيح للمناصب العليا منصب مدير تشريعات البنيات الأ...
2026-07-22 10:25:44,287 [INFO]   [DÉJÀ VU] فتح باب الترشيح للمناصب العليا مدير تشريعات الحكامة والحقوق ...
2026-07-22 10:25:44,287 [INFO]   [DÉJÀ VU] فتح باب الترشيح للمناصب العليا عميد كلية الطب والصيدلة بالرب...
2026-07-22 10:25:44,287 [INFO]   [DÉJÀ VU] فتح باب الترشيح للمناصب العليا مدير المدرسة المحمدية للمهندس...
2026-07-22 10:25:44,287 [INFO]   [DÉJÀ VU] فتح باب الترشيح للمناصب العليا منصب مدير(ة) المركز الجهوي لم...
2026-07-22 10:25:44,287 [INFO]   [DÉJÀ VU] فتح باب الترشيح للمناصب العليا مدير الانظمة والدراسات التاري...
2026-07-22 10:25:44,287 [INFO]   [DÉJÀ VU] فتح باب الترشيح للمناصب العليا المدير(ة) العام(ة) لتنظيم الح...
2026-07-22 10:25:44,287 [INFO]   [DÉJÀ VU] مدير مؤسسة النهوض بالأعمال الاجتماعية لفائدة موظفي وأعوان وز...
2026-07-22 10:25:44,287 [INFO]   [DÉJÀ VU] مدير الشبابوزارة الشباب والثقافة والتواصل - قطاع الشبابالإعل...
2026-07-22 10:25:44,287 [INFO]   [DÉJÀ VU] مدير المعهد العالي للدراسات البحريةوزارة النقل واللوجيستيكال...
2026-07-22 10:25:44,287 [INFO] 
--- Catégorie: المباريات ---
2026-07-22 10:25:44,287 [INFO] Page 1/3
2026-07-22 10:25:44,287 [INFO] Scraping page: https://www.emploi-public.ma/ar/قائمة-المباريات
2026-07-22 10:25:47,833 [INFO]   → 13 annonces trouvées sur cette page
2026-07-22 10:25:47,834 [INFO]   [DÉJÀ VU] مباراة لتوظيف مساعد تقني من الدرجة الثانيةوزارة النقل واللوج...
2026-07-22 10:25:47,834 [INFO]   [DÉJÀ VU] مباراة لتوظيف أستاذ محاضر من الدرجة أ - سلم 11وزارة الشباب و...
2026-07-22 10:25:47,834 [INFO]   [DÉJÀ VU] مباراة لتوظيف متصرف من الدرجة الثانية - سلم 11وزارة السياحة ...
2026-07-22 10:25:47,835 [INFO]   [DÉJÀ VU] مباراة لتوظيف متصرف من الدرجة الثالثة - سلم 10وزارة الشباب و...
2026-07-22 10:25:47,835 [INFO]   [DÉJÀ VU] مباراة لتوظيف طبيب من الدرجة الأولى - سلم 11وزارة الصحة والح...
2026-07-22 10:25:47,835 [INFO]   [DÉJÀ VU] مباراة لتوظيف أستاذ محاضر من الدرجة أ - سلم 11وزارة التضامن ...
2026-07-22 10:25:47,835 [INFO]   [DÉJÀ VU] مباراة لتوظيف تقني من الدرجة الثالثة - سلم 9وزارة التضامن وا...
2026-07-22 10:25:47,835 [INFO]   [DÉJÀ VU] مباراة لتوظيف متصرف من الدرجة الثالثة - سلم 10وزارة التضامن ...
2026-07-22 10:25:47,835 [INFO]   [DÉJÀ VU] مباراة لتوظيف متصرف من الدرجة الثانية - سلم 11وزارة التضامن ...
2026-07-22 10:25:47,835 [INFO]   [DÉJÀ VU] اطار في الموارد البشرية1 أيام متبقيةالوكالة الوطنية للموانئا...
2026-07-22 10:25:47,835 [INFO]   [DÉJÀ VU] إطار في تدبير أمن الأنظمة المعلوماتية1 أيام متبقيةالوكالة ال...
2026-07-22 10:25:47,835 [INFO]   [DÉJÀ VU] مساعد(ة) إداري(ة)1 أيام متبقيةالوكالة الوطنية للموانئالإعلان...
2026-07-22 10:25:47,835 [INFO]   [DÉJÀ VU] إطار عالي Chargé(e) de Contentieux1 أيام متبقيةصندوق الإيداع...
2026-07-22 10:25:47,835 [INFO] Page 2/3
2026-07-22 10:25:47,835 [INFO] Scraping page: https://www.emploi-public.ma/ar/قائمة-المباريات?page=1
2026-07-22 10:25:49,292 [INFO]   → 13 annonces trouvées sur cette page
2026-07-22 10:25:49,293 [INFO]   [DÉJÀ VU] مباراة لتوظيف مساعد تقني من الدرجة الثانيةوزارة النقل واللوج...
2026-07-22 10:25:49,293 [INFO]   [DÉJÀ VU] مباراة لتوظيف أستاذ محاضر من الدرجة أ - سلم 11وزارة الشباب و...
2026-07-22 10:25:49,293 [INFO]   [DÉJÀ VU] مباراة لتوظيف متصرف من الدرجة الثانية - سلم 11وزارة السياحة ...
2026-07-22 10:25:49,293 [INFO]   [DÉJÀ VU] مباراة لتوظيف متصرف من الدرجة الثالثة - سلم 10وزارة الشباب و...
2026-07-22 10:25:49,293 [INFO]   [DÉJÀ VU] مباراة لتوظيف طبيب من الدرجة الأولى - سلم 11وزارة الصحة والح...
2026-07-22 10:25:49,293 [INFO]   [DÉJÀ VU] مباراة لتوظيف أستاذ محاضر من الدرجة أ - سلم 11وزارة التضامن ...
2026-07-22 10:25:49,293 [INFO]   [DÉJÀ VU] مباراة لتوظيف تقني من الدرجة الثالثة - سلم 9وزارة التضامن وا...
2026-07-22 10:25:49,293 [INFO]   [DÉJÀ VU] مباراة لتوظيف متصرف من الدرجة الثالثة - سلم 10وزارة التضامن ...
2026-07-22 10:25:49,293 [INFO]   [DÉJÀ VU] مباراة لتوظيف متصرف من الدرجة الثانية - سلم 11وزارة التضامن ...
2026-07-22 10:25:49,293 [INFO]   [DÉJÀ VU] اطار في الموارد البشرية1 أيام متبقيةالوكالة الوطنية للموانئا...
2026-07-22 10:25:49,294 [INFO]   [DÉJÀ VU] إطار في تدبير أمن الأنظمة المعلوماتية1 أيام متبقيةالوكالة ال...
2026-07-22 10:25:49,294 [INFO]   [DÉJÀ VU] مساعد(ة) إداري(ة)1 أيام متبقيةالوكالة الوطنية للموانئالإعلان...
2026-07-22 10:25:49,294 [INFO]   [DÉJÀ VU] إطار عالي Chargé(e) de Contentieux1 أيام متبقيةصندوق الإيداع...
2026-07-22 10:25:49,294 [INFO] Page 3/3
2026-07-22 10:25:49,294 [INFO] Scraping page: https://www.emploi-public.ma/ar/قائمة-المباريات?page=2
2026-07-22 10:25:50,421 [INFO]   → 13 annonces trouvées sur cette page
2026-07-22 10:25:50,422 [INFO]   [DÉJÀ VU] مباراة لتوظيف طبيب من الدرجة الأولى - سلم 11وزارة الصحة والح...
2026-07-22 10:25:50,423 [INFO]   [DÉJÀ VU] مباراة لتوظيف مهندس دولة من الدرجة الأولى - سلم 11وزارة الفل...
2026-07-22 10:25:50,423 [INFO]   [DÉJÀ VU] مباراة لتوظيف متصرف من الدرجة الثانية - سلم 11وزارة الفلاحة ...
2026-07-22 10:25:50,423 [INFO]   [DÉJÀ VU] مباراة لتوظيف تقني من الدرجة الثالثة - سلم 9وزارة الفلاحة وا...
2026-07-22 10:25:50,423 [INFO]   [DÉJÀ VU] مباراة لتوظيف متصرف من الدرجة الثالثة - سلم 10وزارة الفلاحة ...
2026-07-22 10:25:50,423 [INFO]   [DÉJÀ VU] لائحة الناجحين في مباراة التوظيف جراح أسنان من الدرجة الأولى...
2026-07-22 10:25:50,423 [INFO]   [DÉJÀ VU] لائحة الناجحين في مباراة التوظيف صيدلي من الدرجة الأولى - سل...
2026-07-22 10:25:50,423 [INFO]   [DÉJÀ VU] لائحة الناجحين في مباراة التوظيف طبيب من الدرجة الأولى - سلم...
2026-07-22 10:25:50,423 [INFO]   [DÉJÀ VU] لائحة المدعوين لإجراء الاختبار الكتابي لمباراة توظيف تقني من...
2026-07-22 10:25:50,423 [INFO]   [DÉJÀ VU] اطار في الموارد البشرية1 أيام متبقيةالوكالة الوطنية للموانئا...
2026-07-22 10:25:50,423 [INFO]   [DÉJÀ VU] إطار في تدبير أمن الأنظمة المعلوماتية1 أيام متبقيةالوكالة ال...
2026-07-22 10:25:50,423 [INFO]   [DÉJÀ VU] مساعد(ة) إداري(ة)1 أيام متبقيةالوكالة الوطنية للموانئالإعلان...
2026-07-22 10:25:50,423 [INFO]   [DÉJÀ VU] إطار عالي Chargé(e) de Contentieux1 أيام متبقيةصندوق الإيداع...
2026-07-22 10:25:50,423 [INFO] 
--- Catégorie: تشغيل الخبراء ---
2026-07-22 10:25:50,423 [INFO] Page 1/3
2026-07-22 10:25:50,423 [INFO] Scraping page: https://www.emploi-public.ma/ar/قائمة-تشغيل-الخبراء
2026-07-22 10:25:51,274 [INFO]   → 9 annonces trouvées sur cette page
2026-07-22 10:25:51,275 [INFO]   [DÉJÀ VU] فتح باب الترشيح لمنصب خبير في الشؤون القانونيةوزارة الفلاحة ...
2026-07-22 10:25:51,276 [INFO]   [DÉJÀ VU] فتح باب الترشيح لمنصب خبيروزارة الداخليةالإعلانآخر أجل لإيدا...
2026-07-22 10:25:51,276 [INFO]   [DÉJÀ VU] فتح باب الترشيح لمنصب خبيروزارة الداخليةالإعلانآخر أجل لإيدا...
2026-07-22 10:25:51,276 [INFO]   [DÉJÀ VU] فتح باب الترشيح لمنصب خبير متعاقدوزارة السياحة والصناعة التق...
2026-07-22 10:25:51,276 [INFO]   [DÉJÀ VU] فتح باب الترشيح لمنصب خبيروزارة الداخليةالإعلانآخر أجل لإيدا...
2026-07-22 10:25:51,276 [INFO]   [DÉJÀ VU] فتح باب الترشيح لمنصب خبير في مجال الملاحة التجاريةوزارة الن...
2026-07-22 10:25:51,276 [INFO]   [DÉJÀ VU] فتح باب الترشيح لمنصب خبير في مجال التفاوض والسياسة التجارية...
2026-07-22 10:25:51,276 [INFO]   [DÉJÀ VU] فتح باب الترشيح لمنصب خبيروزارة الداخليةالإعلانآخر أجل لإيدا...
2026-07-22 10:25:51,276 [INFO]   [DÉJÀ VU] فتح باب الترشيح لمنصب خبيروزارة الشباب والثقافة والتواصل - ق...
2026-07-22 10:25:51,276 [INFO] Page 2/3
2026-07-22 10:25:51,276 [INFO] Scraping page: https://www.emploi-public.ma/ar/قائمة-تشغيل-الخبراء?page=1
2026-07-22 10:25:52,205 [INFO]   → 9 annonces trouvées sur cette page
2026-07-22 10:25:52,206 [INFO]   [DÉJÀ VU] فتح باب الترشيح لمنصب خبير في الشؤون القانونيةوزارة الفلاحة ...
2026-07-22 10:25:52,206 [INFO]   [DÉJÀ VU] فتح باب الترشيح لمنصب خبيروزارة الداخليةالإعلانآخر أجل لإيدا...
2026-07-22 10:25:52,206 [INFO]   [DÉJÀ VU] فتح باب الترشيح لمنصب خبيروزارة الداخليةالإعلانآخر أجل لإيدا...
2026-07-22 10:25:52,206 [INFO]   [DÉJÀ VU] فتح باب الترشيح لمنصب خبير متعاقدوزارة السياحة والصناعة التق...
2026-07-22 10:25:52,206 [INFO]   [DÉJÀ VU] فتح باب الترشيح لمنصب خبيروزارة الداخليةالإعلانآخر أجل لإيدا...
2026-07-22 10:25:52,206 [INFO]   [DÉJÀ VU] فتح باب الترشيح لمنصب خبير في مجال الملاحة التجاريةوزارة الن...
2026-07-22 10:25:52,206 [INFO]   [DÉJÀ VU] فتح باب الترشيح لمنصب خبير في مجال التفاوض والسياسة التجارية...
2026-07-22 10:25:52,206 [INFO]   [DÉJÀ VU] فتح باب الترشيح لمنصب خبيروزارة الداخليةالإعلانآخر أجل لإيدا...
2026-07-22 10:25:52,206 [INFO]   [DÉJÀ VU] فتح باب الترشيح لمنصب خبيروزارة الشباب والثقافة والتواصل - ق...
2026-07-22 10:25:52,206 [INFO] Page 3/3
2026-07-22 10:25:52,207 [INFO] Scraping page: https://www.emploi-public.ma/ar/قائمة-تشغيل-الخبراء?page=2
2026-07-22 10:25:53,518 [INFO]   → 9 annonces trouvées sur cette page
2026-07-22 10:25:53,519 [INFO]   [DÉJÀ VU] فتح باب الترشيح لمنصب خبير في المجالات المرتبطة بتطوير آليات...
2026-07-22 10:25:53,519 [INFO]   [DÉJÀ VU] فتح باب الترشيح لمنصب خبيروزارة الداخليةالإعلانآخر أجل لإيدا...
2026-07-22 10:25:53,519 [INFO]   [DÉJÀ VU] فتح باب الترشيح لمنصب خبير في مجال حكامة المؤسسات والمنشآت ا...
2026-07-22 10:25:53,519 [INFO]   [DÉJÀ VU] فتح باب الترشيح لمنصب خبير بموجب عقدوزارة الصحة والحماية الا...
2026-07-22 10:25:53,519 [INFO]   [DÉJÀ VU] لائحة الناجحين لمنصب خبير في مجال التقييم ومنح التراخيصالوكا...
2026-07-22 10:25:53,519 [INFO]   [DÉJÀ VU] لائحة الناجحين لمنصب خبيرفي مجال مراقبة الجودة الدوائيةالوكا...
2026-07-22 10:25:53,519 [INFO]   [DÉJÀ VU] فتح باب الترشيح لمنصب خبير في التنسيق المؤسساتي والتعاون الد...
2026-07-22 10:25:53,520 [INFO]   [DÉJÀ VU] لائحة الناجحين لمنصب خبير مكلف بقيادة إنجاز دراسات وأشغال مل...
2026-07-22 10:25:53,520 [INFO]   [DÉJÀ VU] فتح باب الترشيح لمنصب خبير بموجب عقدوزارة الصناعة والتجارةال...
2026-07-22 10:25:53,520 [INFO] 
============================================================
2026-07-22 10:25:53,520 [INFO] RÉSUMÉ
2026-07-22 10:25:53,520 [INFO] ============================================================
2026-07-22 10:25:53,520 [INFO] Annonces traitées: 135
2026-07-22 10:25:53,520 [INFO] Dates en cours: 0
2026-07-22 10:25:53,520 [INFO] Dates expirées: 0
2026-07-22 10:25:53,520 [INFO] PDF lus: 0
2026-07-22 10:25:53,520 [INFO] Match région: 0
2026-07-22 10:25:53,520 [INFO] Nouveaux résultats: 0
2026-07-22 10:25:53,520 [INFO] Total résultats en base: 0
2026-07-22 10:25:55,602 [INFO] Email envoyé à cavalkhalid@gmail.com
2026-07-22 10:25:55,602 [INFO] 
Scraper terminé.
2026-07-22 10:40:53,432 [INFO] ============================================================
2026-07-22 10:40:53,433 [INFO] DÉMARRAGE DU SCRAPER emploi-public.ma (AR)
2026-07-22 10:40:53,433 [INFO] Date: 2026-07-22 10:40:53
2026-07-22 10:40:53,433 [INFO] ============================================================
2026-07-22 10:40:53,433 [INFO] Annonces déjà traitées: 86
2026-07-22 10:40:53,433 [INFO] 
--- Catégorie: مناصب المسؤولية ---
2026-07-22 10:40:53,433 [INFO] Page 1/3
2026-07-22 10:40:53,433 [INFO] Scraping page: https://www.emploi-public.ma/ar/قائمة-مناصب-المسؤولية
2026-07-22 10:40:54,426 [INFO]   → 13 annonces trouvées sur cette page
2026-07-22 10:40:54,427 [INFO]   [DÉJÀ VU] لائحة المدعوين لاجتياز اختبار الترشيح ل مناصب المسؤولية ب وز...
2026-07-22 10:40:54,427 [INFO]   [DÉJÀ VU] فتح باب الترشيح ل مناصب المسؤولية ب وزارة الفلاحة والصيد الب...
2026-07-22 10:40:54,427 [INFO]   [DÉJÀ VU] لائحة الناجحين في مناصب المسؤولية ب وزارة الداخليةوزارة الدا...
2026-07-22 10:40:54,427 [INFO]   [DÉJÀ VU] لائحة الناجحين في مناصب المسؤولية ب وزارة التجهيز والماءوزار...
2026-07-22 10:40:54,427 [INFO]   [DÉJÀ VU] فتح باب الترشيح ل مناصب المسؤولية ب المجلس الوطني لحقوق الإن...
2026-07-22 10:40:54,427 [INFO]   [DÉJÀ VU] لائحة المدعوين لاجتياز اختبار الترشيح ل مناصب المسؤولية ب ال...
2026-07-22 10:40:54,427 [INFO]   [DÉJÀ VU] لائحة الناجحين في مناصب المسؤولية ب وزارة التجهيز والماءوزار...
2026-07-22 10:40:54,427 [INFO]   [DÉJÀ VU] لائحة الناجحين في مناصب المسؤولية ب وزارة الداخلية -عمالة مر...
2026-07-22 10:40:54,427 [INFO]   [DÉJÀ VU] فتح باب الترشيح ل مناصب المسؤولية ب المندوبية العامة لإدارة ...
2026-07-22 10:40:54,427 [INFO]   [DÉJÀ VU] رئيس قسم منطقة إفريقيا (RH 27/2026)مكتب التكوين المهني وإنعا...
2026-07-22 10:40:54,427 [INFO]   [DÉJÀ VU] مسؤول مشروع المباني والمنشآت الفنيةشركة القنيطرة للتهيئة وال...
2026-07-22 10:40:54,427 [INFO]   [DÉJÀ VU] مدقق الداخليالدار البيضاء للبيئةالإعلانآخر أجل لإيداع ملفات ...
2026-07-22 10:40:54,427 [INFO]   [DÉJÀ VU] محاسبالدار البيضاء للبيئةالإعلانآخر أجل لإيداع ملفات الترشيح...
2026-07-22 10:40:54,427 [INFO] Page 2/3
2026-07-22 10:40:54,428 [INFO] Scraping page: https://www.emploi-public.ma/ar/قائمة-مناصب-المسؤولية?page=1
2026-07-22 10:40:55,417 [INFO]   → 13 annonces trouvées sur cette page
2026-07-22 10:40:55,419 [INFO]   [DÉJÀ VU] لائحة المدعوين لاجتياز اختبار الترشيح ل مناصب المسؤولية ب وز...
2026-07-22 10:40:55,419 [INFO]   [DÉJÀ VU] فتح باب الترشيح ل مناصب المسؤولية ب وزارة الفلاحة والصيد الب...
2026-07-22 10:40:55,419 [INFO]   [DÉJÀ VU] لائحة الناجحين في مناصب المسؤولية ب وزارة الداخليةوزارة الدا...
2026-07-22 10:40:55,419 [INFO]   [DÉJÀ VU] لائحة الناجحين في مناصب المسؤولية ب وزارة التجهيز والماءوزار...
2026-07-22 10:40:55,419 [INFO]   [DÉJÀ VU] فتح باب الترشيح ل مناصب المسؤولية ب المجلس الوطني لحقوق الإن...
2026-07-22 10:40:55,419 [INFO]   [DÉJÀ VU] لائحة المدعوين لاجتياز اختبار الترشيح ل مناصب المسؤولية ب ال...
2026-07-22 10:40:55,419 [INFO]   [DÉJÀ VU] لائحة الناجحين في مناصب المسؤولية ب وزارة التجهيز والماءوزار...
2026-07-22 10:40:55,419 [INFO]   [DÉJÀ VU] لائحة الناجحين في مناصب المسؤولية ب وزارة الداخلية -عمالة مر...
2026-07-22 10:40:55,419 [INFO]   [DÉJÀ VU] فتح باب الترشيح ل مناصب المسؤولية ب المندوبية العامة لإدارة ...
2026-07-22 10:40:55,419 [INFO]   [DÉJÀ VU] رئيس قسم منطقة إفريقيا (RH 27/2026)مكتب التكوين المهني وإنعا...
2026-07-22 10:40:55,419 [INFO]   [DÉJÀ VU] مسؤول مشروع المباني والمنشآت الفنيةشركة القنيطرة للتهيئة وال...
2026-07-22 10:40:55,419 [INFO]   [DÉJÀ VU] مدقق الداخليالدار البيضاء للبيئةالإعلانآخر أجل لإيداع ملفات ...
2026-07-22 10:40:55,419 [INFO]   [DÉJÀ VU] محاسبالدار البيضاء للبيئةالإعلانآخر أجل لإيداع ملفات الترشيح...
2026-07-22 10:40:55,420 [INFO] Page 3/3
2026-07-22 10:40:55,420 [INFO] Scraping page: https://www.emploi-public.ma/ar/قائمة-مناصب-المسؤولية?page=2
2026-07-22 10:40:56,919 [INFO]   → 13 annonces trouvées sur cette page
2026-07-22 10:40:56,920 [INFO]   [DÉJÀ VU] فتح باب الترشيح ل مناصب المسؤولية ب وزارة الشباب والثقافة وا...
2026-07-22 10:40:56,921 [INFO]   [DÉJÀ VU] فتح باب الترشيح ل مناصب المسؤولية ب وزارة الداخلية - عمالة ا...
2026-07-22 10:40:56,921 [INFO]   [DÉJÀ VU] فتح باب الترشيح ل مناصب المسؤولية ب وزارة الشباب والثقافة وا...
2026-07-22 10:40:56,921 [INFO]   [DÉJÀ VU] فتح باب الترشيح ل مناصب المسؤولية ب وزارة الشباب والثقافة وا...
2026-07-22 10:40:56,921 [INFO]   [DÉJÀ VU] فتح باب الترشيح ل مناصب المسؤولية ب وزارة الشباب والثقافة وا...
2026-07-22 10:40:56,921 [INFO]   [DÉJÀ VU] فتح باب الترشيح ل مناصب المسؤولية ب وزارة الشباب والثقافة وا...
2026-07-22 10:40:56,921 [INFO]   [DÉJÀ VU] فتح باب الترشيح ل مناصب المسؤولية ب وزارة الشباب والثقافة وا...
2026-07-22 10:40:56,921 [INFO]   [DÉJÀ VU] فتح باب الترشيح ل مناصب المسؤولية ب وزارة الاقتصاد والماليةو...
2026-07-22 10:40:56,921 [INFO]   [DÉJÀ VU] فتح باب الترشيح ل مناصب المسؤولية ب وزارة الداخلية -عمالة إق...
2026-07-22 10:40:56,921 [INFO]   [DÉJÀ VU] رئيس قسم منطقة إفريقيا (RH 27/2026)مكتب التكوين المهني وإنعا...
2026-07-22 10:40:56,921 [INFO]   [DÉJÀ VU] مسؤول مشروع المباني والمنشآت الفنيةشركة القنيطرة للتهيئة وال...
2026-07-22 10:40:56,921 [INFO]   [DÉJÀ VU] مدقق الداخليالدار البيضاء للبيئةالإعلانآخر أجل لإيداع ملفات ...
2026-07-22 10:40:56,921 [INFO]   [DÉJÀ VU] محاسبالدار البيضاء للبيئةالإعلانآخر أجل لإيداع ملفات الترشيح...
2026-07-22 10:40:56,921 [INFO] 
--- Catégorie: المناصب العليا ---
2026-07-22 10:40:56,921 [INFO] Page 1/3
2026-07-22 10:40:56,922 [INFO] Scraping page: https://www.emploi-public.ma/ar/قائمة-المناصب-العليا
2026-07-22 10:40:58,078 [INFO]   → 9 annonces trouvées sur cette page
2026-07-22 10:40:58,079 [INFO]   [DÉJÀ VU] فتح باب الترشيح للمناصب العليا مدير الانظمة والدراسات التاري...
2026-07-22 10:40:58,079 [INFO]   [DÉJÀ VU] فتح باب الترشيح للمناصب العليا مدير الشبابوزارة الشباب والثق...
2026-07-22 10:40:58,079 [INFO]   [DÉJÀ VU] فتح باب الترشيح للمناصب العليا مدير مؤسسة النهوض بالأعمال ال...
2026-07-22 10:40:58,079 [INFO]   [DÉJÀ VU] فتح باب الترشيح للمناصب العليا مدير(ة) المركز الوطني للامتحا...
2026-07-22 10:40:58,079 [INFO]   [DÉJÀ VU] فتح باب الترشيح للمناصب العليا مدير المعهد العالي للدراسات ا...
2026-07-22 10:40:58,080 [INFO]   [DÉJÀ VU] فتح باب الترشيح للمناصب العليا مدير إعداد التراب الوطنيوزارة...
2026-07-22 10:40:58,080 [INFO]   [DÉJÀ VU] فتح باب الترشيح للمناصب العليا مدير الوكالة الحضرية للحسيمةو...
2026-07-22 10:40:58,080 [INFO]   [DÉJÀ VU] فتح باب الترشيح للمناصب العليا مدير الوكالة الحضرية للعرائشو...
2026-07-22 10:40:58,080 [INFO]   [DÉJÀ VU] فتح باب الترشيح للمناصب العليا مدير(ة) الشؤون العامةوزارة ال...
2026-07-22 10:40:58,080 [INFO] Page 2/3
2026-07-22 10:40:58,080 [INFO] Scraping page: https://www.emploi-public.ma/ar/قائمة-المناصب-العليا?page=1
2026-07-22 10:41:01,111 [INFO]   → 9 annonces trouvées sur cette page
2026-07-22 10:41:01,113 [INFO]   [DÉJÀ VU] فتح باب الترشيح للمناصب العليا مدير الانظمة والدراسات التاري...
2026-07-22 10:41:01,113 [INFO]   [DÉJÀ VU] فتح باب الترشيح للمناصب العليا مدير الشبابوزارة الشباب والثق...
2026-07-22 10:41:01,113 [INFO]   [DÉJÀ VU] فتح باب الترشيح للمناصب العليا مدير مؤسسة النهوض بالأعمال ال...
2026-07-22 10:41:01,113 [INFO]   [DÉJÀ VU] فتح باب الترشيح للمناصب العليا مدير(ة) المركز الوطني للامتحا...
2026-07-22 10:41:01,113 [INFO]   [DÉJÀ VU] فتح باب الترشيح للمناصب العليا مدير المعهد العالي للدراسات ا...
2026-07-22 10:41:01,113 [INFO]   [DÉJÀ VU] فتح باب الترشيح للمناصب العليا مدير إعداد التراب الوطنيوزارة...
2026-07-22 10:41:01,113 [INFO]   [DÉJÀ VU] فتح باب الترشيح للمناصب العليا مدير الوكالة الحضرية للحسيمةو...
2026-07-22 10:41:01,113 [INFO]   [DÉJÀ VU] فتح باب الترشيح للمناصب العليا مدير الوكالة الحضرية للعرائشو...
2026-07-22 10:41:01,113 [INFO]   [DÉJÀ VU] فتح باب الترشيح للمناصب العليا مدير(ة) الشؤون العامةوزارة ال...
2026-07-22 10:41:01,113 [INFO] Page 3/3
2026-07-22 10:41:01,113 [INFO] Scraping page: https://www.emploi-public.ma/ar/قائمة-المناصب-العليا?page=2
2026-07-22 10:41:05,692 [INFO]   → 12 annonces trouvées sur cette page
2026-07-22 10:41:05,693 [INFO]   [DÉJÀ VU] فتح باب الترشيح للمناصب العليا مدير(ة) المعهد الملكي لتكوين ...
2026-07-22 10:41:05,693 [INFO]   [DÉJÀ VU] فتح باب الترشيح للمناصب العليا مدير مدرسة علوم المعلوماتالمن...
2026-07-22 10:41:05,693 [INFO]   [DÉJÀ VU] فتح باب الترشيح للمناصب العليا منصب مدير تشريعات البنيات الأ...
2026-07-22 10:41:05,693 [INFO]   [DÉJÀ VU] فتح باب الترشيح للمناصب العليا مدير تشريعات الحكامة والحقوق ...
2026-07-22 10:41:05,693 [INFO]   [DÉJÀ VU] فتح باب الترشيح للمناصب العليا عميد كلية الطب والصيدلة بالرب...
2026-07-22 10:41:05,693 [INFO]   [DÉJÀ VU] فتح باب الترشيح للمناصب العليا مدير المدرسة المحمدية للمهندس...
2026-07-22 10:41:05,693 [INFO]   [DÉJÀ VU] فتح باب الترشيح للمناصب العليا منصب مدير(ة) المركز الجهوي لم...
2026-07-22 10:41:05,693 [INFO]   [DÉJÀ VU] فتح باب الترشيح للمناصب العليا مدير الانظمة والدراسات التاري...
2026-07-22 10:41:05,693 [INFO]   [DÉJÀ VU] فتح باب الترشيح للمناصب العليا المدير(ة) العام(ة) لتنظيم الح...
2026-07-22 10:41:05,693 [INFO]   [DÉJÀ VU] مدير مؤسسة النهوض بالأعمال الاجتماعية لفائدة موظفي وأعوان وز...
2026-07-22 10:41:05,693 [INFO]   [DÉJÀ VU] مدير الشبابوزارة الشباب والثقافة والتواصل - قطاع الشبابالإعل...
2026-07-22 10:41:05,693 [INFO]   [DÉJÀ VU] مدير المعهد العالي للدراسات البحريةوزارة النقل واللوجيستيكال...
2026-07-22 10:41:05,694 [INFO] 
--- Catégorie: المباريات ---
2026-07-22 10:41:05,694 [INFO] Page 1/3
2026-07-22 10:41:05,694 [INFO] Scraping page: https://www.emploi-public.ma/ar/قائمة-المباريات
2026-07-22 10:41:09,204 [INFO]   → 13 annonces trouvées sur cette page
2026-07-22 10:41:09,205 [INFO]   [DÉJÀ VU] مباراة لتوظيف مساعد تقني من الدرجة الثانيةوزارة النقل واللوج...
2026-07-22 10:41:09,205 [INFO]   [DÉJÀ VU] مباراة لتوظيف أستاذ محاضر من الدرجة أ - سلم 11وزارة الشباب و...
2026-07-22 10:41:09,205 [INFO]   [DÉJÀ VU] مباراة لتوظيف متصرف من الدرجة الثانية - سلم 11وزارة السياحة ...
2026-07-22 10:41:09,205 [INFO]   [DÉJÀ VU] مباراة لتوظيف متصرف من الدرجة الثالثة - سلم 10وزارة الشباب و...
2026-07-22 10:41:09,205 [INFO]   [DÉJÀ VU] مباراة لتوظيف طبيب من الدرجة الأولى - سلم 11وزارة الصحة والح...
2026-07-22 10:41:09,205 [INFO]   [DÉJÀ VU] مباراة لتوظيف أستاذ محاضر من الدرجة أ - سلم 11وزارة التضامن ...
2026-07-22 10:41:09,205 [INFO]   [DÉJÀ VU] مباراة لتوظيف تقني من الدرجة الثالثة - سلم 9وزارة التضامن وا...
2026-07-22 10:41:09,205 [INFO]   [DÉJÀ VU] مباراة لتوظيف متصرف من الدرجة الثالثة - سلم 10وزارة التضامن ...
2026-07-22 10:41:09,205 [INFO]   [DÉJÀ VU] مباراة لتوظيف متصرف من الدرجة الثانية - سلم 11وزارة التضامن ...
2026-07-22 10:41:09,206 [INFO]   [DÉJÀ VU] اطار في الموارد البشرية1 أيام متبقيةالوكالة الوطنية للموانئا...
2026-07-22 10:41:09,206 [INFO]   [DÉJÀ VU] إطار في تدبير أمن الأنظمة المعلوماتية1 أيام متبقيةالوكالة ال...
2026-07-22 10:41:09,206 [INFO]   [DÉJÀ VU] مساعد(ة) إداري(ة)1 أيام متبقيةالوكالة الوطنية للموانئالإعلان...
2026-07-22 10:41:09,206 [INFO]   [DÉJÀ VU] إطار عالي Chargé(e) de Contentieux1 أيام متبقيةصندوق الإيداع...
2026-07-22 10:41:09,206 [INFO] Page 2/3
2026-07-22 10:41:09,206 [INFO] Scraping page: https://www.emploi-public.ma/ar/قائمة-المباريات?page=1
2026-07-22 10:41:13,650 [INFO]   → 13 annonces trouvées sur cette page
2026-07-22 10:41:13,651 [INFO]   [DÉJÀ VU] مباراة لتوظيف مساعد تقني من الدرجة الثانيةوزارة النقل واللوج...
2026-07-22 10:41:13,652 [INFO]   [DÉJÀ VU] مباراة لتوظيف أستاذ محاضر من الدرجة أ - سلم 11وزارة الشباب و...
2026-07-22 10:41:13,652 [INFO]   [DÉJÀ VU] مباراة لتوظيف متصرف من الدرجة الثانية - سلم 11وزارة السياحة ...
2026-07-22 10:41:13,652 [INFO]   [DÉJÀ VU] مباراة لتوظيف متصرف من الدرجة الثالثة - سلم 10وزارة الشباب و...
2026-07-22 10:41:13,652 [INFO]   [DÉJÀ VU] مباراة لتوظيف طبيب من الدرجة الأولى - سلم 11وزارة الصحة والح...
2026-07-22 10:41:13,652 [INFO]   [DÉJÀ VU] مباراة لتوظيف أستاذ محاضر من الدرجة أ - سلم 11وزارة التضامن ...
2026-07-22 10:41:13,652 [INFO]   [DÉJÀ VU] مباراة لتوظيف تقني من الدرجة الثالثة - سلم 9وزارة التضامن وا...
2026-07-22 10:41:13,652 [INFO]   [DÉJÀ VU] مباراة لتوظيف متصرف من الدرجة الثالثة - سلم 10وزارة التضامن ...
2026-07-22 10:41:13,652 [INFO]   [DÉJÀ VU] مباراة لتوظيف متصرف من الدرجة الثانية - سلم 11وزارة التضامن ...
2026-07-22 10:41:13,652 [INFO]   [DÉJÀ VU] اطار في الموارد البشرية1 أيام متبقيةالوكالة الوطنية للموانئا...
2026-07-22 10:41:13,652 [INFO]   [DÉJÀ VU] إطار في تدبير أمن الأنظمة المعلوماتية1 أيام متبقيةالوكالة ال...
2026-07-22 10:41:13,652 [INFO]   [DÉJÀ VU] مساعد(ة) إداري(ة)1 أيام متبقيةالوكالة الوطنية للموانئالإعلان...
2026-07-22 10:41:13,652 [INFO]   [DÉJÀ VU] إطار عالي Chargé(e) de Contentieux1 أيام متبقيةصندوق الإيداع...
2026-07-22 10:41:13,652 [INFO] Page 3/3
2026-07-22 10:41:13,652 [INFO] Scraping page: https://www.emploi-public.ma/ar/قائمة-المباريات?page=2
2026-07-22 10:41:15,441 [INFO]   → 13 annonces trouvées sur cette page
2026-07-22 10:41:15,443 [INFO]   [DÉJÀ VU] مباراة لتوظيف طبيب من الدرجة الأولى - سلم 11وزارة الصحة والح...
2026-07-22 10:41:15,443 [INFO]   [DÉJÀ VU] مباراة لتوظيف مهندس دولة من الدرجة الأولى - سلم 11وزارة الفل...
2026-07-22 10:41:15,443 [INFO]   [DÉJÀ VU] مباراة لتوظيف متصرف من الدرجة الثانية - سلم 11وزارة الفلاحة ...
2026-07-22 10:41:15,443 [INFO]   [DÉJÀ VU] مباراة لتوظيف تقني من الدرجة الثالثة - سلم 9وزارة الفلاحة وا...
2026-07-22 10:41:15,443 [INFO]   [DÉJÀ VU] مباراة لتوظيف متصرف من الدرجة الثالثة - سلم 10وزارة الفلاحة ...
2026-07-22 10:41:15,443 [INFO]   [DÉJÀ VU] لائحة الناجحين في مباراة التوظيف جراح أسنان من الدرجة الأولى...
2026-07-22 10:41:15,443 [INFO]   [DÉJÀ VU] لائحة الناجحين في مباراة التوظيف صيدلي من الدرجة الأولى - سل...
2026-07-22 10:41:15,443 [INFO]   [DÉJÀ VU] لائحة الناجحين في مباراة التوظيف طبيب من الدرجة الأولى - سلم...
2026-07-22 10:41:15,443 [INFO]   [DÉJÀ VU] لائحة المدعوين لإجراء الاختبار الكتابي لمباراة توظيف تقني من...
2026-07-22 10:41:15,443 [INFO]   [DÉJÀ VU] اطار في الموارد البشرية1 أيام متبقيةالوكالة الوطنية للموانئا...
2026-07-22 10:41:15,443 [INFO]   [DÉJÀ VU] إطار في تدبير أمن الأنظمة المعلوماتية1 أيام متبقيةالوكالة ال...
2026-07-22 10:41:15,443 [INFO]   [DÉJÀ VU] مساعد(ة) إداري(ة)1 أيام متبقيةالوكالة الوطنية للموانئالإعلان...
2026-07-22 10:41:15,443 [INFO]   [DÉJÀ VU] إطار عالي Chargé(e) de Contentieux1 أيام متبقيةصندوق الإيداع...
2026-07-22 10:41:15,443 [INFO] 
--- Catégorie: تشغيل الخبراء ---
2026-07-22 10:41:15,443 [INFO] Page 1/3
2026-07-22 10:41:15,444 [INFO] Scraping page: https://www.emploi-public.ma/ar/قائمة-تشغيل-الخبراء
2026-07-22 10:41:16,605 [INFO]   → 9 annonces trouvées sur cette page
2026-07-22 10:41:16,607 [INFO]   [DÉJÀ VU] فتح باب الترشيح لمنصب خبير في الشؤون القانونيةوزارة الفلاحة ...
2026-07-22 10:41:16,607 [INFO]   [DÉJÀ VU] فتح باب الترشيح لمنصب خبيروزارة الداخليةالإعلانآخر أجل لإيدا...
2026-07-22 10:41:16,607 [INFO]   [DÉJÀ VU] فتح باب الترشيح لمنصب خبيروزارة الداخليةالإعلانآخر أجل لإيدا...
2026-07-22 10:41:16,607 [INFO]   [DÉJÀ VU] فتح باب الترشيح لمنصب خبير متعاقدوزارة السياحة والصناعة التق...
2026-07-22 10:41:16,607 [INFO]   [DÉJÀ VU] فتح باب الترشيح لمنصب خبيروزارة الداخليةالإعلانآخر أجل لإيدا...
2026-07-22 10:41:16,607 [INFO]   [DÉJÀ VU] فتح باب الترشيح لمنصب خبير في مجال الملاحة التجاريةوزارة الن...
2026-07-22 10:41:16,607 [INFO]   [DÉJÀ VU] فتح باب الترشيح لمنصب خبير في مجال التفاوض والسياسة التجارية...
2026-07-22 10:41:16,607 [INFO]   [DÉJÀ VU] فتح باب الترشيح لمنصب خبيروزارة الداخليةالإعلانآخر أجل لإيدا...
2026-07-22 10:41:16,607 [INFO]   [DÉJÀ VU] فتح باب الترشيح لمنصب خبيروزارة الشباب والثقافة والتواصل - ق...
2026-07-22 10:41:16,607 [INFO] Page 2/3
2026-07-22 10:41:16,607 [INFO] Scraping page: https://www.emploi-public.ma/ar/قائمة-تشغيل-الخبراء?page=1
2026-07-22 10:41:17,328 [INFO]   → 9 annonces trouvées sur cette page
2026-07-22 10:41:17,329 [INFO]   [DÉJÀ VU] فتح باب الترشيح لمنصب خبير في الشؤون القانونيةوزارة الفلاحة ...
2026-07-22 10:41:17,330 [INFO]   [DÉJÀ VU] فتح باب الترشيح لمنصب خبيروزارة الداخليةالإعلانآخر أجل لإيدا...
2026-07-22 10:41:17,330 [INFO]   [DÉJÀ VU] فتح باب الترشيح لمنصب خبيروزارة الداخليةالإعلانآخر أجل لإيدا...
2026-07-22 10:41:17,330 [INFO]   [DÉJÀ VU] فتح باب الترشيح لمنصب خبير متعاقدوزارة السياحة والصناعة التق...
2026-07-22 10:41:17,330 [INFO]   [DÉJÀ VU] فتح باب الترشيح لمنصب خبيروزارة الداخليةالإعلانآخر أجل لإيدا...
2026-07-22 10:41:17,330 [INFO]   [DÉJÀ VU] فتح باب الترشيح لمنصب خبير في مجال الملاحة التجاريةوزارة الن...
2026-07-22 10:41:17,330 [INFO]   [DÉJÀ VU] فتح باب الترشيح لمنصب خبير في مجال التفاوض والسياسة التجارية...
2026-07-22 10:41:17,330 [INFO]   [DÉJÀ VU] فتح باب الترشيح لمنصب خبيروزارة الداخليةالإعلانآخر أجل لإيدا...
2026-07-22 10:41:17,330 [INFO]   [DÉJÀ VU] فتح باب الترشيح لمنصب خبيروزارة الشباب والثقافة والتواصل - ق...
2026-07-22 10:41:17,330 [INFO] Page 3/3
2026-07-22 10:41:17,330 [INFO] Scraping page: https://www.emploi-public.ma/ar/قائمة-تشغيل-الخبراء?page=2
2026-07-22 10:41:18,214 [INFO]   → 9 annonces trouvées sur cette page
2026-07-22 10:41:18,216 [INFO]   [DÉJÀ VU] فتح باب الترشيح لمنصب خبير في المجالات المرتبطة بتطوير آليات...
2026-07-22 10:41:18,216 [INFO]   [DÉJÀ VU] فتح باب الترشيح لمنصب خبيروزارة الداخليةالإعلانآخر أجل لإيدا...
2026-07-22 10:41:18,216 [INFO]   [DÉJÀ VU] فتح باب الترشيح لمنصب خبير في مجال حكامة المؤسسات والمنشآت ا...
2026-07-22 10:41:18,216 [INFO]   [DÉJÀ VU] فتح باب الترشيح لمنصب خبير بموجب عقدوزارة الصحة والحماية الا...
2026-07-22 10:41:18,216 [INFO]   [DÉJÀ VU] لائحة الناجحين لمنصب خبير في مجال التقييم ومنح التراخيصالوكا...
2026-07-22 10:41:18,216 [INFO]   [DÉJÀ VU] لائحة الناجحين لمنصب خبيرفي مجال مراقبة الجودة الدوائيةالوكا...
2026-07-22 10:41:18,216 [INFO]   [DÉJÀ VU] فتح باب الترشيح لمنصب خبير في التنسيق المؤسساتي والتعاون الد...
2026-07-22 10:41:18,216 [INFO]   [DÉJÀ VU] لائحة الناجحين لمنصب خبير مكلف بقيادة إنجاز دراسات وأشغال مل...
2026-07-22 10:41:18,216 [INFO]   [DÉJÀ VU] فتح باب الترشيح لمنصب خبير بموجب عقدوزارة الصناعة والتجارةال...
2026-07-22 10:41:18,217 [INFO] 
============================================================
2026-07-22 10:41:18,217 [INFO] RÉSUMÉ
2026-07-22 10:41:18,217 [INFO] ============================================================
2026-07-22 10:41:18,217 [INFO] Annonces traitées: 135
2026-07-22 10:41:18,217 [INFO] Dates en cours: 0
2026-07-22 10:41:18,217 [INFO] Dates expirées: 0
2026-07-22 10:41:18,217 [INFO] PDF lus: 0
2026-07-22 10:41:18,217 [INFO] Match région: 0
2026-07-22 10:41:18,217 [INFO] Nouveaux résultats: 0
2026-07-22 10:41:18,217 [INFO] Total résultats en base: 0
2026-07-22 10:41:19,789 [INFO] Email envoyé à cavalkhalid@gmail.com
2026-07-22 10:41:19,789 [INFO] 
Scraper terminé.
2026-07-22 11:00:03,965 [INFO] ============================================================
2026-07-22 11:00:03,965 [INFO] DÉMARRAGE DU SCRAPER emploi-public.ma (AR)
2026-07-22 11:00:03,965 [INFO] Date: 2026-07-22 11:00:03
2026-07-22 11:00:03,965 [INFO] ============================================================
2026-07-22 11:00:03,965 [INFO] Annonces déjà traitées: 86
2026-07-22 11:00:03,966 [INFO] 
--- Catégorie: مناصب المسؤولية ---
2026-07-22 11:00:03,966 [INFO] Page 1/3
2026-07-22 11:00:03,966 [INFO] Scraping page: https://www.emploi-public.ma/ar/قائمة-مناصب-المسؤولية
2026-07-22 11:00:05,659 [INFO]   → 13 annonces trouvées sur cette page
2026-07-22 11:00:05,660 [INFO]   [DÉJÀ VU] لائحة المدعوين لاجتياز اختبار الترشيح ل مناصب المسؤولية ب وز...
2026-07-22 11:00:05,660 [INFO]   [DÉJÀ VU] فتح باب الترشيح ل مناصب المسؤولية ب وزارة الفلاحة والصيد الب...
2026-07-22 11:00:05,661 [INFO]   [DÉJÀ VU] لائحة الناجحين في مناصب المسؤولية ب وزارة الداخليةوزارة الدا...
2026-07-22 11:00:05,661 [INFO]   [DÉJÀ VU] لائحة الناجحين في مناصب المسؤولية ب وزارة التجهيز والماءوزار...
2026-07-22 11:00:05,661 [INFO]   [DÉJÀ VU] فتح باب الترشيح ل مناصب المسؤولية ب المجلس الوطني لحقوق الإن...
2026-07-22 11:00:05,661 [INFO]   [DÉJÀ VU] لائحة المدعوين لاجتياز اختبار الترشيح ل مناصب المسؤولية ب ال...
2026-07-22 11:00:05,661 [INFO]   [DÉJÀ VU] لائحة الناجحين في مناصب المسؤولية ب وزارة التجهيز والماءوزار...
2026-07-22 11:00:05,661 [INFO]   [DÉJÀ VU] لائحة الناجحين في مناصب المسؤولية ب وزارة الداخلية -عمالة مر...
2026-07-22 11:00:05,661 [INFO]   [DÉJÀ VU] فتح باب الترشيح ل مناصب المسؤولية ب المندوبية العامة لإدارة ...
2026-07-22 11:00:05,661 [INFO]   [DÉJÀ VU] رئيس قسم منطقة إفريقيا (RH 27/2026)مكتب التكوين المهني وإنعا...
2026-07-22 11:00:05,661 [INFO]   [DÉJÀ VU] مسؤول مشروع المباني والمنشآت الفنيةشركة القنيطرة للتهيئة وال...
2026-07-22 11:00:05,661 [INFO]   [DÉJÀ VU] مدقق الداخليالدار البيضاء للبيئةالإعلانآخر أجل لإيداع ملفات ...
2026-07-22 11:00:05,661 [INFO]   [DÉJÀ VU] محاسبالدار البيضاء للبيئةالإعلانآخر أجل لإيداع ملفات الترشيح...
2026-07-22 11:00:05,661 [INFO] Page 2/3
2026-07-22 11:00:05,662 [INFO] Scraping page: https://www.emploi-public.ma/ar/قائمة-مناصب-المسؤولية?page=1
2026-07-22 11:00:12,836 [INFO]   → 13 annonces trouvées sur cette page
2026-07-22 11:00:12,837 [INFO]   [DÉJÀ VU] لائحة المدعوين لاجتياز اختبار الترشيح ل مناصب المسؤولية ب وز...
2026-07-22 11:00:12,837 [INFO]   [DÉJÀ VU] فتح باب الترشيح ل مناصب المسؤولية ب وزارة الفلاحة والصيد الب...
2026-07-22 11:00:12,837 [INFO]   [DÉJÀ VU] لائحة الناجحين في مناصب المسؤولية ب وزارة الداخليةوزارة الدا...
2026-07-22 11:00:12,837 [INFO]   [DÉJÀ VU] لائحة الناجحين في مناصب المسؤولية ب وزارة التجهيز والماءوزار...
2026-07-22 11:00:12,837 [INFO]   [DÉJÀ VU] فتح باب الترشيح ل مناصب المسؤولية ب المجلس الوطني لحقوق الإن...
2026-07-22 11:00:12,837 [INFO]   [DÉJÀ VU] لائحة المدعوين لاجتياز اختبار الترشيح ل مناصب المسؤولية ب ال...
2026-07-22 11:00:12,837 [INFO]   [DÉJÀ VU] لائحة الناجحين في مناصب المسؤولية ب وزارة التجهيز والماءوزار...
2026-07-22 11:00:12,838 [INFO]   [DÉJÀ VU] لائحة الناجحين في مناصب المسؤولية ب وزارة الداخلية -عمالة مر...
2026-07-22 11:00:12,838 [INFO]   [DÉJÀ VU] فتح باب الترشيح ل مناصب المسؤولية ب المندوبية العامة لإدارة ...
2026-07-22 11:00:12,838 [INFO]   [DÉJÀ VU] رئيس قسم منطقة إفريقيا (RH 27/2026)مكتب التكوين المهني وإنعا...
2026-07-22 11:00:12,838 [INFO]   [DÉJÀ VU] مسؤول مشروع المباني والمنشآت الفنيةشركة القنيطرة للتهيئة وال...
2026-07-22 11:00:12,838 [INFO]   [DÉJÀ VU] مدقق الداخليالدار البيضاء للبيئةالإعلانآخر أجل لإيداع ملفات ...
2026-07-22 11:00:12,838 [INFO]   [DÉJÀ VU] محاسبالدار البيضاء للبيئةالإعلانآخر أجل لإيداع ملفات الترشيح...
2026-07-22 11:00:12,838 [INFO] Page 3/3
2026-07-22 11:00:12,838 [INFO] Scraping page: https://www.emploi-public.ma/ar/قائمة-مناصب-المسؤولية?page=2
2026-07-22 11:00:15,028 [INFO]   → 13 annonces trouvées sur cette page
2026-07-22 11:00:15,029 [INFO]   [DÉJÀ VU] فتح باب الترشيح ل مناصب المسؤولية ب وزارة الشباب والثقافة وا...
2026-07-22 11:00:15,029 [INFO]   [DÉJÀ VU] فتح باب الترشيح ل مناصب المسؤولية ب وزارة الداخلية - عمالة ا...
2026-07-22 11:00:15,029 [INFO]   [DÉJÀ VU] فتح باب الترشيح ل مناصب المسؤولية ب وزارة الشباب والثقافة وا...
2026-07-22 11:00:15,029 [INFO]   [DÉJÀ VU] فتح باب الترشيح ل مناصب المسؤولية ب وزارة الشباب والثقافة وا...
2026-07-22 11:00:15,029 [INFO]   [DÉJÀ VU] فتح باب الترشيح ل مناصب المسؤولية ب وزارة الشباب والثقافة وا...
2026-07-22 11:00:15,029 [INFO]   [DÉJÀ VU] فتح باب الترشيح ل مناصب المسؤولية ب وزارة الشباب والثقافة وا...
2026-07-22 11:00:15,029 [INFO]   [DÉJÀ VU] فتح باب الترشيح ل مناصب المسؤولية ب وزارة الشباب والثقافة وا...
2026-07-22 11:00:15,029 [INFO]   [DÉJÀ VU] فتح باب الترشيح ل مناصب المسؤولية ب وزارة الاقتصاد والماليةو...
2026-07-22 11:00:15,029 [INFO]   [DÉJÀ VU] فتح باب الترشيح ل مناصب المسؤولية ب وزارة الداخلية -عمالة إق...
2026-07-22 11:00:15,029 [INFO]   [DÉJÀ VU] رئيس قسم منطقة إفريقيا (RH 27/2026)مكتب التكوين المهني وإنعا...
2026-07-22 11:00:15,029 [INFO]   [DÉJÀ VU] مسؤول مشروع المباني والمنشآت الفنيةشركة القنيطرة للتهيئة وال...
2026-07-22 11:00:15,029 [INFO]   [DÉJÀ VU] مدقق الداخليالدار البيضاء للبيئةالإعلانآخر أجل لإيداع ملفات ...
2026-07-22 11:00:15,029 [INFO]   [DÉJÀ VU] محاسبالدار البيضاء للبيئةالإعلانآخر أجل لإيداع ملفات الترشيح...
2026-07-22 11:00:15,029 [INFO] 
--- Catégorie: المناصب العليا ---
2026-07-22 11:00:15,029 [INFO] Page 1/3
2026-07-22 11:00:15,029 [INFO] Scraping page: https://www.emploi-public.ma/ar/قائمة-المناصب-العليا
2026-07-22 11:00:16,257 [INFO]   → 9 annonces trouvées sur cette page
2026-07-22 11:00:16,258 [INFO]   [DÉJÀ VU] فتح باب الترشيح للمناصب العليا مدير الانظمة والدراسات التاري...
2026-07-22 11:00:16,258 [INFO]   [DÉJÀ VU] فتح باب الترشيح للمناصب العليا مدير الشبابوزارة الشباب والثق...
2026-07-22 11:00:16,258 [INFO]   [DÉJÀ VU] فتح باب الترشيح للمناصب العليا مدير مؤسسة النهوض بالأعمال ال...
2026-07-22 11:00:16,258 [INFO]   [DÉJÀ VU] فتح باب الترشيح للمناصب العليا مدير(ة) المركز الوطني للامتحا...
2026-07-22 11:00:16,258 [INFO]   [DÉJÀ VU] فتح باب الترشيح للمناصب العليا مدير المعهد العالي للدراسات ا...
2026-07-22 11:00:16,258 [INFO]   [DÉJÀ VU] فتح باب الترشيح للمناصب العليا مدير إعداد التراب الوطنيوزارة...
2026-07-22 11:00:16,259 [INFO]   [DÉJÀ VU] فتح باب الترشيح للمناصب العليا مدير الوكالة الحضرية للحسيمةو...
2026-07-22 11:00:16,259 [INFO]   [DÉJÀ VU] فتح باب الترشيح للمناصب العليا مدير الوكالة الحضرية للعرائشو...
2026-07-22 11:00:16,259 [INFO]   [DÉJÀ VU] فتح باب الترشيح للمناصب العليا مدير(ة) الشؤون العامةوزارة ال...
2026-07-22 11:00:16,259 [INFO] Page 2/3
2026-07-22 11:00:16,259 [INFO] Scraping page: https://www.emploi-public.ma/ar/قائمة-المناصب-العليا?page=1
2026-07-22 11:00:16,955 [INFO]   → 9 annonces trouvées sur cette page
2026-07-22 11:00:16,956 [INFO]   [DÉJÀ VU] فتح باب الترشيح للمناصب العليا مدير الانظمة والدراسات التاري...
2026-07-22 11:00:16,956 [INFO]   [DÉJÀ VU] فتح باب الترشيح للمناصب العليا مدير الشبابوزارة الشباب والثق...
2026-07-22 11:00:16,956 [INFO]   [DÉJÀ VU] فتح باب الترشيح للمناصب العليا مدير مؤسسة النهوض بالأعمال ال...
2026-07-22 11:00:16,956 [INFO]   [DÉJÀ VU] فتح باب الترشيح للمناصب العليا مدير(ة) المركز الوطني للامتحا...
2026-07-22 11:00:16,957 [INFO]   [DÉJÀ VU] فتح باب الترشيح للمناصب العليا مدير المعهد العالي للدراسات ا...
2026-07-22 11:00:16,957 [INFO]   [DÉJÀ VU] فتح باب الترشيح للمناصب العليا مدير إعداد التراب الوطنيوزارة...
2026-07-22 11:00:16,957 [INFO]   [DÉJÀ VU] فتح باب الترشيح للمناصب العليا مدير الوكالة الحضرية للحسيمةو...
2026-07-22 11:00:16,957 [INFO]   [DÉJÀ VU] فتح باب الترشيح للمناصب العليا مدير الوكالة الحضرية للعرائشو...
2026-07-22 11:00:16,957 [INFO]   [DÉJÀ VU] فتح باب الترشيح للمناصب العليا مدير(ة) الشؤون العامةوزارة ال...
2026-07-22 11:00:16,957 [INFO] Page 3/3
2026-07-22 11:00:16,957 [INFO] Scraping page: https://www.emploi-public.ma/ar/قائمة-المناصب-العليا?page=2
2026-07-22 11:00:20,885 [INFO]   → 12 annonces trouvées sur cette page
2026-07-22 11:00:20,886 [INFO]   [DÉJÀ VU] فتح باب الترشيح للمناصب العليا مدير(ة) المعهد الملكي لتكوين ...
2026-07-22 11:00:20,886 [INFO]   [DÉJÀ VU] فتح باب الترشيح للمناصب العليا مدير مدرسة علوم المعلوماتالمن...
2026-07-22 11:00:20,886 [INFO]   [DÉJÀ VU] فتح باب الترشيح للمناصب العليا منصب مدير تشريعات البنيات الأ...
2026-07-22 11:00:20,886 [INFO]   [DÉJÀ VU] فتح باب الترشيح للمناصب العليا مدير تشريعات الحكامة والحقوق ...
2026-07-22 11:00:20,886 [INFO]   [DÉJÀ VU] فتح باب الترشيح للمناصب العليا عميد كلية الطب والصيدلة بالرب...
2026-07-22 11:00:20,886 [INFO]   [DÉJÀ VU] فتح باب الترشيح للمناصب العليا مدير المدرسة المحمدية للمهندس...
2026-07-22 11:00:20,886 [INFO]   [DÉJÀ VU] فتح باب الترشيح للمناصب العليا منصب مدير(ة) المركز الجهوي لم...
2026-07-22 11:00:20,886 [INFO]   [DÉJÀ VU] فتح باب الترشيح للمناصب العليا مدير الانظمة والدراسات التاري...
2026-07-22 11:00:20,886 [INFO]   [DÉJÀ VU] فتح باب الترشيح للمناصب العليا المدير(ة) العام(ة) لتنظيم الح...
2026-07-22 11:00:20,886 [INFO]   [DÉJÀ VU] مدير مؤسسة النهوض بالأعمال الاجتماعية لفائدة موظفي وأعوان وز...
2026-07-22 11:00:20,886 [INFO]   [DÉJÀ VU] مدير الشبابوزارة الشباب والثقافة والتواصل - قطاع الشبابالإعل...
2026-07-22 11:00:20,886 [INFO]   [DÉJÀ VU] مدير المعهد العالي للدراسات البحريةوزارة النقل واللوجيستيكال...
2026-07-22 11:00:20,886 [INFO] 
--- Catégorie: المباريات ---
2026-07-22 11:00:20,886 [INFO] Page 1/3
2026-07-22 11:00:20,886 [INFO] Scraping page: https://www.emploi-public.ma/ar/قائمة-المباريات
2026-07-22 11:00:24,209 [INFO]   → 13 annonces trouvées sur cette page
2026-07-22 11:00:24,210 [INFO]   [DÉJÀ VU] مباراة لتوظيف مساعد تقني من الدرجة الثانيةوزارة النقل واللوج...
2026-07-22 11:00:24,210 [INFO]   [DÉJÀ VU] مباراة لتوظيف أستاذ محاضر من الدرجة أ - سلم 11وزارة الشباب و...
2026-07-22 11:00:24,210 [INFO]   [DÉJÀ VU] مباراة لتوظيف متصرف من الدرجة الثانية - سلم 11وزارة السياحة ...
2026-07-22 11:00:24,211 [INFO]   [DÉJÀ VU] مباراة لتوظيف متصرف من الدرجة الثالثة - سلم 10وزارة الشباب و...
2026-07-22 11:00:24,211 [INFO]   [DÉJÀ VU] مباراة لتوظيف طبيب من الدرجة الأولى - سلم 11وزارة الصحة والح...
2026-07-22 11:00:24,211 [INFO]   [DÉJÀ VU] مباراة لتوظيف أستاذ محاضر من الدرجة أ - سلم 11وزارة التضامن ...
2026-07-22 11:00:24,211 [INFO]   [DÉJÀ VU] مباراة لتوظيف تقني من الدرجة الثالثة - سلم 9وزارة التضامن وا...
2026-07-22 11:00:24,211 [INFO]   [DÉJÀ VU] مباراة لتوظيف متصرف من الدرجة الثالثة - سلم 10وزارة التضامن ...
2026-07-22 11:00:24,211 [INFO]   [DÉJÀ VU] مباراة لتوظيف متصرف من الدرجة الثانية - سلم 11وزارة التضامن ...
2026-07-22 11:00:24,211 [INFO]   [DÉJÀ VU] اطار في الموارد البشرية1 أيام متبقيةالوكالة الوطنية للموانئا...
2026-07-22 11:00:24,211 [INFO]   [DÉJÀ VU] إطار في تدبير أمن الأنظمة المعلوماتية1 أيام متبقيةالوكالة ال...
2026-07-22 11:00:24,211 [INFO]   [DÉJÀ VU] مساعد(ة) إداري(ة)1 أيام متبقيةالوكالة الوطنية للموانئالإعلان...
2026-07-22 11:00:24,211 [INFO]   [DÉJÀ VU] إطار عالي Chargé(e) de Contentieux1 أيام متبقيةصندوق الإيداع...
2026-07-22 11:00:24,211 [INFO] Page 2/3
2026-07-22 11:00:24,211 [INFO] Scraping page: https://www.emploi-public.ma/ar/قائمة-المباريات?page=1
2026-07-22 11:00:25,606 [INFO]   → 13 annonces trouvées sur cette page
2026-07-22 11:00:25,607 [INFO]   [DÉJÀ VU] مباراة لتوظيف مساعد تقني من الدرجة الثانيةوزارة النقل واللوج...
2026-07-22 11:00:25,607 [INFO]   [DÉJÀ VU] مباراة لتوظيف أستاذ محاضر من الدرجة أ - سلم 11وزارة الشباب و...
2026-07-22 11:00:25,607 [INFO]   [DÉJÀ VU] مباراة لتوظيف متصرف من الدرجة الثانية - سلم 11وزارة السياحة ...
2026-07-22 11:00:25,607 [INFO]   [DÉJÀ VU] مباراة لتوظيف متصرف من الدرجة الثالثة - سلم 10وزارة الشباب و...
2026-07-22 11:00:25,607 [INFO]   [DÉJÀ VU] مباراة لتوظيف طبيب من الدرجة الأولى - سلم 11وزارة الصحة والح...
2026-07-22 11:00:25,607 [INFO]   [DÉJÀ VU] مباراة لتوظيف أستاذ محاضر من الدرجة أ - سلم 11وزارة التضامن ...
2026-07-22 11:00:25,607 [INFO]   [DÉJÀ VU] مباراة لتوظيف تقني من الدرجة الثالثة - سلم 9وزارة التضامن وا...
2026-07-22 11:00:25,607 [INFO]   [DÉJÀ VU] مباراة لتوظيف متصرف من الدرجة الثالثة - سلم 10وزارة التضامن ...
2026-07-22 11:00:25,607 [INFO]   [DÉJÀ VU] مباراة لتوظيف متصرف من الدرجة الثانية - سلم 11وزارة التضامن ...
2026-07-22 11:00:25,607 [INFO]   [DÉJÀ VU] اطار في الموارد البشرية1 أيام متبقيةالوكالة الوطنية للموانئا...
2026-07-22 11:00:25,607 [INFO]   [DÉJÀ VU] إطار في تدبير أمن الأنظمة المعلوماتية1 أيام متبقيةالوكالة ال...
2026-07-22 11:00:25,607 [INFO]   [DÉJÀ VU] مساعد(ة) إداري(ة)1 أيام متبقيةالوكالة الوطنية للموانئالإعلان...
2026-07-22 11:00:25,607 [INFO]   [DÉJÀ VU] إطار عالي Chargé(e) de Contentieux1 أيام متبقيةصندوق الإيداع...
2026-07-22 11:00:25,607 [INFO] Page 3/3
2026-07-22 11:00:25,607 [INFO] Scraping page: https://www.emploi-public.ma/ar/قائمة-المباريات?page=2
2026-07-22 11:00:27,040 [INFO]   → 13 annonces trouvées sur cette page
2026-07-22 11:00:27,041 [INFO]   [DÉJÀ VU] مباراة لتوظيف طبيب من الدرجة الأولى - سلم 11وزارة الصحة والح...
2026-07-22 11:00:27,041 [INFO]   [DÉJÀ VU] مباراة لتوظيف مهندس دولة من الدرجة الأولى - سلم 11وزارة الفل...
2026-07-22 11:00:27,041 [INFO]   [DÉJÀ VU] مباراة لتوظيف متصرف من الدرجة الثانية - سلم 11وزارة الفلاحة ...
2026-07-22 11:00:27,041 [INFO]   [DÉJÀ VU] مباراة لتوظيف تقني من الدرجة الثالثة - سلم 9وزارة الفلاحة وا...
2026-07-22 11:00:27,041 [INFO]   [DÉJÀ VU] مباراة لتوظيف متصرف من الدرجة الثالثة - سلم 10وزارة الفلاحة ...
2026-07-22 11:00:27,041 [INFO]   [DÉJÀ VU] لائحة الناجحين في مباراة التوظيف جراح أسنان من الدرجة الأولى...
2026-07-22 11:00:27,041 [INFO]   [DÉJÀ VU] لائحة الناجحين في مباراة التوظيف صيدلي من الدرجة الأولى - سل...
2026-07-22 11:00:27,041 [INFO]   [DÉJÀ VU] لائحة الناجحين في مباراة التوظيف طبيب من الدرجة الأولى - سلم...
2026-07-22 11:00:27,041 [INFO]   [DÉJÀ VU] لائحة المدعوين لإجراء الاختبار الكتابي لمباراة توظيف تقني من...
2026-07-22 11:00:27,041 [INFO]   [DÉJÀ VU] اطار في الموارد البشرية1 أيام متبقيةالوكالة الوطنية للموانئا...
2026-07-22 11:00:27,041 [INFO]   [DÉJÀ VU] إطار في تدبير أمن الأنظمة المعلوماتية1 أيام متبقيةالوكالة ال...
2026-07-22 11:00:27,041 [INFO]   [DÉJÀ VU] مساعد(ة) إداري(ة)1 أيام متبقيةالوكالة الوطنية للموانئالإعلان...
2026-07-22 11:00:27,041 [INFO]   [DÉJÀ VU] إطار عالي Chargé(e) de Contentieux1 أيام متبقيةصندوق الإيداع...
2026-07-22 11:00:27,041 [INFO] 
--- Catégorie: تشغيل الخبراء ---
2026-07-22 11:00:27,041 [INFO] Page 1/3
2026-07-22 11:00:27,041 [INFO] Scraping page: https://www.emploi-public.ma/ar/قائمة-تشغيل-الخبراء
2026-07-22 11:00:27,663 [INFO]   → 9 annonces trouvées sur cette page
2026-07-22 11:00:27,664 [INFO]   [DÉJÀ VU] فتح باب الترشيح لمنصب خبير في الشؤون القانونيةوزارة الفلاحة ...
2026-07-22 11:00:27,664 [INFO]   [DÉJÀ VU] فتح باب الترشيح لمنصب خبيروزارة الداخليةالإعلانآخر أجل لإيدا...
2026-07-22 11:00:27,665 [INFO]   [DÉJÀ VU] فتح باب الترشيح لمنصب خبيروزارة الداخليةالإعلانآخر أجل لإيدا...
2026-07-22 11:00:27,665 [INFO]   [DÉJÀ VU] فتح باب الترشيح لمنصب خبير متعاقدوزارة السياحة والصناعة التق...
2026-07-22 11:00:27,665 [INFO]   [DÉJÀ VU] فتح باب الترشيح لمنصب خبيروزارة الداخليةالإعلانآخر أجل لإيدا...
2026-07-22 11:00:27,665 [INFO]   [DÉJÀ VU] فتح باب الترشيح لمنصب خبير في مجال الملاحة التجاريةوزارة الن...
2026-07-22 11:00:27,665 [INFO]   [DÉJÀ VU] فتح باب الترشيح لمنصب خبير في مجال التفاوض والسياسة التجارية...
2026-07-22 11:00:27,665 [INFO]   [DÉJÀ VU] فتح باب الترشيح لمنصب خبيروزارة الداخليةالإعلانآخر أجل لإيدا...
2026-07-22 11:00:27,665 [INFO]   [DÉJÀ VU] فتح باب الترشيح لمنصب خبيروزارة الشباب والثقافة والتواصل - ق...
2026-07-22 11:00:27,665 [INFO] Page 2/3
2026-07-22 11:00:27,665 [INFO] Scraping page: https://www.emploi-public.ma/ar/قائمة-تشغيل-الخبراء?page=1
2026-07-22 11:00:30,802 [INFO]   → 9 annonces trouvées sur cette page
2026-07-22 11:00:30,804 [INFO]   [DÉJÀ VU] فتح باب الترشيح لمنصب خبير في الشؤون القانونيةوزارة الفلاحة ...
2026-07-22 11:00:30,804 [INFO]   [DÉJÀ VU] فتح باب الترشيح لمنصب خبيروزارة الداخليةالإعلانآخر أجل لإيدا...
2026-07-22 11:00:30,804 [INFO]   [DÉJÀ VU] فتح باب الترشيح لمنصب خبيروزارة الداخليةالإعلانآخر أجل لإيدا...
2026-07-22 11:00:30,804 [INFO]   [DÉJÀ VU] فتح باب الترشيح لمنصب خبير متعاقدوزارة السياحة والصناعة التق...
2026-07-22 11:00:30,804 [INFO]   [DÉJÀ VU] فتح باب الترشيح لمنصب خبيروزارة الداخليةالإعلانآخر أجل لإيدا...
2026-07-22 11:00:30,804 [INFO]   [DÉJÀ VU] فتح باب الترشيح لمنصب خبير في مجال الملاحة التجاريةوزارة الن...
2026-07-22 11:00:30,804 [INFO]   [DÉJÀ VU] فتح باب الترشيح لمنصب خبير في مجال التفاوض والسياسة التجارية...
2026-07-22 11:00:30,804 [INFO]   [DÉJÀ VU] فتح باب الترشيح لمنصب خبيروزارة الداخليةالإعلانآخر أجل لإيدا...
2026-07-22 11:00:30,804 [INFO]   [DÉJÀ VU] فتح باب الترشيح لمنصب خبيروزارة الشباب والثقافة والتواصل - ق...
2026-07-22 11:00:30,804 [INFO] Page 3/3
2026-07-22 11:00:30,804 [INFO] Scraping page: https://www.emploi-public.ma/ar/قائمة-تشغيل-الخبراء?page=2
2026-07-22 11:00:33,745 [INFO]   → 9 annonces trouvées sur cette page
2026-07-22 11:00:33,746 [INFO]   [DÉJÀ VU] فتح باب الترشيح لمنصب خبير في المجالات المرتبطة بتطوير آليات...
2026-07-22 11:00:33,746 [INFO]   [DÉJÀ VU] فتح باب الترشيح لمنصب خبيروزارة الداخليةالإعلانآخر أجل لإيدا...
2026-07-22 11:00:33,746 [INFO]   [DÉJÀ VU] فتح باب الترشيح لمنصب خبير في مجال حكامة المؤسسات والمنشآت ا...
2026-07-22 11:00:33,746 [INFO]   [DÉJÀ VU] فتح باب الترشيح لمنصب خبير بموجب عقدوزارة الصحة والحماية الا...
2026-07-22 11:00:33,747 [INFO]   [DÉJÀ VU] لائحة الناجحين لمنصب خبير في مجال التقييم ومنح التراخيصالوكا...
2026-07-22 11:00:33,747 [INFO]   [DÉJÀ VU] لائحة الناجحين لمنصب خبيرفي مجال مراقبة الجودة الدوائيةالوكا...
2026-07-22 11:00:33,747 [INFO]   [DÉJÀ VU] فتح باب الترشيح لمنصب خبير في التنسيق المؤسساتي والتعاون الد...
2026-07-22 11:00:33,747 [INFO]   [DÉJÀ VU] لائحة الناجحين لمنصب خبير مكلف بقيادة إنجاز دراسات وأشغال مل...
2026-07-22 11:00:33,747 [INFO]   [DÉJÀ VU] فتح باب الترشيح لمنصب خبير بموجب عقدوزارة الصناعة والتجارةال...
2026-07-22 11:00:33,747 [INFO] 
============================================================
2026-07-22 11:00:33,747 [INFO] RÉSUMÉ
2026-07-22 11:00:33,747 [INFO] ============================================================
2026-07-22 11:00:33,747 [INFO] Annonces traitées: 135
2026-07-22 11:00:33,747 [INFO] Dates en cours: 0
2026-07-22 11:00:33,747 [INFO] Dates expirées: 0
2026-07-22 11:00:33,748 [INFO] PDF lus: 0
2026-07-22 11:00:33,748 [INFO] Match région: 0
2026-07-22 11:00:33,748 [INFO] Nouveaux résultats: 0
2026-07-22 11:00:33,748 [INFO] Total résultats en base: 0
2026-07-22 11:00:49,765 [INFO] Email envoyé à cavalkhalid@gmail.com
2026-07-22 11:00:49,765 [INFO] 
Scraper terminé.
2026-07-22 11:30:38,952 [INFO] ============================================================
2026-07-22 11:30:38,952 [INFO] DÉMARRAGE DU SCRAPER emploi-public.ma (AR)
2026-07-22 11:30:38,952 [INFO] Date: 2026-07-22 11:30:38
2026-07-22 11:30:38,952 [INFO] ============================================================
2026-07-22 11:30:38,952 [INFO] Annonces déjà traitées: 86
2026-07-22 11:30:38,953 [INFO] 
--- Catégorie: مناصب المسؤولية ---
2026-07-22 11:30:38,953 [INFO] Page 1/3
2026-07-22 11:30:38,953 [INFO] Scraping page: https://www.emploi-public.ma/ar/قائمة-مناصب-المسؤولية
2026-07-22 11:30:40,154 [INFO]   → 13 annonces trouvées sur cette page
2026-07-22 11:30:40,155 [INFO]   [DÉJÀ VU] لائحة المدعوين لاجتياز اختبار الترشيح ل مناصب المسؤولية ب وز...
2026-07-22 11:30:40,156 [INFO]   [DÉJÀ VU] فتح باب الترشيح ل مناصب المسؤولية ب وزارة الفلاحة والصيد الب...
2026-07-22 11:30:40,156 [INFO]   [DÉJÀ VU] لائحة الناجحين في مناصب المسؤولية ب وزارة الداخلية...
2026-07-22 11:30:40,156 [INFO]   [DÉJÀ VU] لائحة الناجحين في مناصب المسؤولية ب وزارة التجهيز والماء...
2026-07-22 11:30:40,156 [INFO]   [DÉJÀ VU] فتح باب الترشيح ل مناصب المسؤولية ب المجلس الوطني لحقوق الإن...
2026-07-22 11:30:40,156 [INFO]   [DÉJÀ VU] لائحة المدعوين لاجتياز اختبار الترشيح ل مناصب المسؤولية ب ال...
2026-07-22 11:30:40,156 [INFO]   [DÉJÀ VU] لائحة الناجحين في مناصب المسؤولية ب وزارة التجهيز والماء...
2026-07-22 11:30:40,156 [INFO]   [DÉJÀ VU] لائحة الناجحين في مناصب المسؤولية ب وزارة الداخلية -عمالة مر...
2026-07-22 11:30:40,156 [INFO]   [DÉJÀ VU] فتح باب الترشيح ل مناصب المسؤولية ب المندوبية العامة لإدارة ...
2026-07-22 11:30:40,156 [INFO]   [DÉJÀ VU] رئيس قسم منطقة إفريقيا (RH 27/2026)...
2026-07-22 11:30:40,156 [INFO]   [DÉJÀ VU] مسؤول مشروع المباني والمنشآت الفنية...
2026-07-22 11:30:40,156 [INFO]   [DÉJÀ VU] مدقق الداخلي...
2026-07-22 11:30:40,156 [INFO]   [DÉJÀ VU] محاسب...
2026-07-22 11:30:40,156 [INFO] Page 2/3
2026-07-22 11:30:40,156 [INFO] Scraping page: https://www.emploi-public.ma/ar/قائمة-مناصب-المسؤولية?page=1
2026-07-22 11:30:41,211 [INFO]   → 13 annonces trouvées sur cette page
2026-07-22 11:30:41,212 [INFO]   [DÉJÀ VU] لائحة المدعوين لاجتياز اختبار الترشيح ل مناصب المسؤولية ب وز...
2026-07-22 11:30:41,213 [INFO]   [DÉJÀ VU] فتح باب الترشيح ل مناصب المسؤولية ب وزارة الفلاحة والصيد الب...
2026-07-22 11:30:41,213 [INFO]   [DÉJÀ VU] لائحة الناجحين في مناصب المسؤولية ب وزارة الداخلية...
2026-07-22 11:30:41,213 [INFO]   [DÉJÀ VU] لائحة الناجحين في مناصب المسؤولية ب وزارة التجهيز والماء...
2026-07-22 11:30:41,213 [INFO]   [DÉJÀ VU] فتح باب الترشيح ل مناصب المسؤولية ب المجلس الوطني لحقوق الإن...
2026-07-22 11:30:41,213 [INFO]   [DÉJÀ VU] لائحة المدعوين لاجتياز اختبار الترشيح ل مناصب المسؤولية ب ال...
2026-07-22 11:30:41,213 [INFO]   [DÉJÀ VU] لائحة الناجحين في مناصب المسؤولية ب وزارة التجهيز والماء...
2026-07-22 11:30:41,213 [INFO]   [DÉJÀ VU] لائحة الناجحين في مناصب المسؤولية ب وزارة الداخلية -عمالة مر...
2026-07-22 11:30:41,213 [INFO]   [DÉJÀ VU] فتح باب الترشيح ل مناصب المسؤولية ب المندوبية العامة لإدارة ...
2026-07-22 11:30:41,213 [INFO]   [DÉJÀ VU] رئيس قسم منطقة إفريقيا (RH 27/2026)...
2026-07-22 11:30:41,213 [INFO]   [DÉJÀ VU] مسؤول مشروع المباني والمنشآت الفنية...
2026-07-22 11:30:41,213 [INFO]   [DÉJÀ VU] مدقق الداخلي...
2026-07-22 11:30:41,213 [INFO]   [DÉJÀ VU] محاسب...
2026-07-22 11:30:41,213 [INFO] Page 3/3
2026-07-22 11:30:41,213 [INFO] Scraping page: https://www.emploi-public.ma/ar/قائمة-مناصب-المسؤولية?page=2
2026-07-22 11:30:42,259 [INFO]   → 13 annonces trouvées sur cette page
2026-07-22 11:30:42,260 [INFO]   [DÉJÀ VU] فتح باب الترشيح ل مناصب المسؤولية ب وزارة الشباب والثقافة وا...
2026-07-22 11:30:42,260 [INFO]   [DÉJÀ VU] فتح باب الترشيح ل مناصب المسؤولية ب وزارة الداخلية - عمالة ا...
2026-07-22 11:30:42,261 [INFO]   [DÉJÀ VU] فتح باب الترشيح ل مناصب المسؤولية ب وزارة الشباب والثقافة وا...
2026-07-22 11:30:42,261 [INFO]   [DÉJÀ VU] فتح باب الترشيح ل مناصب المسؤولية ب وزارة الشباب والثقافة وا...
2026-07-22 11:30:42,261 [INFO]   [DÉJÀ VU] فتح باب الترشيح ل مناصب المسؤولية ب وزارة الشباب والثقافة وا...
2026-07-22 11:30:42,261 [INFO]   [DÉJÀ VU] فتح باب الترشيح ل مناصب المسؤولية ب وزارة الشباب والثقافة وا...
2026-07-22 11:30:42,261 [INFO]   [DÉJÀ VU] فتح باب الترشيح ل مناصب المسؤولية ب وزارة الشباب والثقافة وا...
2026-07-22 11:30:42,261 [INFO]   [DÉJÀ VU] فتح باب الترشيح ل مناصب المسؤولية ب وزارة الاقتصاد والمالية...
2026-07-22 11:30:42,261 [INFO]   [DÉJÀ VU] فتح باب الترشيح ل مناصب المسؤولية ب وزارة الداخلية -عمالة إق...
2026-07-22 11:30:42,261 [INFO]   [DÉJÀ VU] رئيس قسم منطقة إفريقيا (RH 27/2026)...
2026-07-22 11:30:42,261 [INFO]   [DÉJÀ VU] مسؤول مشروع المباني والمنشآت الفنية...
2026-07-22 11:30:42,261 [INFO]   [DÉJÀ VU] مدقق الداخلي...
2026-07-22 11:30:42,261 [INFO]   [DÉJÀ VU] محاسب...
2026-07-22 11:30:42,261 [INFO] 
--- Catégorie: المناصب العليا ---
2026-07-22 11:30:42,261 [INFO] Page 1/3
2026-07-22 11:30:42,261 [INFO] Scraping page: https://www.emploi-public.ma/ar/قائمة-المناصب-العليا
2026-07-22 11:30:43,217 [INFO]   → 9 annonces trouvées sur cette page
2026-07-22 11:30:43,218 [INFO]   [DÉJÀ VU] فتح باب الترشيح للمناصب العليا مدير الانظمة والدراسات التاري...
2026-07-22 11:30:43,219 [INFO]   [DÉJÀ VU] فتح باب الترشيح للمناصب العليا مدير الشباب...
2026-07-22 11:30:43,219 [INFO]   [DÉJÀ VU] فتح باب الترشيح للمناصب العليا مدير مؤسسة النهوض بالأعمال ال...
2026-07-22 11:30:43,219 [INFO]   [DÉJÀ VU] فتح باب الترشيح للمناصب العليا مدير(ة) المركز الوطني للامتحا...
2026-07-22 11:30:43,219 [INFO]   [DÉJÀ VU] فتح باب الترشيح للمناصب العليا مدير المعهد العالي للدراسات ا...
2026-07-22 11:30:43,219 [INFO]   [DÉJÀ VU] فتح باب الترشيح للمناصب العليا مدير إعداد التراب الوطني...
2026-07-22 11:30:43,219 [INFO]   [DÉJÀ VU] فتح باب الترشيح للمناصب العليا مدير الوكالة الحضرية للحسيمة...
2026-07-22 11:30:43,219 [INFO]   [DÉJÀ VU] فتح باب الترشيح للمناصب العليا مدير الوكالة الحضرية للعرائش...
2026-07-22 11:30:43,219 [INFO]   [DÉJÀ VU] فتح باب الترشيح للمناصب العليا مدير(ة) الشؤون العامة...
2026-07-22 11:30:43,219 [INFO] Page 2/3
2026-07-22 11:30:43,219 [INFO] Scraping page: https://www.emploi-public.ma/ar/قائمة-المناصب-العليا?page=1
2026-07-22 11:30:44,338 [INFO]   → 9 annonces trouvées sur cette page
2026-07-22 11:30:44,339 [INFO]   [DÉJÀ VU] فتح باب الترشيح للمناصب العليا مدير الانظمة والدراسات التاري...
2026-07-22 11:30:44,339 [INFO]   [DÉJÀ VU] فتح باب الترشيح للمناصب العليا مدير الشباب...
2026-07-22 11:30:44,339 [INFO]   [DÉJÀ VU] فتح باب الترشيح للمناصب العليا مدير مؤسسة النهوض بالأعمال ال...
2026-07-22 11:30:44,339 [INFO]   [DÉJÀ VU] فتح باب الترشيح للمناصب العليا مدير(ة) المركز الوطني للامتحا...
2026-07-22 11:30:44,339 [INFO]   [DÉJÀ VU] فتح باب الترشيح للمناصب العليا مدير المعهد العالي للدراسات ا...
2026-07-22 11:30:44,340 [INFO]   [DÉJÀ VU] فتح باب الترشيح للمناصب العليا مدير إعداد التراب الوطني...
2026-07-22 11:30:44,340 [INFO]   [DÉJÀ VU] فتح باب الترشيح للمناصب العليا مدير الوكالة الحضرية للحسيمة...
2026-07-22 11:30:44,340 [INFO]   [DÉJÀ VU] فتح باب الترشيح للمناصب العليا مدير الوكالة الحضرية للعرائش...
2026-07-22 11:30:44,340 [INFO]   [DÉJÀ VU] فتح باب الترشيح للمناصب العليا مدير(ة) الشؤون العامة...
2026-07-22 11:30:44,340 [INFO] Page 3/3
2026-07-22 11:30:44,340 [INFO] Scraping page: https://www.emploi-public.ma/ar/قائمة-المناصب-العليا?page=2
2026-07-22 11:30:45,173 [INFO]   → 9 annonces trouvées sur cette page
2026-07-22 11:30:45,174 [INFO]   [DÉJÀ VU] فتح باب الترشيح للمناصب العليا مدير(ة) المعهد الملكي لتكوين ...
2026-07-22 11:30:45,174 [INFO]   [DÉJÀ VU] فتح باب الترشيح للمناصب العليا مدير مدرسة علوم المعلومات...
2026-07-22 11:30:45,174 [INFO]   [DÉJÀ VU] فتح باب الترشيح للمناصب العليا منصب مدير تشريعات البنيات الأ...
2026-07-22 11:30:45,174 [INFO]   [DÉJÀ VU] فتح باب الترشيح للمناصب العليا مدير تشريعات الحكامة والحقوق ...
2026-07-22 11:30:45,174 [INFO]   [DÉJÀ VU] فتح باب الترشيح للمناصب العليا عميد كلية الطب والصيدلة بالرب...
2026-07-22 11:30:45,174 [INFO]   [DÉJÀ VU] فتح باب الترشيح للمناصب العليا مدير المدرسة المحمدية للمهندس...
2026-07-22 11:30:45,174 [INFO]   [DÉJÀ VU] فتح باب الترشيح للمناصب العليا منصب مدير(ة) المركز الجهوي لم...
2026-07-22 11:30:45,174 [INFO]   [DÉJÀ VU] فتح باب الترشيح للمناصب العليا مدير الانظمة والدراسات التاري...
2026-07-22 11:30:45,174 [INFO]   [DÉJÀ VU] فتح باب الترشيح للمناصب العليا المدير(ة) العام(ة) لتنظيم الح...
2026-07-22 11:30:45,174 [INFO] 
--- Catégorie: المباريات ---
2026-07-22 11:30:45,175 [INFO] Page 1/3
2026-07-22 11:30:45,175 [INFO] Scraping page: https://www.emploi-public.ma/ar/قائمة-المباريات
2026-07-22 11:30:46,452 [INFO]   → 9 annonces trouvées sur cette page
2026-07-22 11:30:46,453 [INFO]   [DÉJÀ VU] مباراة لتوظيف مساعد تقني من الدرجة الثانية...
2026-07-22 11:30:46,453 [INFO]   [DÉJÀ VU] مباراة لتوظيف أستاذ محاضر من الدرجة أ - سلم 11...
2026-07-22 11:30:46,453 [INFO]   [DÉJÀ VU] مباراة لتوظيف متصرف من الدرجة الثانية - سلم 11...
2026-07-22 11:30:46,454 [INFO]   [DÉJÀ VU] مباراة لتوظيف متصرف من الدرجة الثالثة - سلم 10...
2026-07-22 11:30:46,454 [INFO]   [DÉJÀ VU] مباراة لتوظيف طبيب من الدرجة الأولى - سلم 11...
2026-07-22 11:30:46,454 [INFO]   [DÉJÀ VU] مباراة لتوظيف أستاذ محاضر من الدرجة أ - سلم 11...
2026-07-22 11:30:46,454 [INFO]   [DÉJÀ VU] مباراة لتوظيف تقني من الدرجة الثالثة - سلم 9...
2026-07-22 11:30:46,454 [INFO]   [DÉJÀ VU] مباراة لتوظيف متصرف من الدرجة الثالثة - سلم 10...
2026-07-22 11:30:46,454 [INFO]   [DÉJÀ VU] مباراة لتوظيف متصرف من الدرجة الثانية - سلم 11...
2026-07-22 11:30:46,454 [INFO] Page 2/3
2026-07-22 11:30:46,454 [INFO] Scraping page: https://www.emploi-public.ma/ar/قائمة-المباريات?page=1
2026-07-22 11:30:48,230 [INFO]   → 9 annonces trouvées sur cette page
2026-07-22 11:30:48,231 [INFO]   [DÉJÀ VU] مباراة لتوظيف مساعد تقني من الدرجة الثانية...
2026-07-22 11:30:48,231 [INFO]   [DÉJÀ VU] مباراة لتوظيف أستاذ محاضر من الدرجة أ - سلم 11...
2026-07-22 11:30:48,231 [INFO]   [DÉJÀ VU] مباراة لتوظيف متصرف من الدرجة الثانية - سلم 11...
2026-07-22 11:30:48,231 [INFO]   [DÉJÀ VU] مباراة لتوظيف متصرف من الدرجة الثالثة - سلم 10...
2026-07-22 11:30:48,231 [INFO]   [DÉJÀ VU] مباراة لتوظيف طبيب من الدرجة الأولى - سلم 11...
2026-07-22 11:30:48,232 [INFO]   [DÉJÀ VU] مباراة لتوظيف أستاذ محاضر من الدرجة أ - سلم 11...
2026-07-22 11:30:48,232 [INFO]   [DÉJÀ VU] مباراة لتوظيف تقني من الدرجة الثالثة - سلم 9...
2026-07-22 11:30:48,232 [INFO]   [DÉJÀ VU] مباراة لتوظيف متصرف من الدرجة الثالثة - سلم 10...
2026-07-22 11:30:48,232 [INFO]   [DÉJÀ VU] مباراة لتوظيف متصرف من الدرجة الثانية - سلم 11...
2026-07-22 11:30:48,232 [INFO] Page 3/3
2026-07-22 11:30:48,232 [INFO] Scraping page: https://www.emploi-public.ma/ar/قائمة-المباريات?page=2
2026-07-22 11:30:49,636 [INFO]   → 9 annonces trouvées sur cette page
2026-07-22 11:30:49,637 [INFO]   [DÉJÀ VU] مباراة لتوظيف طبيب من الدرجة الأولى - سلم 11...
2026-07-22 11:30:49,637 [INFO]   [DÉJÀ VU] مباراة لتوظيف مهندس دولة من الدرجة الأولى - سلم 11...
2026-07-22 11:30:49,637 [INFO]   [DÉJÀ VU] مباراة لتوظيف متصرف من الدرجة الثانية - سلم 11...
2026-07-22 11:30:49,637 [INFO]   [DÉJÀ VU] مباراة لتوظيف تقني من الدرجة الثالثة - سلم 9...
2026-07-22 11:30:49,637 [INFO]   [DÉJÀ VU] مباراة لتوظيف متصرف من الدرجة الثالثة - سلم 10...
2026-07-22 11:30:49,637 [INFO]   [DÉJÀ VU] لائحة الناجحين في مباراة التوظيف جراح أسنان من الدرجة الأولى...
2026-07-22 11:30:49,637 [INFO]   [DÉJÀ VU] لائحة الناجحين في مباراة التوظيف صيدلي من الدرجة الأولى - سل...
2026-07-22 11:30:49,637 [INFO]   [DÉJÀ VU] لائحة الناجحين في مباراة التوظيف طبيب من الدرجة الأولى - سلم...
2026-07-22 11:30:49,637 [INFO]   [DÉJÀ VU] لائحة المدعوين لإجراء الاختبار الكتابي لمباراة توظيف تقني من...
2026-07-22 11:30:49,637 [INFO] 
--- Catégorie: تشغيل الخبراء ---
2026-07-22 11:30:49,637 [INFO] Page 1/3
2026-07-22 11:30:49,637 [INFO] Scraping page: https://www.emploi-public.ma/ar/قائمة-تشغيل-الخبراء
2026-07-22 11:30:56,847 [INFO]   → 9 annonces trouvées sur cette page
2026-07-22 11:30:56,848 [INFO]   [DÉJÀ VU] فتح باب الترشيح لمنصب خبير في الشؤون القانونية...
2026-07-22 11:30:56,849 [INFO]   [DÉJÀ VU] فتح باب الترشيح لمنصب خبير...
2026-07-22 11:30:56,849 [INFO]   [DÉJÀ VU] فتح باب الترشيح لمنصب خبير...
2026-07-22 11:30:56,849 [INFO]   [DÉJÀ VU] فتح باب الترشيح لمنصب خبير متعاقد...
2026-07-22 11:30:56,849 [INFO]   [DÉJÀ VU] فتح باب الترشيح لمنصب خبير...
2026-07-22 11:30:56,849 [INFO]   [DÉJÀ VU] فتح باب الترشيح لمنصب خبير في مجال الملاحة التجارية...
2026-07-22 11:30:56,849 [INFO]   [DÉJÀ VU] فتح باب الترشيح لمنصب خبير في مجال التفاوض والسياسة التجارية...
2026-07-22 11:30:56,849 [INFO]   [DÉJÀ VU] فتح باب الترشيح لمنصب خبير...
2026-07-22 11:30:56,849 [INFO]   [DÉJÀ VU] فتح باب الترشيح لمنصب خبير...
2026-07-22 11:30:56,849 [INFO] Page 2/3
2026-07-22 11:30:56,849 [INFO] Scraping page: https://www.emploi-public.ma/ar/قائمة-تشغيل-الخبراء?page=1
2026-07-22 11:30:57,840 [INFO]   → 9 annonces trouvées sur cette page
2026-07-22 11:30:57,841 [INFO]   [DÉJÀ VU] فتح باب الترشيح لمنصب خبير في الشؤون القانونية...
2026-07-22 11:30:57,842 [INFO]   [DÉJÀ VU] فتح باب الترشيح لمنصب خبير...
2026-07-22 11:30:57,842 [INFO]   [DÉJÀ VU] فتح باب الترشيح لمنصب خبير...
2026-07-22 11:30:57,842 [INFO]   [DÉJÀ VU] فتح باب الترشيح لمنصب خبير متعاقد...
2026-07-22 11:30:57,842 [INFO]   [DÉJÀ VU] فتح باب الترشيح لمنصب خبير...
2026-07-22 11:30:57,842 [INFO]   [DÉJÀ VU] فتح باب الترشيح لمنصب خبير في مجال الملاحة التجارية...
2026-07-22 11:30:57,842 [INFO]   [DÉJÀ VU] فتح باب الترشيح لمنصب خبير في مجال التفاوض والسياسة التجارية...
2026-07-22 11:30:57,842 [INFO]   [DÉJÀ VU] فتح باب الترشيح لمنصب خبير...
2026-07-22 11:30:57,842 [INFO]   [DÉJÀ VU] فتح باب الترشيح لمنصب خبير...
2026-07-22 11:30:57,842 [INFO] Page 3/3
2026-07-22 11:30:57,842 [INFO] Scraping page: https://www.emploi-public.ma/ar/قائمة-تشغيل-الخبراء?page=2
2026-07-22 11:31:07,317 [INFO]   → 9 annonces trouvées sur cette page
2026-07-22 11:31:07,318 [INFO]   [DÉJÀ VU] فتح باب الترشيح لمنصب خبير في المجالات المرتبطة بتطوير آليات...
2026-07-22 11:31:07,318 [INFO]   [DÉJÀ VU] فتح باب الترشيح لمنصب خبير...
2026-07-22 11:31:07,318 [INFO]   [DÉJÀ VU] فتح باب الترشيح لمنصب خبير في مجال حكامة المؤسسات والمنشآت ا...
2026-07-22 11:31:07,318 [INFO]   [DÉJÀ VU] فتح باب الترشيح لمنصب خبير بموجب عقد...
2026-07-22 11:31:07,318 [INFO]   [DÉJÀ VU] لائحة الناجحين لمنصب خبير في مجال التقييم ومنح التراخيص...
2026-07-22 11:31:07,318 [INFO]   [DÉJÀ VU] لائحة الناجحين لمنصب خبيرفي مجال مراقبة الجودة الدوائية...
2026-07-22 11:31:07,318 [INFO]   [DÉJÀ VU] فتح باب الترشيح لمنصب خبير في التنسيق المؤسساتي والتعاون الد...
2026-07-22 11:31:07,318 [INFO]   [DÉJÀ VU] لائحة الناجحين لمنصب خبير مكلف بقيادة إنجاز دراسات وأشغال مل...
2026-07-22 11:31:07,318 [INFO]   [DÉJÀ VU] فتح باب الترشيح لمنصب خبير بموجب عقد...
2026-07-22 11:31:07,319 [INFO] 
============================================================
2026-07-22 11:31:07,319 [INFO] RÉSUMÉ
2026-07-22 11:31:07,319 [INFO] ============================================================
2026-07-22 11:31:07,319 [INFO] Annonces traitées: 120
2026-07-22 11:31:07,319 [INFO] Dates en cours: 0
2026-07-22 11:31:07,319 [INFO] Dates expirées: 0
2026-07-22 11:31:07,319 [INFO] PDF lus: 0
2026-07-22 11:31:07,319 [INFO] Match région: 0
2026-07-22 11:31:07,319 [INFO] Nouveaux résultats: 0
2026-07-22 11:31:07,319 [INFO] Total résultats en base: 0
2026-07-22 11:31:08,828 [INFO] Email envoyé à cavalkhalid@gmail.com
2026-07-22 11:31:08,828 [INFO] 
Scraper terminé.
2026-07-23 14:50:59,323 [INFO] ============================================================
2026-07-23 14:50:59,323 [INFO] DÉMARRAGE DU SCRAPER emploi-public.ma (AR)
2026-07-23 14:50:59,323 [INFO] Date: 2026-07-23 14:50:59
2026-07-23 14:50:59,323 [INFO] ============================================================
2026-07-23 14:50:59,323 [INFO] Annonces déjà traitées: 86
2026-07-23 14:50:59,323 [INFO] 
--- Catégorie: مناصب المسؤولية ---
2026-07-23 14:50:59,323 [INFO] Page 1/3
2026-07-23 14:50:59,323 [INFO] Scraping page: https://www.emploi-public.ma/ar/قائمة-مناصب-المسؤولية
2026-07-23 14:51:00,884 [INFO]   → 13 annonces trouvées sur cette page
2026-07-23 14:51:00,885 [INFO]   Détails: https://www.emploi-public.ma/ar/%D8%AA%D9%81%D8%A7%D8%B5%D9%8A%D9%84/%D9%85%D9%86%D8%A7%D8%B5%D8%A8-%D8%A7%D9%84%D9%85%D8%B3%D8%A4%D9%88%D9%84%D9%8A%D8%A9/1f0f0446-8044-4bda-a4f1-6e55b963a62f
2026-07-23 14:51:01,806 [INFO]     PDF trouvé: قرار فتح باب الترشيح (score: 35)
2026-07-23 14:51:01,807 [INFO]   [EXPIRÉE] لائحة المدعوين لاجتياز اختبار الترشيح ل مناصب المسؤولية ب وز... → 2026-06-29
2026-07-23 14:51:01,807 [INFO]   Détails: https://www.emploi-public.ma/ar/%D8%AA%D9%81%D8%A7%D8%B5%D9%8A%D9%84/%D9%85%D9%86%D8%A7%D8%B5%D8%A8-%D8%A7%D9%84%D9%85%D8%B3%D8%A4%D9%88%D9%84%D9%8A%D8%A9/716ae71a-4687-466a-ae3c-6f09c68b0175
2026-07-23 14:51:03,543 [INFO]     PDF trouvé: قرار فتح باب الترشيح (score: 35)
2026-07-23 14:51:03,544 [INFO]   [EXPIRÉE] لائحة المدعوين لاجتياز اختبار الترشيح ل مناصب المسؤولية ب وز... → 2026-04-17
2026-07-23 14:51:03,545 [INFO]   Détails: https://www.emploi-public.ma/ar/%D8%AA%D9%81%D8%A7%D8%B5%D9%8A%D9%84/%D9%85%D9%86%D8%A7%D8%B5%D8%A8-%D8%A7%D9%84%D9%85%D8%B3%D8%A4%D9%88%D9%84%D9%8A%D8%A9/cec09eea-b8ec-4b2f-a2da-3be6b1cfae34
2026-07-23 14:51:11,207 [INFO]     PDF trouvé: قرار فتح باب الترشيح (score: 35)
2026-07-23 14:51:11,208 [INFO]   [EXPIRÉE] لائحة الناجحين في مناصب المسؤولية ب وزارة العدل... → 2026-06-19
2026-07-23 14:51:11,208 [INFO]   Détails: https://www.emploi-public.ma/ar/%D8%AA%D9%81%D8%A7%D8%B5%D9%8A%D9%84/%D9%85%D9%86%D8%A7%D8%B5%D8%A8-%D8%A7%D9%84%D9%85%D8%B3%D8%A4%D9%88%D9%84%D9%8A%D8%A9/9d0a2934-38fb-4fa5-a988-258254414db5
2026-07-23 14:51:13,455 [INFO]     PDF trouvé: قرار فتح باب الترشيح (score: 35)
2026-07-23 14:51:13,456 [INFO]   [EXPIRÉE] لائحة الناجحين في مناصب المسؤولية ب وزارة العدل... → 2026-06-15
2026-07-23 14:51:13,456 [INFO]   Détails: https://www.emploi-public.ma/ar/%D8%AA%D9%81%D8%A7%D8%B5%D9%8A%D9%84/%D9%85%D9%86%D8%A7%D8%B5%D8%A8-%D8%A7%D9%84%D9%85%D8%B3%D8%A4%D9%88%D9%84%D9%8A%D8%A9/2327c25e-e050-4ea3-8970-df20522676e3
2026-07-23 14:51:20,513 [INFO]     PDF trouvé: قرار فتح باب الترشيح (score: 35)
2026-07-23 14:51:20,514 [INFO]   [EXPIRÉE] لائحة الناجحين في مناصب المسؤولية ب وزارة العدل... → 2026-06-15
2026-07-23 14:51:20,515 [INFO]   Détails: https://www.emploi-public.ma/ar/%D8%AA%D9%81%D8%A7%D8%B5%D9%8A%D9%84/%D9%85%D9%86%D8%A7%D8%B5%D8%A8-%D8%A7%D9%84%D9%85%D8%B3%D8%A4%D9%88%D9%84%D9%8A%D8%A9/6f560704-3786-4bb7-9810-2f2ce23eecfb
2026-07-23 14:51:33,046 [INFO]     PDF trouvé: قرار فتح باب الترشيح (score: 35)
2026-07-23 14:51:33,048 [INFO]   [EXPIRÉE] لائحة الناجحين في مناصب المسؤولية ب وزارة العدل... → 2026-06-12
2026-07-23 14:51:33,048 [INFO]   Détails: https://www.emploi-public.ma/ar/%D8%AA%D9%81%D8%A7%D8%B5%D9%8A%D9%84/%D9%85%D9%86%D8%A7%D8%B5%D8%A8-%D8%A7%D9%84%D9%85%D8%B3%D8%A4%D9%88%D9%84%D9%8A%D8%A9/e2af6bdf-76e9-4dab-b88d-71c8a95777ef
2026-07-23 14:51:34,520 [INFO]     PDF trouvé: قرار فتح باب الترشيح (score: 35)
2026-07-23 14:51:34,521 [INFO]   [EXPIRÉE] لائحة الناجحين في مناصب المسؤولية ب وزارة العدل... → 2026-05-25
2026-07-23 14:51:34,522 [INFO]   Détails: https://www.emploi-public.ma/ar/%D8%AA%D9%81%D8%A7%D8%B5%D9%8A%D9%84/%D9%85%D9%86%D8%A7%D8%B5%D8%A8-%D8%A7%D9%84%D9%85%D8%B3%D8%A4%D9%88%D9%84%D9%8A%D8%A9/e87230b9-5c31-441a-99c0-ef3d70e8fccb
2026-07-23 14:51:41,181 [INFO]     PDF trouvé: قرار فتح باب الترشيح (score: 35)
2026-07-23 14:51:41,182 [INFO]   [EXPIRÉE] فتح باب الترشيح ل مناصب المسؤولية ب وزارة الداخلية -إقليم ال... → 2026-07-22
2026-07-23 14:51:41,182 [INFO]   Détails: https://www.emploi-public.ma/ar/%D8%AA%D9%81%D8%A7%D8%B5%D9%8A%D9%84/%D9%85%D9%86%D8%A7%D8%B5%D8%A8-%D8%A7%D9%84%D9%85%D8%B3%D8%A4%D9%88%D9%84%D9%8A%D8%A9/cb10246f-888d-4789-9322-8d88f1ca4e21
2026-07-23 14:51:42,008 [INFO]     PDF trouvé: قرار فتح باب الترشيح (score: 35)
2026-07-23 14:51:42,009 [INFO]   [EXPIRÉE] فتح باب الترشيح ل مناصب المسؤولية ب وزارة الداخلية -إقليم ال... → 2026-07-22
2026-07-23 14:51:42,009 [INFO]   Détails: https://www.emploi-public.ma/ar/%D8%AA%D9%81%D8%A7%D8%B5%D9%8A%D9%84/%D9%85%D9%86%D8%A7%D8%B5%D8%A8-%D8%A7%D9%84%D9%85%D8%B3%D8%A4%D9%88%D9%84%D9%8A%D8%A9/3bf6fefc-6a61-4192-a4cd-b507b00a7eaa
2026-07-23 14:51:43,631 [INFO]     PDF trouvé: قرار فتح باب الترشيح (score: 35)
2026-07-23 14:51:43,632 [INFO]   [EN COURS] رئيس مصلحة الامتحانات (RH 28/2026)... → 2026-07-24
2026-07-23 14:51:43,633 [INFO]     → PDF: https://www.emploi-public.ma/ar/%D8%AA%D8%AD%D9%85%D9%8A%D9%84/%D9%85%D9%86%D8%A7%D8%B5%D8%A8-%D8%A7%D9%84%D9%85%D8%B3%D8%A4%D9%88%D9%84%D9%8A%D8%A9/arrete/3bf6fefc-6a61-4192-a4cd-b507b00a7eaa
2026-07-23 14:51:45,418 [INFO]     → Pas de match région
2026-07-23 14:51:45,418 [INFO]   Détails: https://www.emploi-public.ma/ar/%D8%AA%D9%81%D8%A7%D8%B5%D9%8A%D9%84/%D9%85%D9%86%D8%A7%D8%B5%D8%A8-%D8%A7%D9%84%D9%85%D8%B3%D8%A4%D9%88%D9%84%D9%8A%D8%A9/c7204179-edb5-416f-ab16-b5b50f7476a0
2026-07-23 14:51:46,278 [INFO]     PDF trouvé: قرار فتح باب الترشيح (score: 35)
2026-07-23 14:51:46,279 [INFO]   [EN COURS] رئيس قسم ( Chef Division Achat et moyen généraux)... → 2026-07-24
2026-07-23 14:51:46,279 [INFO]     → PDF: https://www.emploi-public.ma/ar/%D8%AA%D8%AD%D9%85%D9%8A%D9%84/%D9%85%D9%86%D8%A7%D8%B5%D8%A8-%D8%A7%D9%84%D9%85%D8%B3%D8%A4%D9%88%D9%84%D9%8A%D8%A9/arrete/c7204179-edb5-416f-ab16-b5b50f7476a0
2026-07-23 14:51:48,973 [INFO]     → Pas de match région
2026-07-23 14:51:48,973 [INFO]   Détails: https://www.emploi-public.ma/ar/%D8%AA%D9%81%D8%A7%D8%B5%D9%8A%D9%84/%D9%85%D9%86%D8%A7%D8%B5%D8%A8-%D8%A7%D9%84%D9%85%D8%B3%D8%A4%D9%88%D9%84%D9%8A%D8%A9/3700a21f-51f5-4646-9042-bf45ec615192
2026-07-23 14:51:50,282 [INFO]     PDF trouvé: قرار فتح باب الترشيح (score: 35)
2026-07-23 14:51:50,284 [INFO]   [EN COURS] فتح باب الترشيح لمناصب المسؤولية بعمالة الدارالبيضاء... → 2026-07-24
2026-07-23 14:51:50,284 [INFO]     → PDF: https://www.emploi-public.ma/ar/%D8%AA%D8%AD%D9%85%D9%8A%D9%84/%D9%85%D9%86%D8%A7%D8%B5%D8%A8-%D8%A7%D9%84%D9%85%D8%B3%D8%A4%D9%88%D9%84%D9%8A%D8%A9/arrete/3700a21f-51f5-4646-9042-bf45ec615192
2026-07-23 14:51:55,008 [INFO]     → Pas de match région
2026-07-23 14:51:55,008 [INFO]   Détails: https://www.emploi-public.ma/ar/%D8%AA%D9%81%D8%A7%D8%B5%D9%8A%D9%84/%D9%85%D9%86%D8%A7%D8%B5%D8%A8-%D8%A7%D9%84%D9%85%D8%B3%D8%A4%D9%88%D9%84%D9%8A%D8%A9/a26be0a2-1ba7-4524-a8e3-04ae4e699e12
2026-07-23 14:51:56,061 [INFO]     PDF trouvé: قرار فتح باب الترشيح (score: 35)
2026-07-23 14:51:56,063 [INFO]   [EN COURS] فتح باب الترشيح لمناصب المسؤولية بعمالة مكناس... → 2026-07-24
2026-07-23 14:51:56,063 [INFO]     → PDF: https://www.emploi-public.ma/ar/%D8%AA%D8%AD%D9%85%D9%8A%D9%84/%D9%85%D9%86%D8%A7%D8%B5%D8%A8-%D8%A7%D9%84%D9%85%D8%B3%D8%A4%D9%88%D9%84%D9%8A%D8%A9/arrete/a26be0a2-1ba7-4524-a8e3-04ae4e699e12
2026-07-23 14:52:01,496 [INFO]     → Pas de match région
2026-07-23 14:52:01,496 [INFO] Page 2/3
2026-07-23 14:52:01,496 [INFO] Scraping page: https://www.emploi-public.ma/ar/قائمة-مناصب-المسؤولية?page=1
2026-07-23 14:52:08,297 [INFO]   → 13 annonces trouvées sur cette page
2026-07-23 14:52:08,298 [INFO]   [DÉJÀ VU] لائحة المدعوين لاجتياز اختبار الترشيح ل مناصب المسؤولية ب وز...
2026-07-23 14:52:08,298 [INFO]   [DÉJÀ VU] لائحة المدعوين لاجتياز اختبار الترشيح ل مناصب المسؤولية ب وز...
2026-07-23 14:52:08,298 [INFO]   [DÉJÀ VU] لائحة الناجحين في مناصب المسؤولية ب وزارة العدل...
2026-07-23 14:52:08,298 [INFO]   [DÉJÀ VU] لائحة الناجحين في مناصب المسؤولية ب وزارة العدل...
2026-07-23 14:52:08,298 [INFO]   [DÉJÀ VU] لائحة الناجحين في مناصب المسؤولية ب وزارة العدل...
2026-07-23 14:52:08,298 [INFO]   [DÉJÀ VU] لائحة الناجحين في مناصب المسؤولية ب وزارة العدل...
2026-07-23 14:52:08,298 [INFO]   [DÉJÀ VU] لائحة الناجحين في مناصب المسؤولية ب وزارة العدل...
2026-07-23 14:52:08,298 [INFO]   [DÉJÀ VU] فتح باب الترشيح ل مناصب المسؤولية ب وزارة الداخلية -إقليم ال...
2026-07-23 14:52:08,298 [INFO]   [DÉJÀ VU] فتح باب الترشيح ل مناصب المسؤولية ب وزارة الداخلية -إقليم ال...
2026-07-23 14:52:08,298 [INFO]   [DÉJÀ VU] رئيس مصلحة الامتحانات (RH 28/2026)...
2026-07-23 14:52:08,298 [INFO]   [DÉJÀ VU] رئيس قسم ( Chef Division Achat et moyen généraux)...
2026-07-23 14:52:08,299 [INFO]   [DÉJÀ VU] فتح باب الترشيح لمناصب المسؤولية بعمالة الدارالبيضاء...
2026-07-23 14:52:08,299 [INFO]   [DÉJÀ VU] فتح باب الترشيح لمناصب المسؤولية بعمالة مكناس...
2026-07-23 14:52:08,299 [INFO] Page 3/3
2026-07-23 14:52:08,299 [INFO] Scraping page: https://www.emploi-public.ma/ar/قائمة-مناصب-المسؤولية?page=2
2026-07-23 14:52:09,215 [INFO]   → 13 annonces trouvées sur cette page
2026-07-23 14:52:09,216 [INFO]   Détails: https://www.emploi-public.ma/ar/%D8%AA%D9%81%D8%A7%D8%B5%D9%8A%D9%84/%D9%85%D9%86%D8%A7%D8%B5%D8%A8-%D8%A7%D9%84%D9%85%D8%B3%D8%A4%D9%88%D9%84%D9%8A%D8%A9/3b6918d1-3c36-4588-a26b-fbe714b6e52d
2026-07-23 14:52:10,237 [INFO]     PDF trouvé: قرار فتح باب الترشيح (score: 35)
2026-07-23 14:52:10,238 [INFO]   [EXPIRÉE] لائحة المدعوين لاجتياز اختبار الترشيح ل مناصب المسؤولية ب وز... → 2026-06-24
2026-07-23 14:52:10,239 [INFO]   Détails: https://www.emploi-public.ma/ar/%D8%AA%D9%81%D8%A7%D8%B5%D9%8A%D9%84/%D9%85%D9%86%D8%A7%D8%B5%D8%A8-%D8%A7%D9%84%D9%85%D8%B3%D8%A4%D9%88%D9%84%D9%8A%D8%A9/eb11c5f5-5e0a-4093-be4a-be951ac1d902
2026-07-23 14:52:11,519 [INFO]     PDF trouvé: قرار فتح باب الترشيح (score: 35)
2026-07-23 14:52:11,520 [INFO]   [EN COURS] فتح باب الترشيح ل مناصب المسؤولية ب وزارة الشباب والثقافة وا... → 2026-08-05
2026-07-23 14:52:11,520 [INFO]     → PDF: https://www.emploi-public.ma/ar/%D8%AA%D8%AD%D9%85%D9%8A%D9%84/%D9%85%D9%86%D8%A7%D8%B5%D8%A8-%D8%A7%D9%84%D9%85%D8%B3%D8%A4%D9%88%D9%84%D9%8A%D8%A9/arrete/eb11c5f5-5e0a-4093-be4a-be951ac1d902
2026-07-23 14:52:12,499 [INFO]     → Pas de match région
2026-07-23 14:52:12,499 [INFO]   Détails: https://www.emploi-public.ma/ar/%D8%AA%D9%81%D8%A7%D8%B5%D9%8A%D9%84/%D9%85%D9%86%D8%A7%D8%B5%D8%A8-%D8%A7%D9%84%D9%85%D8%B3%D8%A4%D9%88%D9%84%D9%8A%D8%A9/19cf5e66-9675-4021-ab42-b1b0b537132c
2026-07-23 14:52:13,366 [INFO]     PDF trouvé: قرار فتح باب الترشيح (score: 35)
2026-07-23 14:52:13,367 [INFO]   [EN COURS] فتح باب الترشيح ل مناصب المسؤولية ب وزارة الشباب والثقافة وا... → 2026-08-05
2026-07-23 14:52:13,367 [INFO]     → PDF: https://www.emploi-public.ma/ar/%D8%AA%D8%AD%D9%85%D9%8A%D9%84/%D9%85%D9%86%D8%A7%D8%B5%D8%A8-%D8%A7%D9%84%D9%85%D8%B3%D8%A4%D9%88%D9%84%D9%8A%D8%A9/arrete/19cf5e66-9675-4021-ab42-b1b0b537132c
2026-07-23 14:52:16,341 [INFO]     → Pas de match région
2026-07-23 14:52:16,341 [INFO]   Détails: https://www.emploi-public.ma/ar/%D8%AA%D9%81%D8%A7%D8%B5%D9%8A%D9%84/%D9%85%D9%86%D8%A7%D8%B5%D8%A8-%D8%A7%D9%84%D9%85%D8%B3%D8%A4%D9%88%D9%84%D9%8A%D8%A9/6cf979b2-4c4d-4d2e-8ddf-8b1bbb09eb3e
2026-07-23 14:52:17,105 [INFO]     PDF trouvé: قرار فتح باب الترشيح (score: 35)
2026-07-23 14:52:17,106 [INFO]   [EN COURS] فتح باب الترشيح ل مناصب المسؤولية ب وزارة الداخلية -إقليم تز... → 2026-08-24
2026-07-23 14:52:17,106 [INFO]     → PDF: https://www.emploi-public.ma/ar/%D8%AA%D8%AD%D9%85%D9%8A%D9%84/%D9%85%D9%86%D8%A7%D8%B5%D8%A8-%D8%A7%D9%84%D9%85%D8%B3%D8%A4%D9%88%D9%84%D9%8A%D8%A9/arrete/6cf979b2-4c4d-4d2e-8ddf-8b1bbb09eb3e
2026-07-23 14:52:59,010 [INFO]     → Pas de match région
2026-07-23 14:52:59,010 [INFO]   Détails: https://www.emploi-public.ma/ar/%D8%AA%D9%81%D8%A7%D8%B5%D9%8A%D9%84/%D9%85%D9%86%D8%A7%D8%B5%D8%A8-%D8%A7%D9%84%D9%85%D8%B3%D8%A4%D9%88%D9%84%D9%8A%D8%A9/2cba0974-d7be-4c5d-859c-b8bc800df124
2026-07-23 14:53:00,335 [INFO]     PDF trouvé: قرار فتح باب الترشيح (score: 35)
2026-07-23 14:53:00,336 [INFO]   [EN COURS] فتح باب الترشيح ل مناصب المسؤولية ب وزارة الداخلية -إقليم تز... → 2026-08-24
2026-07-23 14:53:00,337 [INFO]     → PDF: https://www.emploi-public.ma/ar/%D8%AA%D8%AD%D9%85%D9%8A%D9%84/%D9%85%D9%86%D8%A7%D8%B5%D8%A8-%D8%A7%D9%84%D9%85%D8%B3%D8%A4%D9%88%D9%84%D9%8A%D8%A9/arrete/2cba0974-d7be-4c5d-859c-b8bc800df124
2026-07-23 14:53:23,294 [INFO]     → Pas de match région
2026-07-23 14:53:23,294 [INFO]   [DÉJÀ VU] لائحة المدعوين لاجتياز اختبار الترشيح ل مناصب المسؤولية ب وز...
2026-07-23 14:53:23,294 [INFO]   [DÉJÀ VU] فتح باب الترشيح ل مناصب المسؤولية ب وزارة الفلاحة والصيد الب...
2026-07-23 14:53:23,294 [INFO]   [DÉJÀ VU] لائحة الناجحين في مناصب المسؤولية ب وزارة الداخلية...
2026-07-23 14:53:23,294 [INFO]   [DÉJÀ VU] لائحة الناجحين في مناصب المسؤولية ب وزارة التجهيز والماء...
2026-07-23 14:53:23,294 [INFO]   [DÉJÀ VU] رئيس مصلحة الامتحانات (RH 28/2026)...
2026-07-23 14:53:23,294 [INFO]   [DÉJÀ VU] رئيس قسم ( Chef Division Achat et moyen généraux)...
2026-07-23 14:53:23,294 [INFO]   [DÉJÀ VU] فتح باب الترشيح لمناصب المسؤولية بعمالة الدارالبيضاء...
2026-07-23 14:53:23,294 [INFO]   [DÉJÀ VU] فتح باب الترشيح لمناصب المسؤولية بعمالة مكناس...
2026-07-23 14:53:23,295 [INFO] 
--- Catégorie: المناصب العليا ---
2026-07-23 14:53:23,295 [INFO] Page 1/3
2026-07-23 14:53:23,295 [INFO] Scraping page: https://www.emploi-public.ma/ar/قائمة-المناصب-العليا
2026-07-23 14:53:23,954 [INFO]   → 9 annonces trouvées sur cette page
2026-07-23 14:53:23,955 [INFO]   Détails: https://www.emploi-public.ma/ar/%D8%AA%D9%81%D8%A7%D8%B5%D9%8A%D9%84/%D8%A7%D9%84%D9%85%D9%86%D8%A7%D8%B5%D8%A8-%D8%A7%D9%84%D8%B9%D9%84%D9%8A%D8%A7/fb33496a-b3e4-46d5-a556-86d0223b04f8
2026-07-23 14:53:24,916 [WARNING] Format de date non reconnu: 30
2026-07-23 14:53:24,917 [INFO]     PDF trouvé: قرار فتح باب الترشيح (score: 35)
2026-07-23 14:53:24,918 [INFO]   [PAS DE DATE] فتح باب الترشيح للمناصب العليا مدير(ة) الشؤون العامة...
2026-07-23 14:53:24,918 [INFO]   [DÉJÀ VU] فتح باب الترشيح للمناصب العليا مدير الانظمة والدراسات التاري...
2026-07-23 14:53:24,918 [INFO]   [DÉJÀ VU] فتح باب الترشيح للمناصب العليا مدير الشباب...
2026-07-23 14:53:24,918 [INFO]   [DÉJÀ VU] فتح باب الترشيح للمناصب العليا مدير مؤسسة النهوض بالأعمال ال...
2026-07-23 14:53:24,918 [INFO]   [DÉJÀ VU] فتح باب الترشيح للمناصب العليا مدير(ة) المركز الوطني للامتحا...
2026-07-23 14:53:24,918 [INFO]   [DÉJÀ VU] فتح باب الترشيح للمناصب العليا مدير المعهد العالي للدراسات ا...
2026-07-23 14:53:24,919 [INFO]   [DÉJÀ VU] فتح باب الترشيح للمناصب العليا مدير إعداد التراب الوطني...
2026-07-23 14:53:24,919 [INFO]   [DÉJÀ VU] فتح باب الترشيح للمناصب العليا مدير الوكالة الحضرية للحسيمة...
2026-07-23 14:53:24,919 [INFO]   [DÉJÀ VU] فتح باب الترشيح للمناصب العليا مدير الوكالة الحضرية للعرائش...
2026-07-23 14:53:24,919 [INFO] Page 2/3
2026-07-23 14:53:24,919 [INFO] Scraping page: https://www.emploi-public.ma/ar/قائمة-المناصب-العليا?page=1
2026-07-23 14:53:27,535 [INFO]   → 9 annonces trouvées sur cette page
2026-07-23 14:53:27,536 [INFO]   [DÉJÀ VU] فتح باب الترشيح للمناصب العليا مدير(ة) الشؤون العامة...
2026-07-23 14:53:27,536 [INFO]   [DÉJÀ VU] فتح باب الترشيح للمناصب العليا مدير الانظمة والدراسات التاري...
2026-07-23 14:53:27,536 [INFO]   [DÉJÀ VU] فتح باب الترشيح للمناصب العليا مدير الشباب...
2026-07-23 14:53:27,536 [INFO]   [DÉJÀ VU] فتح باب الترشيح للمناصب العليا مدير مؤسسة النهوض بالأعمال ال...
2026-07-23 14:53:27,536 [INFO]   [DÉJÀ VU] فتح باب الترشيح للمناصب العليا مدير(ة) المركز الوطني للامتحا...
2026-07-23 14:53:27,536 [INFO]   [DÉJÀ VU] فتح باب الترشيح للمناصب العليا مدير المعهد العالي للدراسات ا...
2026-07-23 14:53:27,536 [INFO]   [DÉJÀ VU] فتح باب الترشيح للمناصب العليا مدير إعداد التراب الوطني...
2026-07-23 14:53:27,537 [INFO]   [DÉJÀ VU] فتح باب الترشيح للمناصب العليا مدير الوكالة الحضرية للحسيمة...
2026-07-23 14:53:27,537 [INFO]   [DÉJÀ VU] فتح باب الترشيح للمناصب العليا مدير الوكالة الحضرية للعرائش...
2026-07-23 14:53:27,537 [INFO] Page 3/3
2026-07-23 14:53:27,537 [INFO] Scraping page: https://www.emploi-public.ma/ar/قائمة-المناصب-العليا?page=2
2026-07-23 14:53:28,187 [INFO]   → 9 annonces trouvées sur cette page
2026-07-23 14:53:28,188 [INFO]   [DÉJÀ VU] فتح باب الترشيح للمناصب العليا مدير(ة) الشؤون العامة...
2026-07-23 14:53:28,188 [INFO]   [DÉJÀ VU] فتح باب الترشيح للمناصب العليا مدير(ة) المعهد الملكي لتكوين ...
2026-07-23 14:53:28,188 [INFO]   [DÉJÀ VU] فتح باب الترشيح للمناصب العليا مدير مدرسة علوم المعلومات...
2026-07-23 14:53:28,188 [INFO]   [DÉJÀ VU] فتح باب الترشيح للمناصب العليا منصب مدير تشريعات البنيات الأ...
2026-07-23 14:53:28,188 [INFO]   [DÉJÀ VU] فتح باب الترشيح للمناصب العليا مدير تشريعات الحكامة والحقوق ...
2026-07-23 14:53:28,188 [INFO]   [DÉJÀ VU] فتح باب الترشيح للمناصب العليا عميد كلية الطب والصيدلة بالرب...
2026-07-23 14:53:28,188 [INFO]   [DÉJÀ VU] فتح باب الترشيح للمناصب العليا مدير المدرسة المحمدية للمهندس...
2026-07-23 14:53:28,188 [INFO]   [DÉJÀ VU] فتح باب الترشيح للمناصب العليا منصب مدير(ة) المركز الجهوي لم...
2026-07-23 14:53:28,188 [INFO]   [DÉJÀ VU] فتح باب الترشيح للمناصب العليا مدير الانظمة والدراسات التاري...
2026-07-23 14:53:28,188 [INFO] 
--- Catégorie: المباريات ---
2026-07-23 14:53:28,188 [INFO] Page 1/3
2026-07-23 14:53:28,189 [INFO] Scraping page: https://www.emploi-public.ma/ar/قائمة-المباريات
2026-07-23 14:53:29,108 [INFO]   → 9 annonces trouvées sur cette page
2026-07-23 14:53:29,109 [INFO]   Détails: https://www.emploi-public.ma/ar/%D8%AA%D9%81%D8%A7%D8%B5%D9%8A%D9%84/%D8%A7%D9%84%D9%85%D8%A8%D8%A7%D8%B1%D9%8A%D8%A7%D8%AA/d91438ac-a7df-48aa-a29d-ea568c52b32e
2026-07-23 14:53:34,481 [INFO]     PDF trouvé: قرار فتح المباراة (score: 25)
2026-07-23 14:53:34,482 [INFO]   [EN COURS] مباراة لتوظيف تقني من الدرجة الثالثة - سلم 9... → 2026-08-07
2026-07-23 14:53:34,482 [INFO]     → PDF: https://www.emploi-public.ma/ar/%D8%AA%D8%AD%D9%85%D9%8A%D9%84/%D8%A7%D9%84%D9%85%D8%A8%D8%A7%D8%B1%D9%8A%D8%A7%D8%AA/arrete/d91438ac-a7df-48aa-a29d-ea568c52b32e
2026-07-23 14:53:36,183 [INFO]     → Pas de match région
2026-07-23 14:53:36,183 [INFO]   Détails: https://www.emploi-public.ma/ar/%D8%AA%D9%81%D8%A7%D8%B5%D9%8A%D9%84/%D8%A7%D9%84%D9%85%D8%A8%D8%A7%D8%B1%D9%8A%D8%A7%D8%AA/6aa579ad-7abb-44f1-b036-56e9fbafced8
2026-07-23 14:53:38,159 [INFO]     PDF trouvé: قرار فتح المباراة (score: 25)
2026-07-23 14:53:38,160 [INFO]   [EN COURS] مباراة لتوظيف متصرف من الدرجة الثانية - سلم 11... → 2026-08-07
2026-07-23 14:53:38,160 [INFO]     → PDF: https://www.emploi-public.ma/ar/%D8%AA%D8%AD%D9%85%D9%8A%D9%84/%D8%A7%D9%84%D9%85%D8%A8%D8%A7%D8%B1%D9%8A%D8%A7%D8%AA/arrete/6aa579ad-7abb-44f1-b036-56e9fbafced8
2026-07-23 14:53:48,497 [INFO]     → Pas de match région
2026-07-23 14:53:48,497 [INFO]   [DÉJÀ VU] مباراة لتوظيف مساعد تقني من الدرجة الثانية...
2026-07-23 14:53:48,497 [INFO]   [DÉJÀ VU] مباراة لتوظيف أستاذ محاضر من الدرجة أ - سلم 11...
2026-07-23 14:53:48,497 [INFO]   [DÉJÀ VU] مباراة لتوظيف متصرف من الدرجة الثانية - سلم 11...
2026-07-23 14:53:48,497 [INFO]   [DÉJÀ VU] مباراة لتوظيف متصرف من الدرجة الثالثة - سلم 10...
2026-07-23 14:53:48,497 [INFO]   [DÉJÀ VU] مباراة لتوظيف طبيب من الدرجة الأولى - سلم 11...
2026-07-23 14:53:48,497 [INFO]   [DÉJÀ VU] مباراة لتوظيف أستاذ محاضر من الدرجة أ - سلم 11...
2026-07-23 14:53:48,497 [INFO]   [DÉJÀ VU] مباراة لتوظيف تقني من الدرجة الثالثة - سلم 9...
2026-07-23 14:53:48,497 [INFO] Page 2/3
2026-07-23 14:53:48,497 [INFO] Scraping page: https://www.emploi-public.ma/ar/قائمة-المباريات?page=1
2026-07-23 14:53:56,222 [INFO]   → 9 annonces trouvées sur cette page
2026-07-23 14:53:56,223 [INFO]   [DÉJÀ VU] مباراة لتوظيف تقني من الدرجة الثالثة - سلم 9...
2026-07-23 14:53:56,223 [INFO]   [DÉJÀ VU] مباراة لتوظيف متصرف من الدرجة الثانية - سلم 11...
2026-07-23 14:53:56,223 [INFO]   [DÉJÀ VU] مباراة لتوظيف مساعد تقني من الدرجة الثانية...
2026-07-23 14:53:56,223 [INFO]   [DÉJÀ VU] مباراة لتوظيف أستاذ محاضر من الدرجة أ - سلم 11...
2026-07-23 14:53:56,224 [INFO]   [DÉJÀ VU] مباراة لتوظيف متصرف من الدرجة الثانية - سلم 11...
2026-07-23 14:53:56,224 [INFO]   [DÉJÀ VU] مباراة لتوظيف متصرف من الدرجة الثالثة - سلم 10...
2026-07-23 14:53:56,224 [INFO]   [DÉJÀ VU] مباراة لتوظيف طبيب من الدرجة الأولى - سلم 11...
2026-07-23 14:53:56,224 [INFO]   [DÉJÀ VU] مباراة لتوظيف أستاذ محاضر من الدرجة أ - سلم 11...
2026-07-23 14:53:56,224 [INFO]   [DÉJÀ VU] مباراة لتوظيف تقني من الدرجة الثالثة - سلم 9...
2026-07-23 14:53:56,224 [INFO] Page 3/3
2026-07-23 14:53:56,224 [INFO] Scraping page: https://www.emploi-public.ma/ar/قائمة-المباريات?page=2
2026-07-23 14:54:00,124 [INFO]   → 9 annonces trouvées sur cette page
2026-07-23 14:54:00,125 [INFO]   [DÉJÀ VU] مباراة لتوظيف متصرف من الدرجة الثالثة - سلم 10...
2026-07-23 14:54:00,126 [INFO]   [DÉJÀ VU] مباراة لتوظيف متصرف من الدرجة الثانية - سلم 11...
2026-07-23 14:54:00,126 [INFO]   [DÉJÀ VU] لائحة المدعوين لإجراء الاختبار الكتابي لمباراة توظيف طبيب من...
2026-07-23 14:54:00,126 [INFO]   [DÉJÀ VU] مباراة لتوظيف مهندس دولة من الدرجة الأولى - سلم 11...
2026-07-23 14:54:00,126 [INFO]   [DÉJÀ VU] مباراة لتوظيف متصرف من الدرجة الثانية - سلم 11...
2026-07-23 14:54:00,126 [INFO]   [DÉJÀ VU] مباراة لتوظيف تقني من الدرجة الثالثة - سلم 9...
2026-07-23 14:54:00,126 [INFO]   [DÉJÀ VU] مباراة لتوظيف متصرف من الدرجة الثالثة - سلم 10...
2026-07-23 14:54:00,126 [INFO]   [DÉJÀ VU] لائحة الناجحين في مباراة التوظيف جراح أسنان من الدرجة الأولى...
2026-07-23 14:54:00,126 [INFO]   [DÉJÀ VU] لائحة الناجحين في مباراة التوظيف صيدلي من الدرجة الأولى - سل...
2026-07-23 14:54:00,126 [INFO] 
--- Catégorie: تشغيل الخبراء ---
2026-07-23 14:54:00,126 [INFO] Page 1/3
2026-07-23 14:54:00,126 [INFO] Scraping page: https://www.emploi-public.ma/ar/قائمة-تشغيل-الخبراء
2026-07-23 14:54:02,116 [INFO]   → 9 annonces trouvées sur cette page
2026-07-23 14:54:02,117 [INFO]   [DÉJÀ VU] لائحة الناجحين لمنصب خبير في مجال الملاحة التجارية...
2026-07-23 14:54:02,117 [INFO]   [DÉJÀ VU] فتح باب الترشيح لمنصب خبير في الشؤون القانونية...
2026-07-23 14:54:02,117 [INFO]   [DÉJÀ VU] فتح باب الترشيح لمنصب خبير...
2026-07-23 14:54:02,117 [INFO]   [DÉJÀ VU] فتح باب الترشيح لمنصب خبير...
2026-07-23 14:54:02,117 [INFO]   [DÉJÀ VU] فتح باب الترشيح لمنصب خبير متعاقد...
2026-07-23 14:54:02,117 [INFO]   [DÉJÀ VU] فتح باب الترشيح لمنصب خبير...
2026-07-23 14:54:02,117 [INFO]   [DÉJÀ VU] فتح باب الترشيح لمنصب خبير في مجال التفاوض والسياسة التجارية...
2026-07-23 14:54:02,117 [INFO]   [DÉJÀ VU] فتح باب الترشيح لمنصب خبير...
2026-07-23 14:54:02,117 [INFO]   [DÉJÀ VU] فتح باب الترشيح لمنصب خبير...
2026-07-23 14:54:02,117 [INFO] Page 2/3
2026-07-23 14:54:02,117 [INFO] Scraping page: https://www.emploi-public.ma/ar/قائمة-تشغيل-الخبراء?page=1
2026-07-23 14:54:02,901 [INFO]   → 9 annonces trouvées sur cette page
2026-07-23 14:54:02,902 [INFO]   [DÉJÀ VU] لائحة الناجحين لمنصب خبير في مجال الملاحة التجارية...
2026-07-23 14:54:02,902 [INFO]   [DÉJÀ VU] فتح باب الترشيح لمنصب خبير في الشؤون القانونية...
2026-07-23 14:54:02,902 [INFO]   [DÉJÀ VU] فتح باب الترشيح لمنصب خبير...
2026-07-23 14:54:02,902 [INFO]   [DÉJÀ VU] فتح باب الترشيح لمنصب خبير...
2026-07-23 14:54:02,902 [INFO]   [DÉJÀ VU] فتح باب الترشيح لمنصب خبير متعاقد...
2026-07-23 14:54:02,902 [INFO]   [DÉJÀ VU] فتح باب الترشيح لمنصب خبير...
2026-07-23 14:54:02,902 [INFO]   [DÉJÀ VU] فتح باب الترشيح لمنصب خبير في مجال التفاوض والسياسة التجارية...
2026-07-23 14:54:02,902 [INFO]   [DÉJÀ VU] فتح باب الترشيح لمنصب خبير...
2026-07-23 14:54:02,902 [INFO]   [DÉJÀ VU] فتح باب الترشيح لمنصب خبير...
2026-07-23 14:54:02,902 [INFO] Page 3/3
2026-07-23 14:54:02,902 [INFO] Scraping page: https://www.emploi-public.ma/ar/قائمة-تشغيل-الخبراء?page=2
2026-07-23 14:54:07,332 [INFO]   → 9 annonces trouvées sur cette page
2026-07-23 14:54:07,333 [INFO]   [DÉJÀ VU] فتح باب الترشيح لمنصب خبير في المجالات المرتبطة بتطوير آليات...
2026-07-23 14:54:07,333 [INFO]   [DÉJÀ VU] فتح باب الترشيح لمنصب خبير...
2026-07-23 14:54:07,333 [INFO]   [DÉJÀ VU] فتح باب الترشيح لمنصب خبير في مجال حكامة المؤسسات والمنشآت ا...
2026-07-23 14:54:07,333 [INFO]   [DÉJÀ VU] فتح باب الترشيح لمنصب خبير بموجب عقد...
2026-07-23 14:54:07,333 [INFO]   [DÉJÀ VU] لائحة الناجحين لمنصب خبير في مجال التقييم ومنح التراخيص...
2026-07-23 14:54:07,333 [INFO]   [DÉJÀ VU] لائحة الناجحين لمنصب خبيرفي مجال مراقبة الجودة الدوائية...
2026-07-23 14:54:07,333 [INFO]   [DÉJÀ VU] فتح باب الترشيح لمنصب خبير في التنسيق المؤسساتي والتعاون الد...
2026-07-23 14:54:07,333 [INFO]   [DÉJÀ VU] لائحة الناجحين لمنصب خبير مكلف بقيادة إنجاز دراسات وأشغال مل...
2026-07-23 14:54:07,333 [INFO]   [DÉJÀ VU] فتح باب الترشيح لمنصب خبير بموجب عقد...
2026-07-23 14:54:07,334 [INFO] 
============================================================
2026-07-23 14:54:07,334 [INFO] RÉSUMÉ
2026-07-23 14:54:07,334 [INFO] ============================================================
2026-07-23 14:54:07,334 [INFO] Annonces traitées: 120
2026-07-23 14:54:07,334 [INFO] Dates en cours: 10
2026-07-23 14:54:07,334 [INFO] Dates expirées: 10
2026-07-23 14:54:07,334 [INFO] PDF lus: 10
2026-07-23 14:54:07,334 [INFO] Match région: 0
2026-07-23 14:54:07,334 [INFO] Nouveaux résultats: 0
2026-07-23 14:54:07,334 [INFO] Total résultats en base: 0
2026-07-23 14:54:08,544 [INFO] Email envoyé à cavalkhalid@gmail.com
2026-07-23 14:54:08,544 [INFO] 
Scraper terminé.
2026-07-23 15:17:34,352 [INFO] ============================================================
2026-07-23 15:17:34,352 [INFO] DÉMARRAGE DU SCRAPER emploi-public.ma (AR)
2026-07-23 15:17:34,352 [INFO] Date: 2026-07-23 15:17:34
2026-07-23 15:17:34,352 [INFO] ============================================================
2026-07-23 15:17:34,352 [INFO] Annonces déjà traitées: 107
2026-07-23 15:17:34,352 [INFO] 
--- Catégorie: مناصب المسؤولية ---
2026-07-23 15:17:34,353 [INFO] Page 1/3
2026-07-23 15:17:34,353 [INFO] Scraping page: https://www.emploi-public.ma/ar/قائمة-مناصب-المسؤولية
2026-07-23 15:17:35,549 [INFO]   → 13 annonces trouvées sur cette page
2026-07-23 15:17:35,550 [INFO]   [DÉJÀ VU] لائحة المدعوين لاجتياز اختبار الترشيح ل مناصب المسؤولية ب وز...
2026-07-23 15:17:35,550 [INFO]   [DÉJÀ VU] لائحة المدعوين لاجتياز اختبار الترشيح ل مناصب المسؤولية ب وز...
2026-07-23 15:17:35,550 [INFO]   [DÉJÀ VU] لائحة الناجحين في مناصب المسؤولية ب وزارة العدل...
2026-07-23 15:17:35,550 [INFO]   [DÉJÀ VU] لائحة الناجحين في مناصب المسؤولية ب وزارة العدل...
2026-07-23 15:17:35,550 [INFO]   [DÉJÀ VU] لائحة الناجحين في مناصب المسؤولية ب وزارة العدل...
2026-07-23 15:17:35,550 [INFO]   [DÉJÀ VU] لائحة الناجحين في مناصب المسؤولية ب وزارة العدل...
2026-07-23 15:17:35,550 [INFO]   [DÉJÀ VU] لائحة الناجحين في مناصب المسؤولية ب وزارة العدل...
2026-07-23 15:17:35,550 [INFO]   [DÉJÀ VU] فتح باب الترشيح ل مناصب المسؤولية ب وزارة الداخلية -إقليم ال...
2026-07-23 15:17:35,550 [INFO]   [DÉJÀ VU] فتح باب الترشيح ل مناصب المسؤولية ب وزارة الداخلية -إقليم ال...
2026-07-23 15:17:35,550 [INFO]   [DÉJÀ VU] رئيس مصلحة الامتحانات (RH 28/2026)...
2026-07-23 15:17:35,551 [INFO]   [DÉJÀ VU] رئيس قسم ( Chef Division Achat et moyen généraux)...
2026-07-23 15:17:35,551 [INFO]   [DÉJÀ VU] فتح باب الترشيح لمناصب المسؤولية بعمالة الدارالبيضاء...
2026-07-23 15:17:35,551 [INFO]   [DÉJÀ VU] فتح باب الترشيح لمناصب المسؤولية بعمالة مكناس...
2026-07-23 15:17:35,551 [INFO] Page 2/3
2026-07-23 15:17:35,551 [INFO] Scraping page: https://www.emploi-public.ma/ar/قائمة-مناصب-المسؤولية?page=1
2026-07-23 15:17:41,705 [INFO]   → 13 annonces trouvées sur cette page
2026-07-23 15:17:41,706 [INFO]   [DÉJÀ VU] لائحة المدعوين لاجتياز اختبار الترشيح ل مناصب المسؤولية ب وز...
2026-07-23 15:17:41,706 [INFO]   [DÉJÀ VU] لائحة المدعوين لاجتياز اختبار الترشيح ل مناصب المسؤولية ب وز...
2026-07-23 15:17:41,706 [INFO]   [DÉJÀ VU] لائحة الناجحين في مناصب المسؤولية ب وزارة العدل...
2026-07-23 15:17:41,706 [INFO]   [DÉJÀ VU] لائحة الناجحين في مناصب المسؤولية ب وزارة العدل...
2026-07-23 15:17:41,706 [INFO]   [DÉJÀ VU] لائحة الناجحين في مناصب المسؤولية ب وزارة العدل...
2026-07-23 15:17:41,707 [INFO]   [DÉJÀ VU] لائحة الناجحين في مناصب المسؤولية ب وزارة العدل...
2026-07-23 15:17:41,707 [INFO]   [DÉJÀ VU] لائحة الناجحين في مناصب المسؤولية ب وزارة العدل...
2026-07-23 15:17:41,707 [INFO]   [DÉJÀ VU] فتح باب الترشيح ل مناصب المسؤولية ب وزارة الداخلية -إقليم ال...
2026-07-23 15:17:41,707 [INFO]   [DÉJÀ VU] فتح باب الترشيح ل مناصب المسؤولية ب وزارة الداخلية -إقليم ال...
2026-07-23 15:17:41,707 [INFO]   [DÉJÀ VU] رئيس مصلحة الامتحانات (RH 28/2026)...
2026-07-23 15:17:41,707 [INFO]   [DÉJÀ VU] رئيس قسم ( Chef Division Achat et moyen généraux)...
2026-07-23 15:17:41,707 [INFO]   [DÉJÀ VU] فتح باب الترشيح لمناصب المسؤولية بعمالة الدارالبيضاء...
2026-07-23 15:17:41,707 [INFO]   [DÉJÀ VU] فتح باب الترشيح لمناصب المسؤولية بعمالة مكناس...
2026-07-23 15:17:41,707 [INFO] Page 3/3
2026-07-23 15:17:41,707 [INFO] Scraping page: https://www.emploi-public.ma/ar/قائمة-مناصب-المسؤولية?page=2
2026-07-23 15:17:46,261 [INFO]   → 13 annonces trouvées sur cette page
2026-07-23 15:17:46,262 [INFO]   [DÉJÀ VU] لائحة المدعوين لاجتياز اختبار الترشيح ل مناصب المسؤولية ب وز...
2026-07-23 15:17:46,263 [INFO]   [DÉJÀ VU] فتح باب الترشيح ل مناصب المسؤولية ب وزارة الشباب والثقافة وا...
2026-07-23 15:17:46,263 [INFO]   [DÉJÀ VU] فتح باب الترشيح ل مناصب المسؤولية ب وزارة الشباب والثقافة وا...
2026-07-23 15:17:46,263 [INFO]   [DÉJÀ VU] فتح باب الترشيح ل مناصب المسؤولية ب وزارة الداخلية -إقليم تز...
2026-07-23 15:17:46,263 [INFO]   [DÉJÀ VU] فتح باب الترشيح ل مناصب المسؤولية ب وزارة الداخلية -إقليم تز...
2026-07-23 15:17:46,263 [INFO]   [DÉJÀ VU] لائحة المدعوين لاجتياز اختبار الترشيح ل مناصب المسؤولية ب وز...
2026-07-23 15:17:46,263 [INFO]   [DÉJÀ VU] فتح باب الترشيح ل مناصب المسؤولية ب وزارة الفلاحة والصيد الب...
2026-07-23 15:17:46,263 [INFO]   [DÉJÀ VU] لائحة الناجحين في مناصب المسؤولية ب وزارة الداخلية...
2026-07-23 15:17:46,263 [INFO]   [DÉJÀ VU] لائحة الناجحين في مناصب المسؤولية ب وزارة التجهيز والماء...
2026-07-23 15:17:46,263 [INFO]   [DÉJÀ VU] رئيس مصلحة الامتحانات (RH 28/2026)...
2026-07-23 15:17:46,263 [INFO]   [DÉJÀ VU] رئيس قسم ( Chef Division Achat et moyen généraux)...
2026-07-23 15:17:46,263 [INFO]   [DÉJÀ VU] فتح باب الترشيح لمناصب المسؤولية بعمالة الدارالبيضاء...
2026-07-23 15:17:46,263 [INFO]   [DÉJÀ VU] فتح باب الترشيح لمناصب المسؤولية بعمالة مكناس...
2026-07-23 15:17:46,263 [INFO] 
--- Catégorie: المناصب العليا ---
2026-07-23 15:17:46,263 [INFO] Page 1/3
2026-07-23 15:17:46,263 [INFO] Scraping page: https://www.emploi-public.ma/ar/قائمة-المناصب-العليا
2026-07-23 15:17:48,118 [INFO]   → 9 annonces trouvées sur cette page
2026-07-23 15:17:48,119 [INFO]   [DÉJÀ VU] فتح باب الترشيح للمناصب العليا مدير(ة) الشؤون العامة...
2026-07-23 15:17:48,119 [INFO]   [DÉJÀ VU] فتح باب الترشيح للمناصب العليا مدير الانظمة والدراسات التاري...
2026-07-23 15:17:48,120 [INFO]   [DÉJÀ VU] فتح باب الترشيح للمناصب العليا مدير الشباب...
2026-07-23 15:17:48,120 [INFO]   [DÉJÀ VU] فتح باب الترشيح للمناصب العليا مدير مؤسسة النهوض بالأعمال ال...
2026-07-23 15:17:48,120 [INFO]   [DÉJÀ VU] فتح باب الترشيح للمناصب العليا مدير(ة) المركز الوطني للامتحا...
2026-07-23 15:17:48,120 [INFO]   [DÉJÀ VU] فتح باب الترشيح للمناصب العليا مدير المعهد العالي للدراسات ا...
2026-07-23 15:17:48,120 [INFO]   [DÉJÀ VU] فتح باب الترشيح للمناصب العليا مدير إعداد التراب الوطني...
2026-07-23 15:17:48,120 [INFO]   [DÉJÀ VU] فتح باب الترشيح للمناصب العليا مدير الوكالة الحضرية للحسيمة...
2026-07-23 15:17:48,120 [INFO]   [DÉJÀ VU] فتح باب الترشيح للمناصب العليا مدير الوكالة الحضرية للعرائش...
2026-07-23 15:17:48,120 [INFO] Page 2/3
2026-07-23 15:17:48,120 [INFO] Scraping page: https://www.emploi-public.ma/ar/قائمة-المناصب-العليا?page=1
2026-07-23 15:17:50,599 [INFO]   → 9 annonces trouvées sur cette page
2026-07-23 15:17:50,600 [INFO]   [DÉJÀ VU] فتح باب الترشيح للمناصب العليا مدير(ة) الشؤون العامة...
2026-07-23 15:17:50,600 [INFO]   [DÉJÀ VU] فتح باب الترشيح للمناصب العليا مدير الانظمة والدراسات التاري...
2026-07-23 15:17:50,600 [INFO]   [DÉJÀ VU] فتح باب الترشيح للمناصب العليا مدير الشباب...
2026-07-23 15:17:50,600 [INFO]   [DÉJÀ VU] فتح باب الترشيح للمناصب العليا مدير مؤسسة النهوض بالأعمال ال...
2026-07-23 15:17:50,600 [INFO]   [DÉJÀ VU] فتح باب الترشيح للمناصب العليا مدير(ة) المركز الوطني للامتحا...
2026-07-23 15:17:50,600 [INFO]   [DÉJÀ VU] فتح باب الترشيح للمناصب العليا مدير المعهد العالي للدراسات ا...
2026-07-23 15:17:50,601 [INFO]   [DÉJÀ VU] فتح باب الترشيح للمناصب العليا مدير إعداد التراب الوطني...
2026-07-23 15:17:50,601 [INFO]   [DÉJÀ VU] فتح باب الترشيح للمناصب العليا مدير الوكالة الحضرية للحسيمة...
2026-07-23 15:17:50,601 [INFO]   [DÉJÀ VU] فتح باب الترشيح للمناصب العليا مدير الوكالة الحضرية للعرائش...
2026-07-23 15:17:50,601 [INFO] Page 3/3
2026-07-23 15:17:50,601 [INFO] Scraping page: https://www.emploi-public.ma/ar/قائمة-المناصب-العليا?page=2
2026-07-23 15:17:51,753 [INFO]   → 9 annonces trouvées sur cette page
2026-07-23 15:17:51,754 [INFO]   [DÉJÀ VU] فتح باب الترشيح للمناصب العليا مدير(ة) الشؤون العامة...
2026-07-23 15:17:51,754 [INFO]   [DÉJÀ VU] فتح باب الترشيح للمناصب العليا مدير(ة) المعهد الملكي لتكوين ...
2026-07-23 15:17:51,754 [INFO]   [DÉJÀ VU] فتح باب الترشيح للمناصب العليا مدير مدرسة علوم المعلومات...
2026-07-23 15:17:51,754 [INFO]   [DÉJÀ VU] فتح باب الترشيح للمناصب العليا منصب مدير تشريعات البنيات الأ...
2026-07-23 15:17:51,754 [INFO]   [DÉJÀ VU] فتح باب الترشيح للمناصب العليا مدير تشريعات الحكامة والحقوق ...
2026-07-23 15:17:51,754 [INFO]   [DÉJÀ VU] فتح باب الترشيح للمناصب العليا عميد كلية الطب والصيدلة بالرب...
2026-07-23 15:17:51,754 [INFO]   [DÉJÀ VU] فتح باب الترشيح للمناصب العليا مدير المدرسة المحمدية للمهندس...
2026-07-23 15:17:51,754 [INFO]   [DÉJÀ VU] فتح باب الترشيح للمناصب العليا منصب مدير(ة) المركز الجهوي لم...
2026-07-23 15:17:51,754 [INFO]   [DÉJÀ VU] فتح باب الترشيح للمناصب العليا مدير الانظمة والدراسات التاري...
2026-07-23 15:17:51,754 [INFO] 
--- Catégorie: المباريات ---
2026-07-23 15:17:51,754 [INFO] Page 1/3
2026-07-23 15:17:51,754 [INFO] Scraping page: https://www.emploi-public.ma/ar/قائمة-المباريات
2026-07-23 15:17:56,038 [INFO]   → 9 annonces trouvées sur cette page
2026-07-23 15:17:56,039 [INFO]   [DÉJÀ VU] مباراة لتوظيف تقني من الدرجة الثالثة - سلم 9...
2026-07-23 15:17:56,040 [INFO]   [DÉJÀ VU] مباراة لتوظيف متصرف من الدرجة الثانية - سلم 11...
2026-07-23 15:17:56,040 [INFO]   [DÉJÀ VU] مباراة لتوظيف مساعد تقني من الدرجة الثانية...
2026-07-23 15:17:56,040 [INFO]   [DÉJÀ VU] مباراة لتوظيف أستاذ محاضر من الدرجة أ - سلم 11...
2026-07-23 15:17:56,040 [INFO]   [DÉJÀ VU] مباراة لتوظيف متصرف من الدرجة الثانية - سلم 11...
2026-07-23 15:17:56,040 [INFO]   [DÉJÀ VU] مباراة لتوظيف متصرف من الدرجة الثالثة - سلم 10...
2026-07-23 15:17:56,040 [INFO]   [DÉJÀ VU] مباراة لتوظيف طبيب من الدرجة الأولى - سلم 11...
2026-07-23 15:17:56,040 [INFO]   [DÉJÀ VU] مباراة لتوظيف أستاذ محاضر من الدرجة أ - سلم 11...
2026-07-23 15:17:56,040 [INFO]   [DÉJÀ VU] مباراة لتوظيف تقني من الدرجة الثالثة - سلم 9...
2026-07-23 15:17:56,040 [INFO] Page 2/3
2026-07-23 15:17:56,040 [INFO] Scraping page: https://www.emploi-public.ma/ar/قائمة-المباريات?page=1
2026-07-23 15:17:57,704 [INFO]   → 9 annonces trouvées sur cette page
2026-07-23 15:17:57,705 [INFO]   [DÉJÀ VU] مباراة لتوظيف تقني من الدرجة الثالثة - سلم 9...
2026-07-23 15:17:57,706 [INFO]   [DÉJÀ VU] مباراة لتوظيف متصرف من الدرجة الثانية - سلم 11...
2026-07-23 15:17:57,706 [INFO]   [DÉJÀ VU] مباراة لتوظيف مساعد تقني من الدرجة الثانية...
2026-07-23 15:17:57,706 [INFO]   [DÉJÀ VU] مباراة لتوظيف أستاذ محاضر من الدرجة أ - سلم 11...
2026-07-23 15:17:57,706 [INFO]   [DÉJÀ VU] مباراة لتوظيف متصرف من الدرجة الثانية - سلم 11...
2026-07-23 15:17:57,706 [INFO]   [DÉJÀ VU] مباراة لتوظيف متصرف من الدرجة الثالثة - سلم 10...
2026-07-23 15:17:57,706 [INFO]   [DÉJÀ VU] مباراة لتوظيف طبيب من الدرجة الأولى - سلم 11...
2026-07-23 15:17:57,706 [INFO]   [DÉJÀ VU] مباراة لتوظيف أستاذ محاضر من الدرجة أ - سلم 11...
2026-07-23 15:17:57,706 [INFO]   [DÉJÀ VU] مباراة لتوظيف تقني من الدرجة الثالثة - سلم 9...
2026-07-23 15:17:57,706 [INFO] Page 3/3
2026-07-23 15:17:57,706 [INFO] Scraping page: https://www.emploi-public.ma/ar/قائمة-المباريات?page=2
2026-07-23 15:17:59,643 [INFO]   → 9 annonces trouvées sur cette page
2026-07-23 15:17:59,644 [INFO]   [DÉJÀ VU] مباراة لتوظيف متصرف من الدرجة الثالثة - سلم 10...
2026-07-23 15:17:59,645 [INFO]   [DÉJÀ VU] مباراة لتوظيف متصرف من الدرجة الثانية - سلم 11...
2026-07-23 15:17:59,645 [INFO]   [DÉJÀ VU] لائحة المدعوين لإجراء الاختبار الكتابي لمباراة توظيف طبيب من...
2026-07-23 15:17:59,645 [INFO]   [DÉJÀ VU] مباراة لتوظيف مهندس دولة من الدرجة الأولى - سلم 11...
2026-07-23 15:17:59,645 [INFO]   [DÉJÀ VU] مباراة لتوظيف متصرف من الدرجة الثانية - سلم 11...
2026-07-23 15:17:59,645 [INFO]   [DÉJÀ VU] مباراة لتوظيف تقني من الدرجة الثالثة - سلم 9...
2026-07-23 15:17:59,645 [INFO]   [DÉJÀ VU] مباراة لتوظيف متصرف من الدرجة الثالثة - سلم 10...
2026-07-23 15:17:59,645 [INFO]   [DÉJÀ VU] لائحة الناجحين في مباراة التوظيف جراح أسنان من الدرجة الأولى...
2026-07-23 15:17:59,645 [INFO]   [DÉJÀ VU] لائحة الناجحين في مباراة التوظيف صيدلي من الدرجة الأولى - سل...
2026-07-23 15:17:59,645 [INFO] 
--- Catégorie: تشغيل الخبراء ---
2026-07-23 15:17:59,645 [INFO] Page 1/3
2026-07-23 15:17:59,645 [INFO] Scraping page: https://www.emploi-public.ma/ar/قائمة-تشغيل-الخبراء
2026-07-23 15:18:01,156 [INFO]   → 9 annonces trouvées sur cette page
2026-07-23 15:18:01,157 [INFO]   [DÉJÀ VU] لائحة الناجحين لمنصب خبير في مجال الملاحة التجارية...
2026-07-23 15:18:01,158 [INFO]   [DÉJÀ VU] فتح باب الترشيح لمنصب خبير في الشؤون القانونية...
2026-07-23 15:18:01,158 [INFO]   [DÉJÀ VU] فتح باب الترشيح لمنصب خبير...
2026-07-23 15:18:01,158 [INFO]   [DÉJÀ VU] فتح باب الترشيح لمنصب خبير...
2026-07-23 15:18:01,158 [INFO]   [DÉJÀ VU] فتح باب الترشيح لمنصب خبير متعاقد...
2026-07-23 15:18:01,158 [INFO]   [DÉJÀ VU] فتح باب الترشيح لمنصب خبير...
2026-07-23 15:18:01,158 [INFO]   [DÉJÀ VU] فتح باب الترشيح لمنصب خبير في مجال التفاوض والسياسة التجارية...
2026-07-23 15:18:01,158 [INFO]   [DÉJÀ VU] فتح باب الترشيح لمنصب خبير...
2026-07-23 15:18:01,158 [INFO]   [DÉJÀ VU] فتح باب الترشيح لمنصب خبير...
2026-07-23 15:18:01,158 [INFO] Page 2/3
2026-07-23 15:18:01,158 [INFO] Scraping page: https://www.emploi-public.ma/ar/قائمة-تشغيل-الخبراء?page=1
2026-07-23 15:18:02,020 [INFO]   → 9 annonces trouvées sur cette page
2026-07-23 15:18:02,021 [INFO]   [DÉJÀ VU] لائحة الناجحين لمنصب خبير في مجال الملاحة التجارية...
2026-07-23 15:18:02,021 [INFO]   [DÉJÀ VU] فتح باب الترشيح لمنصب خبير في الشؤون القانونية...
2026-07-23 15:18:02,021 [INFO]   [DÉJÀ VU] فتح باب الترشيح لمنصب خبير...
2026-07-23 15:18:02,021 [INFO]   [DÉJÀ VU] فتح باب الترشيح لمنصب خبير...
2026-07-23 15:18:02,021 [INFO]   [DÉJÀ VU] فتح باب الترشيح لمنصب خبير متعاقد...
2026-07-23 15:18:02,021 [INFO]   [DÉJÀ VU] فتح باب الترشيح لمنصب خبير...
2026-07-23 15:18:02,021 [INFO]   [DÉJÀ VU] فتح باب الترشيح لمنصب خبير في مجال التفاوض والسياسة التجارية...
2026-07-23 15:18:02,021 [INFO]   [DÉJÀ VU] فتح باب الترشيح لمنصب خبير...
2026-07-23 15:18:02,021 [INFO]   [DÉJÀ VU] فتح باب الترشيح لمنصب خبير...
2026-07-23 15:18:02,021 [INFO] Page 3/3
2026-07-23 15:18:02,021 [INFO] Scraping page: https://www.emploi-public.ma/ar/قائمة-تشغيل-الخبراء?page=2
2026-07-23 15:18:02,871 [INFO]   → 9 annonces trouvées sur cette page
2026-07-23 15:18:02,873 [INFO]   [DÉJÀ VU] فتح باب الترشيح لمنصب خبير في المجالات المرتبطة بتطوير آليات...
2026-07-23 15:18:02,873 [INFO]   [DÉJÀ VU] فتح باب الترشيح لمنصب خبير...
2026-07-23 15:18:02,873 [INFO]   [DÉJÀ VU] فتح باب الترشيح لمنصب خبير في مجال حكامة المؤسسات والمنشآت ا...
2026-07-23 15:18:02,873 [INFO]   [DÉJÀ VU] فتح باب الترشيح لمنصب خبير بموجب عقد...
2026-07-23 15:18:02,873 [INFO]   [DÉJÀ VU] لائحة الناجحين لمنصب خبير في مجال التقييم ومنح التراخيص...
2026-07-23 15:18:02,873 [INFO]   [DÉJÀ VU] لائحة الناجحين لمنصب خبيرفي مجال مراقبة الجودة الدوائية...
2026-07-23 15:18:02,873 [INFO]   [DÉJÀ VU] فتح باب الترشيح لمنصب خبير في التنسيق المؤسساتي والتعاون الد...
2026-07-23 15:18:02,873 [INFO]   [DÉJÀ VU] لائحة الناجحين لمنصب خبير مكلف بقيادة إنجاز دراسات وأشغال مل...
2026-07-23 15:18:02,873 [INFO]   [DÉJÀ VU] فتح باب الترشيح لمنصب خبير بموجب عقد...
2026-07-23 15:18:02,874 [INFO] 
============================================================
2026-07-23 15:18:02,874 [INFO] RÉSUMÉ
2026-07-23 15:18:02,874 [INFO] ============================================================
2026-07-23 15:18:02,874 [INFO] Annonces traitées: 120
2026-07-23 15:18:02,874 [INFO] Dates en cours: 0
2026-07-23 15:18:02,874 [INFO] Dates expirées: 0
2026-07-23 15:18:02,874 [INFO] PDF lus: 0
2026-07-23 15:18:02,874 [INFO] Match région: 0
2026-07-23 15:18:02,874 [INFO] Nouveaux résultats: 0
2026-07-23 15:18:02,874 [INFO] Total résultats en base: 0
2026-07-23 15:18:05,047 [INFO] Email envoyé à cavalkhalid@gmail.com
2026-07-23 15:18:05,048 [INFO] 
Scraper terminé.
2026-07-23 15:25:46,225 [INFO] ============================================================
2026-07-23 15:25:46,225 [INFO] DÉMARRAGE DU SCRAPER emploi-public.ma (AR) - MODE TOUTES ANNONCES EN COURS
2026-07-23 15:25:46,225 [INFO] Date: 2026-07-23 15:25:46
2026-07-23 15:25:46,226 [INFO] ============================================================
2026-07-23 15:25:46,226 [INFO] Annonces déjà traitées: 107
2026-07-23 15:25:46,226 [INFO] 
--- Catégorie: مناصب المسؤولية ---
2026-07-23 15:25:46,226 [INFO] Page 1/3
2026-07-23 15:25:46,226 [INFO] Scraping page: https://www.emploi-public.ma/ar/قائمة-مناصب-المسؤولية
2026-07-23 15:25:47,985 [INFO]   → 13 annonces trouvées sur cette page
2026-07-23 15:25:47,986 [INFO]   [DÉJÀ VU] لائحة المدعوين لاجتياز اختبار الترشيح ل مناصب المسؤولية ب وز...
2026-07-23 15:25:47,986 [INFO]   [DÉJÀ VU] لائحة المدعوين لاجتياز اختبار الترشيح ل مناصب المسؤولية ب وز...
2026-07-23 15:25:47,986 [INFO]   [DÉJÀ VU] لائحة الناجحين في مناصب المسؤولية ب وزارة العدل...
2026-07-23 15:25:47,986 [INFO]   [DÉJÀ VU] لائحة الناجحين في مناصب المسؤولية ب وزارة العدل...
2026-07-23 15:25:47,986 [INFO]   [DÉJÀ VU] لائحة الناجحين في مناصب المسؤولية ب وزارة العدل...
2026-07-23 15:25:47,986 [INFO]   [DÉJÀ VU] لائحة الناجحين في مناصب المسؤولية ب وزارة العدل...
2026-07-23 15:25:47,986 [INFO]   [DÉJÀ VU] لائحة الناجحين في مناصب المسؤولية ب وزارة العدل...
2026-07-23 15:25:47,986 [INFO]   [DÉJÀ VU] فتح باب الترشيح ل مناصب المسؤولية ب وزارة الداخلية -إقليم ال...
2026-07-23 15:25:47,986 [INFO]   [DÉJÀ VU] فتح باب الترشيح ل مناصب المسؤولية ب وزارة الداخلية -إقليم ال...
2026-07-23 15:25:47,987 [INFO]   [DÉJÀ VU] رئيس مصلحة الامتحانات (RH 28/2026)...
2026-07-23 15:25:47,987 [INFO]   [DÉJÀ VU] رئيس قسم ( Chef Division Achat et moyen généraux)...
2026-07-23 15:25:47,987 [INFO]   [DÉJÀ VU] فتح باب الترشيح لمناصب المسؤولية بعمالة الدارالبيضاء...
2026-07-23 15:25:47,987 [INFO]   [DÉJÀ VU] فتح باب الترشيح لمناصب المسؤولية بعمالة مكناس...
2026-07-23 15:25:47,987 [INFO] Page 2/3
2026-07-23 15:25:47,987 [INFO] Scraping page: https://www.emploi-public.ma/ar/قائمة-مناصب-المسؤولية?page=1
2026-07-23 15:25:50,035 [INFO]   → 13 annonces trouvées sur cette page
2026-07-23 15:25:50,036 [INFO]   [DÉJÀ VU] لائحة المدعوين لاجتياز اختبار الترشيح ل مناصب المسؤولية ب وز...
2026-07-23 15:25:50,036 [INFO]   [DÉJÀ VU] لائحة المدعوين لاجتياز اختبار الترشيح ل مناصب المسؤولية ب وز...
2026-07-23 15:25:50,036 [INFO]   [DÉJÀ VU] لائحة الناجحين في مناصب المسؤولية ب وزارة العدل...
2026-07-23 15:25:50,036 [INFO]   [DÉJÀ VU] لائحة الناجحين في مناصب المسؤولية ب وزارة العدل...
2026-07-23 15:25:50,036 [INFO]   [DÉJÀ VU] لائحة الناجحين في مناصب المسؤولية ب وزارة العدل...
2026-07-23 15:25:50,036 [INFO]   [DÉJÀ VU] لائحة الناجحين في مناصب المسؤولية ب وزارة العدل...
2026-07-23 15:25:50,037 [INFO]   [DÉJÀ VU] لائحة الناجحين في مناصب المسؤولية ب وزارة العدل...
2026-07-23 15:25:50,037 [INFO]   [DÉJÀ VU] فتح باب الترشيح ل مناصب المسؤولية ب وزارة الداخلية -إقليم ال...
2026-07-23 15:25:50,037 [INFO]   [DÉJÀ VU] فتح باب الترشيح ل مناصب المسؤولية ب وزارة الداخلية -إقليم ال...
2026-07-23 15:25:50,037 [INFO]   [DÉJÀ VU] رئيس مصلحة الامتحانات (RH 28/2026)...
2026-07-23 15:25:50,037 [INFO]   [DÉJÀ VU] رئيس قسم ( Chef Division Achat et moyen généraux)...
2026-07-23 15:25:50,037 [INFO]   [DÉJÀ VU] فتح باب الترشيح لمناصب المسؤولية بعمالة الدارالبيضاء...
2026-07-23 15:25:50,037 [INFO]   [DÉJÀ VU] فتح باب الترشيح لمناصب المسؤولية بعمالة مكناس...
2026-07-23 15:25:50,037 [INFO] Page 3/3
2026-07-23 15:25:50,037 [INFO] Scraping page: https://www.emploi-public.ma/ar/قائمة-مناصب-المسؤولية?page=2
2026-07-23 15:25:52,087 [INFO]   → 13 annonces trouvées sur cette page
2026-07-23 15:25:52,088 [INFO]   [DÉJÀ VU] لائحة المدعوين لاجتياز اختبار الترشيح ل مناصب المسؤولية ب وز...
2026-07-23 15:25:52,088 [INFO]   [DÉJÀ VU] فتح باب الترشيح ل مناصب المسؤولية ب وزارة الشباب والثقافة وا...
2026-07-23 15:25:52,088 [INFO]   [DÉJÀ VU] فتح باب الترشيح ل مناصب المسؤولية ب وزارة الشباب والثقافة وا...
2026-07-23 15:25:52,088 [INFO]   [DÉJÀ VU] فتح باب الترشيح ل مناصب المسؤولية ب وزارة الداخلية -إقليم تز...
2026-07-23 15:25:52,088 [INFO]   [DÉJÀ VU] فتح باب الترشيح ل مناصب المسؤولية ب وزارة الداخلية -إقليم تز...
2026-07-23 15:25:52,088 [INFO]   [DÉJÀ VU] لائحة المدعوين لاجتياز اختبار الترشيح ل مناصب المسؤولية ب وز...
2026-07-23 15:25:52,088 [INFO]   [DÉJÀ VU] فتح باب الترشيح ل مناصب المسؤولية ب وزارة الفلاحة والصيد الب...
2026-07-23 15:25:52,088 [INFO]   [DÉJÀ VU] لائحة الناجحين في مناصب المسؤولية ب وزارة الداخلية...
2026-07-23 15:25:52,088 [INFO]   [DÉJÀ VU] لائحة الناجحين في مناصب المسؤولية ب وزارة التجهيز والماء...
2026-07-23 15:25:52,088 [INFO]   [DÉJÀ VU] رئيس مصلحة الامتحانات (RH 28/2026)...
2026-07-23 15:25:52,088 [INFO]   [DÉJÀ VU] رئيس قسم ( Chef Division Achat et moyen généraux)...
2026-07-23 15:25:52,088 [INFO]   [DÉJÀ VU] فتح باب الترشيح لمناصب المسؤولية بعمالة الدارالبيضاء...
2026-07-23 15:25:52,089 [INFO]   [DÉJÀ VU] فتح باب الترشيح لمناصب المسؤولية بعمالة مكناس...
2026-07-23 15:25:52,089 [INFO] 
--- Catégorie: المناصب العليا ---
2026-07-23 15:25:52,089 [INFO] Page 1/3
2026-07-23 15:25:52,089 [INFO] Scraping page: https://www.emploi-public.ma/ar/قائمة-المناصب-العليا
2026-07-23 15:25:53,261 [INFO]   → 9 annonces trouvées sur cette page
2026-07-23 15:25:53,262 [INFO]   [DÉJÀ VU] فتح باب الترشيح للمناصب العليا مدير(ة) الشؤون العامة...
2026-07-23 15:25:53,262 [INFO]   [DÉJÀ VU] فتح باب الترشيح للمناصب العليا مدير الانظمة والدراسات التاري...
2026-07-23 15:25:53,262 [INFO]   [DÉJÀ VU] فتح باب الترشيح للمناصب العليا مدير الشباب...
2026-07-23 15:25:53,262 [INFO]   [DÉJÀ VU] فتح باب الترشيح للمناصب العليا مدير مؤسسة النهوض بالأعمال ال...
2026-07-23 15:25:53,263 [INFO]   [DÉJÀ VU] فتح باب الترشيح للمناصب العليا مدير(ة) المركز الوطني للامتحا...
2026-07-23 15:25:53,263 [INFO]   [DÉJÀ VU] فتح باب الترشيح للمناصب العليا مدير المعهد العالي للدراسات ا...
2026-07-23 15:25:53,263 [INFO]   [DÉJÀ VU] فتح باب الترشيح للمناصب العليا مدير إعداد التراب الوطني...
2026-07-23 15:25:53,263 [INFO]   [DÉJÀ VU] فتح باب الترشيح للمناصب العليا مدير الوكالة الحضرية للحسيمة...
2026-07-23 15:25:53,263 [INFO]   [DÉJÀ VU] فتح باب الترشيح للمناصب العليا مدير الوكالة الحضرية للعرائش...
2026-07-23 15:25:53,263 [INFO] Page 2/3
2026-07-23 15:25:53,263 [INFO] Scraping page: https://www.emploi-public.ma/ar/قائمة-المناصب-العليا?page=1
2026-07-23 15:25:54,258 [INFO]   → 9 annonces trouvées sur cette page
2026-07-23 15:25:54,259 [INFO]   [DÉJÀ VU] فتح باب الترشيح للمناصب العليا مدير(ة) الشؤون العامة...
2026-07-23 15:25:54,259 [INFO]   [DÉJÀ VU] فتح باب الترشيح للمناصب العليا مدير الانظمة والدراسات التاري...
2026-07-23 15:25:54,259 [INFO]   [DÉJÀ VU] فتح باب الترشيح للمناصب العليا مدير الشباب...
2026-07-23 15:25:54,259 [INFO]   [DÉJÀ VU] فتح باب الترشيح للمناصب العليا مدير مؤسسة النهوض بالأعمال ال...
2026-07-23 15:25:54,259 [INFO]   [DÉJÀ VU] فتح باب الترشيح للمناصب العليا مدير(ة) المركز الوطني للامتحا...
2026-07-23 15:25:54,259 [INFO]   [DÉJÀ VU] فتح باب الترشيح للمناصب العليا مدير المعهد العالي للدراسات ا...
2026-07-23 15:25:54,259 [INFO]   [DÉJÀ VU] فتح باب الترشيح للمناصب العليا مدير إعداد التراب الوطني...
2026-07-23 15:25:54,259 [INFO]   [DÉJÀ VU] فتح باب الترشيح للمناصب العليا مدير الوكالة الحضرية للحسيمة...
2026-07-23 15:25:54,259 [INFO]   [DÉJÀ VU] فتح باب الترشيح للمناصب العليا مدير الوكالة الحضرية للعرائش...
2026-07-23 15:25:54,259 [INFO] Page 3/3
2026-07-23 15:25:54,259 [INFO] Scraping page: https://www.emploi-public.ma/ar/قائمة-المناصب-العليا?page=2
2026-07-23 15:26:01,103 [INFO]   → 9 annonces trouvées sur cette page
2026-07-23 15:26:01,104 [INFO]   [DÉJÀ VU] فتح باب الترشيح للمناصب العليا مدير(ة) الشؤون العامة...
2026-07-23 15:26:01,105 [INFO]   [DÉJÀ VU] فتح باب الترشيح للمناصب العليا مدير(ة) المعهد الملكي لتكوين ...
2026-07-23 15:26:01,105 [INFO]   [DÉJÀ VU] فتح باب الترشيح للمناصب العليا مدير مدرسة علوم المعلومات...
2026-07-23 15:26:01,105 [INFO]   [DÉJÀ VU] فتح باب الترشيح للمناصب العليا منصب مدير تشريعات البنيات الأ...
2026-07-23 15:26:01,105 [INFO]   [DÉJÀ VU] فتح باب الترشيح للمناصب العليا مدير تشريعات الحكامة والحقوق ...
2026-07-23 15:26:01,105 [INFO]   [DÉJÀ VU] فتح باب الترشيح للمناصب العليا عميد كلية الطب والصيدلة بالرب...
2026-07-23 15:26:01,105 [INFO]   [DÉJÀ VU] فتح باب الترشيح للمناصب العليا مدير المدرسة المحمدية للمهندس...
2026-07-23 15:26:01,105 [INFO]   [DÉJÀ VU] فتح باب الترشيح للمناصب العليا منصب مدير(ة) المركز الجهوي لم...
2026-07-23 15:26:01,105 [INFO]   [DÉJÀ VU] فتح باب الترشيح للمناصب العليا مدير الانظمة والدراسات التاري...
2026-07-23 15:26:01,105 [INFO] 
--- Catégorie: المباريات ---
2026-07-23 15:26:01,105 [INFO] Page 1/3
2026-07-23 15:26:01,105 [INFO] Scraping page: https://www.emploi-public.ma/ar/قائمة-المباريات
2026-07-23 15:26:02,644 [INFO]   → 9 annonces trouvées sur cette page
2026-07-23 15:26:02,645 [INFO]   [DÉJÀ VU] مباراة لتوظيف تقني من الدرجة الثالثة - سلم 9...
2026-07-23 15:26:02,646 [INFO]   [DÉJÀ VU] مباراة لتوظيف متصرف من الدرجة الثانية - سلم 11...
2026-07-23 15:26:02,646 [INFO]   [DÉJÀ VU] مباراة لتوظيف مساعد تقني من الدرجة الثانية...
2026-07-23 15:26:02,646 [INFO]   [DÉJÀ VU] مباراة لتوظيف أستاذ محاضر من الدرجة أ - سلم 11...
2026-07-23 15:26:02,646 [INFO]   [DÉJÀ VU] مباراة لتوظيف متصرف من الدرجة الثانية - سلم 11...
2026-07-23 15:26:02,646 [INFO]   [DÉJÀ VU] مباراة لتوظيف متصرف من الدرجة الثالثة - سلم 10...
2026-07-23 15:26:02,646 [INFO]   [DÉJÀ VU] مباراة لتوظيف طبيب من الدرجة الأولى - سلم 11...
2026-07-23 15:26:02,646 [INFO]   [DÉJÀ VU] مباراة لتوظيف أستاذ محاضر من الدرجة أ - سلم 11...
2026-07-23 15:26:02,646 [INFO]   [DÉJÀ VU] مباراة لتوظيف تقني من الدرجة الثالثة - سلم 9...
2026-07-23 15:26:02,646 [INFO] Page 2/3
2026-07-23 15:26:02,646 [INFO] Scraping page: https://www.emploi-public.ma/ar/قائمة-المباريات?page=1
2026-07-23 15:26:04,055 [INFO]   → 9 annonces trouvées sur cette page
2026-07-23 15:26:04,056 [INFO]   [DÉJÀ VU] مباراة لتوظيف تقني من الدرجة الثالثة - سلم 9...
2026-07-23 15:26:04,057 [INFO]   [DÉJÀ VU] مباراة لتوظيف متصرف من الدرجة الثانية - سلم 11...
2026-07-23 15:26:04,057 [INFO]   [DÉJÀ VU] مباراة لتوظيف مساعد تقني من الدرجة الثانية...
2026-07-23 15:26:04,057 [INFO]   [DÉJÀ VU] مباراة لتوظيف أستاذ محاضر من الدرجة أ - سلم 11...
2026-07-23 15:26:04,057 [INFO]   [DÉJÀ VU] مباراة لتوظيف متصرف من الدرجة الثانية - سلم 11...
2026-07-23 15:26:04,057 [INFO]   [DÉJÀ VU] مباراة لتوظيف متصرف من الدرجة الثالثة - سلم 10...
2026-07-23 15:26:04,057 [INFO]   [DÉJÀ VU] مباراة لتوظيف طبيب من الدرجة الأولى - سلم 11...
2026-07-23 15:26:04,057 [INFO]   [DÉJÀ VU] مباراة لتوظيف أستاذ محاضر من الدرجة أ - سلم 11...
2026-07-23 15:26:04,057 [INFO]   [DÉJÀ VU] مباراة لتوظيف تقني من الدرجة الثالثة - سلم 9...
2026-07-23 15:26:04,057 [INFO] Page 3/3
2026-07-23 15:26:04,057 [INFO] Scraping page: https://www.emploi-public.ma/ar/قائمة-المباريات?page=2
2026-07-23 15:26:08,608 [INFO]   → 9 annonces trouvées sur cette page
2026-07-23 15:26:08,609 [INFO]   [DÉJÀ VU] مباراة لتوظيف متصرف من الدرجة الثالثة - سلم 10...
2026-07-23 15:26:08,610 [INFO]   [DÉJÀ VU] مباراة لتوظيف متصرف من الدرجة الثانية - سلم 11...
2026-07-23 15:26:08,610 [INFO]   [DÉJÀ VU] لائحة المدعوين لإجراء الاختبار الكتابي لمباراة توظيف طبيب من...
2026-07-23 15:26:08,610 [INFO]   [DÉJÀ VU] مباراة لتوظيف مهندس دولة من الدرجة الأولى - سلم 11...
2026-07-23 15:26:08,610 [INFO]   [DÉJÀ VU] مباراة لتوظيف متصرف من الدرجة الثانية - سلم 11...
2026-07-23 15:26:08,610 [INFO]   [DÉJÀ VU] مباراة لتوظيف تقني من الدرجة الثالثة - سلم 9...
2026-07-23 15:26:08,610 [INFO]   [DÉJÀ VU] مباراة لتوظيف متصرف من الدرجة الثالثة - سلم 10...
2026-07-23 15:26:08,610 [INFO]   [DÉJÀ VU] لائحة الناجحين في مباراة التوظيف جراح أسنان من الدرجة الأولى...
2026-07-23 15:26:08,610 [INFO]   [DÉJÀ VU] لائحة الناجحين في مباراة التوظيف صيدلي من الدرجة الأولى - سل...
2026-07-23 15:26:08,610 [INFO] 
--- Catégorie: تشغيل الخبراء ---
2026-07-23 15:26:08,610 [INFO] Page 1/3
2026-07-23 15:26:08,610 [INFO] Scraping page: https://www.emploi-public.ma/ar/قائمة-تشغيل-الخبراء
2026-07-23 15:26:12,459 [INFO]   → 9 annonces trouvées sur cette page
2026-07-23 15:26:12,460 [INFO]   [DÉJÀ VU] لائحة الناجحين لمنصب خبير في مجال الملاحة التجارية...
2026-07-23 15:26:12,460 [INFO]   [DÉJÀ VU] فتح باب الترشيح لمنصب خبير في الشؤون القانونية...
2026-07-23 15:26:12,460 [INFO]   [DÉJÀ VU] فتح باب الترشيح لمنصب خبير...
2026-07-23 15:26:12,460 [INFO]   [DÉJÀ VU] فتح باب الترشيح لمنصب خبير...
2026-07-23 15:26:12,460 [INFO]   [DÉJÀ VU] فتح باب الترشيح لمنصب خبير متعاقد...
2026-07-23 15:26:12,460 [INFO]   [DÉJÀ VU] فتح باب الترشيح لمنصب خبير...
2026-07-23 15:26:12,460 [INFO]   [DÉJÀ VU] فتح باب الترشيح لمنصب خبير في مجال التفاوض والسياسة التجارية...
2026-07-23 15:26:12,460 [INFO]   [DÉJÀ VU] فتح باب الترشيح لمنصب خبير...
2026-07-23 15:26:12,460 [INFO]   [DÉJÀ VU] فتح باب الترشيح لمنصب خبير...
2026-07-23 15:26:12,460 [INFO] Page 2/3
2026-07-23 15:26:12,460 [INFO] Scraping page: https://www.emploi-public.ma/ar/قائمة-تشغيل-الخبراء?page=1
2026-07-23 15:26:13,529 [INFO]   → 9 annonces trouvées sur cette page
2026-07-23 15:26:13,531 [INFO]   [DÉJÀ VU] لائحة الناجحين لمنصب خبير في مجال الملاحة التجارية...
2026-07-23 15:26:13,531 [INFO]   [DÉJÀ VU] فتح باب الترشيح لمنصب خبير في الشؤون القانونية...
2026-07-23 15:26:13,531 [INFO]   [DÉJÀ VU] فتح باب الترشيح لمنصب خبير...
2026-07-23 15:26:13,531 [INFO]   [DÉJÀ VU] فتح باب الترشيح لمنصب خبير...
2026-07-23 15:26:13,531 [INFO]   [DÉJÀ VU] فتح باب الترشيح لمنصب خبير متعاقد...
2026-07-23 15:26:13,531 [INFO]   [DÉJÀ VU] فتح باب الترشيح لمنصب خبير...
2026-07-23 15:26:13,531 [INFO]   [DÉJÀ VU] فتح باب الترشيح لمنصب خبير في مجال التفاوض والسياسة التجارية...
2026-07-23 15:26:13,531 [INFO]   [DÉJÀ VU] فتح باب الترشيح لمنصب خبير...
2026-07-23 15:26:13,531 [INFO]   [DÉJÀ VU] فتح باب الترشيح لمنصب خبير...
2026-07-23 15:26:13,531 [INFO] Page 3/3
2026-07-23 15:26:13,531 [INFO] Scraping page: https://www.emploi-public.ma/ar/قائمة-تشغيل-الخبراء?page=2
2026-07-23 15:26:18,828 [INFO]   → 9 annonces trouvées sur cette page
2026-07-23 15:26:18,829 [INFO]   [DÉJÀ VU] فتح باب الترشيح لمنصب خبير في المجالات المرتبطة بتطوير آليات...
2026-07-23 15:26:18,829 [INFO]   [DÉJÀ VU] فتح باب الترشيح لمنصب خبير...
2026-07-23 15:26:18,829 [INFO]   [DÉJÀ VU] فتح باب الترشيح لمنصب خبير في مجال حكامة المؤسسات والمنشآت ا...
2026-07-23 15:26:18,829 [INFO]   [DÉJÀ VU] فتح باب الترشيح لمنصب خبير بموجب عقد...
2026-07-23 15:26:18,829 [INFO]   [DÉJÀ VU] لائحة الناجحين لمنصب خبير في مجال التقييم ومنح التراخيص...
2026-07-23 15:26:18,829 [INFO]   [DÉJÀ VU] لائحة الناجحين لمنصب خبيرفي مجال مراقبة الجودة الدوائية...
2026-07-23 15:26:18,829 [INFO]   [DÉJÀ VU] فتح باب الترشيح لمنصب خبير في التنسيق المؤسساتي والتعاون الد...
2026-07-23 15:26:18,829 [INFO]   [DÉJÀ VU] لائحة الناجحين لمنصب خبير مكلف بقيادة إنجاز دراسات وأشغال مل...
2026-07-23 15:26:18,829 [INFO]   [DÉJÀ VU] فتح باب الترشيح لمنصب خبير بموجب عقد...
2026-07-23 15:26:18,830 [INFO] 
============================================================
2026-07-23 15:26:18,830 [INFO] RÉSUMÉ
2026-07-23 15:26:18,830 [INFO] ============================================================
2026-07-23 15:26:18,830 [INFO] Annonces traitées: 120
2026-07-23 15:26:18,830 [INFO] Dates en cours: 0
2026-07-23 15:26:18,830 [INFO] Dates expirées: 0
2026-07-23 15:26:18,830 [INFO] Nouveaux résultats: 0
2026-07-23 15:26:18,830 [INFO] Total résultats en base: 0
2026-07-23 15:26:20,665 [INFO] Email envoyé à cavalkhalid@gmail.com
2026-07-23 15:26:20,666 [INFO] 
Scraper terminé.
2026-07-23 15:48:39,233 [INFO] ============================================================
2026-07-23 15:48:39,234 [INFO] DÉMARRAGE DU SCRAPER emploi-public.ma (AR)
2026-07-23 15:48:39,234 [INFO] Date: 2026-07-23 15:48:39
2026-07-23 15:48:39,234 [INFO] ============================================================
2026-07-23 15:48:39,234 [INFO] 
--- Catégorie: مناصب المسؤولية ---
2026-07-23 15:48:39,234 [INFO] Page 1/5
2026-07-23 15:48:39,234 [INFO] Scraping page: https://www.emploi-public.ma/ar/قائمة-مناصب-المسؤولية
2026-07-23 15:48:40,313 [INFO]   → 13 annonces trouvées sur cette page
2026-07-23 15:48:40,314 [INFO]   Détails: https://www.emploi-public.ma/ar/%D8%AA%D9%81%D8%A7%D8%B5%D9%8A%D9%84/%D9%85%D9%86%D8%A7%D8%B5%D8%A8-%D8%A7%D9%84%D9%85%D8%B3%D8%A4%D9%88%D9%84%D9%8A%D8%A9/1f0f0446-8044-4bda-a4f1-6e55b963a62f
2026-07-23 15:48:41,817 [INFO]     PDF trouvé: قرار فتح باب الترشيح (score: 35)
2026-07-23 15:48:41,818 [INFO]   [EXPIRÉE] لائحة المدعوين لاجتياز اختبار الترشيح ل مناصب المسؤولية ب وز... → 2026-06-29
2026-07-23 15:48:41,818 [INFO]   Détails: https://www.emploi-public.ma/ar/%D8%AA%D9%81%D8%A7%D8%B5%D9%8A%D9%84/%D9%85%D9%86%D8%A7%D8%B5%D8%A8-%D8%A7%D9%84%D9%85%D8%B3%D8%A4%D9%88%D9%84%D9%8A%D8%A9/716ae71a-4687-466a-ae3c-6f09c68b0175
2026-07-23 15:48:43,307 [INFO]     PDF trouvé: قرار فتح باب الترشيح (score: 35)
2026-07-23 15:48:43,308 [INFO]   [EXPIRÉE] لائحة المدعوين لاجتياز اختبار الترشيح ل مناصب المسؤولية ب وز... → 2026-04-17
2026-07-23 15:48:43,309 [INFO]   Détails: https://www.emploi-public.ma/ar/%D8%AA%D9%81%D8%A7%D8%B5%D9%8A%D9%84/%D9%85%D9%86%D8%A7%D8%B5%D8%A8-%D8%A7%D9%84%D9%85%D8%B3%D8%A4%D9%88%D9%84%D9%8A%D8%A9/cec09eea-b8ec-4b2f-a2da-3be6b1cfae34
2026-07-23 15:48:44,598 [INFO]     PDF trouvé: قرار فتح باب الترشيح (score: 35)
2026-07-23 15:48:44,599 [INFO]   [EXPIRÉE] لائحة الناجحين في مناصب المسؤولية ب وزارة العدل... → 2026-06-19
2026-07-23 15:48:44,599 [INFO]   Détails: https://www.emploi-public.ma/ar/%D8%AA%D9%81%D8%A7%D8%B5%D9%8A%D9%84/%D9%85%D9%86%D8%A7%D8%B5%D8%A8-%D8%A7%D9%84%D9%85%D8%B3%D8%A4%D9%88%D9%84%D9%8A%D8%A9/9d0a2934-38fb-4fa5-a988-258254414db5
2026-07-23 15:48:45,861 [INFO]     PDF trouvé: قرار فتح باب الترشيح (score: 35)
2026-07-23 15:48:45,862 [INFO]   [EXPIRÉE] لائحة الناجحين في مناصب المسؤولية ب وزارة العدل... → 2026-06-15
2026-07-23 15:48:45,863 [INFO]   Détails: https://www.emploi-public.ma/ar/%D8%AA%D9%81%D8%A7%D8%B5%D9%8A%D9%84/%D9%85%D9%86%D8%A7%D8%B5%D8%A8-%D8%A7%D9%84%D9%85%D8%B3%D8%A4%D9%88%D9%84%D9%8A%D8%A9/2327c25e-e050-4ea3-8970-df20522676e3
2026-07-23 15:48:46,720 [INFO]     PDF trouvé: قرار فتح باب الترشيح (score: 35)
2026-07-23 15:48:46,721 [INFO]   [EXPIRÉE] لائحة الناجحين في مناصب المسؤولية ب وزارة العدل... → 2026-06-15
2026-07-23 15:48:46,722 [INFO]   Détails: https://www.emploi-public.ma/ar/%D8%AA%D9%81%D8%A7%D8%B5%D9%8A%D9%84/%D9%85%D9%86%D8%A7%D8%B5%D8%A8-%D8%A7%D9%84%D9%85%D8%B3%D8%A4%D9%88%D9%84%D9%8A%D8%A9/6f560704-3786-4bb7-9810-2f2ce23eecfb
2026-07-23 15:48:47,576 [INFO]     PDF trouvé: قرار فتح باب الترشيح (score: 35)
2026-07-23 15:48:47,577 [INFO]   [EXPIRÉE] لائحة الناجحين في مناصب المسؤولية ب وزارة العدل... → 2026-06-12
2026-07-23 15:48:47,577 [INFO]   Détails: https://www.emploi-public.ma/ar/%D8%AA%D9%81%D8%A7%D8%B5%D9%8A%D9%84/%D9%85%D9%86%D8%A7%D8%B5%D8%A8-%D8%A7%D9%84%D9%85%D8%B3%D8%A4%D9%88%D9%84%D9%8A%D8%A9/e2af6bdf-76e9-4dab-b88d-71c8a95777ef
2026-07-23 15:48:48,581 [INFO]     PDF trouvé: قرار فتح باب الترشيح (score: 35)
2026-07-23 15:48:48,582 [INFO]   [EXPIRÉE] لائحة الناجحين في مناصب المسؤولية ب وزارة العدل... → 2026-05-25
2026-07-23 15:48:48,582 [INFO]   Détails: https://www.emploi-public.ma/ar/%D8%AA%D9%81%D8%A7%D8%B5%D9%8A%D9%84/%D9%85%D9%86%D8%A7%D8%B5%D8%A8-%D8%A7%D9%84%D9%85%D8%B3%D8%A4%D9%88%D9%84%D9%8A%D8%A9/e87230b9-5c31-441a-99c0-ef3d70e8fccb
2026-07-23 15:48:50,199 [INFO]     PDF trouvé: قرار فتح باب الترشيح (score: 35)
2026-07-23 15:48:50,200 [INFO]   [EXPIRÉE] فتح باب الترشيح ل مناصب المسؤولية ب وزارة الداخلية -إقليم ال... → 2026-07-22
2026-07-23 15:48:50,200 [INFO]   Détails: https://www.emploi-public.ma/ar/%D8%AA%D9%81%D8%A7%D8%B5%D9%8A%D9%84/%D9%85%D9%86%D8%A7%D8%B5%D8%A8-%D8%A7%D9%84%D9%85%D8%B3%D8%A4%D9%88%D9%84%D9%8A%D8%A9/cb10246f-888d-4789-9322-8d88f1ca4e21
2026-07-23 15:48:51,460 [INFO]     PDF trouvé: قرار فتح باب الترشيح (score: 35)
2026-07-23 15:48:51,461 [INFO]   [EXPIRÉE] فتح باب الترشيح ل مناصب المسؤولية ب وزارة الداخلية -إقليم ال... → 2026-07-22
2026-07-23 15:48:51,462 [INFO]   Détails: https://www.emploi-public.ma/ar/%D8%AA%D9%81%D8%A7%D8%B5%D9%8A%D9%84/%D9%85%D9%86%D8%A7%D8%B5%D8%A8-%D8%A7%D9%84%D9%85%D8%B3%D8%A4%D9%88%D9%84%D9%8A%D8%A9/3bf6fefc-6a61-4192-a4cd-b507b00a7eaa
2026-07-23 15:48:52,502 [INFO]     PDF trouvé: قرار فتح باب الترشيح (score: 35)
2026-07-23 15:48:52,503 [INFO]   [EN COURS] رئيس مصلحة الامتحانات (RH 28/2026)... → 2026-07-24
2026-07-23 15:48:52,503 [INFO]   Détails: https://www.emploi-public.ma/ar/%D8%AA%D9%81%D8%A7%D8%B5%D9%8A%D9%84/%D9%85%D9%86%D8%A7%D8%B5%D8%A8-%D8%A7%D9%84%D9%85%D8%B3%D8%A4%D9%88%D9%84%D9%8A%D8%A9/c7204179-edb5-416f-ab16-b5b50f7476a0
2026-07-23 15:48:53,617 [INFO]     PDF trouvé: قرار فتح باب الترشيح (score: 35)
2026-07-23 15:48:53,618 [INFO]   [EN COURS] رئيس قسم ( Chef Division Achat et moyen généraux)... → 2026-07-24
2026-07-23 15:48:53,618 [INFO]   Détails: https://www.emploi-public.ma/ar/%D8%AA%D9%81%D8%A7%D8%B5%D9%8A%D9%84/%D9%85%D9%86%D8%A7%D8%B5%D8%A8-%D8%A7%D9%84%D9%85%D8%B3%D8%A4%D9%88%D9%84%D9%8A%D8%A9/3700a21f-51f5-4646-9042-bf45ec615192
2026-07-23 15:48:54,584 [INFO]     PDF trouvé: قرار فتح باب الترشيح (score: 35)
2026-07-23 15:48:54,585 [INFO]   [EN COURS] فتح باب الترشيح لمناصب المسؤولية بعمالة الدارالبيضاء... → 2026-07-24
2026-07-23 15:48:54,586 [INFO]   Détails: https://www.emploi-public.ma/ar/%D8%AA%D9%81%D8%A7%D8%B5%D9%8A%D9%84/%D9%85%D9%86%D8%A7%D8%B5%D8%A8-%D8%A7%D9%84%D9%85%D8%B3%D8%A4%D9%88%D9%84%D9%8A%D8%A9/a26be0a2-1ba7-4524-a8e3-04ae4e699e12
2026-07-23 15:48:55,516 [INFO]     PDF trouvé: قرار فتح باب الترشيح (score: 35)
2026-07-23 15:48:55,517 [INFO]   [EN COURS] فتح باب الترشيح لمناصب المسؤولية بعمالة مكناس... → 2026-07-24
2026-07-23 15:48:55,517 [INFO] Page 2/5
2026-07-23 15:48:55,517 [INFO] Scraping page: https://www.emploi-public.ma/ar/قائمة-مناصب-المسؤولية?page=1
2026-07-23 15:48:56,560 [INFO]   → 13 annonces trouvées sur cette page
2026-07-23 15:48:56,561 [INFO]   Détails: https://www.emploi-public.ma/ar/%D8%AA%D9%81%D8%A7%D8%B5%D9%8A%D9%84/%D9%85%D9%86%D8%A7%D8%B5%D8%A8-%D8%A7%D9%84%D9%85%D8%B3%D8%A4%D9%88%D9%84%D9%8A%D8%A9/1f0f0446-8044-4bda-a4f1-6e55b963a62f
2026-07-23 15:48:57,544 [INFO]     PDF trouvé: قرار فتح باب الترشيح (score: 35)
2026-07-23 15:48:57,545 [INFO]   [EXPIRÉE] لائحة المدعوين لاجتياز اختبار الترشيح ل مناصب المسؤولية ب وز... → 2026-06-29
2026-07-23 15:48:57,546 [INFO]   Détails: https://www.emploi-public.ma/ar/%D8%AA%D9%81%D8%A7%D8%B5%D9%8A%D9%84/%D9%85%D9%86%D8%A7%D8%B5%D8%A8-%D8%A7%D9%84%D9%85%D8%B3%D8%A4%D9%88%D9%84%D9%8A%D8%A9/716ae71a-4687-466a-ae3c-6f09c68b0175
2026-07-23 15:48:58,530 [INFO]     PDF trouvé: قرار فتح باب الترشيح (score: 35)
2026-07-23 15:48:58,531 [INFO]   [EXPIRÉE] لائحة المدعوين لاجتياز اختبار الترشيح ل مناصب المسؤولية ب وز... → 2026-04-17
2026-07-23 15:48:58,532 [INFO]   Détails: https://www.emploi-public.ma/ar/%D8%AA%D9%81%D8%A7%D8%B5%D9%8A%D9%84/%D9%85%D9%86%D8%A7%D8%B5%D8%A8-%D8%A7%D9%84%D9%85%D8%B3%D8%A4%D9%88%D9%84%D9%8A%D8%A9/cec09eea-b8ec-4b2f-a2da-3be6b1cfae34
2026-07-23 15:49:00,179 [INFO]     PDF trouvé: قرار فتح باب الترشيح (score: 35)
2026-07-23 15:49:00,181 [INFO]   [EXPIRÉE] لائحة الناجحين في مناصب المسؤولية ب وزارة العدل... → 2026-06-19
2026-07-23 15:49:00,181 [INFO]   Détails: https://www.emploi-public.ma/ar/%D8%AA%D9%81%D8%A7%D8%B5%D9%8A%D9%84/%D9%85%D9%86%D8%A7%D8%B5%D8%A8-%D8%A7%D9%84%D9%85%D8%B3%D8%A4%D9%88%D9%84%D9%8A%D8%A9/9d0a2934-38fb-4fa5-a988-258254414db5
2026-07-23 15:49:01,381 [INFO]     PDF trouvé: قرار فتح باب الترشيح (score: 35)
2026-07-23 15:49:01,382 [INFO]   [EXPIRÉE] لائحة الناجحين في مناصب المسؤولية ب وزارة العدل... → 2026-06-15
2026-07-23 15:49:01,382 [INFO]   Détails: https://www.emploi-public.ma/ar/%D8%AA%D9%81%D8%A7%D8%B5%D9%8A%D9%84/%D9%85%D9%86%D8%A7%D8%B5%D8%A8-%D8%A7%D9%84%D9%85%D8%B3%D8%A4%D9%88%D9%84%D9%8A%D8%A9/2327c25e-e050-4ea3-8970-df20522676e3
2026-07-23 15:49:04,666 [INFO]     PDF trouvé: قرار فتح باب الترشيح (score: 35)
2026-07-23 15:49:04,667 [INFO]   [EXPIRÉE] لائحة الناجحين في مناصب المسؤولية ب وزارة العدل... → 2026-06-15
2026-07-23 15:49:04,667 [INFO]   Détails: https://www.emploi-public.ma/ar/%D8%AA%D9%81%D8%A7%D8%B5%D9%8A%D9%84/%D9%85%D9%86%D8%A7%D8%B5%D8%A8-%D8%A7%D9%84%D9%85%D8%B3%D8%A4%D9%88%D9%84%D9%8A%D8%A9/6f560704-3786-4bb7-9810-2f2ce23eecfb
2026-07-23 15:49:06,001 [INFO]     PDF trouvé: قرار فتح باب الترشيح (score: 35)
2026-07-23 15:49:06,003 [INFO]   [EXPIRÉE] لائحة الناجحين في مناصب المسؤولية ب وزارة العدل... → 2026-06-12
2026-07-23 15:49:06,003 [INFO]   Détails: https://www.emploi-public.ma/ar/%D8%AA%D9%81%D8%A7%D8%B5%D9%8A%D9%84/%D9%85%D9%86%D8%A7%D8%B5%D8%A8-%D8%A7%D9%84%D9%85%D8%B3%D8%A4%D9%88%D9%84%D9%8A%D8%A9/e2af6bdf-76e9-4dab-b88d-71c8a95777ef
2026-07-23 15:49:06,955 [INFO]     PDF trouvé: قرار فتح باب الترشيح (score: 35)
2026-07-23 15:49:06,956 [INFO]   [EXPIRÉE] لائحة الناجحين في مناصب المسؤولية ب وزارة العدل... → 2026-05-25
2026-07-23 15:49:06,956 [INFO]   Détails: https://www.emploi-public.ma/ar/%D8%AA%D9%81%D8%A7%D8%B5%D9%8A%D9%84/%D9%85%D9%86%D8%A7%D8%B5%D8%A8-%D8%A7%D9%84%D9%85%D8%B3%D8%A4%D9%88%D9%84%D9%8A%D8%A9/e87230b9-5c31-441a-99c0-ef3d70e8fccb
2026-07-23 15:49:08,808 [INFO]     PDF trouvé: قرار فتح باب الترشيح (score: 35)
2026-07-23 15:49:08,809 [INFO]   [EXPIRÉE] فتح باب الترشيح ل مناصب المسؤولية ب وزارة الداخلية -إقليم ال... → 2026-07-22
2026-07-23 15:49:08,811 [INFO]   Détails: https://www.emploi-public.ma/ar/%D8%AA%D9%81%D8%A7%D8%B5%D9%8A%D9%84/%D9%85%D9%86%D8%A7%D8%B5%D8%A8-%D8%A7%D9%84%D9%85%D8%B3%D8%A4%D9%88%D9%84%D9%8A%D8%A9/cb10246f-888d-4789-9322-8d88f1ca4e21
2026-07-23 15:49:10,195 [INFO]     PDF trouvé: قرار فتح باب الترشيح (score: 35)
2026-07-23 15:49:10,196 [INFO]   [EXPIRÉE] فتح باب الترشيح ل مناصب المسؤولية ب وزارة الداخلية -إقليم ال... → 2026-07-22
2026-07-23 15:49:10,196 [INFO]   Détails: https://www.emploi-public.ma/ar/%D8%AA%D9%81%D8%A7%D8%B5%D9%8A%D9%84/%D9%85%D9%86%D8%A7%D8%B5%D8%A8-%D8%A7%D9%84%D9%85%D8%B3%D8%A4%D9%88%D9%84%D9%8A%D8%A9/3bf6fefc-6a61-4192-a4cd-b507b00a7eaa
2026-07-23 15:49:11,565 [INFO]     PDF trouvé: قرار فتح باب الترشيح (score: 35)
2026-07-23 15:49:11,566 [INFO]   [EN COURS] رئيس مصلحة الامتحانات (RH 28/2026)... → 2026-07-24
2026-07-23 15:49:11,566 [INFO]   Détails: https://www.emploi-public.ma/ar/%D8%AA%D9%81%D8%A7%D8%B5%D9%8A%D9%84/%D9%85%D9%86%D8%A7%D8%B5%D8%A8-%D8%A7%D9%84%D9%85%D8%B3%D8%A4%D9%88%D9%84%D9%8A%D8%A9/c7204179-edb5-416f-ab16-b5b50f7476a0
2026-07-23 15:49:12,451 [INFO]     PDF trouvé: قرار فتح باب الترشيح (score: 35)
2026-07-23 15:49:12,452 [INFO]   [EN COURS] رئيس قسم ( Chef Division Achat et moyen généraux)... → 2026-07-24
2026-07-23 15:49:12,452 [INFO]   Détails: https://www.emploi-public.ma/ar/%D8%AA%D9%81%D8%A7%D8%B5%D9%8A%D9%84/%D9%85%D9%86%D8%A7%D8%B5%D8%A8-%D8%A7%D9%84%D9%85%D8%B3%D8%A4%D9%88%D9%84%D9%8A%D8%A9/3700a21f-51f5-4646-9042-bf45ec615192
2026-07-23 15:49:13,301 [INFO]     PDF trouvé: قرار فتح باب الترشيح (score: 35)
2026-07-23 15:49:13,302 [INFO]   [EN COURS] فتح باب الترشيح لمناصب المسؤولية بعمالة الدارالبيضاء... → 2026-07-24
2026-07-23 15:49:13,302 [INFO]   Détails: https://www.emploi-public.ma/ar/%D8%AA%D9%81%D8%A7%D8%B5%D9%8A%D9%84/%D9%85%D9%86%D8%A7%D8%B5%D8%A8-%D8%A7%D9%84%D9%85%D8%B3%D8%A4%D9%88%D9%84%D9%8A%D8%A9/a26be0a2-1ba7-4524-a8e3-04ae4e699e12
2026-07-23 15:49:14,319 [INFO]     PDF trouvé: قرار فتح باب الترشيح (score: 35)
2026-07-23 15:49:14,320 [INFO]   [EN COURS] فتح باب الترشيح لمناصب المسؤولية بعمالة مكناس... → 2026-07-24
2026-07-23 15:49:14,321 [INFO] Page 3/5
2026-07-23 15:49:14,321 [INFO] Scraping page: https://www.emploi-public.ma/ar/قائمة-مناصب-المسؤولية?page=2
2026-07-23 15:49:17,034 [INFO]   → 13 annonces trouvées sur cette page
2026-07-23 15:49:17,035 [INFO]   Détails: https://www.emploi-public.ma/ar/%D8%AA%D9%81%D8%A7%D8%B5%D9%8A%D9%84/%D9%85%D9%86%D8%A7%D8%B5%D8%A8-%D8%A7%D9%84%D9%85%D8%B3%D8%A4%D9%88%D9%84%D9%8A%D8%A9/3b6918d1-3c36-4588-a26b-fbe714b6e52d
2026-07-23 15:49:18,111 [INFO]     PDF trouvé: قرار فتح باب الترشيح (score: 35)
2026-07-23 15:49:18,112 [INFO]   [EXPIRÉE] لائحة المدعوين لاجتياز اختبار الترشيح ل مناصب المسؤولية ب وز... → 2026-06-24
2026-07-23 15:49:18,112 [INFO]   Détails: https://www.emploi-public.ma/ar/%D8%AA%D9%81%D8%A7%D8%B5%D9%8A%D9%84/%D9%85%D9%86%D8%A7%D8%B5%D8%A8-%D8%A7%D9%84%D9%85%D8%B3%D8%A4%D9%88%D9%84%D9%8A%D8%A9/eb11c5f5-5e0a-4093-be4a-be951ac1d902
2026-07-23 15:49:19,749 [INFO]     PDF trouvé: قرار فتح باب الترشيح (score: 35)
2026-07-23 15:49:19,750 [INFO]   [EN COURS] فتح باب الترشيح ل مناصب المسؤولية ب وزارة الشباب والثقافة وا... → 2026-08-05
2026-07-23 15:49:19,751 [INFO]   Détails: https://www.emploi-public.ma/ar/%D8%AA%D9%81%D8%A7%D8%B5%D9%8A%D9%84/%D9%85%D9%86%D8%A7%D8%B5%D8%A8-%D8%A7%D9%84%D9%85%D8%B3%D8%A4%D9%88%D9%84%D9%8A%D8%A9/19cf5e66-9675-4021-ab42-b1b0b537132c
2026-07-23 15:49:20,604 [INFO]     PDF trouvé: قرار فتح باب الترشيح (score: 35)
2026-07-23 15:49:20,605 [INFO]   [EN COURS] فتح باب الترشيح ل مناصب المسؤولية ب وزارة الشباب والثقافة وا... → 2026-08-05
2026-07-23 15:49:20,606 [INFO]   Détails: https://www.emploi-public.ma/ar/%D8%AA%D9%81%D8%A7%D8%B5%D9%8A%D9%84/%D9%85%D9%86%D8%A7%D8%B5%D8%A8-%D8%A7%D9%84%D9%85%D8%B3%D8%A4%D9%88%D9%84%D9%8A%D8%A9/6cf979b2-4c4d-4d2e-8ddf-8b1bbb09eb3e
2026-07-23 15:49:22,365 [INFO]     PDF trouvé: قرار فتح باب الترشيح (score: 35)
2026-07-23 15:49:22,366 [INFO]   [EN COURS] فتح باب الترشيح ل مناصب المسؤولية ب وزارة الداخلية -إقليم تز... → 2026-08-24
2026-07-23 15:49:22,366 [INFO]   Détails: https://www.emploi-public.ma/ar/%D8%AA%D9%81%D8%A7%D8%B5%D9%8A%D9%84/%D9%85%D9%86%D8%A7%D8%B5%D8%A8-%D8%A7%D9%84%D9%85%D8%B3%D8%A4%D9%88%D9%84%D9%8A%D8%A9/2cba0974-d7be-4c5d-859c-b8bc800df124
2026-07-23 15:49:26,884 [INFO]     PDF trouvé: قرار فتح باب الترشيح (score: 35)
2026-07-23 15:49:26,885 [INFO]   [EN COURS] فتح باب الترشيح ل مناصب المسؤولية ب وزارة الداخلية -إقليم تز... → 2026-08-24
2026-07-23 15:49:26,886 [INFO]   Détails: https://www.emploi-public.ma/ar/%D8%AA%D9%81%D8%A7%D8%B5%D9%8A%D9%84/%D9%85%D9%86%D8%A7%D8%B5%D8%A8-%D8%A7%D9%84%D9%85%D8%B3%D8%A4%D9%88%D9%84%D9%8A%D8%A9/881fad78-1510-43dd-a038-743c67dd20f8
2026-07-23 15:49:27,940 [INFO]     PDF trouvé: قرار فتح باب الترشيح (score: 35)
2026-07-23 15:49:27,941 [INFO]   [EXPIRÉE] لائحة المدعوين لاجتياز اختبار الترشيح ل مناصب المسؤولية ب وز... → 2026-04-24
2026-07-23 15:49:27,941 [INFO]   Détails: https://www.emploi-public.ma/ar/%D8%AA%D9%81%D8%A7%D8%B5%D9%8A%D9%84/%D9%85%D9%86%D8%A7%D8%B5%D8%A8-%D8%A7%D9%84%D9%85%D8%B3%D8%A4%D9%88%D9%84%D9%8A%D8%A9/dd4ef999-edb7-4d73-a51f-f94527df58d6
2026-07-23 15:49:28,754 [INFO]     PDF trouvé: قرار فتح باب الترشيح (score: 35)
2026-07-23 15:49:28,755 [INFO]   [EN COURS] فتح باب الترشيح ل مناصب المسؤولية ب وزارة الفلاحة والصيد الب... → 2026-08-03
2026-07-23 15:49:28,755 [INFO]   Détails: https://www.emploi-public.ma/ar/%D8%AA%D9%81%D8%A7%D8%B5%D9%8A%D9%84/%D9%85%D9%86%D8%A7%D8%B5%D8%A8-%D8%A7%D9%84%D9%85%D8%B3%D8%A4%D9%88%D9%84%D9%8A%D8%A9/8191a001-182e-490c-a582-5cf834f5eeb7
2026-07-23 15:49:29,681 [INFO]     PDF trouvé: قرار فتح باب الترشيح (score: 35)
2026-07-23 15:49:29,682 [INFO]   [EXPIRÉE] لائحة الناجحين في مناصب المسؤولية ب وزارة الداخلية... → 2026-05-18
2026-07-23 15:49:29,682 [INFO]   Détails: https://www.emploi-public.ma/ar/%D8%AA%D9%81%D8%A7%D8%B5%D9%8A%D9%84/%D9%85%D9%86%D8%A7%D8%B5%D8%A8-%D8%A7%D9%84%D9%85%D8%B3%D8%A4%D9%88%D9%84%D9%8A%D8%A9/a35f3c8e-0667-423a-a54c-978dbf200428
2026-07-23 15:49:38,002 [INFO]     PDF trouvé: قرار فتح باب الترشيح (score: 35)
2026-07-23 15:49:38,003 [INFO]   [EXPIRÉE] لائحة الناجحين في مناصب المسؤولية ب وزارة التجهيز والماء... → 2026-07-08
2026-07-23 15:49:38,003 [INFO]   Détails: https://www.emploi-public.ma/ar/%D8%AA%D9%81%D8%A7%D8%B5%D9%8A%D9%84/%D9%85%D9%86%D8%A7%D8%B5%D8%A8-%D8%A7%D9%84%D9%85%D8%B3%D8%A4%D9%88%D9%84%D9%8A%D8%A9/3bf6fefc-6a61-4192-a4cd-b507b00a7eaa
2026-07-23 15:49:39,773 [INFO]     PDF trouvé: قرار فتح باب الترشيح (score: 35)
2026-07-23 15:49:39,774 [INFO]   [EN COURS] رئيس مصلحة الامتحانات (RH 28/2026)... → 2026-07-24
2026-07-23 15:49:39,774 [INFO]   Détails: https://www.emploi-public.ma/ar/%D8%AA%D9%81%D8%A7%D8%B5%D9%8A%D9%84/%D9%85%D9%86%D8%A7%D8%B5%D8%A8-%D8%A7%D9%84%D9%85%D8%B3%D8%A4%D9%88%D9%84%D9%8A%D8%A9/c7204179-edb5-416f-ab16-b5b50f7476a0
2026-07-23 15:49:41,367 [INFO]     PDF trouvé: قرار فتح باب الترشيح (score: 35)
2026-07-23 15:49:41,368 [INFO]   [EN COURS] رئيس قسم ( Chef Division Achat et moyen généraux)... → 2026-07-24
2026-07-23 15:49:41,369 [INFO]   Détails: https://www.emploi-public.ma/ar/%D8%AA%D9%81%D8%A7%D8%B5%D9%8A%D9%84/%D9%85%D9%86%D8%A7%D8%B5%D8%A8-%D8%A7%D9%84%D9%85%D8%B3%D8%A4%D9%88%D9%84%D9%8A%D8%A9/3700a21f-51f5-4646-9042-bf45ec615192
2026-07-23 15:49:42,386 [INFO]     PDF trouvé: قرار فتح باب الترشيح (score: 35)
2026-07-23 15:49:42,388 [INFO]   [EN COURS] فتح باب الترشيح لمناصب المسؤولية بعمالة الدارالبيضاء... → 2026-07-24
2026-07-23 15:49:42,388 [INFO]   Détails: https://www.emploi-public.ma/ar/%D8%AA%D9%81%D8%A7%D8%B5%D9%8A%D9%84/%D9%85%D9%86%D8%A7%D8%B5%D8%A8-%D8%A7%D9%84%D9%85%D8%B3%D8%A4%D9%88%D9%84%D9%8A%D8%A9/a26be0a2-1ba7-4524-a8e3-04ae4e699e12
2026-07-23 15:49:43,935 [INFO]     PDF trouvé: قرار فتح باب الترشيح (score: 35)
2026-07-23 15:49:43,936 [INFO]   [EN COURS] فتح باب الترشيح لمناصب المسؤولية بعمالة مكناس... → 2026-07-24
2026-07-23 15:49:43,936 [INFO] Page 4/5
2026-07-23 15:49:43,936 [INFO] Scraping page: https://www.emploi-public.ma/ar/قائمة-مناصب-المسؤولية?page=3
2026-07-23 15:49:44,977 [INFO]   → 13 annonces trouvées sur cette page
2026-07-23 15:49:44,978 [INFO]   Détails: https://www.emploi-public.ma/ar/%D8%AA%D9%81%D8%A7%D8%B5%D9%8A%D9%84/%D9%85%D9%86%D8%A7%D8%B5%D8%A8-%D8%A7%D9%84%D9%85%D8%B3%D8%A4%D9%88%D9%84%D9%8A%D8%A9/c570c40b-7e53-4d54-ba1a-13f0893e857c
2026-07-23 15:49:46,325 [INFO]     PDF trouvé: قرار فتح باب الترشيح (score: 35)
2026-07-23 15:49:46,326 [INFO]   [EN COURS] فتح باب الترشيح ل مناصب المسؤولية ب المجلس الوطني لحقوق الإن... → 2026-08-10
2026-07-23 15:49:46,326 [INFO]   Détails: https://www.emploi-public.ma/ar/%D8%AA%D9%81%D8%A7%D8%B5%D9%8A%D9%84/%D9%85%D9%86%D8%A7%D8%B5%D8%A8-%D8%A7%D9%84%D9%85%D8%B3%D8%A4%D9%88%D9%84%D9%8A%D8%A9/1bdf85ad-c948-4784-b473-af98b5a2bdc4
2026-07-23 15:49:47,694 [INFO]     PDF trouvé: قرار فتح باب الترشيح (score: 35)
2026-07-23 15:49:47,696 [INFO]   [EXPIRÉE] لائحة المدعوين لاجتياز اختبار الترشيح ل مناصب المسؤولية ب ال... → 2026-05-25
2026-07-23 15:49:47,696 [INFO]   Détails: https://www.emploi-public.ma/ar/%D8%AA%D9%81%D8%A7%D8%B5%D9%8A%D9%84/%D9%85%D9%86%D8%A7%D8%B5%D8%A8-%D8%A7%D9%84%D9%85%D8%B3%D8%A4%D9%88%D9%84%D9%8A%D8%A9/b2591536-0a21-45a1-8b3f-43030a0c8988
2026-07-23 15:49:48,499 [INFO]     PDF trouvé: قرار فتح باب الترشيح (score: 35)
2026-07-23 15:49:48,500 [INFO]   [EXPIRÉE] لائحة الناجحين في مناصب المسؤولية ب وزارة التجهيز والماء... → 2026-07-08
2026-07-23 15:49:48,500 [INFO]   Détails: https://www.emploi-public.ma/ar/%D8%AA%D9%81%D8%A7%D8%B5%D9%8A%D9%84/%D9%85%D9%86%D8%A7%D8%B5%D8%A8-%D8%A7%D9%84%D9%85%D8%B3%D8%A4%D9%88%D9%84%D9%8A%D8%A9/c4f5cb55-ee66-4bf2-b1f2-cf71a2c23130
2026-07-23 15:49:50,119 [INFO]     PDF trouvé: قرار فتح باب الترشيح (score: 35)
2026-07-23 15:49:50,120 [INFO]   [EXPIRÉE] لائحة الناجحين في مناصب المسؤولية ب وزارة الداخلية -عمالة مر... → 2026-03-27
2026-07-23 15:49:50,120 [INFO]   Détails: https://www.emploi-public.ma/ar/%D8%AA%D9%81%D8%A7%D8%B5%D9%8A%D9%84/%D9%85%D9%86%D8%A7%D8%B5%D8%A8-%D8%A7%D9%84%D9%85%D8%B3%D8%A4%D9%88%D9%84%D9%8A%D8%A9/22705a8c-da33-4075-8bf0-5ed6d7154128
2026-07-23 15:49:51,029 [INFO]     PDF trouvé: قرار فتح باب الترشيح (score: 35)
2026-07-23 15:49:51,031 [INFO]   [EN COURS] فتح باب الترشيح ل مناصب المسؤولية ب المندوبية العامة لإدارة ... → 2026-08-17
2026-07-23 15:49:51,031 [INFO]   Détails: https://www.emploi-public.ma/ar/%D8%AA%D9%81%D8%A7%D8%B5%D9%8A%D9%84/%D9%85%D9%86%D8%A7%D8%B5%D8%A8-%D8%A7%D9%84%D9%85%D8%B3%D8%A4%D9%88%D9%84%D9%8A%D8%A9/e774ca4d-81dc-42d4-8139-14553b32118f
2026-07-23 15:49:52,054 [INFO]     PDF trouvé: قرار فتح باب الترشيح (score: 35)
2026-07-23 15:49:52,055 [INFO]   [EN COURS] فتح باب الترشيح ل مناصب المسؤولية ب وزارة الشباب والثقافة وا... → 2026-08-04
2026-07-23 15:49:52,055 [INFO]   Détails: https://www.emploi-public.ma/ar/%D8%AA%D9%81%D8%A7%D8%B5%D9%8A%D9%84/%D9%85%D9%86%D8%A7%D8%B5%D8%A8-%D8%A7%D9%84%D9%85%D8%B3%D8%A4%D9%88%D9%84%D9%8A%D8%A9/f80e03a8-5337-47bc-891d-cd3da5e49bfb
2026-07-23 15:49:52,921 [INFO]     PDF trouvé: قرار فتح باب الترشيح (score: 35)
2026-07-23 15:49:52,922 [INFO]   [EXPIRÉE] فتح باب الترشيح ل مناصب المسؤولية ب وزارة الداخلية - عمالة ا... → 2026-07-20
2026-07-23 15:49:52,922 [INFO]   Détails: https://www.emploi-public.ma/ar/%D8%AA%D9%81%D8%A7%D8%B5%D9%8A%D9%84/%D9%85%D9%86%D8%A7%D8%B5%D8%A8-%D8%A7%D9%84%D9%85%D8%B3%D8%A4%D9%88%D9%84%D9%8A%D8%A9/5d665ecc-2ba0-419a-81e1-a402431adc16
2026-07-23 15:49:54,554 [INFO]     PDF trouvé: قرار فتح باب الترشيح (score: 35)
2026-07-23 15:49:54,555 [INFO]   [EN COURS] فتح باب الترشيح ل مناصب المسؤولية ب وزارة الشباب والثقافة وا... → 2026-08-03
2026-07-23 15:49:54,555 [INFO]   Détails: https://www.emploi-public.ma/ar/%D8%AA%D9%81%D8%A7%D8%B5%D9%8A%D9%84/%D9%85%D9%86%D8%A7%D8%B5%D8%A8-%D8%A7%D9%84%D9%85%D8%B3%D8%A4%D9%88%D9%84%D9%8A%D8%A9/f6181909-9d0e-4bf9-aa98-7c5bb916b755
2026-07-23 15:49:55,596 [INFO]     PDF trouvé: قرار فتح باب الترشيح (score: 35)
2026-07-23 15:49:55,598 [INFO]   [EN COURS] فتح باب الترشيح ل مناصب المسؤولية ب وزارة الشباب والثقافة وا... → 2026-08-03
2026-07-23 15:49:55,598 [INFO]   Détails: https://www.emploi-public.ma/ar/%D8%AA%D9%81%D8%A7%D8%B5%D9%8A%D9%84/%D9%85%D9%86%D8%A7%D8%B5%D8%A8-%D8%A7%D9%84%D9%85%D8%B3%D8%A4%D9%88%D9%84%D9%8A%D8%A9/3bf6fefc-6a61-4192-a4cd-b507b00a7eaa
2026-07-23 15:49:56,589 [INFO]     PDF trouvé: قرار فتح باب الترشيح (score: 35)
2026-07-23 15:49:56,590 [INFO]   [EN COURS] رئيس مصلحة الامتحانات (RH 28/2026)... → 2026-07-24
2026-07-23 15:49:56,590 [INFO]   Détails: https://www.emploi-public.ma/ar/%D8%AA%D9%81%D8%A7%D8%B5%D9%8A%D9%84/%D9%85%D9%86%D8%A7%D8%B5%D8%A8-%D8%A7%D9%84%D9%85%D8%B3%D8%A4%D9%88%D9%84%D9%8A%D8%A9/c7204179-edb5-416f-ab16-b5b50f7476a0
2026-07-23 15:49:57,716 [INFO]     PDF trouvé: قرار فتح باب الترشيح (score: 35)
2026-07-23 15:49:57,718 [INFO]   [EN COURS] رئيس قسم ( Chef Division Achat et moyen généraux)... → 2026-07-24
2026-07-23 15:49:57,718 [INFO]   Détails: https://www.emploi-public.ma/ar/%D8%AA%D9%81%D8%A7%D8%B5%D9%8A%D9%84/%D9%85%D9%86%D8%A7%D8%B5%D8%A8-%D8%A7%D9%84%D9%85%D8%B3%D8%A4%D9%88%D9%84%D9%8A%D8%A9/3700a21f-51f5-4646-9042-bf45ec615192
2026-07-23 15:49:58,500 [INFO]     PDF trouvé: قرار فتح باب الترشيح (score: 35)
2026-07-23 15:49:58,502 [INFO]   [EN COURS] فتح باب الترشيح لمناصب المسؤولية بعمالة الدارالبيضاء... → 2026-07-24
2026-07-23 15:49:58,502 [INFO]   Détails: https://www.emploi-public.ma/ar/%D8%AA%D9%81%D8%A7%D8%B5%D9%8A%D9%84/%D9%85%D9%86%D8%A7%D8%B5%D8%A8-%D8%A7%D9%84%D9%85%D8%B3%D8%A4%D9%88%D9%84%D9%8A%D8%A9/a26be0a2-1ba7-4524-a8e3-04ae4e699e12
2026-07-23 15:49:59,278 [INFO]     PDF trouvé: قرار فتح باب الترشيح (score: 35)
2026-07-23 15:49:59,279 [INFO]   [EN COURS] فتح باب الترشيح لمناصب المسؤولية بعمالة مكناس... → 2026-07-24
2026-07-23 15:49:59,279 [INFO] Page 5/5
2026-07-23 15:49:59,279 [INFO] Scraping page: https://www.emploi-public.ma/ar/قائمة-مناصب-المسؤولية?page=4
2026-07-23 15:50:01,987 [INFO]   → 13 annonces trouvées sur cette page
2026-07-23 15:50:01,988 [INFO]   Détails: https://www.emploi-public.ma/ar/%D8%AA%D9%81%D8%A7%D8%B5%D9%8A%D9%84/%D9%85%D9%86%D8%A7%D8%B5%D8%A8-%D8%A7%D9%84%D9%85%D8%B3%D8%A4%D9%88%D9%84%D9%8A%D8%A9/33fadd95-e7a3-48e9-9532-58ab3fef908c
2026-07-23 15:50:03,457 [INFO]     PDF trouvé: قرار فتح باب الترشيح (score: 35)
2026-07-23 15:50:03,458 [INFO]   [EN COURS] فتح باب الترشيح ل مناصب المسؤولية ب وزارة الشباب والثقافة وا... → 2026-08-03
2026-07-23 15:50:03,458 [INFO]   Détails: https://www.emploi-public.ma/ar/%D8%AA%D9%81%D8%A7%D8%B5%D9%8A%D9%84/%D9%85%D9%86%D8%A7%D8%B5%D8%A8-%D8%A7%D9%84%D9%85%D8%B3%D8%A4%D9%88%D9%84%D9%8A%D8%A9/17642040-c2de-4150-bf47-0523cb6a6615
2026-07-23 15:50:04,812 [INFO]     PDF trouvé: قرار فتح باب الترشيح (score: 35)
2026-07-23 15:50:04,813 [INFO]   [EN COURS] فتح باب الترشيح ل مناصب المسؤولية ب وزارة الشباب والثقافة وا... → 2026-08-03
2026-07-23 15:50:04,814 [INFO]   Détails: https://www.emploi-public.ma/ar/%D8%AA%D9%81%D8%A7%D8%B5%D9%8A%D9%84/%D9%85%D9%86%D8%A7%D8%B5%D8%A8-%D8%A7%D9%84%D9%85%D8%B3%D8%A4%D9%88%D9%84%D9%8A%D8%A9/f8baf400-d3be-464c-a9cd-a75fc5d8a8bc
2026-07-23 15:50:09,922 [INFO]     PDF trouvé: قرار فتح باب الترشيح (score: 35)
2026-07-23 15:50:09,923 [INFO]   [EN COURS] فتح باب الترشيح ل مناصب المسؤولية ب وزارة الشباب والثقافة وا... → 2026-08-03
2026-07-23 15:50:09,924 [INFO]   Détails: https://www.emploi-public.ma/ar/%D8%AA%D9%81%D8%A7%D8%B5%D9%8A%D9%84/%D9%85%D9%86%D8%A7%D8%B5%D8%A8-%D8%A7%D9%84%D9%85%D8%B3%D8%A4%D9%88%D9%84%D9%8A%D8%A9/a2d8ded6-f6da-4802-aa9c-5d77f0e0e766
2026-07-23 15:50:11,156 [INFO]     PDF trouvé: قرار فتح باب الترشيح (score: 35)
2026-07-23 15:50:11,158 [INFO]   [EN COURS] فتح باب الترشيح ل مناصب المسؤولية ب وزارة الاقتصاد والمالية... → 2026-08-04
2026-07-23 15:50:11,158 [INFO]   Détails: https://www.emploi-public.ma/ar/%D8%AA%D9%81%D8%A7%D8%B5%D9%8A%D9%84/%D9%85%D9%86%D8%A7%D8%B5%D8%A8-%D8%A7%D9%84%D9%85%D8%B3%D8%A4%D9%88%D9%84%D9%8A%D8%A9/9627a9bd-e2a2-49f4-87d0-21bbe0f298a6
2026-07-23 15:50:12,024 [INFO]     PDF trouvé: قرار فتح باب الترشيح (score: 35)
2026-07-23 15:50:12,025 [INFO]   [EXPIRÉE] فتح باب الترشيح ل مناصب المسؤولية ب وزارة الداخلية -عمالة إق... → 2026-07-17
2026-07-23 15:50:12,025 [INFO]   Détails: https://www.emploi-public.ma/ar/%D8%AA%D9%81%D8%A7%D8%B5%D9%8A%D9%84/%D9%85%D9%86%D8%A7%D8%B5%D8%A8-%D8%A7%D9%84%D9%85%D8%B3%D8%A4%D9%88%D9%84%D9%8A%D8%A9/5f889aec-aea1-4bcd-92d5-5b798b207e69
2026-07-23 15:50:15,412 [INFO]     PDF trouvé: قرار فتح باب الترشيح (score: 35)
2026-07-23 15:50:15,413 [INFO]   [EXPIRÉE] لائحة المدعوين لاجتياز اختبار الترشيح ل مناصب المسؤولية ب ال... → 2026-07-10
2026-07-23 15:50:15,413 [INFO]   Détails: https://www.emploi-public.ma/ar/%D8%AA%D9%81%D8%A7%D8%B5%D9%8A%D9%84/%D9%85%D9%86%D8%A7%D8%B5%D8%A8-%D8%A7%D9%84%D9%85%D8%B3%D8%A4%D9%88%D9%84%D9%8A%D8%A9/2901b05e-8b4e-4745-b87d-a8cf158f579f
2026-07-23 15:50:18,147 [INFO]     PDF trouvé: قرار فتح باب الترشيح (score: 35)
2026-07-23 15:50:18,148 [INFO]   [EN COURS] فتح باب الترشيح ل مناصب المسؤولية ب وزارة التجهيز والماء... → 2026-07-23
2026-07-23 15:50:18,148 [INFO]   Détails: https://www.emploi-public.ma/ar/%D8%AA%D9%81%D8%A7%D8%B5%D9%8A%D9%84/%D9%85%D9%86%D8%A7%D8%B5%D8%A8-%D8%A7%D9%84%D9%85%D8%B3%D8%A4%D9%88%D9%84%D9%8A%D8%A9/5f57728c-4ab5-4565-9e04-36f5b8e727d9
2026-07-23 15:50:18,940 [INFO]     PDF trouvé: قرار فتح باب الترشيح (score: 35)
2026-07-23 15:50:18,941 [INFO]   [EXPIRÉE] فتح باب الترشيح ل مناصب المسؤولية ب وزارة الداخلية -عمالة طن... → 2026-07-17
2026-07-23 15:50:18,941 [INFO]   Détails: https://www.emploi-public.ma/ar/%D8%AA%D9%81%D8%A7%D8%B5%D9%8A%D9%84/%D9%85%D9%86%D8%A7%D8%B5%D8%A8-%D8%A7%D9%84%D9%85%D8%B3%D8%A4%D9%88%D9%84%D9%8A%D8%A9/c4ac2878-050a-4908-86bc-a0f7ae46e4f4
2026-07-23 15:50:20,302 [INFO]     PDF trouvé: قرار فتح باب الترشيح (score: 35)
2026-07-23 15:50:20,303 [INFO]   [EXPIRÉE] لائحة المدعوين لاجتياز اختبار الترشيح ل مناصب المسؤولية ب وز... → 2026-07-07
2026-07-23 15:50:20,303 [INFO]   Détails: https://www.emploi-public.ma/ar/%D8%AA%D9%81%D8%A7%D8%B5%D9%8A%D9%84/%D9%85%D9%86%D8%A7%D8%B5%D8%A8-%D8%A7%D9%84%D9%85%D8%B3%D8%A4%D9%88%D9%84%D9%8A%D8%A9/3bf6fefc-6a61-4192-a4cd-b507b00a7eaa
2026-07-23 15:50:21,312 [INFO]     PDF trouvé: قرار فتح باب الترشيح (score: 35)
2026-07-23 15:50:21,313 [INFO]   [EN COURS] رئيس مصلحة الامتحانات (RH 28/2026)... → 2026-07-24
2026-07-23 15:50:21,314 [INFO]   Détails: https://www.emploi-public.ma/ar/%D8%AA%D9%81%D8%A7%D8%B5%D9%8A%D9%84/%D9%85%D9%86%D8%A7%D8%B5%D8%A8-%D8%A7%D9%84%D9%85%D8%B3%D8%A4%D9%88%D9%84%D9%8A%D8%A9/c7204179-edb5-416f-ab16-b5b50f7476a0
2026-07-23 15:50:23,317 [INFO]     PDF trouvé: قرار فتح باب الترشيح (score: 35)
2026-07-23 15:50:23,319 [INFO]   [EN COURS] رئيس قسم ( Chef Division Achat et moyen généraux)... → 2026-07-24
2026-07-23 15:50:23,319 [INFO]   Détails: https://www.emploi-public.ma/ar/%D8%AA%D9%81%D8%A7%D8%B5%D9%8A%D9%84/%D9%85%D9%86%D8%A7%D8%B5%D8%A8-%D8%A7%D9%84%D9%85%D8%B3%D8%A4%D9%88%D9%84%D9%8A%D8%A9/3700a21f-51f5-4646-9042-bf45ec615192
2026-07-23 15:50:24,193 [INFO]     PDF trouvé: قرار فتح باب الترشيح (score: 35)
2026-07-23 15:50:24,194 [INFO]   [EN COURS] فتح باب الترشيح لمناصب المسؤولية بعمالة الدارالبيضاء... → 2026-07-24
2026-07-23 15:50:24,194 [INFO]   Détails: https://www.emploi-public.ma/ar/%D8%AA%D9%81%D8%A7%D8%B5%D9%8A%D9%84/%D9%85%D9%86%D8%A7%D8%B5%D8%A8-%D8%A7%D9%84%D9%85%D8%B3%D8%A4%D9%88%D9%84%D9%8A%D8%A9/a26be0a2-1ba7-4524-a8e3-04ae4e699e12
2026-07-23 15:50:25,512 [INFO]     PDF trouvé: قرار فتح باب الترشيح (score: 35)
2026-07-23 15:50:25,514 [INFO]   [EN COURS] فتح باب الترشيح لمناصب المسؤولية بعمالة مكناس... → 2026-07-24
2026-07-23 15:50:25,514 [INFO] 
--- Catégorie: المناصب العليا ---
2026-07-23 15:50:25,514 [INFO] Page 1/5
2026-07-23 15:50:25,514 [INFO] Scraping page: https://www.emploi-public.ma/ar/قائمة-المناصب-العليا
2026-07-23 15:50:26,924 [INFO]   → 9 annonces trouvées sur cette page
2026-07-23 15:50:26,925 [INFO]   Détails: https://www.emploi-public.ma/ar/%D8%AA%D9%81%D8%A7%D8%B5%D9%8A%D9%84/%D8%A7%D9%84%D9%85%D9%86%D8%A7%D8%B5%D8%A8-%D8%A7%D9%84%D8%B9%D9%84%D9%8A%D8%A7/fb33496a-b3e4-46d5-a556-86d0223b04f8
2026-07-23 15:50:27,813 [WARNING] Format de date non reconnu: 30
2026-07-23 15:50:27,814 [INFO]     PDF trouvé: قرار فتح باب الترشيح (score: 35)
2026-07-23 15:50:27,815 [INFO]   [PAS DE DATE] فتح باب الترشيح للمناصب العليا مدير(ة) الشؤون العامة...
2026-07-23 15:50:27,816 [INFO]   Détails: https://www.emploi-public.ma/ar/%D8%AA%D9%81%D8%A7%D8%B5%D9%8A%D9%84/%D8%A7%D9%84%D9%85%D9%86%D8%A7%D8%B5%D8%A8-%D8%A7%D9%84%D8%B9%D9%84%D9%8A%D8%A7/d75f25b8-e1b6-4bba-9bf2-9bcc6a5e913c
2026-07-23 15:50:29,579 [WARNING] Format de date non reconnu: 30
2026-07-23 15:50:29,580 [INFO]     PDF trouvé: قرار فتح باب الترشيح (score: 35)
2026-07-23 15:50:29,581 [INFO]   [PAS DE DATE] فتح باب الترشيح للمناصب العليا مدير الانظمة والدراسات التاري...
2026-07-23 15:50:29,581 [INFO]   Détails: https://www.emploi-public.ma/ar/%D8%AA%D9%81%D8%A7%D8%B5%D9%8A%D9%84/%D8%A7%D9%84%D9%85%D9%86%D8%A7%D8%B5%D8%A8-%D8%A7%D9%84%D8%B9%D9%84%D9%8A%D8%A7/2c16f418-dd0f-4bb2-b66e-f926057114f9
2026-07-23 15:50:30,305 [WARNING] Format de date non reconnu: 30
2026-07-23 15:50:30,306 [INFO]     PDF trouvé: قرار فتح باب الترشيح (score: 35)
2026-07-23 15:50:30,307 [INFO]   [PAS DE DATE] فتح باب الترشيح للمناصب العليا مدير الشباب...
2026-07-23 15:50:30,308 [INFO]   Détails: https://www.emploi-public.ma/ar/%D8%AA%D9%81%D8%A7%D8%B5%D9%8A%D9%84/%D8%A7%D9%84%D9%85%D9%86%D8%A7%D8%B5%D8%A8-%D8%A7%D9%84%D8%B9%D9%84%D9%8A%D8%A7/43fe4445-da66-401e-a3c4-2562a221a332
2026-07-23 15:50:31,551 [WARNING] Format de date non reconnu: 30
2026-07-23 15:50:31,553 [INFO]     PDF trouvé: قرار فتح باب الترشيح (score: 35)
2026-07-23 15:50:31,554 [INFO]   [PAS DE DATE] فتح باب الترشيح للمناصب العليا مدير مؤسسة النهوض بالأعمال ال...
2026-07-23 15:50:31,554 [INFO]   Détails: https://www.emploi-public.ma/ar/%D8%AA%D9%81%D8%A7%D8%B5%D9%8A%D9%84/%D8%A7%D9%84%D9%85%D9%86%D8%A7%D8%B5%D8%A8-%D8%A7%D9%84%D8%B9%D9%84%D9%8A%D8%A7/4d6a3c99-2658-4cfd-99b5-bc5c012c8e55
2026-07-23 15:50:35,958 [WARNING] Format de date non reconnu: 30
2026-07-23 15:50:35,959 [INFO]     PDF trouvé: قرار فتح باب الترشيح (score: 35)
2026-07-23 15:50:35,961 [INFO]   [PAS DE DATE] فتح باب الترشيح للمناصب العليا مدير(ة) المركز الوطني للامتحا...
2026-07-23 15:50:35,961 [INFO]   Détails: https://www.emploi-public.ma/ar/%D8%AA%D9%81%D8%A7%D8%B5%D9%8A%D9%84/%D8%A7%D9%84%D9%85%D9%86%D8%A7%D8%B5%D8%A8-%D8%A7%D9%84%D8%B9%D9%84%D9%8A%D8%A7/803881f5-f7fa-4f8f-b2cd-d6b1566b7fe5
2026-07-23 15:50:37,151 [WARNING] Format de date non reconnu: 30
2026-07-23 15:50:37,152 [INFO]     PDF trouvé: قرار فتح باب الترشيح (score: 35)
2026-07-23 15:50:37,153 [INFO]   [PAS DE DATE] فتح باب الترشيح للمناصب العليا مدير المعهد العالي للدراسات ا...
2026-07-23 15:50:37,153 [INFO]   Détails: https://www.emploi-public.ma/ar/%D8%AA%D9%81%D8%A7%D8%B5%D9%8A%D9%84/%D8%A7%D9%84%D9%85%D9%86%D8%A7%D8%B5%D8%A8-%D8%A7%D9%84%D8%B9%D9%84%D9%8A%D8%A7/d5445636-5a56-491e-9305-8cd418b361f8
2026-07-23 15:50:37,922 [WARNING] Format de date non reconnu: 00
2026-07-23 15:50:37,923 [INFO]     PDF trouvé: قرار فتح باب الترشيح (score: 35)
2026-07-23 15:50:37,924 [INFO]   [PAS DE DATE] فتح باب الترشيح للمناصب العليا مدير إعداد التراب الوطني...
2026-07-23 15:50:37,924 [INFO]   Détails: https://www.emploi-public.ma/ar/%D8%AA%D9%81%D8%A7%D8%B5%D9%8A%D9%84/%D8%A7%D9%84%D9%85%D9%86%D8%A7%D8%B5%D8%A8-%D8%A7%D9%84%D8%B9%D9%84%D9%8A%D8%A7/a19c981f-5e73-4699-978a-3c26f387e76d
2026-07-23 15:50:39,233 [WARNING] Format de date non reconnu: 00
2026-07-23 15:50:39,234 [INFO]     PDF trouvé: قرار فتح باب الترشيح (score: 35)
2026-07-23 15:50:39,235 [INFO]   [PAS DE DATE] فتح باب الترشيح للمناصب العليا مدير الوكالة الحضرية للحسيمة...
2026-07-23 15:50:39,235 [INFO]   Détails: https://www.emploi-public.ma/ar/%D8%AA%D9%81%D8%A7%D8%B5%D9%8A%D9%84/%D8%A7%D9%84%D9%85%D9%86%D8%A7%D8%B5%D8%A8-%D8%A7%D9%84%D8%B9%D9%84%D9%8A%D8%A7/c3eed04a-67b9-4ceb-b4c3-b32e0273c191
2026-07-23 15:50:41,137 [WARNING] Format de date non reconnu: 00
2026-07-23 15:50:41,138 [INFO]     PDF trouvé: قرار فتح باب الترشيح (score: 35)
2026-07-23 15:50:41,139 [INFO]   [PAS DE DATE] فتح باب الترشيح للمناصب العليا مدير الوكالة الحضرية للعرائش...
2026-07-23 15:50:41,139 [INFO] Page 2/5
2026-07-23 15:50:41,139 [INFO] Scraping page: https://www.emploi-public.ma/ar/قائمة-المناصب-العليا?page=1
2026-07-23 15:50:42,338 [INFO]   → 9 annonces trouvées sur cette page
2026-07-23 15:50:42,340 [INFO]   Détails: https://www.emploi-public.ma/ar/%D8%AA%D9%81%D8%A7%D8%B5%D9%8A%D9%84/%D8%A7%D9%84%D9%85%D9%86%D8%A7%D8%B5%D8%A8-%D8%A7%D9%84%D8%B9%D9%84%D9%8A%D8%A7/fb33496a-b3e4-46d5-a556-86d0223b04f8
2026-07-23 15:50:48,006 [WARNING] Format de date non reconnu: 30
2026-07-23 15:50:48,007 [INFO]     PDF trouvé: قرار فتح باب الترشيح (score: 35)
2026-07-23 15:50:48,009 [INFO]   [PAS DE DATE] فتح باب الترشيح للمناصب العليا مدير(ة) الشؤون العامة...
2026-07-23 15:50:48,009 [INFO]   Détails: https://www.emploi-public.ma/ar/%D8%AA%D9%81%D8%A7%D8%B5%D9%8A%D9%84/%D8%A7%D9%84%D9%85%D9%86%D8%A7%D8%B5%D8%A8-%D8%A7%D9%84%D8%B9%D9%84%D9%8A%D8%A7/d75f25b8-e1b6-4bba-9bf2-9bcc6a5e913c
2026-07-23 15:50:48,784 [WARNING] Format de date non reconnu: 30
2026-07-23 15:50:48,785 [INFO]     PDF trouvé: قرار فتح باب الترشيح (score: 35)
2026-07-23 15:50:48,786 [INFO]   [PAS DE DATE] فتح باب الترشيح للمناصب العليا مدير الانظمة والدراسات التاري...
2026-07-23 15:50:48,786 [INFO]   Détails: https://www.emploi-public.ma/ar/%D8%AA%D9%81%D8%A7%D8%B5%D9%8A%D9%84/%D8%A7%D9%84%D9%85%D9%86%D8%A7%D8%B5%D8%A8-%D8%A7%D9%84%D8%B9%D9%84%D9%8A%D8%A7/2c16f418-dd0f-4bb2-b66e-f926057114f9
2026-07-23 15:50:50,060 [WARNING] Format de date non reconnu: 30
2026-07-23 15:50:50,061 [INFO]     PDF trouvé: قرار فتح باب الترشيح (score: 35)
2026-07-23 15:50:50,062 [INFO]   [PAS DE DATE] فتح باب الترشيح للمناصب العليا مدير الشباب...
2026-07-23 15:50:50,063 [INFO]   Détails: https://www.emploi-public.ma/ar/%D8%AA%D9%81%D8%A7%D8%B5%D9%8A%D9%84/%D8%A7%D9%84%D9%85%D9%86%D8%A7%D8%B5%D8%A8-%D8%A7%D9%84%D8%B9%D9%84%D9%8A%D8%A7/43fe4445-da66-401e-a3c4-2562a221a332
2026-07-23 15:50:50,798 [WARNING] Format de date non reconnu: 30
2026-07-23 15:50:50,799 [INFO]     PDF trouvé: قرار فتح باب الترشيح (score: 35)
2026-07-23 15:50:50,800 [INFO]   [PAS DE DATE] فتح باب الترشيح للمناصب العليا مدير مؤسسة النهوض بالأعمال ال...
2026-07-23 15:50:50,801 [INFO]   Détails: https://www.emploi-public.ma/ar/%D8%AA%D9%81%D8%A7%D8%B5%D9%8A%D9%84/%D8%A7%D9%84%D9%85%D9%86%D8%A7%D8%B5%D8%A8-%D8%A7%D9%84%D8%B9%D9%84%D9%8A%D8%A7/4d6a3c99-2658-4cfd-99b5-bc5c012c8e55
2026-07-23 15:50:51,536 [WARNING] Format de date non reconnu: 30
2026-07-23 15:50:51,537 [INFO]     PDF trouvé: قرار فتح باب الترشيح (score: 35)
2026-07-23 15:50:51,538 [INFO]   [PAS DE DATE] فتح باب الترشيح للمناصب العليا مدير(ة) المركز الوطني للامتحا...
2026-07-23 15:50:51,538 [INFO]   Détails: https://www.emploi-public.ma/ar/%D8%AA%D9%81%D8%A7%D8%B5%D9%8A%D9%84/%D8%A7%D9%84%D9%85%D9%86%D8%A7%D8%B5%D8%A8-%D8%A7%D9%84%D8%B9%D9%84%D9%8A%D8%A7/803881f5-f7fa-4f8f-b2cd-d6b1566b7fe5
2026-07-23 15:50:52,245 [WARNING] Format de date non reconnu: 30
2026-07-23 15:50:52,246 [INFO]     PDF trouvé: قرار فتح باب الترشيح (score: 35)
2026-07-23 15:50:52,247 [INFO]   [PAS DE DATE] فتح باب الترشيح للمناصب العليا مدير المعهد العالي للدراسات ا...
2026-07-23 15:50:52,247 [INFO]   Détails: https://www.emploi-public.ma/ar/%D8%AA%D9%81%D8%A7%D8%B5%D9%8A%D9%84/%D8%A7%D9%84%D9%85%D9%86%D8%A7%D8%B5%D8%A8-%D8%A7%D9%84%D8%B9%D9%84%D9%8A%D8%A7/d5445636-5a56-491e-9305-8cd418b361f8
2026-07-23 15:50:52,974 [WARNING] Format de date non reconnu: 00
2026-07-23 15:50:52,975 [INFO]     PDF trouvé: قرار فتح باب الترشيح (score: 35)
2026-07-23 15:50:52,976 [INFO]   [PAS DE DATE] فتح باب الترشيح للمناصب العليا مدير إعداد التراب الوطني...
2026-07-23 15:50:52,976 [INFO]   Détails: https://www.emploi-public.ma/ar/%D8%AA%D9%81%D8%A7%D8%B5%D9%8A%D9%84/%D8%A7%D9%84%D9%85%D9%86%D8%A7%D8%B5%D8%A8-%D8%A7%D9%84%D8%B9%D9%84%D9%8A%D8%A7/a19c981f-5e73-4699-978a-3c26f387e76d
2026-07-23 15:50:57,252 [WARNING] Format de date non reconnu: 00
2026-07-23 15:50:57,253 [INFO]     PDF trouvé: قرار فتح باب الترشيح (score: 35)
2026-07-23 15:50:57,254 [INFO]   [PAS DE DATE] فتح باب الترشيح للمناصب العليا مدير الوكالة الحضرية للحسيمة...
2026-07-23 15:50:57,254 [INFO]   Détails: https://www.emploi-public.ma/ar/%D8%AA%D9%81%D8%A7%D8%B5%D9%8A%D9%84/%D8%A7%D9%84%D9%85%D9%86%D8%A7%D8%B5%D8%A8-%D8%A7%D9%84%D8%B9%D9%84%D9%8A%D8%A7/c3eed04a-67b9-4ceb-b4c3-b32e0273c191
2026-07-23 15:50:58,326 [WARNING] Format de date non reconnu: 00
2026-07-23 15:50:58,327 [INFO]     PDF trouvé: قرار فتح باب الترشيح (score: 35)
2026-07-23 15:50:58,328 [INFO]   [PAS DE DATE] فتح باب الترشيح للمناصب العليا مدير الوكالة الحضرية للعرائش...
2026-07-23 15:50:58,328 [INFO] Page 3/5
2026-07-23 15:50:58,328 [INFO] Scraping page: https://www.emploi-public.ma/ar/قائمة-المناصب-العليا?page=2
2026-07-23 15:50:59,434 [INFO]   → 9 annonces trouvées sur cette page
2026-07-23 15:50:59,436 [INFO]   Détails: https://www.emploi-public.ma/ar/%D8%AA%D9%81%D8%A7%D8%B5%D9%8A%D9%84/%D8%A7%D9%84%D9%85%D9%86%D8%A7%D8%B5%D8%A8-%D8%A7%D9%84%D8%B9%D9%84%D9%8A%D8%A7/6bbca177-c943-4200-991d-4945c7de6c3e
2026-07-23 15:51:02,256 [WARNING] Format de date non reconnu: 30
2026-07-23 15:51:02,257 [INFO]     PDF trouvé: قرار فتح باب الترشيح (score: 35)
2026-07-23 15:51:02,258 [INFO]   [PAS DE DATE] فتح باب الترشيح للمناصب العليا مدير(ة) الشؤون العامة...
2026-07-23 15:51:02,258 [INFO]   Détails: https://www.emploi-public.ma/ar/%D8%AA%D9%81%D8%A7%D8%B5%D9%8A%D9%84/%D8%A7%D9%84%D9%85%D9%86%D8%A7%D8%B5%D8%A8-%D8%A7%D9%84%D8%B9%D9%84%D9%8A%D8%A7/971391f4-c3ed-4054-b39a-d498fdbfba4b
2026-07-23 15:51:05,586 [WARNING] Format de date non reconnu: 30
2026-07-23 15:51:05,587 [INFO]     PDF trouvé: قرار فتح باب الترشيح (score: 35)
2026-07-23 15:51:05,588 [INFO]   [PAS DE DATE] فتح باب الترشيح للمناصب العليا مدير(ة) المعهد الملكي لتكوين ...
2026-07-23 15:51:05,588 [INFO]   Détails: https://www.emploi-public.ma/ar/%D8%AA%D9%81%D8%A7%D8%B5%D9%8A%D9%84/%D8%A7%D9%84%D9%85%D9%86%D8%A7%D8%B5%D8%A8-%D8%A7%D9%84%D8%B9%D9%84%D9%8A%D8%A7/1afa70c8-a02b-457d-98c8-6787ae253f28
2026-07-23 15:51:08,667 [WARNING] Format de date non reconnu: 30
2026-07-23 15:51:08,668 [INFO]     PDF trouvé: قرار فتح باب الترشيح (score: 35)
2026-07-23 15:51:08,669 [INFO]   [PAS DE DATE] فتح باب الترشيح للمناصب العليا مدير مدرسة علوم المعلومات...
2026-07-23 15:51:08,669 [INFO]   Détails: https://www.emploi-public.ma/ar/%D8%AA%D9%81%D8%A7%D8%B5%D9%8A%D9%84/%D8%A7%D9%84%D9%85%D9%86%D8%A7%D8%B5%D8%A8-%D8%A7%D9%84%D8%B9%D9%84%D9%8A%D8%A7/e1c5923d-7307-42c7-90ed-21db5ce34a49
2026-07-23 15:51:09,965 [WARNING] Format de date non reconnu: 30
2026-07-23 15:51:09,966 [INFO]     PDF trouvé: قرار فتح باب الترشيح (score: 35)
2026-07-23 15:51:09,968 [INFO]   [PAS DE DATE] فتح باب الترشيح للمناصب العليا منصب مدير تشريعات البنيات الأ...
2026-07-23 15:51:09,968 [INFO]   Détails: https://www.emploi-public.ma/ar/%D8%AA%D9%81%D8%A7%D8%B5%D9%8A%D9%84/%D8%A7%D9%84%D9%85%D9%86%D8%A7%D8%B5%D8%A8-%D8%A7%D9%84%D8%B9%D9%84%D9%8A%D8%A7/cb431ce3-c104-457a-b464-8ca3b4a5fe55
2026-07-23 15:51:11,206 [WARNING] Format de date non reconnu: 30
2026-07-23 15:51:11,207 [INFO]     PDF trouvé: قرار فتح باب الترشيح (score: 35)
2026-07-23 15:51:11,208 [INFO]   [PAS DE DATE] فتح باب الترشيح للمناصب العليا مدير تشريعات الحكامة والحقوق ...
2026-07-23 15:51:11,209 [INFO]   Détails: https://www.emploi-public.ma/ar/%D8%AA%D9%81%D8%A7%D8%B5%D9%8A%D9%84/%D8%A7%D9%84%D9%85%D9%86%D8%A7%D8%B5%D8%A8-%D8%A7%D9%84%D8%B9%D9%84%D9%8A%D8%A7/83256c4b-36f7-461e-8579-7dbec3b6aae0
2026-07-23 15:51:12,819 [WARNING] Format de date non reconnu: 30
2026-07-23 15:51:12,820 [INFO]     PDF trouvé: قرار فتح باب الترشيح (score: 35)
2026-07-23 15:51:12,821 [INFO]   [PAS DE DATE] فتح باب الترشيح للمناصب العليا عميد كلية الطب والصيدلة بالرب...
2026-07-23 15:51:12,821 [INFO]   Détails: https://www.emploi-public.ma/ar/%D8%AA%D9%81%D8%A7%D8%B5%D9%8A%D9%84/%D8%A7%D9%84%D9%85%D9%86%D8%A7%D8%B5%D8%A8-%D8%A7%D9%84%D8%B9%D9%84%D9%8A%D8%A7/e1054489-8a0a-4d64-92ab-55a9dbb52ac5
2026-07-23 15:51:13,533 [WARNING] Format de date non reconnu: 30
2026-07-23 15:51:13,534 [INFO]     PDF trouvé: قرار فتح باب الترشيح (score: 35)
2026-07-23 15:51:13,535 [INFO]   [PAS DE DATE] فتح باب الترشيح للمناصب العليا مدير المدرسة المحمدية للمهندس...
2026-07-23 15:51:13,535 [INFO]   Détails: https://www.emploi-public.ma/ar/%D8%AA%D9%81%D8%A7%D8%B5%D9%8A%D9%84/%D8%A7%D9%84%D9%85%D9%86%D8%A7%D8%B5%D8%A8-%D8%A7%D9%84%D8%B9%D9%84%D9%8A%D8%A7/4276b348-5dae-41c9-b638-6ca89ffaf304
2026-07-23 15:51:14,772 [WARNING] Format de date non reconnu: 30
2026-07-23 15:51:14,773 [INFO]     PDF trouvé: قرار فتح باب الترشيح (score: 35)
2026-07-23 15:51:14,774 [INFO]   [PAS DE DATE] فتح باب الترشيح للمناصب العليا منصب مدير(ة) المركز الجهوي لم...
2026-07-23 15:51:14,775 [INFO]   Détails: https://www.emploi-public.ma/ar/%D8%AA%D9%81%D8%A7%D8%B5%D9%8A%D9%84/%D8%A7%D9%84%D9%85%D9%86%D8%A7%D8%B5%D8%A8-%D8%A7%D9%84%D8%B9%D9%84%D9%8A%D8%A7/0f48ee65-4c13-4056-a870-a38f35f26eee
2026-07-23 15:51:15,577 [WARNING] Format de date non reconnu: 30
2026-07-23 15:51:15,578 [INFO]     PDF trouvé: قرار فتح باب الترشيح (score: 35)
2026-07-23 15:51:15,579 [INFO]   [PAS DE DATE] فتح باب الترشيح للمناصب العليا مدير الانظمة والدراسات التاري...
2026-07-23 15:51:15,579 [INFO] Page 4/5
2026-07-23 15:51:15,579 [INFO] Scraping page: https://www.emploi-public.ma/ar/قائمة-المناصب-العليا?page=3
2026-07-23 15:51:16,812 [INFO]   → 9 annonces trouvées sur cette page
2026-07-23 15:51:16,813 [INFO]   Détails: https://www.emploi-public.ma/ar/%D8%AA%D9%81%D8%A7%D8%B5%D9%8A%D9%84/%D8%A7%D9%84%D9%85%D9%86%D8%A7%D8%B5%D8%A8-%D8%A7%D9%84%D8%B9%D9%84%D9%8A%D8%A7/17544c4c-7a33-48bd-be97-d4e261c4b1ba
2026-07-23 15:51:19,311 [WARNING] Format de date non reconnu: 30
2026-07-23 15:51:19,312 [INFO]     PDF trouvé: قرار فتح باب الترشيح (score: 35)
2026-07-23 15:51:19,313 [INFO]   [PAS DE DATE] فتح باب الترشيح للمناصب العليا المدير(ة) العام(ة) لتنظيم الح...
2026-07-23 15:51:19,313 [INFO]   Détails: https://www.emploi-public.ma/ar/%D8%AA%D9%81%D8%A7%D8%B5%D9%8A%D9%84/%D8%A7%D9%84%D9%85%D9%86%D8%A7%D8%B5%D8%A8-%D8%A7%D9%84%D8%B9%D9%84%D9%8A%D8%A7/2062be70-06c0-4b02-b143-bb2108a03421
2026-07-23 15:51:22,375 [WARNING] Format de date non reconnu: 30
2026-07-23 15:51:22,376 [INFO]     PDF trouvé: قرار فتح باب الترشيح (score: 35)
2026-07-23 15:51:22,377 [INFO]   [PAS DE DATE] فتح باب الترشيح للمناصب العليا مدير(ة) المركز الوطني للأستاذ...
2026-07-23 15:51:22,377 [INFO]   Détails: https://www.emploi-public.ma/ar/%D8%AA%D9%81%D8%A7%D8%B5%D9%8A%D9%84/%D8%A7%D9%84%D9%85%D9%86%D8%A7%D8%B5%D8%A8-%D8%A7%D9%84%D8%B9%D9%84%D9%8A%D8%A7/5b7e6e30-4777-469d-9fa2-856d4390a35f
2026-07-23 15:51:23,153 [WARNING] Format de date non reconnu: 30
2026-07-23 15:51:23,154 [INFO]     PDF trouvé: قرار فتح باب الترشيح (score: 35)
2026-07-23 15:51:23,155 [INFO]   [PAS DE DATE] فتح باب الترشيح للمناصب العليا مدير الشباب...
2026-07-23 15:51:23,155 [INFO]   Détails: https://www.emploi-public.ma/ar/%D8%AA%D9%81%D8%A7%D8%B5%D9%8A%D9%84/%D8%A7%D9%84%D9%85%D9%86%D8%A7%D8%B5%D8%A8-%D8%A7%D9%84%D8%B9%D9%84%D9%8A%D8%A7/5313b8af-912f-4d82-b328-04c94fbe4562
2026-07-23 15:51:29,604 [WARNING] Format de date non reconnu: 30
2026-07-23 15:51:29,605 [INFO]     PDF trouvé: قرار فتح باب الترشيح (score: 35)
2026-07-23 15:51:29,606 [INFO]   [PAS DE DATE] فتح باب الترشيح للمناصب العليا مدير (ة) التعاون والشراكة...
2026-07-23 15:51:29,606 [INFO]   Détails: https://www.emploi-public.ma/ar/%D8%AA%D9%81%D8%A7%D8%B5%D9%8A%D9%84/%D8%A7%D9%84%D9%85%D9%86%D8%A7%D8%B5%D8%A8-%D8%A7%D9%84%D8%B9%D9%84%D9%8A%D8%A7/52349e85-618a-444c-94ae-a269dcb8ede6
2026-07-23 15:51:30,949 [WARNING] Format de date non reconnu: 30
2026-07-23 15:51:30,951 [INFO]     PDF trouvé: قرار فتح باب الترشيح (score: 35)
2026-07-23 15:51:30,952 [INFO]   [PAS DE DATE] فتح باب الترشيح للمناصب العليا مدير (ة) الموارد البشرية...
2026-07-23 15:51:30,952 [INFO]   Détails: https://www.emploi-public.ma/ar/%D8%AA%D9%81%D8%A7%D8%B5%D9%8A%D9%84/%D8%A7%D9%84%D9%85%D9%86%D8%A7%D8%B5%D8%A8-%D8%A7%D9%84%D8%B9%D9%84%D9%8A%D8%A7/b993993a-7a9f-4f82-a95d-4c705192b5c5
2026-07-23 15:51:32,327 [WARNING] Format de date non reconnu: 30
2026-07-23 15:51:32,328 [INFO]     PDF trouvé: قرار فتح باب الترشيح (score: 35)
2026-07-23 15:51:32,329 [INFO]   [PAS DE DATE] فتح باب الترشيح للمناصب العليا مدير(ة) الأكاديمية الجهوية لل...
2026-07-23 15:51:32,329 [INFO]   Détails: https://www.emploi-public.ma/ar/%D8%AA%D9%81%D8%A7%D8%B5%D9%8A%D9%84/%D8%A7%D9%84%D9%85%D9%86%D8%A7%D8%B5%D8%A8-%D8%A7%D9%84%D8%B9%D9%84%D9%8A%D8%A7/a8514544-73e5-48b0-bc95-4e3782a246c4
2026-07-23 15:51:33,535 [WARNING] Format de date non reconnu: 30
2026-07-23 15:51:33,536 [INFO]     PDF trouvé: قرار فتح باب الترشيح (score: 35)
2026-07-23 15:51:33,537 [INFO]   [PAS DE DATE] فتح باب الترشيح للمناصب العليا مدير المكتب الجهوي للاستثمار ...
2026-07-23 15:51:33,537 [INFO]   Détails: https://www.emploi-public.ma/ar/%D8%AA%D9%81%D8%A7%D8%B5%D9%8A%D9%84/%D8%A7%D9%84%D9%85%D9%86%D8%A7%D8%B5%D8%A8-%D8%A7%D9%84%D8%B9%D9%84%D9%8A%D8%A7/34737011-4b34-4d27-a8e4-f96374ce7e3b
2026-07-23 15:51:34,582 [WARNING] Format de date non reconnu: 30
2026-07-23 15:51:34,583 [INFO]     PDF trouvé: قرار فتح باب الترشيح (score: 35)
2026-07-23 15:51:34,584 [INFO]   [PAS DE DATE] فتح باب الترشيح للمناصب العليا مدير المركز الجهوي للإستثمار ...
2026-07-23 15:51:34,584 [INFO]   Détails: https://www.emploi-public.ma/ar/%D8%AA%D9%81%D8%A7%D8%B5%D9%8A%D9%84/%D8%A7%D9%84%D9%85%D9%86%D8%A7%D8%B5%D8%A8-%D8%A7%D9%84%D8%B9%D9%84%D9%8A%D8%A7/3848b51d-1643-4c8a-9d0a-0001f3ec1eb6
2026-07-23 15:51:38,670 [WARNING] Format de date non reconnu: 30
2026-07-23 15:51:38,671 [INFO]     PDF trouvé: قرار فتح باب الترشيح (score: 35)
2026-07-23 15:51:38,672 [INFO]   [PAS DE DATE] فتح باب الترشيح للمناصب العليا مدير الإحصائيات والدراسات وال...
2026-07-23 15:51:38,672 [INFO] Page 5/5
2026-07-23 15:51:38,672 [INFO] Scraping page: https://www.emploi-public.ma/ar/قائمة-المناصب-العليا?page=4
2026-07-23 15:51:39,470 [INFO]   → 9 annonces trouvées sur cette page
2026-07-23 15:51:39,471 [INFO]   Détails: https://www.emploi-public.ma/ar/%D8%AA%D9%81%D8%A7%D8%B5%D9%8A%D9%84/%D8%A7%D9%84%D9%85%D9%86%D8%A7%D8%B5%D8%A8-%D8%A7%D9%84%D8%B9%D9%84%D9%8A%D8%A7/f762f1b5-8e54-4277-9ceb-b77512a40379
2026-07-23 15:51:40,798 [WARNING] Format de date non reconnu: 30
2026-07-23 15:51:40,799 [INFO]     PDF trouvé: قرار فتح باب الترشيح (score: 35)
2026-07-23 15:51:40,801 [INFO]   [PAS DE DATE] فتح باب الترشيح للمناصب العليا مدير المعهد الوطني العالي للم...
2026-07-23 15:51:40,801 [INFO]   Détails: https://www.emploi-public.ma/ar/%D8%AA%D9%81%D8%A7%D8%B5%D9%8A%D9%84/%D8%A7%D9%84%D9%85%D9%86%D8%A7%D8%B5%D8%A8-%D8%A7%D9%84%D8%B9%D9%84%D9%8A%D8%A7/f398a7c1-f047-4cb7-95a2-e63106086337
2026-07-23 15:51:41,753 [WARNING] Format de date non reconnu: 30
2026-07-23 15:51:41,754 [INFO]     PDF trouvé: قرار فتح باب الترشيح (score: 35)
2026-07-23 15:51:41,756 [INFO]   [PAS DE DATE] فتح باب الترشيح للمناصب العليا مدير (ة) التعليم العالي والتن...
2026-07-23 15:51:41,756 [INFO]   Détails: https://www.emploi-public.ma/ar/%D8%AA%D9%81%D8%A7%D8%B5%D9%8A%D9%84/%D8%A7%D9%84%D9%85%D9%86%D8%A7%D8%B5%D8%A8-%D8%A7%D9%84%D8%B9%D9%84%D9%8A%D8%A7/b93e0027-1954-4712-8bb1-c6c3715e916c
2026-07-23 15:51:42,834 [INFO]     PDF trouvé: قرار فتح باب الترشيح (score: 35)
2026-07-23 15:51:42,835 [INFO]   [EXPIRÉE] فتح باب الترشيح للمناصب العليا مدير وكالة الحوض المائي لسوس ... → 2026-05-14
2026-07-23 15:51:42,836 [INFO]   Détails: https://www.emploi-public.ma/ar/%D8%AA%D9%81%D8%A7%D8%B5%D9%8A%D9%84/%D8%A7%D9%84%D9%85%D9%86%D8%A7%D8%B5%D8%A8-%D8%A7%D9%84%D8%B9%D9%84%D9%8A%D8%A7/50a4fceb-7a2a-4dfc-9d54-27d5969d8c20
2026-07-23 15:51:44,727 [WARNING] Format de date non reconnu: 30
2026-07-23 15:51:44,728 [INFO]     PDF trouvé: قرار فتح باب الترشيح (score: 35)
2026-07-23 15:51:44,729 [INFO]   [PAS DE DATE] فتح باب الترشيح للمناصب العليا مدير العلاقات مع المجتمع المد...
2026-07-23 15:51:44,729 [INFO]   Détails: https://www.emploi-public.ma/ar/%D8%AA%D9%81%D8%A7%D8%B5%D9%8A%D9%84/%D8%A7%D9%84%D9%85%D9%86%D8%A7%D8%B5%D8%A8-%D8%A7%D9%84%D8%B9%D9%84%D9%8A%D8%A7/79e56e61-79b1-4b12-b93a-174e15b76e74
2026-07-23 15:51:47,724 [WARNING] Format de date non reconnu: 30
2026-07-23 15:51:47,725 [INFO]     PDF trouvé: قرار فتح باب الترشيح (score: 35)
2026-07-23 15:51:47,726 [INFO]   [PAS DE DATE] فتح باب الترشيح للمناصب العليا مدير المعهد العالي الدولي للس...
2026-07-23 15:51:47,726 [INFO]   Détails: https://www.emploi-public.ma/ar/%D8%AA%D9%81%D8%A7%D8%B5%D9%8A%D9%84/%D8%A7%D9%84%D9%85%D9%86%D8%A7%D8%B5%D8%A8-%D8%A7%D9%84%D8%B9%D9%84%D9%8A%D8%A7/cd433a5b-75fc-4eb0-b5d7-0a520ca6c2ab
2026-07-23 15:51:48,886 [WARNING] Format de date non reconnu: 30
2026-07-23 15:51:48,887 [INFO]     PDF trouvé: قرار فتح باب الترشيح (score: 35)
2026-07-23 15:51:48,888 [INFO]   [PAS DE DATE] فتح باب الترشيح للمناصب العليا كاتب عام لوزارة إصلاح الإدارة...
2026-07-23 15:51:48,888 [INFO]   Détails: https://www.emploi-public.ma/ar/%D8%AA%D9%81%D8%A7%D8%B5%D9%8A%D9%84/%D8%A7%D9%84%D9%85%D9%86%D8%A7%D8%B5%D8%A8-%D8%A7%D9%84%D8%B9%D9%84%D9%8A%D8%A7/cf89dcaf-13b0-4674-befa-b629bfcf72cf
2026-07-23 15:51:53,891 [WARNING] Format de date non reconnu: 30
2026-07-23 15:51:53,892 [INFO]     PDF trouvé: قرار فتح باب الترشيح (score: 35)
2026-07-23 15:51:53,893 [INFO]   [PAS DE DATE] فتح باب الترشيح للمناصب العليا كاتب عام -قطاع التشغيل...
2026-07-23 15:51:53,893 [INFO]   Détails: https://www.emploi-public.ma/ar/%D8%AA%D9%81%D8%A7%D8%B5%D9%8A%D9%84/%D8%A7%D9%84%D9%85%D9%86%D8%A7%D8%B5%D8%A8-%D8%A7%D9%84%D8%B9%D9%84%D9%8A%D8%A7/60c54993-eb8f-49bd-8314-bad1d8a449fc
2026-07-23 15:51:54,992 [WARNING] Format de date non reconnu: 30
2026-07-23 15:51:54,993 [INFO]     PDF trouvé: قرار فتح باب الترشيح (score: 35)
2026-07-23 15:51:54,994 [INFO]   [PAS DE DATE] فتح باب الترشيح للمناصب العليا مدير المؤسسة المشتركة للنهوض ...
2026-07-23 15:51:54,994 [INFO]   Détails: https://www.emploi-public.ma/ar/%D8%AA%D9%81%D8%A7%D8%B5%D9%8A%D9%84/%D8%A7%D9%84%D9%85%D9%86%D8%A7%D8%B5%D8%A8-%D8%A7%D9%84%D8%B9%D9%84%D9%8A%D8%A7/92e67ee2-94ab-4326-ba3d-0942acdb235c
2026-07-23 15:51:58,882 [WARNING] Format de date non reconnu: 30
2026-07-23 15:51:58,883 [INFO]     PDF trouvé: قرار فتح باب الترشيح (score: 35)
2026-07-23 15:51:58,884 [INFO]   [PAS DE DATE] فتح باب الترشيح للمناصب العليا مدير التشغيل...
2026-07-23 15:51:58,884 [INFO] 
--- Catégorie: المباريات ---
2026-07-23 15:51:58,884 [INFO] Page 1/5
2026-07-23 15:51:58,884 [INFO] Scraping page: https://www.emploi-public.ma/ar/قائمة-المباريات
2026-07-23 15:52:00,582 [INFO]   → 9 annonces trouvées sur cette page
2026-07-23 15:52:00,583 [INFO]   Détails: https://www.emploi-public.ma/ar/%D8%AA%D9%81%D8%A7%D8%B5%D9%8A%D9%84/%D8%A7%D9%84%D9%85%D8%A8%D8%A7%D8%B1%D9%8A%D8%A7%D8%AA/d91438ac-a7df-48aa-a29d-ea568c52b32e
2026-07-23 15:52:03,579 [INFO]     PDF trouvé: قرار فتح المباراة (score: 25)
2026-07-23 15:52:03,580 [INFO]   [EN COURS] مباراة لتوظيف تقني من الدرجة الثالثة - سلم 9... → 2026-08-07
2026-07-23 15:52:03,581 [INFO]   Détails: https://www.emploi-public.ma/ar/%D8%AA%D9%81%D8%A7%D8%B5%D9%8A%D9%84/%D8%A7%D9%84%D9%85%D8%A8%D8%A7%D8%B1%D9%8A%D8%A7%D8%AA/6aa579ad-7abb-44f1-b036-56e9fbafced8
2026-07-23 15:52:04,423 [INFO]     PDF trouvé: قرار فتح المباراة (score: 25)
2026-07-23 15:52:04,424 [INFO]   [EN COURS] مباراة لتوظيف متصرف من الدرجة الثانية - سلم 11... → 2026-08-07
2026-07-23 15:52:04,424 [INFO]   Détails: https://www.emploi-public.ma/ar/%D8%AA%D9%81%D8%A7%D8%B5%D9%8A%D9%84/%D8%A7%D9%84%D9%85%D8%A8%D8%A7%D8%B1%D9%8A%D8%A7%D8%AA/c27ac1df-953a-4b58-a2e2-e273271f18b1
2026-07-23 15:52:05,357 [INFO]     PDF trouvé: قرار فتح المباراة (score: 25)
2026-07-23 15:52:05,358 [INFO]   [EN COURS] مباراة لتوظيف مساعد تقني من الدرجة الثانية... → 2026-08-05
2026-07-23 15:52:05,358 [INFO]   Détails: https://www.emploi-public.ma/ar/%D8%AA%D9%81%D8%A7%D8%B5%D9%8A%D9%84/%D8%A7%D9%84%D9%85%D8%A8%D8%A7%D8%B1%D9%8A%D8%A7%D8%AA/7faff0fb-2922-485a-853e-20b4d81cbc7a
2026-07-23 15:52:06,132 [INFO]     PDF trouvé: قرار فتح المباراة (score: 25)
2026-07-23 15:52:06,133 [INFO]   [EN COURS] مباراة لتوظيف أستاذ محاضر من الدرجة أ - سلم 11... → 2026-08-03
2026-07-23 15:52:06,133 [INFO]   Détails: https://www.emploi-public.ma/ar/%D8%AA%D9%81%D8%A7%D8%B5%D9%8A%D9%84/%D8%A7%D9%84%D9%85%D8%A8%D8%A7%D8%B1%D9%8A%D8%A7%D8%AA/2c15e888-7029-4082-9334-eef194ee5586
2026-07-23 15:52:07,519 [INFO]     PDF trouvé: قرار فتح المباراة (score: 25)
2026-07-23 15:52:07,520 [INFO]   [EN COURS] مباراة لتوظيف متصرف من الدرجة الثانية - سلم 11... → 2026-08-03
2026-07-23 15:52:07,520 [INFO]   Détails: https://www.emploi-public.ma/ar/%D8%AA%D9%81%D8%A7%D8%B5%D9%8A%D9%84/%D8%A7%D9%84%D9%85%D8%A8%D8%A7%D8%B1%D9%8A%D8%A7%D8%AA/d543668b-c808-4ac0-933b-4301237f9f67
2026-07-23 15:52:10,050 [INFO]     PDF trouvé: قرار فتح المباراة (score: 25)
2026-07-23 15:52:10,051 [INFO]   [EN COURS] مباراة لتوظيف متصرف من الدرجة الثالثة - سلم 10... → 2026-07-31
2026-07-23 15:52:10,051 [INFO]   Détails: https://www.emploi-public.ma/ar/%D8%AA%D9%81%D8%A7%D8%B5%D9%8A%D9%84/%D8%A7%D9%84%D9%85%D8%A8%D8%A7%D8%B1%D9%8A%D8%A7%D8%AA/78699344-c4d1-4204-ad40-9749cc0563aa
2026-07-23 15:52:10,914 [INFO]     PDF trouvé: قرار فتح المباراة (score: 25)
2026-07-23 15:52:10,915 [INFO]   [EN COURS] مباراة لتوظيف طبيب من الدرجة الأولى - سلم 11... → 2026-07-23
2026-07-23 15:52:10,915 [INFO]   Détails: https://www.emploi-public.ma/ar/%D8%AA%D9%81%D8%A7%D8%B5%D9%8A%D9%84/%D8%A7%D9%84%D9%85%D8%A8%D8%A7%D8%B1%D9%8A%D8%A7%D8%AA/b62a7d1c-c399-48cd-ab9f-adca105db22f
2026-07-23 15:52:11,647 [INFO]     PDF trouvé: قرار فتح المباراة (score: 25)
2026-07-23 15:52:11,648 [INFO]   [EXPIRÉE] مباراة لتوظيف أستاذ محاضر من الدرجة أ - سلم 11... → 2026-07-21
2026-07-23 15:52:11,648 [INFO]   Détails: https://www.emploi-public.ma/ar/%D8%AA%D9%81%D8%A7%D8%B5%D9%8A%D9%84/%D8%A7%D9%84%D9%85%D8%A8%D8%A7%D8%B1%D9%8A%D8%A7%D8%AA/dc6005fa-8f1f-418f-baed-64e9caca12f6
2026-07-23 15:52:12,701 [INFO]     PDF trouvé: قرار فتح المباراة (score: 25)
2026-07-23 15:52:12,702 [INFO]   [EXPIRÉE] مباراة لتوظيف تقني من الدرجة الثالثة - سلم 9... → 2026-07-21
2026-07-23 15:52:12,702 [INFO] Page 2/5
2026-07-23 15:52:12,702 [INFO] Scraping page: https://www.emploi-public.ma/ar/قائمة-المباريات?page=1
2026-07-23 15:52:16,092 [INFO]   → 9 annonces trouvées sur cette page
2026-07-23 15:52:16,093 [INFO]   Détails: https://www.emploi-public.ma/ar/%D8%AA%D9%81%D8%A7%D8%B5%D9%8A%D9%84/%D8%A7%D9%84%D9%85%D8%A8%D8%A7%D8%B1%D9%8A%D8%A7%D8%AA/d91438ac-a7df-48aa-a29d-ea568c52b32e
2026-07-23 15:52:16,966 [INFO]     PDF trouvé: قرار فتح المباراة (score: 25)
2026-07-23 15:52:16,967 [INFO]   [EN COURS] مباراة لتوظيف تقني من الدرجة الثالثة - سلم 9... → 2026-08-07
2026-07-23 15:52:16,967 [INFO]   Détails: https://www.emploi-public.ma/ar/%D8%AA%D9%81%D8%A7%D8%B5%D9%8A%D9%84/%D8%A7%D9%84%D9%85%D8%A8%D8%A7%D8%B1%D9%8A%D8%A7%D8%AA/6aa579ad-7abb-44f1-b036-56e9fbafced8
2026-07-23 15:52:17,856 [INFO]     PDF trouvé: قرار فتح المباراة (score: 25)
2026-07-23 15:52:17,857 [INFO]   [EN COURS] مباراة لتوظيف متصرف من الدرجة الثانية - سلم 11... → 2026-08-07
2026-07-23 15:52:17,858 [INFO]   Détails: https://www.emploi-public.ma/ar/%D8%AA%D9%81%D8%A7%D8%B5%D9%8A%D9%84/%D8%A7%D9%84%D9%85%D8%A8%D8%A7%D8%B1%D9%8A%D8%A7%D8%AA/c27ac1df-953a-4b58-a2e2-e273271f18b1
2026-07-23 15:52:18,662 [INFO]     PDF trouvé: قرار فتح المباراة (score: 25)
2026-07-23 15:52:18,664 [INFO]   [EN COURS] مباراة لتوظيف مساعد تقني من الدرجة الثانية... → 2026-08-05
2026-07-23 15:52:18,664 [INFO]   Détails: https://www.emploi-public.ma/ar/%D8%AA%D9%81%D8%A7%D8%B5%D9%8A%D9%84/%D8%A7%D9%84%D9%85%D8%A8%D8%A7%D8%B1%D9%8A%D8%A7%D8%AA/7faff0fb-2922-485a-853e-20b4d81cbc7a
2026-07-23 15:52:19,682 [INFO]     PDF trouvé: قرار فتح المباراة (score: 25)
2026-07-23 15:52:19,683 [INFO]   [EN COURS] مباراة لتوظيف أستاذ محاضر من الدرجة أ - سلم 11... → 2026-08-03
2026-07-23 15:52:19,683 [INFO]   Détails: https://www.emploi-public.ma/ar/%D8%AA%D9%81%D8%A7%D8%B5%D9%8A%D9%84/%D8%A7%D9%84%D9%85%D8%A8%D8%A7%D8%B1%D9%8A%D8%A7%D8%AA/2c15e888-7029-4082-9334-eef194ee5586
2026-07-23 15:52:21,326 [INFO]     PDF trouvé: قرار فتح المباراة (score: 25)
2026-07-23 15:52:21,328 [INFO]   [EN COURS] مباراة لتوظيف متصرف من الدرجة الثانية - سلم 11... → 2026-08-03
2026-07-23 15:52:21,328 [INFO]   Détails: https://www.emploi-public.ma/ar/%D8%AA%D9%81%D8%A7%D8%B5%D9%8A%D9%84/%D8%A7%D9%84%D9%85%D8%A8%D8%A7%D8%B1%D9%8A%D8%A7%D8%AA/d543668b-c808-4ac0-933b-4301237f9f67
2026-07-23 15:52:24,370 [INFO]     PDF trouvé: قرار فتح المباراة (score: 25)
2026-07-23 15:52:24,371 [INFO]   [EN COURS] مباراة لتوظيف متصرف من الدرجة الثالثة - سلم 10... → 2026-07-31
2026-07-23 15:52:24,372 [INFO]   Détails: https://www.emploi-public.ma/ar/%D8%AA%D9%81%D8%A7%D8%B5%D9%8A%D9%84/%D8%A7%D9%84%D9%85%D8%A8%D8%A7%D8%B1%D9%8A%D8%A7%D8%AA/78699344-c4d1-4204-ad40-9749cc0563aa
2026-07-23 15:52:25,172 [INFO]     PDF trouvé: قرار فتح المباراة (score: 25)
2026-07-23 15:52:25,173 [INFO]   [EN COURS] مباراة لتوظيف طبيب من الدرجة الأولى - سلم 11... → 2026-07-23
2026-07-23 15:52:25,173 [INFO]   Détails: https://www.emploi-public.ma/ar/%D8%AA%D9%81%D8%A7%D8%B5%D9%8A%D9%84/%D8%A7%D9%84%D9%85%D8%A8%D8%A7%D8%B1%D9%8A%D8%A7%D8%AA/b62a7d1c-c399-48cd-ab9f-adca105db22f
2026-07-23 15:52:27,129 [INFO]     PDF trouvé: قرار فتح المباراة (score: 25)
2026-07-23 15:52:27,130 [INFO]   [EXPIRÉE] مباراة لتوظيف أستاذ محاضر من الدرجة أ - سلم 11... → 2026-07-21
2026-07-23 15:52:27,130 [INFO]   Détails: https://www.emploi-public.ma/ar/%D8%AA%D9%81%D8%A7%D8%B5%D9%8A%D9%84/%D8%A7%D9%84%D9%85%D8%A8%D8%A7%D8%B1%D9%8A%D8%A7%D8%AA/dc6005fa-8f1f-418f-baed-64e9caca12f6
2026-07-23 15:52:27,898 [INFO]     PDF trouvé: قرار فتح المباراة (score: 25)
2026-07-23 15:52:27,899 [INFO]   [EXPIRÉE] مباراة لتوظيف تقني من الدرجة الثالثة - سلم 9... → 2026-07-21
2026-07-23 15:52:27,899 [INFO] Page 3/5
2026-07-23 15:52:27,899 [INFO] Scraping page: https://www.emploi-public.ma/ar/قائمة-المباريات?page=2
2026-07-23 15:52:31,597 [INFO]   → 9 annonces trouvées sur cette page
2026-07-23 15:52:31,598 [INFO]   Détails: https://www.emploi-public.ma/ar/%D8%AA%D9%81%D8%A7%D8%B5%D9%8A%D9%84/%D8%A7%D9%84%D9%85%D8%A8%D8%A7%D8%B1%D9%8A%D8%A7%D8%AA/7d4f66b4-2f8c-4dbf-94ea-99d5943a7378
2026-07-23 15:52:32,336 [INFO]     PDF trouvé: قرار فتح المباراة (score: 25)
2026-07-23 15:52:32,337 [INFO]   [EXPIRÉE] مباراة لتوظيف متصرف من الدرجة الثالثة - سلم 10... → 2026-07-21
2026-07-23 15:52:32,338 [INFO]   Détails: https://www.emploi-public.ma/ar/%D8%AA%D9%81%D8%A7%D8%B5%D9%8A%D9%84/%D8%A7%D9%84%D9%85%D8%A8%D8%A7%D8%B1%D9%8A%D8%A7%D8%AA/e372c384-b595-401d-bfa7-77c67af01fbe
2026-07-23 15:52:34,136 [INFO]     PDF trouvé: قرار فتح المباراة (score: 25)
2026-07-23 15:52:34,137 [INFO]   [EXPIRÉE] مباراة لتوظيف متصرف من الدرجة الثانية - سلم 11... → 2026-07-21
2026-07-23 15:52:34,138 [INFO]   Détails: https://www.emploi-public.ma/ar/%D8%AA%D9%81%D8%A7%D8%B5%D9%8A%D9%84/%D8%A7%D9%84%D9%85%D8%A8%D8%A7%D8%B1%D9%8A%D8%A7%D8%AA/606d3ff2-2e7a-4174-9d74-713c58402b8a
2026-07-23 15:52:38,912 [INFO]     PDF trouvé: قرار فتح المباراة (score: 25)
2026-07-23 15:52:38,913 [INFO]   [EXPIRÉE] لائحة المدعوين لإجراء الاختبار الكتابي لمباراة توظيف طبيب من... → 2026-07-21
2026-07-23 15:52:38,913 [INFO]   Détails: https://www.emploi-public.ma/ar/%D8%AA%D9%81%D8%A7%D8%B5%D9%8A%D9%84/%D8%A7%D9%84%D9%85%D8%A8%D8%A7%D8%B1%D9%8A%D8%A7%D8%AA/9740d64c-8b1b-47b8-abe8-00b3575d4aa9
2026-07-23 15:52:39,727 [INFO]     PDF trouvé: قرار فتح المباراة (score: 25)
2026-07-23 15:52:39,729 [INFO]   [EXPIRÉE] لائحة المدعوين لإجراء الاختبار الكتابي لمباراة توظيف مهندس د... → 2026-07-20
2026-07-23 15:52:39,729 [INFO]   Détails: https://www.emploi-public.ma/ar/%D8%AA%D9%81%D8%A7%D8%B5%D9%8A%D9%84/%D8%A7%D9%84%D9%85%D8%A8%D8%A7%D8%B1%D9%8A%D8%A7%D8%AA/b89b6b38-795f-49af-9d00-910305760e85
2026-07-23 15:52:40,686 [INFO]     PDF trouvé: قرار فتح المباراة (score: 25)
2026-07-23 15:52:40,687 [INFO]   [EXPIRÉE] مباراة لتوظيف متصرف من الدرجة الثانية - سلم 11... → 2026-07-20
2026-07-23 15:52:40,687 [INFO]   Détails: https://www.emploi-public.ma/ar/%D8%AA%D9%81%D8%A7%D8%B5%D9%8A%D9%84/%D8%A7%D9%84%D9%85%D8%A8%D8%A7%D8%B1%D9%8A%D8%A7%D8%AA/f33919ef-c4a4-41c0-9927-744882ec1140
2026-07-23 15:52:42,438 [INFO]     PDF trouvé: قرار فتح المباراة (score: 25)
2026-07-23 15:52:42,439 [INFO]   [EXPIRÉE] مباراة لتوظيف تقني من الدرجة الثالثة - سلم 9... → 2026-07-20
2026-07-23 15:52:42,439 [INFO]   Détails: https://www.emploi-public.ma/ar/%D8%AA%D9%81%D8%A7%D8%B5%D9%8A%D9%84/%D8%A7%D9%84%D9%85%D8%A8%D8%A7%D8%B1%D9%8A%D8%A7%D8%AA/00afdf47-67cd-4c3b-910d-295480956c45
2026-07-23 15:52:43,154 [INFO]     PDF trouvé: قرار فتح المباراة (score: 25)
2026-07-23 15:52:43,155 [INFO]   [EXPIRÉE] مباراة لتوظيف متصرف من الدرجة الثالثة - سلم 10... → 2026-07-20
2026-07-23 15:52:43,155 [INFO]   Détails: https://www.emploi-public.ma/ar/%D8%AA%D9%81%D8%A7%D8%B5%D9%8A%D9%84/%D8%A7%D9%84%D9%85%D8%A8%D8%A7%D8%B1%D9%8A%D8%A7%D8%AA/0c6baf5e-be9d-4ef5-a8f7-b9044cf640d5
2026-07-23 15:52:44,426 [INFO]     PDF trouvé: قرار فتح المباراة (score: 25)
2026-07-23 15:52:44,428 [INFO]   [EXPIRÉE] لائحة الناجحين في مباراة التوظيف جراح أسنان من الدرجة الأولى... → 2026-07-15
2026-07-23 15:52:44,428 [INFO]   Détails: https://www.emploi-public.ma/ar/%D8%AA%D9%81%D8%A7%D8%B5%D9%8A%D9%84/%D8%A7%D9%84%D9%85%D8%A8%D8%A7%D8%B1%D9%8A%D8%A7%D8%AA/c6303b4c-114c-4b25-b6c5-eca77cba3dad
2026-07-23 15:52:45,964 [INFO]     PDF trouvé: قرار فتح المباراة (score: 25)
2026-07-23 15:52:45,965 [INFO]   [EXPIRÉE] لائحة الناجحين في مباراة التوظيف صيدلي من الدرجة الأولى - سل... → 2026-07-15
2026-07-23 15:52:45,965 [INFO] Page 4/5
2026-07-23 15:52:45,965 [INFO] Scraping page: https://www.emploi-public.ma/ar/قائمة-المباريات?page=3
2026-07-23 15:52:47,782 [INFO]   → 9 annonces trouvées sur cette page
2026-07-23 15:52:47,783 [INFO]   Détails: https://www.emploi-public.ma/ar/%D8%AA%D9%81%D8%A7%D8%B5%D9%8A%D9%84/%D8%A7%D9%84%D9%85%D8%A8%D8%A7%D8%B1%D9%8A%D8%A7%D8%AA/1f901e2f-de1d-4110-874d-d5d890119e69
2026-07-23 15:52:50,165 [INFO]     PDF trouvé: قرار فتح المباراة (score: 25)
2026-07-23 15:52:50,166 [INFO]   [EXPIRÉE] لائحة الناجحين في مباراة التوظيف طبيب من الدرجة الأولى - سلم... → 2026-07-15
2026-07-23 15:52:50,166 [INFO]   Détails: https://www.emploi-public.ma/ar/%D8%AA%D9%81%D8%A7%D8%B5%D9%8A%D9%84/%D8%A7%D9%84%D9%85%D8%A8%D8%A7%D8%B1%D9%8A%D8%A7%D8%AA/c83d70e2-ec18-4f3b-b97f-03d080ad762a
2026-07-23 15:52:51,003 [INFO]     PDF trouvé: قرار فتح المباراة (score: 25)
2026-07-23 15:52:51,004 [INFO]   [EXPIRÉE] لائحة المدعوين لإجراء الاختبار الكتابي لمباراة توظيف تقني من... → 2026-07-14
2026-07-23 15:52:51,005 [INFO]   Détails: https://www.emploi-public.ma/ar/%D8%AA%D9%81%D8%A7%D8%B5%D9%8A%D9%84/%D8%A7%D9%84%D9%85%D8%A8%D8%A7%D8%B1%D9%8A%D8%A7%D8%AA/c3749204-66e1-4485-a631-e7ede10e21ab
2026-07-23 15:52:51,786 [INFO]     PDF trouvé: قرار فتح المباراة (score: 25)
2026-07-23 15:52:51,787 [INFO]   [EXPIRÉE] لائحة المدعوين لإجراء الاختبار الكتابي لمباراة توظيف تقني من... → 2026-07-14
2026-07-23 15:52:51,788 [INFO]   Détails: https://www.emploi-public.ma/ar/%D8%AA%D9%81%D8%A7%D8%B5%D9%8A%D9%84/%D8%A7%D9%84%D9%85%D8%A8%D8%A7%D8%B1%D9%8A%D8%A7%D8%AA/26ae2262-926d-4bfb-9614-069a15e9bd9a
2026-07-23 15:52:52,999 [INFO]     PDF trouvé: قرار فتح المباراة (score: 25)
2026-07-23 15:52:53,000 [INFO]   [EXPIRÉE] مباراة لتوظيف متصرف من الدرجة الثالثة - سلم 10... → 2026-07-10
2026-07-23 15:52:53,000 [INFO]   Détails: https://www.emploi-public.ma/ar/%D8%AA%D9%81%D8%A7%D8%B5%D9%8A%D9%84/%D8%A7%D9%84%D9%85%D8%A8%D8%A7%D8%B1%D9%8A%D8%A7%D8%AA/2c92d6ee-4fbb-4b59-a9ad-4e38969b0090
2026-07-23 15:52:54,934 [INFO]     PDF trouvé: قرار فتح المباراة (score: 25)
2026-07-23 15:52:54,935 [INFO]   [EXPIRÉE] مباراة لتوظيف تقني من الدرجة الثالثة - سلم 9... → 2026-07-10
2026-07-23 15:52:54,936 [INFO]   Détails: https://www.emploi-public.ma/ar/%D8%AA%D9%81%D8%A7%D8%B5%D9%8A%D9%84/%D8%A7%D9%84%D9%85%D8%A8%D8%A7%D8%B1%D9%8A%D8%A7%D8%AA/ae470720-4f4f-49dc-b23e-070911905f42
2026-07-23 15:52:56,074 [INFO]     PDF trouvé: قرار فتح المباراة (score: 25)
2026-07-23 15:52:56,076 [INFO]   [EXPIRÉE] مباراة لتوظيف مهندس دولة من الدرجة الأولى - سلم 11... → 2026-07-15
2026-07-23 15:52:56,076 [INFO]   Détails: https://www.emploi-public.ma/ar/%D8%AA%D9%81%D8%A7%D8%B5%D9%8A%D9%84/%D8%A7%D9%84%D9%85%D8%A8%D8%A7%D8%B1%D9%8A%D8%A7%D8%AA/55e548c6-a895-450f-a875-9e03c69c4399
2026-07-23 15:52:59,789 [INFO]     PDF trouvé: قرار فتح المباراة (score: 25)
2026-07-23 15:52:59,790 [INFO]   [EXPIRÉE] لائحة المدعوين لإجراء الاختبار الكتابي لمباراة توظيف مساعد ت... → 2026-07-10
2026-07-23 15:52:59,790 [INFO]   Détails: https://www.emploi-public.ma/ar/%D8%AA%D9%81%D8%A7%D8%B5%D9%8A%D9%84/%D8%A7%D9%84%D9%85%D8%A8%D8%A7%D8%B1%D9%8A%D8%A7%D8%AA/d763af32-c1bf-4d3d-a000-8fe89e3adcd6
2026-07-23 15:53:00,962 [INFO]     PDF trouvé: قرار فتح المباراة (score: 25)
2026-07-23 15:53:00,963 [INFO]   [EXPIRÉE] لائحة المدعوين لإجراء الاختبار الكتابي لمباراة توظيف متصرف م... → 2026-07-10
2026-07-23 15:53:00,963 [INFO]   Détails: https://www.emploi-public.ma/ar/%D8%AA%D9%81%D8%A7%D8%B5%D9%8A%D9%84/%D8%A7%D9%84%D9%85%D8%A8%D8%A7%D8%B1%D9%8A%D8%A7%D8%AA/17e879b8-5dad-4d10-8ade-60bb345d6021
2026-07-23 15:53:02,458 [INFO]     PDF trouvé: قرار فتح المباراة (score: 25)
2026-07-23 15:53:02,460 [INFO]   [EXPIRÉE] لائحة المدعوين لإجراء الاختبار الكتابي لمباراة توظيف أستاذ م... → 2026-07-10
2026-07-23 15:53:02,460 [INFO] Page 5/5
2026-07-23 15:53:02,460 [INFO] Scraping page: https://www.emploi-public.ma/ar/قائمة-المباريات?page=4
2026-07-23 15:53:10,130 [INFO]   → 9 annonces trouvées sur cette page
2026-07-23 15:53:10,131 [INFO]   Détails: https://www.emploi-public.ma/ar/%D8%AA%D9%81%D8%A7%D8%B5%D9%8A%D9%84/%D8%A7%D9%84%D9%85%D8%A8%D8%A7%D8%B1%D9%8A%D8%A7%D8%AA/663f2fe1-79f4-494e-bd69-60ee602b0100
2026-07-23 15:53:12,319 [INFO]     PDF trouvé: قرار فتح المباراة (score: 25)
2026-07-23 15:53:12,320 [INFO]   [EXPIRÉE] لائحة الناجحين في مباراة التوظيف جراح أسنان من الدرجة الأولى... → 2026-07-08
2026-07-23 15:53:12,320 [INFO]   Détails: https://www.emploi-public.ma/ar/%D8%AA%D9%81%D8%A7%D8%B5%D9%8A%D9%84/%D8%A7%D9%84%D9%85%D8%A8%D8%A7%D8%B1%D9%8A%D8%A7%D8%AA/e0e94841-e2f1-459b-88a9-7ceb0971aacc
2026-07-23 15:53:13,390 [INFO]     PDF trouvé: قرار فتح المباراة (score: 25)
2026-07-23 15:53:13,391 [INFO]   [EXPIRÉE] لائحة الناجحين في مباراة التوظيف صيدلي من الدرجة الأولى - سل... → 2026-07-08
2026-07-23 15:53:13,391 [INFO]   Détails: https://www.emploi-public.ma/ar/%D8%AA%D9%81%D8%A7%D8%B5%D9%8A%D9%84/%D8%A7%D9%84%D9%85%D8%A8%D8%A7%D8%B1%D9%8A%D8%A7%D8%AA/6ced6faa-fac2-45e6-a71c-41cb176ee394
2026-07-23 15:53:17,318 [INFO]     PDF trouvé: قرار فتح المباراة (score: 25)
2026-07-23 15:53:17,319 [INFO]   [EXPIRÉE] لائحة الناجحين في مباراة التوظيف طبيب من الدرجة الأولى - سلم... → 2026-07-08
2026-07-23 15:53:17,320 [INFO]   Détails: https://www.emploi-public.ma/ar/%D8%AA%D9%81%D8%A7%D8%B5%D9%8A%D9%84/%D8%A7%D9%84%D9%85%D8%A8%D8%A7%D8%B1%D9%8A%D8%A7%D8%AA/7a16b629-f483-4401-b81f-98470cd70599
2026-07-23 15:53:20,404 [INFO]     PDF trouvé: قرار فتح المباراة (score: 25)
2026-07-23 15:53:20,406 [INFO]   [EXPIRÉE] لائحة المدعوين لإجراء الاختبار الكتابي لمباراة توظيف ممرض من... → 2026-07-06
2026-07-23 15:53:20,406 [INFO]   Détails: https://www.emploi-public.ma/ar/%D8%AA%D9%81%D8%A7%D8%B5%D9%8A%D9%84/%D8%A7%D9%84%D9%85%D8%A8%D8%A7%D8%B1%D9%8A%D8%A7%D8%AA/764e7f8d-1133-4f7c-a874-adf5b4450042
2026-07-23 15:53:21,222 [INFO]     PDF trouvé: قرار فتح المباراة (score: 25)
2026-07-23 15:53:21,223 [INFO]   [EXPIRÉE] لائحة المدعوين لإجراء الاختبار الكتابي لمباراة توظيف ممرض من... → 2026-07-06
2026-07-23 15:53:21,223 [INFO]   Détails: https://www.emploi-public.ma/ar/%D8%AA%D9%81%D8%A7%D8%B5%D9%8A%D9%84/%D8%A7%D9%84%D9%85%D8%A8%D8%A7%D8%B1%D9%8A%D8%A7%D8%AA/0c5e7ce3-67b2-4905-96a5-420146cd2945
2026-07-23 15:53:21,955 [INFO]     PDF trouvé: قرار فتح المباراة (score: 25)
2026-07-23 15:53:21,957 [INFO]   [EXPIRÉE] لائحة المدعوين لإجراء الاختبار الكتابي لمباراة توظيف خبير... → 2026-06-26
2026-07-23 15:53:21,957 [INFO]   Détails: https://www.emploi-public.ma/ar/%D8%AA%D9%81%D8%A7%D8%B5%D9%8A%D9%84/%D8%A7%D9%84%D9%85%D8%A8%D8%A7%D8%B1%D9%8A%D8%A7%D8%AA/47bf580b-6681-4117-9673-4163c4d5c58f
2026-07-23 15:53:22,858 [INFO]     PDF trouvé: قرار فتح المباراة (score: 25)
2026-07-23 15:53:22,859 [INFO]   [EXPIRÉE] لائحة الناجحين في مباراة التوظيف تقني من الدرجة الرابعة - سل... → 2026-06-25
2026-07-23 15:53:22,859 [INFO]   Détails: https://www.emploi-public.ma/ar/%D8%AA%D9%81%D8%A7%D8%B5%D9%8A%D9%84/%D8%A7%D9%84%D9%85%D8%A8%D8%A7%D8%B1%D9%8A%D8%A7%D8%AA/5a5a3bc5-cd39-4c9e-b68f-5ecf53d4f690
2026-07-23 15:53:24,231 [INFO]     PDF trouvé: قرار فتح المباراة (score: 25)
2026-07-23 15:53:24,233 [INFO]   [EXPIRÉE] لائحة المدعوين لإجراء الاختبار الكتابي لمباراة توظيف متصرف م... → 2026-06-23
2026-07-23 15:53:24,233 [INFO]   Détails: https://www.emploi-public.ma/ar/%D8%AA%D9%81%D8%A7%D8%B5%D9%8A%D9%84/%D8%A7%D9%84%D9%85%D8%A8%D8%A7%D8%B1%D9%8A%D8%A7%D8%AA/575250a4-8e33-4c6c-802e-538da1313ac6
2026-07-23 15:53:25,318 [INFO]     PDF trouvé: قرار فتح المباراة (score: 25)
2026-07-23 15:53:25,320 [INFO]   [EXPIRÉE] لائحة المدعوين لإجراء الاختبار الشفوي لمباراة توظيف متصرف من... → 2026-06-23
2026-07-23 15:53:25,320 [INFO] 
--- Catégorie: تشغيل الخبراء ---
2026-07-23 15:53:25,320 [INFO] Page 1/5
2026-07-23 15:53:25,320 [INFO] Scraping page: https://www.emploi-public.ma/ar/قائمة-تشغيل-الخبراء
2026-07-23 15:53:26,038 [INFO]   → 9 annonces trouvées sur cette page
2026-07-23 15:53:26,039 [INFO]   Détails: https://www.emploi-public.ma/ar/%D8%AA%D9%81%D8%A7%D8%B5%D9%8A%D9%84/%D8%AA%D8%B4%D8%BA%D9%8A%D9%84-%D8%A7%D9%84%D8%AE%D8%A8%D8%B1%D8%A7%D8%A1/4854b58c-c09e-4edd-9a39-c01a0c414425
2026-07-23 15:53:27,642 [INFO]     PDF trouvé: قرار فتح باب الترشيح (score: 35)
2026-07-23 15:53:27,644 [INFO]   [EXPIRÉE] لائحة الناجحين لمنصب خبير في مجال الملاحة التجارية... → 2026-04-12
2026-07-23 15:53:27,644 [INFO]   Détails: https://www.emploi-public.ma/ar/%D8%AA%D9%81%D8%A7%D8%B5%D9%8A%D9%84/%D8%AA%D8%B4%D8%BA%D9%8A%D9%84-%D8%A7%D9%84%D8%AE%D8%A8%D8%B1%D8%A7%D8%A1/ff8d6494-748d-4698-8ef0-676cbd5b1951
2026-07-23 15:53:29,254 [INFO]     PDF trouvé: قرار فتح باب الترشيح (score: 35)
2026-07-23 15:53:29,255 [INFO]   [EXPIRÉE] فتح باب الترشيح لمنصب خبير في الشؤون القانونية... → 2026-06-25
2026-07-23 15:53:29,255 [INFO]   Détails: https://www.emploi-public.ma/ar/%D8%AA%D9%81%D8%A7%D8%B5%D9%8A%D9%84/%D8%AA%D8%B4%D8%BA%D9%8A%D9%84-%D8%A7%D9%84%D8%AE%D8%A8%D8%B1%D8%A7%D8%A1/abce4b98-a1d8-48f9-a84c-053f53697154
2026-07-23 15:53:30,418 [INFO]     PDF trouvé: قرار فتح باب الترشيح (score: 35)
2026-07-23 15:53:30,419 [INFO]   [EXPIRÉE] فتح باب الترشيح لمنصب خبير... → 2026-06-15
2026-07-23 15:53:30,419 [INFO]   Détails: https://www.emploi-public.ma/ar/%D8%AA%D9%81%D8%A7%D8%B5%D9%8A%D9%84/%D8%AA%D8%B4%D8%BA%D9%8A%D9%84-%D8%A7%D9%84%D8%AE%D8%A8%D8%B1%D8%A7%D8%A1/5030f678-19f4-4bc0-96c6-f5462b134c1c
2026-07-23 15:53:31,387 [INFO]     PDF trouvé: قرار فتح باب الترشيح (score: 35)
2026-07-23 15:53:31,388 [INFO]   [EXPIRÉE] فتح باب الترشيح لمنصب خبير... → 2026-06-08
2026-07-23 15:53:31,388 [INFO]   Détails: https://www.emploi-public.ma/ar/%D8%AA%D9%81%D8%A7%D8%B5%D9%8A%D9%84/%D8%AA%D8%B4%D8%BA%D9%8A%D9%84-%D8%A7%D9%84%D8%AE%D8%A8%D8%B1%D8%A7%D8%A1/b0a97522-0c72-4a26-8b32-da0c02e79891
2026-07-23 15:53:33,147 [INFO]     PDF trouvé: قرار فتح باب الترشيح (score: 35)
2026-07-23 15:53:33,148 [INFO]   [EXPIRÉE] فتح باب الترشيح لمنصب خبير متعاقد... → 2026-06-03
2026-07-23 15:53:33,148 [INFO]   Détails: https://www.emploi-public.ma/ar/%D8%AA%D9%81%D8%A7%D8%B5%D9%8A%D9%84/%D8%AA%D8%B4%D8%BA%D9%8A%D9%84-%D8%A7%D9%84%D8%AE%D8%A8%D8%B1%D8%A7%D8%A1/b3f7145b-9f2a-4cb4-aef7-1d917c679a65
2026-07-23 15:53:34,109 [INFO]     PDF trouvé: قرار فتح باب الترشيح (score: 35)
2026-07-23 15:53:34,110 [INFO]   [EXPIRÉE] فتح باب الترشيح لمنصب خبير... → 2026-05-29
2026-07-23 15:53:34,111 [INFO]   Détails: https://www.emploi-public.ma/ar/%D8%AA%D9%81%D8%A7%D8%B5%D9%8A%D9%84/%D8%AA%D8%B4%D8%BA%D9%8A%D9%84-%D8%A7%D9%84%D8%AE%D8%A8%D8%B1%D8%A7%D8%A1/d9255cd9-fe2e-4248-8eba-adf58b668823
2026-07-23 15:53:36,967 [INFO]     PDF trouvé: قرار فتح باب الترشيح (score: 35)
2026-07-23 15:53:36,968 [INFO]   [EXPIRÉE] فتح باب الترشيح لمنصب خبير في مجال التفاوض والسياسة التجارية... → 2026-04-03
2026-07-23 15:53:36,969 [INFO]   Détails: https://www.emploi-public.ma/ar/%D8%AA%D9%81%D8%A7%D8%B5%D9%8A%D9%84/%D8%AA%D8%B4%D8%BA%D9%8A%D9%84-%D8%A7%D9%84%D8%AE%D8%A8%D8%B1%D8%A7%D8%A1/0236914d-e17c-41c5-a5be-e632ad35f838
2026-07-23 15:53:37,683 [INFO]     PDF trouvé: قرار فتح باب الترشيح (score: 35)
2026-07-23 15:53:37,684 [INFO]   [EXPIRÉE] فتح باب الترشيح لمنصب خبير... → 2026-03-17
2026-07-23 15:53:37,685 [INFO]   Détails: https://www.emploi-public.ma/ar/%D8%AA%D9%81%D8%A7%D8%B5%D9%8A%D9%84/%D8%AA%D8%B4%D8%BA%D9%8A%D9%84-%D8%A7%D9%84%D8%AE%D8%A8%D8%B1%D8%A7%D8%A1/2a449c40-1832-450d-9eae-a70607bcac07
2026-07-23 15:53:39,187 [INFO]     PDF trouvé: قرار فتح باب الترشيح (score: 35)
2026-07-23 15:53:39,189 [INFO]   [EXPIRÉE] فتح باب الترشيح لمنصب خبير... → 2026-03-16
2026-07-23 15:53:39,189 [INFO] Page 2/5
2026-07-23 15:53:39,189 [INFO] Scraping page: https://www.emploi-public.ma/ar/قائمة-تشغيل-الخبراء?page=1
2026-07-23 15:53:41,099 [INFO]   → 9 annonces trouvées sur cette page
2026-07-23 15:53:41,100 [INFO]   Détails: https://www.emploi-public.ma/ar/%D8%AA%D9%81%D8%A7%D8%B5%D9%8A%D9%84/%D8%AA%D8%B4%D8%BA%D9%8A%D9%84-%D8%A7%D9%84%D8%AE%D8%A8%D8%B1%D8%A7%D8%A1/4854b58c-c09e-4edd-9a39-c01a0c414425
2026-07-23 15:53:41,967 [INFO]     PDF trouvé: قرار فتح باب الترشيح (score: 35)
2026-07-23 15:53:41,969 [INFO]   [EXPIRÉE] لائحة الناجحين لمنصب خبير في مجال الملاحة التجارية... → 2026-04-12
2026-07-23 15:53:41,969 [INFO]   Détails: https://www.emploi-public.ma/ar/%D8%AA%D9%81%D8%A7%D8%B5%D9%8A%D9%84/%D8%AA%D8%B4%D8%BA%D9%8A%D9%84-%D8%A7%D9%84%D8%AE%D8%A8%D8%B1%D8%A7%D8%A1/ff8d6494-748d-4698-8ef0-676cbd5b1951
2026-07-23 15:53:45,143 [INFO]     PDF trouvé: قرار فتح باب الترشيح (score: 35)
2026-07-23 15:53:45,144 [INFO]   [EXPIRÉE] فتح باب الترشيح لمنصب خبير في الشؤون القانونية... → 2026-06-25
2026-07-23 15:53:45,144 [INFO]   Détails: https://www.emploi-public.ma/ar/%D8%AA%D9%81%D8%A7%D8%B5%D9%8A%D9%84/%D8%AA%D8%B4%D8%BA%D9%8A%D9%84-%D8%A7%D9%84%D8%AE%D8%A8%D8%B1%D8%A7%D8%A1/abce4b98-a1d8-48f9-a84c-053f53697154
2026-07-23 15:53:46,920 [INFO]     PDF trouvé: قرار فتح باب الترشيح (score: 35)
2026-07-23 15:53:46,921 [INFO]   [EXPIRÉE] فتح باب الترشيح لمنصب خبير... → 2026-06-15
2026-07-23 15:53:46,921 [INFO]   Détails: https://www.emploi-public.ma/ar/%D8%AA%D9%81%D8%A7%D8%B5%D9%8A%D9%84/%D8%AA%D8%B4%D8%BA%D9%8A%D9%84-%D8%A7%D9%84%D8%AE%D8%A8%D8%B1%D8%A7%D8%A1/5030f678-19f4-4bc0-96c6-f5462b134c1c
2026-07-23 15:53:47,747 [INFO]     PDF trouvé: قرار فتح باب الترشيح (score: 35)
2026-07-23 15:53:47,748 [INFO]   [EXPIRÉE] فتح باب الترشيح لمنصب خبير... → 2026-06-08
2026-07-23 15:53:47,749 [INFO]   Détails: https://www.emploi-public.ma/ar/%D8%AA%D9%81%D8%A7%D8%B5%D9%8A%D9%84/%D8%AA%D8%B4%D8%BA%D9%8A%D9%84-%D8%A7%D9%84%D8%AE%D8%A8%D8%B1%D8%A7%D8%A1/b0a97522-0c72-4a26-8b32-da0c02e79891
2026-07-23 15:53:49,316 [INFO]     PDF trouvé: قرار فتح باب الترشيح (score: 35)
2026-07-23 15:53:49,317 [INFO]   [EXPIRÉE] فتح باب الترشيح لمنصب خبير متعاقد... → 2026-06-03
2026-07-23 15:53:49,317 [INFO]   Détails: https://www.emploi-public.ma/ar/%D8%AA%D9%81%D8%A7%D8%B5%D9%8A%D9%84/%D8%AA%D8%B4%D8%BA%D9%8A%D9%84-%D8%A7%D9%84%D8%AE%D8%A8%D8%B1%D8%A7%D8%A1/b3f7145b-9f2a-4cb4-aef7-1d917c679a65
2026-07-23 15:53:51,092 [INFO]     PDF trouvé: قرار فتح باب الترشيح (score: 35)
2026-07-23 15:53:51,093 [INFO]   [EXPIRÉE] فتح باب الترشيح لمنصب خبير... → 2026-05-29
2026-07-23 15:53:51,093 [INFO]   Détails: https://www.emploi-public.ma/ar/%D8%AA%D9%81%D8%A7%D8%B5%D9%8A%D9%84/%D8%AA%D8%B4%D8%BA%D9%8A%D9%84-%D8%A7%D9%84%D8%AE%D8%A8%D8%B1%D8%A7%D8%A1/d9255cd9-fe2e-4248-8eba-adf58b668823
2026-07-23 15:53:53,495 [INFO]     PDF trouvé: قرار فتح باب الترشيح (score: 35)
2026-07-23 15:53:53,497 [INFO]   [EXPIRÉE] فتح باب الترشيح لمنصب خبير في مجال التفاوض والسياسة التجارية... → 2026-04-03
2026-07-23 15:53:53,497 [INFO]   Détails: https://www.emploi-public.ma/ar/%D8%AA%D9%81%D8%A7%D8%B5%D9%8A%D9%84/%D8%AA%D8%B4%D8%BA%D9%8A%D9%84-%D8%A7%D9%84%D8%AE%D8%A8%D8%B1%D8%A7%D8%A1/0236914d-e17c-41c5-a5be-e632ad35f838
2026-07-23 15:53:54,284 [INFO]     PDF trouvé: قرار فتح باب الترشيح (score: 35)
2026-07-23 15:53:54,285 [INFO]   [EXPIRÉE] فتح باب الترشيح لمنصب خبير... → 2026-03-17
2026-07-23 15:53:54,286 [INFO]   Détails: https://www.emploi-public.ma/ar/%D8%AA%D9%81%D8%A7%D8%B5%D9%8A%D9%84/%D8%AA%D8%B4%D8%BA%D9%8A%D9%84-%D8%A7%D9%84%D8%AE%D8%A8%D8%B1%D8%A7%D8%A1/2a449c40-1832-450d-9eae-a70607bcac07
2026-07-23 15:53:55,529 [INFO]     PDF trouvé: قرار فتح باب الترشيح (score: 35)
2026-07-23 15:53:55,530 [INFO]   [EXPIRÉE] فتح باب الترشيح لمنصب خبير... → 2026-03-16
2026-07-23 15:53:55,530 [INFO] Page 3/5
2026-07-23 15:53:55,530 [INFO] Scraping page: https://www.emploi-public.ma/ar/قائمة-تشغيل-الخبراء?page=2
2026-07-23 15:53:56,506 [INFO]   → 9 annonces trouvées sur cette page
2026-07-23 15:53:56,507 [INFO]   Détails: https://www.emploi-public.ma/ar/%D8%AA%D9%81%D8%A7%D8%B5%D9%8A%D9%84/%D8%AA%D8%B4%D8%BA%D9%8A%D9%84-%D8%A7%D9%84%D8%AE%D8%A8%D8%B1%D8%A7%D8%A1/1f2e38a5-0fe9-4f17-89fb-d23ab9140242
2026-07-23 15:53:57,987 [INFO]     PDF trouvé: قرار فتح باب الترشيح (score: 35)
2026-07-23 15:53:57,988 [INFO]   [EXPIRÉE] فتح باب الترشيح لمنصب خبير في المجالات المرتبطة بتطوير آليات... → 2026-03-12
2026-07-23 15:53:57,988 [INFO]   Détails: https://www.emploi-public.ma/ar/%D8%AA%D9%81%D8%A7%D8%B5%D9%8A%D9%84/%D8%AA%D8%B4%D8%BA%D9%8A%D9%84-%D8%A7%D9%84%D8%AE%D8%A8%D8%B1%D8%A7%D8%A1/2401abad-8177-4fdc-8c76-354d03f61cd3
2026-07-23 15:53:58,822 [INFO]     PDF trouvé: قرار فتح باب الترشيح (score: 35)
2026-07-23 15:53:58,823 [INFO]   [EXPIRÉE] فتح باب الترشيح لمنصب خبير... → 2026-02-18
2026-07-23 15:53:58,823 [INFO]   Détails: https://www.emploi-public.ma/ar/%D8%AA%D9%81%D8%A7%D8%B5%D9%8A%D9%84/%D8%AA%D8%B4%D8%BA%D9%8A%D9%84-%D8%A7%D9%84%D8%AE%D8%A8%D8%B1%D8%A7%D8%A1/ad16f9e2-25eb-4a06-9a7a-572410c14d55
2026-07-23 15:53:59,631 [INFO]     PDF trouvé: قرار فتح باب الترشيح (score: 35)
2026-07-23 15:53:59,633 [INFO]   [EXPIRÉE] فتح باب الترشيح لمنصب خبير في مجال حكامة المؤسسات والمنشآت ا... → 2025-12-23
2026-07-23 15:53:59,633 [INFO]   Détails: https://www.emploi-public.ma/ar/%D8%AA%D9%81%D8%A7%D8%B5%D9%8A%D9%84/%D8%AA%D8%B4%D8%BA%D9%8A%D9%84-%D8%A7%D9%84%D8%AE%D8%A8%D8%B1%D8%A7%D8%A1/302ab5a1-fa28-4ec1-9341-8ba50b6bf810
2026-07-23 15:54:00,502 [INFO]     PDF trouvé: قرار فتح باب الترشيح (score: 35)
2026-07-23 15:54:00,504 [INFO]   [EXPIRÉE] فتح باب الترشيح لمنصب خبير بموجب عقد... → 2025-12-21
2026-07-23 15:54:00,504 [INFO]   Détails: https://www.emploi-public.ma/ar/%D8%AA%D9%81%D8%A7%D8%B5%D9%8A%D9%84/%D8%AA%D8%B4%D8%BA%D9%8A%D9%84-%D8%A7%D9%84%D8%AE%D8%A8%D8%B1%D8%A7%D8%A1/f9f74e66-af9e-4c4a-9cec-491e7d25fbbb
2026-07-23 15:54:01,344 [INFO]     PDF trouvé: قرار فتح باب الترشيح (score: 35)
2026-07-23 15:54:01,345 [INFO]   [EXPIRÉE] لائحة الناجحين لمنصب خبير في مجال التقييم ومنح التراخيص... → 2025-12-06
2026-07-23 15:54:01,345 [INFO]   Détails: https://www.emploi-public.ma/ar/%D8%AA%D9%81%D8%A7%D8%B5%D9%8A%D9%84/%D8%AA%D8%B4%D8%BA%D9%8A%D9%84-%D8%A7%D9%84%D8%AE%D8%A8%D8%B1%D8%A7%D8%A1/99f49e97-4b0e-4897-b1c6-a1a811d179d9
2026-07-23 15:54:02,336 [INFO]     PDF trouvé: قرار فتح باب الترشيح (score: 35)
2026-07-23 15:54:02,337 [INFO]   [EXPIRÉE] لائحة الناجحين لمنصب خبيرفي مجال مراقبة الجودة الدوائية... → 2025-12-06
2026-07-23 15:54:02,337 [INFO]   Détails: https://www.emploi-public.ma/ar/%D8%AA%D9%81%D8%A7%D8%B5%D9%8A%D9%84/%D8%AA%D8%B4%D8%BA%D9%8A%D9%84-%D8%A7%D9%84%D8%AE%D8%A8%D8%B1%D8%A7%D8%A1/121493c9-78d8-44bf-b408-e42f8bf43d27
2026-07-23 15:54:03,429 [INFO]     PDF trouvé: قرار فتح باب الترشيح (score: 35)
2026-07-23 15:54:03,430 [INFO]   [EXPIRÉE] فتح باب الترشيح لمنصب خبير في التنسيق المؤسساتي والتعاون الد... → 2025-12-05
2026-07-23 15:54:03,430 [INFO]   Détails: https://www.emploi-public.ma/ar/%D8%AA%D9%81%D8%A7%D8%B5%D9%8A%D9%84/%D8%AA%D8%B4%D8%BA%D9%8A%D9%84-%D8%A7%D9%84%D8%AE%D8%A8%D8%B1%D8%A7%D8%A1/336eb4a9-c147-4981-94da-c636a748f7a0
2026-07-23 15:54:04,239 [INFO]     PDF trouvé: قرار فتح باب الترشيح (score: 35)
2026-07-23 15:54:04,240 [INFO]   [EXPIRÉE] لائحة الناجحين لمنصب خبير مكلف بقيادة إنجاز دراسات وأشغال مل... → 2025-09-30
2026-07-23 15:54:04,241 [INFO]   Détails: https://www.emploi-public.ma/ar/%D8%AA%D9%81%D8%A7%D8%B5%D9%8A%D9%84/%D8%AA%D8%B4%D8%BA%D9%8A%D9%84-%D8%A7%D9%84%D8%AE%D8%A8%D8%B1%D8%A7%D8%A1/0917753f-ac81-4229-b8d4-5292cae1510a
2026-07-23 15:54:04,964 [INFO]     PDF trouvé: قرار فتح باب الترشيح (score: 35)
2026-07-23 15:54:04,965 [INFO]   [EXPIRÉE] فتح باب الترشيح لمنصب خبير بموجب عقد... → 2025-06-11
2026-07-23 15:54:04,966 [INFO] Page 4/5
2026-07-23 15:54:04,966 [INFO] Scraping page: https://www.emploi-public.ma/ar/قائمة-تشغيل-الخبراء?page=3
2026-07-23 15:54:05,668 [INFO]   → 9 annonces trouvées sur cette page
2026-07-23 15:54:05,670 [INFO]   Détails: https://www.emploi-public.ma/ar/%D8%AA%D9%81%D8%A7%D8%B5%D9%8A%D9%84/%D8%AA%D8%B4%D8%BA%D9%8A%D9%84-%D8%A7%D9%84%D8%AE%D8%A8%D8%B1%D8%A7%D8%A1/1e6a6ce8-141e-4fe3-b660-097a9342e904
2026-07-23 15:54:06,535 [INFO]     PDF trouvé: قرار فتح باب الترشيح (score: 35)
2026-07-23 15:54:06,536 [INFO]   [EXPIRÉE] فتح باب الترشيح لمنصب خبير في مجال الشؤون القانونية... → 2025-06-09
2026-07-23 15:54:06,537 [INFO]   Détails: https://www.emploi-public.ma/ar/%D8%AA%D9%81%D8%A7%D8%B5%D9%8A%D9%84/%D8%AA%D8%B4%D8%BA%D9%8A%D9%84-%D8%A7%D9%84%D8%AE%D8%A8%D8%B1%D8%A7%D8%A1/9973e98f-4e11-40f1-aeae-194d055be60c
2026-07-23 15:54:07,412 [INFO]     PDF trouvé: قرار فتح باب الترشيح (score: 35)
2026-07-23 15:54:07,413 [INFO]   [EXPIRÉE] فتح باب الترشيح لمنصب خبير في مجال علوم المحيطات و البيئة ال... → 2025-06-06
2026-07-23 15:54:07,413 [INFO]   Détails: https://www.emploi-public.ma/ar/%D8%AA%D9%81%D8%A7%D8%B5%D9%8A%D9%84/%D8%AA%D8%B4%D8%BA%D9%8A%D9%84-%D8%A7%D9%84%D8%AE%D8%A8%D8%B1%D8%A7%D8%A1/c4333ade-5b69-4a9b-b1d6-23858dca3e02
2026-07-23 15:54:09,250 [INFO]     PDF trouvé: قرار فتح باب الترشيح (score: 35)
2026-07-23 15:54:09,251 [INFO]   [EXPIRÉE] فتح باب الترشيح لمنصب 4 خبراء في المجالات المبينة في بطائق ا... → 2025-05-14
2026-07-23 15:54:09,251 [INFO]   Détails: https://www.emploi-public.ma/ar/%D8%AA%D9%81%D8%A7%D8%B5%D9%8A%D9%84/%D8%AA%D8%B4%D8%BA%D9%8A%D9%84-%D8%A7%D9%84%D8%AE%D8%A8%D8%B1%D8%A7%D8%A1/3d556890-d88a-4b78-aa10-b953f3a04785
2026-07-23 15:54:10,063 [INFO]     PDF trouvé: قرار فتح باب الترشيح (score: 35)
2026-07-23 15:54:10,064 [INFO]   [EXPIRÉE] فتح باب الترشيح لمنصب خبير في الشؤون القانونية... → 2025-05-02
2026-07-23 15:54:10,064 [INFO]   Détails: https://www.emploi-public.ma/ar/%D8%AA%D9%81%D8%A7%D8%B5%D9%8A%D9%84/%D8%AA%D8%B4%D8%BA%D9%8A%D9%84-%D8%A7%D9%84%D8%AE%D8%A8%D8%B1%D8%A7%D8%A1/1d5f52e9-1b4b-423d-bf9b-935a34d3caf2
2026-07-23 15:54:11,165 [INFO]     PDF trouvé: قرار فتح باب الترشيح (score: 35)
2026-07-23 15:54:11,166 [INFO]   [EXPIRÉE] فتح باب الترشيح لمنصب خبير بعقد... → 2025-04-18
2026-07-23 15:54:11,166 [INFO]   Détails: https://www.emploi-public.ma/ar/%D8%AA%D9%81%D8%A7%D8%B5%D9%8A%D9%84/%D8%AA%D8%B4%D8%BA%D9%8A%D9%84-%D8%A7%D9%84%D8%AE%D8%A8%D8%B1%D8%A7%D8%A1/ee7b273d-5714-41aa-9489-a47d37eb618e
2026-07-23 15:54:12,109 [INFO]     PDF trouvé: قرار فتح باب الترشيح (score: 35)
2026-07-23 15:54:12,110 [INFO]   [EXPIRÉE] فتح باب الترشيح لمنصب خبيرفي مجال السياسة المائية و الري... → 2025-04-07
2026-07-23 15:54:12,110 [INFO]   Détails: https://www.emploi-public.ma/ar/%D8%AA%D9%81%D8%A7%D8%B5%D9%8A%D9%84/%D8%AA%D8%B4%D8%BA%D9%8A%D9%84-%D8%A7%D9%84%D8%AE%D8%A8%D8%B1%D8%A7%D8%A1/74c6b2c0-7af0-4688-937b-1881caa843f0
2026-07-23 15:54:12,991 [INFO]     PDF trouvé: قرار فتح باب الترشيح (score: 35)
2026-07-23 15:54:12,992 [INFO]   [EXPIRÉE] فتح باب الترشيح لمنصب خبير في مجال السمعي البصري و السينما... → 2025-03-31
2026-07-23 15:54:12,993 [INFO]   Détails: https://www.emploi-public.ma/ar/%D8%AA%D9%81%D8%A7%D8%B5%D9%8A%D9%84/%D8%AA%D8%B4%D8%BA%D9%8A%D9%84-%D8%A7%D9%84%D8%AE%D8%A8%D8%B1%D8%A7%D8%A1/efe61f8c-79ae-41bf-851e-67e779047d6a
2026-07-23 15:54:13,828 [INFO]     PDF trouvé: قرار فتح باب الترشيح (score: 35)
2026-07-23 15:54:13,829 [INFO]   [EXPIRÉE] فتح باب الترشيح لمنصب منصب خبير في المجال المرتبط بمجال الهن... → 2025-03-27
2026-07-23 15:54:13,829 [INFO]   Détails: https://www.emploi-public.ma/ar/%D8%AA%D9%81%D8%A7%D8%B5%D9%8A%D9%84/%D8%AA%D8%B4%D8%BA%D9%8A%D9%84-%D8%A7%D9%84%D8%AE%D8%A8%D8%B1%D8%A7%D8%A1/c8ffa879-6f01-46df-9beb-eb9ae0a6f554
2026-07-23 15:54:17,690 [INFO]     PDF trouvé: قرار فتح باب الترشيح (score: 35)
2026-07-23 15:54:17,692 [INFO]   [EXPIRÉE] فتح باب الترشيح لمنصب خبير في مجال صياغة إستراتيجية شاملة و ... → 2025-03-21
2026-07-23 15:54:17,692 [INFO] Page 5/5
2026-07-23 15:54:17,692 [INFO] Scraping page: https://www.emploi-public.ma/ar/قائمة-تشغيل-الخبراء?page=4
2026-07-23 15:54:19,053 [INFO]   → 9 annonces trouvées sur cette page
2026-07-23 15:54:19,054 [INFO]   Détails: https://www.emploi-public.ma/ar/%D8%AA%D9%81%D8%A7%D8%B5%D9%8A%D9%84/%D8%AA%D8%B4%D8%BA%D9%8A%D9%84-%D8%A7%D9%84%D8%AE%D8%A8%D8%B1%D8%A7%D8%A1/a538c27d-7e09-4441-9551-b22fe9e9d017
2026-07-23 15:54:20,146 [INFO]     PDF trouvé: قرار فتح باب الترشيح (score: 35)
2026-07-23 15:54:20,147 [INFO]   [EXPIRÉE] فتح باب الترشيح لمنصب خبير في مجال إستراتيجية منظومة التعليم... → 2025-03-21
2026-07-23 15:54:20,148 [INFO]   Détails: https://www.emploi-public.ma/ar/%D8%AA%D9%81%D8%A7%D8%B5%D9%8A%D9%84/%D8%AA%D8%B4%D8%BA%D9%8A%D9%84-%D8%A7%D9%84%D8%AE%D8%A8%D8%B1%D8%A7%D8%A1/cf3172d1-8c15-4404-b1ff-21c154c7da2f
2026-07-23 15:54:23,137 [INFO]     PDF trouvé: قرار فتح باب الترشيح (score: 35)
2026-07-23 15:54:23,138 [INFO]   [EXPIRÉE] فتح باب الترشيح لمنصب خبير في مجال تطوير التعاون... → 2025-03-21
2026-07-23 15:54:23,139 [INFO]   Détails: https://www.emploi-public.ma/ar/%D8%AA%D9%81%D8%A7%D8%B5%D9%8A%D9%84/%D8%AA%D8%B4%D8%BA%D9%8A%D9%84-%D8%A7%D9%84%D8%AE%D8%A8%D8%B1%D8%A7%D8%A1/55bfa14b-dac1-4967-b1b6-8983cea09ed9
2026-07-23 15:54:25,709 [INFO]     PDF trouvé: قرار فتح باب الترشيح (score: 35)
2026-07-23 15:54:25,710 [INFO]   [EXPIRÉE] فتح باب الترشيح لمنصب خبير في مجال نظم المعلوميات... → 2025-03-21
2026-07-23 15:54:25,710 [INFO]   Détails: https://www.emploi-public.ma/ar/%D8%AA%D9%81%D8%A7%D8%B5%D9%8A%D9%84/%D8%AA%D8%B4%D8%BA%D9%8A%D9%84-%D8%A7%D9%84%D8%AE%D8%A8%D8%B1%D8%A7%D8%A1/9ebae75d-f857-4c4d-9e16-0108b872c04f
2026-07-23 15:54:26,793 [INFO]     PDF trouvé: قرار فتح باب الترشيح (score: 35)
2026-07-23 15:54:26,794 [INFO]   [EXPIRÉE] فتح باب الترشيح لمنصب إدارة المشاريع و التدبير الإداري و الم... → 2025-03-19
2026-07-23 15:54:26,795 [INFO]   Détails: https://www.emploi-public.ma/ar/%D8%AA%D9%81%D8%A7%D8%B5%D9%8A%D9%84/%D8%AA%D8%B4%D8%BA%D9%8A%D9%84-%D8%A7%D9%84%D8%AE%D8%A8%D8%B1%D8%A7%D8%A1/0608bdd0-0a58-4c90-a1d5-bd3483116452
2026-07-23 15:54:27,598 [INFO]     PDF trouvé: قرار فتح باب الترشيح (score: 35)
2026-07-23 15:54:27,599 [INFO]   [EXPIRÉE] فتح باب الترشيح لمنصب منصب خبير في مجال البحوث والتجارب العل... → 2025-02-03
2026-07-23 15:54:27,600 [INFO]   Détails: https://www.emploi-public.ma/ar/%D8%AA%D9%81%D8%A7%D8%B5%D9%8A%D9%84/%D8%AA%D8%B4%D8%BA%D9%8A%D9%84-%D8%A7%D9%84%D8%AE%D8%A8%D8%B1%D8%A7%D8%A1/0cff84fa-82b2-4363-93e0-a88e5063ef0b
2026-07-23 15:54:28,344 [INFO]     PDF trouvé: قرار فتح باب الترشيح (score: 35)
2026-07-23 15:54:28,345 [INFO]   [EXPIRÉE] فتح باب الترشيح لمنصب خبير في مجال تدبير وتسيير أسواق الحبوب... → 2025-01-27
2026-07-23 15:54:28,345 [INFO]   Détails: https://www.emploi-public.ma/ar/%D8%AA%D9%81%D8%A7%D8%B5%D9%8A%D9%84/%D8%AA%D8%B4%D8%BA%D9%8A%D9%84-%D8%A7%D9%84%D8%AE%D8%A8%D8%B1%D8%A7%D8%A1/74373088-bc5e-4908-985b-9b0086ffaed3
2026-07-23 15:54:29,056 [INFO]     PDF trouvé: قرار فتح باب الترشيح (score: 35)
2026-07-23 15:54:29,057 [INFO]   [EXPIRÉE] فتح باب الترشيح لمنصب خبير... → 2025-01-24
2026-07-23 15:54:29,058 [INFO]   Détails: https://www.emploi-public.ma/ar/%D8%AA%D9%81%D8%A7%D8%B5%D9%8A%D9%84/%D8%AA%D8%B4%D8%BA%D9%8A%D9%84-%D8%A7%D9%84%D8%AE%D8%A8%D8%B1%D8%A7%D8%A1/c14080a7-f964-4481-923d-668331b39671
2026-07-23 15:54:29,755 [INFO]     PDF trouvé: قرار فتح باب الترشيح (score: 35)
2026-07-23 15:54:29,756 [INFO]   [EXPIRÉE] فتح باب الترشيح لمنصب خبير... → 2025-01-24
2026-07-23 15:54:29,757 [INFO]   Détails: https://www.emploi-public.ma/ar/%D8%AA%D9%81%D8%A7%D8%B5%D9%8A%D9%84/%D8%AA%D8%B4%D8%BA%D9%8A%D9%84-%D8%A7%D9%84%D8%AE%D8%A8%D8%B1%D8%A7%D8%A1/728ebc5b-6b53-4539-b18a-620011be8614
2026-07-23 15:54:30,436 [INFO]     PDF trouvé: قرار فتح باب الترشيح (score: 35)
2026-07-23 15:54:30,438 [INFO]   [EXPIRÉE] فتح باب الترشيح لمنصب خبير... → 2025-01-24
2026-07-23 15:54:30,439 [INFO] 
============================================================
2026-07-23 15:54:30,439 [INFO] RÉSUMÉ
2026-07-23 15:54:30,439 [INFO] ============================================================
2026-07-23 15:54:30,439 [INFO] Annonces traitées: 200
2026-07-23 15:54:30,439 [INFO] Dates en cours: 49
2026-07-23 15:54:30,439 [INFO] Dates expirées: 107
2026-07-23 15:54:30,439 [INFO] Total résultats en base: 49
2026-07-23 15:54:31,933 [INFO] Email envoyé à cavalkhalid@gmail.com
2026-07-23 15:54:31,933 [INFO] 
Scraper terminé.
2026-07-25 09:47:45,360 [INFO] ============================================================
2026-07-25 09:47:45,360 [INFO] DÉMARRAGE DU SCRAPER emploi-public.ma (AR)
2026-07-25 09:47:45,360 [INFO] Date: 2026-07-25 09:47:45
2026-07-25 09:47:45,360 [INFO] ============================================================
2026-07-25 09:47:45,361 [INFO] 
--- Catégorie: مناصب المسؤولية ---
2026-07-25 09:47:45,361 [INFO] Page 1/5
2026-07-25 09:47:45,361 [INFO] Scraping page: https://www.emploi-public.ma/ar/قائمة-مناصب-المسؤولية
2026-07-25 09:47:46,534 [INFO]   → 13 annonces trouvées sur cette page
2026-07-25 09:47:46,535 [INFO]   Détails: https://www.emploi-public.ma/ar/%D8%AA%D9%81%D8%A7%D8%B5%D9%8A%D9%84/%D9%85%D9%86%D8%A7%D8%B5%D8%A8-%D8%A7%D9%84%D9%85%D8%B3%D8%A4%D9%88%D9%84%D9%8A%D8%A9/0980a32b-6d19-43fe-9a78-fed5be8e0263
2026-07-25 09:47:48,645 [INFO]     PDF trouvé: قرار فتح باب الترشيح (score: 35)
2026-07-25 09:47:48,646 [INFO]   [EXPIRÉE] فتح باب الترشيح ل مناصب المسؤولية ب وزارة الداخلية -عمالة إق... → 2026-07-24
2026-07-25 09:47:48,646 [INFO]   Détails: https://www.emploi-public.ma/ar/%D8%AA%D9%81%D8%A7%D8%B5%D9%8A%D9%84/%D9%85%D9%86%D8%A7%D8%B5%D8%A8-%D8%A7%D9%84%D9%85%D8%B3%D8%A4%D9%88%D9%84%D9%8A%D8%A9/e22ab9f5-ac8e-4159-ba33-da0d5a040314
2026-07-25 09:47:49,555 [INFO]     PDF trouvé: قرار فتح باب الترشيح (score: 35)
2026-07-25 09:47:49,556 [INFO]   [EXPIRÉE] فتح باب الترشيح ل مناصب المسؤولية ب وزارة السياحة والصناعة ا... → 2026-07-24
2026-07-25 09:47:49,556 [INFO]   Détails: https://www.emploi-public.ma/ar/%D8%AA%D9%81%D8%A7%D8%B5%D9%8A%D9%84/%D9%85%D9%86%D8%A7%D8%B5%D8%A8-%D8%A7%D9%84%D9%85%D8%B3%D8%A4%D9%88%D9%84%D9%8A%D8%A9/8de5030f-7a8e-4e77-b6df-4d8be658c7e7
2026-07-25 09:47:50,637 [INFO]     PDF trouvé: قرار فتح باب الترشيح (score: 35)
2026-07-25 09:47:50,638 [INFO]   [EXPIRÉE] لائحة المدعوين لاجتياز اختبار الترشيح ل مناصب المسؤولية ب وز... → 2026-04-05
2026-07-25 09:47:50,638 [INFO]   Détails: https://www.emploi-public.ma/ar/%D8%AA%D9%81%D8%A7%D8%B5%D9%8A%D9%84/%D9%85%D9%86%D8%A7%D8%B5%D8%A8-%D8%A7%D9%84%D9%85%D8%B3%D8%A4%D9%88%D9%84%D9%8A%D8%A9/a3ff8765-f34b-4a36-9023-7ae112e77594
2026-07-25 09:47:51,778 [INFO]     PDF trouvé: قرار فتح باب الترشيح (score: 35)
2026-07-25 09:47:51,780 [INFO]   [EN COURS] فتح باب الترشيح ل مناصب المسؤولية ب وزارة الشباب والثقافة وا... → 2026-08-07
2026-07-25 09:47:51,780 [INFO]   Détails: https://www.emploi-public.ma/ar/%D8%AA%D9%81%D8%A7%D8%B5%D9%8A%D9%84/%D9%85%D9%86%D8%A7%D8%B5%D8%A8-%D8%A7%D9%84%D9%85%D8%B3%D8%A4%D9%88%D9%84%D9%8A%D8%A9/c84a5637-77c0-4679-baa9-d49417d7e832
2026-07-25 09:47:54,253 [INFO]     PDF trouvé: قرار فتح باب الترشيح (score: 35)
2026-07-25 09:47:54,254 [INFO]   [EN COURS] فتح باب الترشيح ل مناصب المسؤولية ب وزارة الشباب والثقافة وا... → 2026-08-07
2026-07-25 09:47:54,254 [INFO]   Détails: https://www.emploi-public.ma/ar/%D8%AA%D9%81%D8%A7%D8%B5%D9%8A%D9%84/%D9%85%D9%86%D8%A7%D8%B5%D8%A8-%D8%A7%D9%84%D9%85%D8%B3%D8%A4%D9%88%D9%84%D9%8A%D8%A9/c4ac2878-050a-4908-86bc-a0f7ae46e4f4
2026-07-25 09:47:55,154 [INFO]     PDF trouvé: قرار فتح باب الترشيح (score: 35)
2026-07-25 09:47:55,155 [INFO]   [EXPIRÉE] لائحة الناجحين في مناصب المسؤولية ب وزارة الفلاحة والصيد الب... → 2026-07-07
2026-07-25 09:47:55,155 [INFO]   Détails: https://www.emploi-public.ma/ar/%D8%AA%D9%81%D8%A7%D8%B5%D9%8A%D9%84/%D9%85%D9%86%D8%A7%D8%B5%D8%A8-%D8%A7%D9%84%D9%85%D8%B3%D8%A4%D9%88%D9%84%D9%8A%D8%A9/65bb098d-84db-4eea-a26f-408d847c19d6
2026-07-25 09:47:56,168 [INFO]     PDF trouvé: قرار فتح باب الترشيح (score: 35)
2026-07-25 09:47:56,169 [INFO]   [EXPIRÉE] لائحة المدعوين لاجتياز اختبار الترشيح ل مناصب المسؤولية ب وز... → 2026-06-11
2026-07-25 09:47:56,169 [INFO]   Détails: https://www.emploi-public.ma/ar/%D8%AA%D9%81%D8%A7%D8%B5%D9%8A%D9%84/%D9%85%D9%86%D8%A7%D8%B5%D8%A8-%D8%A7%D9%84%D9%85%D8%B3%D8%A4%D9%88%D9%84%D9%8A%D8%A9/4634f231-1c41-439b-9e77-a5c74ee289d4
2026-07-25 09:48:01,983 [INFO]     PDF trouvé: قرار فتح باب الترشيح (score: 35)
2026-07-25 09:48:01,984 [INFO]   [EXPIRÉE] لائحة المدعوين لاجتياز اختبار الترشيح ل مناصب المسؤولية ب وز... → 2026-06-11
2026-07-25 09:48:01,985 [INFO]   Détails: https://www.emploi-public.ma/ar/%D8%AA%D9%81%D8%A7%D8%B5%D9%8A%D9%84/%D9%85%D9%86%D8%A7%D8%B5%D8%A8-%D8%A7%D9%84%D9%85%D8%B3%D8%A4%D9%88%D9%84%D9%8A%D8%A9/36fa2f7f-c1b1-4034-9c58-493276fbf647
2026-07-25 09:48:08,803 [INFO]     PDF trouvé: قرار فتح باب الترشيح (score: 35)
2026-07-25 09:48:08,804 [INFO]   [EXPIRÉE] لائحة المدعوين لاجتياز اختبار الترشيح ل مناصب المسؤولية ب وز... → 2026-06-11
2026-07-25 09:48:08,804 [INFO]   Détails: https://www.emploi-public.ma/ar/%D8%AA%D9%81%D8%A7%D8%B5%D9%8A%D9%84/%D9%85%D9%86%D8%A7%D8%B5%D8%A8-%D8%A7%D9%84%D9%85%D8%B3%D8%A4%D9%88%D9%84%D9%8A%D8%A9/e1a006ee-57b4-4599-b8f6-02c633731638
2026-07-25 09:48:10,362 [INFO]     PDF trouvé: قرار فتح باب الترشيح (score: 35)
2026-07-25 09:48:10,363 [INFO]   [EN COURS] ضابط مناوبة برتبة رئيس مصلحةبمطار الناظور العروي... → 2026-07-27
2026-07-25 09:48:10,364 [INFO]   Détails: https://www.emploi-public.ma/ar/%D8%AA%D9%81%D8%A7%D8%B5%D9%8A%D9%84/%D9%85%D9%86%D8%A7%D8%B5%D8%A8-%D8%A7%D9%84%D9%85%D8%B3%D8%A4%D9%88%D9%84%D9%8A%D8%A9/c9932c7c-6315-4222-8d28-37e8dcbf86b7
2026-07-25 09:48:11,924 [INFO]     PDF trouvé: قرار فتح باب الترشيح (score: 35)
2026-07-25 09:48:11,925 [INFO]   [EN COURS] رئيس شعبة التعويض والموافقة المسبقة وتحمل مصاريف العلاجات/ م... → 2026-07-27
2026-07-25 09:48:11,925 [INFO]   Détails: https://www.emploi-public.ma/ar/%D8%AA%D9%81%D8%A7%D8%B5%D9%8A%D9%84/%D9%85%D9%86%D8%A7%D8%B5%D8%A8-%D8%A7%D9%84%D9%85%D8%B3%D8%A4%D9%88%D9%84%D9%8A%D8%A9/39a003e8-9e1c-48f1-af30-945bf07c3db9
2026-07-25 09:48:13,427 [INFO]     PDF trouvé: قرار فتح باب الترشيح (score: 35)
2026-07-25 09:48:13,428 [INFO]   [EN COURS] رئيس قسم المراقبة الطبية القبلية وتعويضات التغطية الصحية الإ... → 2026-07-27
2026-07-25 09:48:13,429 [INFO]   Détails: https://www.emploi-public.ma/ar/%D8%AA%D9%81%D8%A7%D8%B5%D9%8A%D9%84/%D9%85%D9%86%D8%A7%D8%B5%D8%A8-%D8%A7%D9%84%D9%85%D8%B3%D8%A4%D9%88%D9%84%D9%8A%D8%A9/f9c3410a-a7c1-4545-a915-6bb6f06b4d81
2026-07-25 09:48:17,712 [INFO]     PDF trouvé: قرار فتح باب الترشيح (score: 35)
2026-07-25 09:48:17,714 [INFO]   [EN COURS] فتح باب الترشيح لمناصب المسؤولية بوزارة الشباب والثقافة والت... → 2026-07-27
2026-07-25 09:48:17,714 [INFO] Page 2/5
2026-07-25 09:48:17,714 [INFO] Scraping page: https://www.emploi-public.ma/ar/قائمة-مناصب-المسؤولية?page=1
2026-07-25 09:48:18,729 [INFO]   → 13 annonces trouvées sur cette page
2026-07-25 09:48:18,730 [INFO]   Détails: https://www.emploi-public.ma/ar/%D8%AA%D9%81%D8%A7%D8%B5%D9%8A%D9%84/%D9%85%D9%86%D8%A7%D8%B5%D8%A8-%D8%A7%D9%84%D9%85%D8%B3%D8%A4%D9%88%D9%84%D9%8A%D8%A9/0980a32b-6d19-43fe-9a78-fed5be8e0263
2026-07-25 09:48:19,527 [INFO]     PDF trouvé: قرار فتح باب الترشيح (score: 35)
2026-07-25 09:48:19,528 [INFO]   [EXPIRÉE] فتح باب الترشيح ل مناصب المسؤولية ب وزارة الداخلية -عمالة إق... → 2026-07-24
2026-07-25 09:48:19,528 [INFO]   Détails: https://www.emploi-public.ma/ar/%D8%AA%D9%81%D8%A7%D8%B5%D9%8A%D9%84/%D9%85%D9%86%D8%A7%D8%B5%D8%A8-%D8%A7%D9%84%D9%85%D8%B3%D8%A4%D9%88%D9%84%D9%8A%D8%A9/e22ab9f5-ac8e-4159-ba33-da0d5a040314
2026-07-25 09:48:20,494 [INFO]     PDF trouvé: قرار فتح باب الترشيح (score: 35)
2026-07-25 09:48:20,496 [INFO]   [EXPIRÉE] فتح باب الترشيح ل مناصب المسؤولية ب وزارة السياحة والصناعة ا... → 2026-07-24
2026-07-25 09:48:20,496 [INFO]   Détails: https://www.emploi-public.ma/ar/%D8%AA%D9%81%D8%A7%D8%B5%D9%8A%D9%84/%D9%85%D9%86%D8%A7%D8%B5%D8%A8-%D8%A7%D9%84%D9%85%D8%B3%D8%A4%D9%88%D9%84%D9%8A%D8%A9/8de5030f-7a8e-4e77-b6df-4d8be658c7e7
2026-07-25 09:48:21,824 [INFO]     PDF trouvé: قرار فتح باب الترشيح (score: 35)
2026-07-25 09:48:21,826 [INFO]   [EXPIRÉE] لائحة المدعوين لاجتياز اختبار الترشيح ل مناصب المسؤولية ب وز... → 2026-04-05
2026-07-25 09:48:21,826 [INFO]   Détails: https://www.emploi-public.ma/ar/%D8%AA%D9%81%D8%A7%D8%B5%D9%8A%D9%84/%D9%85%D9%86%D8%A7%D8%B5%D8%A8-%D8%A7%D9%84%D9%85%D8%B3%D8%A4%D9%88%D9%84%D9%8A%D8%A9/a3ff8765-f34b-4a36-9023-7ae112e77594
2026-07-25 09:48:22,626 [INFO]     PDF trouvé: قرار فتح باب الترشيح (score: 35)
2026-07-25 09:48:22,628 [INFO]   [EN COURS] فتح باب الترشيح ل مناصب المسؤولية ب وزارة الشباب والثقافة وا... → 2026-08-07
2026-07-25 09:48:22,628 [INFO]   Détails: https://www.emploi-public.ma/ar/%D8%AA%D9%81%D8%A7%D8%B5%D9%8A%D9%84/%D9%85%D9%86%D8%A7%D8%B5%D8%A8-%D8%A7%D9%84%D9%85%D8%B3%D8%A4%D9%88%D9%84%D9%8A%D8%A9/c84a5637-77c0-4679-baa9-d49417d7e832
2026-07-25 09:48:23,564 [INFO]     PDF trouvé: قرار فتح باب الترشيح (score: 35)
2026-07-25 09:48:23,566 [INFO]   [EN COURS] فتح باب الترشيح ل مناصب المسؤولية ب وزارة الشباب والثقافة وا... → 2026-08-07
2026-07-25 09:48:23,566 [INFO]   Détails: https://www.emploi-public.ma/ar/%D8%AA%D9%81%D8%A7%D8%B5%D9%8A%D9%84/%D9%85%D9%86%D8%A7%D8%B5%D8%A8-%D8%A7%D9%84%D9%85%D8%B3%D8%A4%D9%88%D9%84%D9%8A%D8%A9/c4ac2878-050a-4908-86bc-a0f7ae46e4f4
2026-07-25 09:48:24,731 [INFO]     PDF trouvé: قرار فتح باب الترشيح (score: 35)
2026-07-25 09:48:24,732 [INFO]   [EXPIRÉE] لائحة الناجحين في مناصب المسؤولية ب وزارة الفلاحة والصيد الب... → 2026-07-07
2026-07-25 09:48:24,733 [INFO]   Détails: https://www.emploi-public.ma/ar/%D8%AA%D9%81%D8%A7%D8%B5%D9%8A%D9%84/%D9%85%D9%86%D8%A7%D8%B5%D8%A8-%D8%A7%D9%84%D9%85%D8%B3%D8%A4%D9%88%D9%84%D9%8A%D8%A9/65bb098d-84db-4eea-a26f-408d847c19d6
2026-07-25 09:48:25,616 [INFO]     PDF trouvé: قرار فتح باب الترشيح (score: 35)
2026-07-25 09:48:25,617 [INFO]   [EXPIRÉE] لائحة المدعوين لاجتياز اختبار الترشيح ل مناصب المسؤولية ب وز... → 2026-06-11
2026-07-25 09:48:25,617 [INFO]   Détails: https://www.emploi-public.ma/ar/%D8%AA%D9%81%D8%A7%D8%B5%D9%8A%D9%84/%D9%85%D9%86%D8%A7%D8%B5%D8%A8-%D8%A7%D9%84%D9%85%D8%B3%D8%A4%D9%88%D9%84%D9%8A%D8%A9/4634f231-1c41-439b-9e77-a5c74ee289d4
2026-07-25 09:48:26,434 [INFO]     PDF trouvé: قرار فتح باب الترشيح (score: 35)
2026-07-25 09:48:26,435 [INFO]   [EXPIRÉE] لائحة المدعوين لاجتياز اختبار الترشيح ل مناصب المسؤولية ب وز... → 2026-06-11
2026-07-25 09:48:26,436 [INFO]   Détails: https://www.emploi-public.ma/ar/%D8%AA%D9%81%D8%A7%D8%B5%D9%8A%D9%84/%D9%85%D9%86%D8%A7%D8%B5%D8%A8-%D8%A7%D9%84%D9%85%D8%B3%D8%A4%D9%88%D9%84%D9%8A%D8%A9/36fa2f7f-c1b1-4034-9c58-493276fbf647
2026-07-25 09:48:27,351 [INFO]     PDF trouvé: قرار فتح باب الترشيح (score: 35)
2026-07-25 09:48:27,353 [INFO]   [EXPIRÉE] لائحة المدعوين لاجتياز اختبار الترشيح ل مناصب المسؤولية ب وز... → 2026-06-11
2026-07-25 09:48:27,353 [INFO]   Détails: https://www.emploi-public.ma/ar/%D8%AA%D9%81%D8%A7%D8%B5%D9%8A%D9%84/%D9%85%D9%86%D8%A7%D8%B5%D8%A8-%D8%A7%D9%84%D9%85%D8%B3%D8%A4%D9%88%D9%84%D9%8A%D8%A9/e1a006ee-57b4-4599-b8f6-02c633731638
2026-07-25 09:48:28,393 [INFO]     PDF trouvé: قرار فتح باب الترشيح (score: 35)
2026-07-25 09:48:28,394 [INFO]   [EN COURS] ضابط مناوبة برتبة رئيس مصلحةبمطار الناظور العروي... → 2026-07-27
2026-07-25 09:48:28,394 [INFO]   Détails: https://www.emploi-public.ma/ar/%D8%AA%D9%81%D8%A7%D8%B5%D9%8A%D9%84/%D9%85%D9%86%D8%A7%D8%B5%D8%A8-%D8%A7%D9%84%D9%85%D8%B3%D8%A4%D9%88%D9%84%D9%8A%D8%A9/c9932c7c-6315-4222-8d28-37e8dcbf86b7
2026-07-25 09:48:29,170 [INFO]     PDF trouvé: قرار فتح باب الترشيح (score: 35)
2026-07-25 09:48:29,171 [INFO]   [EN COURS] رئيس شعبة التعويض والموافقة المسبقة وتحمل مصاريف العلاجات/ م... → 2026-07-27
2026-07-25 09:48:29,171 [INFO]   Détails: https://www.emploi-public.ma/ar/%D8%AA%D9%81%D8%A7%D8%B5%D9%8A%D9%84/%D9%85%D9%86%D8%A7%D8%B5%D8%A8-%D8%A7%D9%84%D9%85%D8%B3%D8%A4%D9%88%D9%84%D9%8A%D8%A9/39a003e8-9e1c-48f1-af30-945bf07c3db9
2026-07-25 09:48:30,110 [INFO]     PDF trouvé: قرار فتح باب الترشيح (score: 35)
2026-07-25 09:48:30,111 [INFO]   [EN COURS] رئيس قسم المراقبة الطبية القبلية وتعويضات التغطية الصحية الإ... → 2026-07-27
2026-07-25 09:48:30,112 [INFO]   Détails: https://www.emploi-public.ma/ar/%D8%AA%D9%81%D8%A7%D8%B5%D9%8A%D9%84/%D9%85%D9%86%D8%A7%D8%B5%D8%A8-%D8%A7%D9%84%D9%85%D8%B3%D8%A4%D9%88%D9%84%D9%8A%D8%A9/f9c3410a-a7c1-4545-a915-6bb6f06b4d81
2026-07-25 09:48:30,929 [INFO]     PDF trouvé: قرار فتح باب الترشيح (score: 35)
2026-07-25 09:48:30,931 [INFO]   [EN COURS] فتح باب الترشيح لمناصب المسؤولية بوزارة الشباب والثقافة والت... → 2026-07-27
2026-07-25 09:48:30,931 [INFO] Page 3/5
2026-07-25 09:48:30,931 [INFO] Scraping page: https://www.emploi-public.ma/ar/قائمة-مناصب-المسؤولية?page=2
2026-07-25 09:48:31,919 [INFO]   → 13 annonces trouvées sur cette page
2026-07-25 09:48:31,920 [INFO]   Détails: https://www.emploi-public.ma/ar/%D8%AA%D9%81%D8%A7%D8%B5%D9%8A%D9%84/%D9%85%D9%86%D8%A7%D8%B5%D8%A8-%D8%A7%D9%84%D9%85%D8%B3%D8%A4%D9%88%D9%84%D9%8A%D8%A9/506cdea9-bd57-40fd-8470-b783d8301a02
2026-07-25 09:48:32,747 [INFO]     PDF trouvé: قرار فتح باب الترشيح (score: 35)
2026-07-25 09:48:32,748 [INFO]   [EXPIRÉE] لائحة المدعوين لاجتياز اختبار الترشيح ل مناصب المسؤولية ب وز... → 2026-06-11
2026-07-25 09:48:32,749 [INFO]   Détails: https://www.emploi-public.ma/ar/%D8%AA%D9%81%D8%A7%D8%B5%D9%8A%D9%84/%D9%85%D9%86%D8%A7%D8%B5%D8%A8-%D8%A7%D9%84%D9%85%D8%B3%D8%A4%D9%88%D9%84%D9%8A%D8%A9/2901b05e-8b4e-4745-b87d-a8cf158f579f
2026-07-25 09:48:33,526 [INFO]     PDF trouvé: قرار فتح باب الترشيح (score: 35)
2026-07-25 09:48:33,528 [INFO]   [EXPIRÉE] لائحة المدعوين لاجتياز اختبار الترشيح ل مناصب المسؤولية ب وز... → 2026-07-23
2026-07-25 09:48:33,528 [INFO]   Détails: https://www.emploi-public.ma/ar/%D8%AA%D9%81%D8%A7%D8%B5%D9%8A%D9%84/%D9%85%D9%86%D8%A7%D8%B5%D8%A8-%D8%A7%D9%84%D9%85%D8%B3%D8%A4%D9%88%D9%84%D9%8A%D8%A9/f9c21d46-0b87-4c11-af2d-b5305b2fc6ad
2026-07-25 09:48:34,597 [INFO]     PDF trouvé: قرار فتح باب الترشيح (score: 35)
2026-07-25 09:48:34,599 [INFO]   [EN COURS] فتح باب الترشيح ل مناصب المسؤولية ب وزارة الداخلية -عمالة إق... → 2026-08-13
2026-07-25 09:48:34,599 [INFO]   Détails: https://www.emploi-public.ma/ar/%D8%AA%D9%81%D8%A7%D8%B5%D9%8A%D9%84/%D9%85%D9%86%D8%A7%D8%B5%D8%A8-%D8%A7%D9%84%D9%85%D8%B3%D8%A4%D9%88%D9%84%D9%8A%D8%A9/1f0f0446-8044-4bda-a4f1-6e55b963a62f
2026-07-25 09:48:35,381 [INFO]     PDF trouvé: قرار فتح باب الترشيح (score: 35)
2026-07-25 09:48:35,383 [INFO]   [EXPIRÉE] لائحة المدعوين لاجتياز اختبار الترشيح ل مناصب المسؤولية ب وز... → 2026-06-29
2026-07-25 09:48:35,383 [INFO]   Détails: https://www.emploi-public.ma/ar/%D8%AA%D9%81%D8%A7%D8%B5%D9%8A%D9%84/%D9%85%D9%86%D8%A7%D8%B5%D8%A8-%D8%A7%D9%84%D9%85%D8%B3%D8%A4%D9%88%D9%84%D9%8A%D8%A9/716ae71a-4687-466a-ae3c-6f09c68b0175
2026-07-25 09:48:36,173 [INFO]     PDF trouvé: قرار فتح باب الترشيح (score: 35)
2026-07-25 09:48:36,174 [INFO]   [EXPIRÉE] لائحة المدعوين لاجتياز اختبار الترشيح ل مناصب المسؤولية ب وز... → 2026-04-17
2026-07-25 09:48:36,175 [INFO]   Détails: https://www.emploi-public.ma/ar/%D8%AA%D9%81%D8%A7%D8%B5%D9%8A%D9%84/%D9%85%D9%86%D8%A7%D8%B5%D8%A8-%D8%A7%D9%84%D9%85%D8%B3%D8%A4%D9%88%D9%84%D9%8A%D8%A9/cec09eea-b8ec-4b2f-a2da-3be6b1cfae34
2026-07-25 09:48:38,006 [INFO]     PDF trouvé: قرار فتح باب الترشيح (score: 35)
2026-07-25 09:48:38,007 [INFO]   [EXPIRÉE] لائحة الناجحين في مناصب المسؤولية ب وزارة العدل... → 2026-06-19
2026-07-25 09:48:38,007 [INFO]   Détails: https://www.emploi-public.ma/ar/%D8%AA%D9%81%D8%A7%D8%B5%D9%8A%D9%84/%D9%85%D9%86%D8%A7%D8%B5%D8%A8-%D8%A7%D9%84%D9%85%D8%B3%D8%A4%D9%88%D9%84%D9%8A%D8%A9/9d0a2934-38fb-4fa5-a988-258254414db5
2026-07-25 09:48:38,807 [INFO]     PDF trouvé: قرار فتح باب الترشيح (score: 35)
2026-07-25 09:48:38,808 [INFO]   [EXPIRÉE] لائحة الناجحين في مناصب المسؤولية ب وزارة العدل... → 2026-06-15
2026-07-25 09:48:38,808 [INFO]   Détails: https://www.emploi-public.ma/ar/%D8%AA%D9%81%D8%A7%D8%B5%D9%8A%D9%84/%D9%85%D9%86%D8%A7%D8%B5%D8%A8-%D8%A7%D9%84%D9%85%D8%B3%D8%A4%D9%88%D9%84%D9%8A%D8%A9/2327c25e-e050-4ea3-8970-df20522676e3
2026-07-25 09:48:40,205 [INFO]     PDF trouvé: قرار فتح باب الترشيح (score: 35)
2026-07-25 09:48:40,207 [INFO]   [EXPIRÉE] لائحة الناجحين في مناصب المسؤولية ب وزارة العدل... → 2026-06-15
2026-07-25 09:48:40,207 [INFO]   Détails: https://www.emploi-public.ma/ar/%D8%AA%D9%81%D8%A7%D8%B5%D9%8A%D9%84/%D9%85%D9%86%D8%A7%D8%B5%D8%A8-%D8%A7%D9%84%D9%85%D8%B3%D8%A4%D9%88%D9%84%D9%8A%D8%A9/6f560704-3786-4bb7-9810-2f2ce23eecfb
2026-07-25 09:48:40,989 [INFO]     PDF trouvé: قرار فتح باب الترشيح (score: 35)
2026-07-25 09:48:40,991 [INFO]   [EXPIRÉE] لائحة الناجحين في مناصب المسؤولية ب وزارة العدل... → 2026-06-12
2026-07-25 09:48:40,991 [INFO]   Détails: https://www.emploi-public.ma/ar/%D8%AA%D9%81%D8%A7%D8%B5%D9%8A%D9%84/%D9%85%D9%86%D8%A7%D8%B5%D8%A8-%D8%A7%D9%84%D9%85%D8%B3%D8%A4%D9%88%D9%84%D9%8A%D8%A9/e1a006ee-57b4-4599-b8f6-02c633731638
2026-07-25 09:48:41,787 [INFO]     PDF trouvé: قرار فتح باب الترشيح (score: 35)
2026-07-25 09:48:41,789 [INFO]   [EN COURS] ضابط مناوبة برتبة رئيس مصلحةبمطار الناظور العروي... → 2026-07-27
2026-07-25 09:48:41,789 [INFO]   Détails: https://www.emploi-public.ma/ar/%D8%AA%D9%81%D8%A7%D8%B5%D9%8A%D9%84/%D9%85%D9%86%D8%A7%D8%B5%D8%A8-%D8%A7%D9%84%D9%85%D8%B3%D8%A4%D9%88%D9%84%D9%8A%D8%A9/c9932c7c-6315-4222-8d28-37e8dcbf86b7
2026-07-25 09:48:42,570 [INFO]     PDF trouvé: قرار فتح باب الترشيح (score: 35)
2026-07-25 09:48:42,571 [INFO]   [EN COURS] رئيس شعبة التعويض والموافقة المسبقة وتحمل مصاريف العلاجات/ م... → 2026-07-27
2026-07-25 09:48:42,572 [INFO]   Détails: https://www.emploi-public.ma/ar/%D8%AA%D9%81%D8%A7%D8%B5%D9%8A%D9%84/%D9%85%D9%86%D8%A7%D8%B5%D8%A8-%D8%A7%D9%84%D9%85%D8%B3%D8%A4%D9%88%D9%84%D9%8A%D8%A9/39a003e8-9e1c-48f1-af30-945bf07c3db9
2026-07-25 09:48:43,516 [INFO]     PDF trouvé: قرار فتح باب الترشيح (score: 35)
2026-07-25 09:48:43,517 [INFO]   [EN COURS] رئيس قسم المراقبة الطبية القبلية وتعويضات التغطية الصحية الإ... → 2026-07-27
2026-07-25 09:48:43,517 [INFO]   Détails: https://www.emploi-public.ma/ar/%D8%AA%D9%81%D8%A7%D8%B5%D9%8A%D9%84/%D9%85%D9%86%D8%A7%D8%B5%D8%A8-%D8%A7%D9%84%D9%85%D8%B3%D8%A4%D9%88%D9%84%D9%8A%D8%A9/f9c3410a-a7c1-4545-a915-6bb6f06b4d81
2026-07-25 09:48:44,332 [INFO]     PDF trouvé: قرار فتح باب الترشيح (score: 35)
2026-07-25 09:48:44,334 [INFO]   [EN COURS] فتح باب الترشيح لمناصب المسؤولية بوزارة الشباب والثقافة والت... → 2026-07-27
2026-07-25 09:48:44,334 [INFO] Page 4/5
2026-07-25 09:48:44,334 [INFO] Scraping page: https://www.emploi-public.ma/ar/قائمة-مناصب-المسؤولية?page=3
2026-07-25 09:48:45,227 [INFO]   → 13 annonces trouvées sur cette page
2026-07-25 09:48:45,229 [INFO]   Détails: https://www.emploi-public.ma/ar/%D8%AA%D9%81%D8%A7%D8%B5%D9%8A%D9%84/%D9%85%D9%86%D8%A7%D8%B5%D8%A8-%D8%A7%D9%84%D9%85%D8%B3%D8%A4%D9%88%D9%84%D9%8A%D8%A9/e2af6bdf-76e9-4dab-b88d-71c8a95777ef
2026-07-25 09:48:46,051 [INFO]     PDF trouvé: قرار فتح باب الترشيح (score: 35)
2026-07-25 09:48:46,052 [INFO]   [EXPIRÉE] لائحة الناجحين في مناصب المسؤولية ب وزارة العدل... → 2026-05-25
2026-07-25 09:48:46,052 [INFO]   Détails: https://www.emploi-public.ma/ar/%D8%AA%D9%81%D8%A7%D8%B5%D9%8A%D9%84/%D9%85%D9%86%D8%A7%D8%B5%D8%A8-%D8%A7%D9%84%D9%85%D8%B3%D8%A4%D9%88%D9%84%D9%8A%D8%A9/e87230b9-5c31-441a-99c0-ef3d70e8fccb
2026-07-25 09:48:46,982 [INFO]     PDF trouvé: قرار فتح باب الترشيح (score: 35)
2026-07-25 09:48:46,983 [INFO]   [EXPIRÉE] فتح باب الترشيح ل مناصب المسؤولية ب وزارة الداخلية -إقليم ال... → 2026-07-22
2026-07-25 09:48:46,983 [INFO]   Détails: https://www.emploi-public.ma/ar/%D8%AA%D9%81%D8%A7%D8%B5%D9%8A%D9%84/%D9%85%D9%86%D8%A7%D8%B5%D8%A8-%D8%A7%D9%84%D9%85%D8%B3%D8%A4%D9%88%D9%84%D9%8A%D8%A9/cb10246f-888d-4789-9322-8d88f1ca4e21
2026-07-25 09:48:48,318 [INFO]     PDF trouvé: قرار فتح باب الترشيح (score: 35)
2026-07-25 09:48:48,319 [INFO]   [EXPIRÉE] فتح باب الترشيح ل مناصب المسؤولية ب وزارة الداخلية -إقليم ال... → 2026-07-22
2026-07-25 09:48:48,320 [INFO]   Détails: https://www.emploi-public.ma/ar/%D8%AA%D9%81%D8%A7%D8%B5%D9%8A%D9%84/%D9%85%D9%86%D8%A7%D8%B5%D8%A8-%D8%A7%D9%84%D9%85%D8%B3%D8%A4%D9%88%D9%84%D9%8A%D8%A9/3b6918d1-3c36-4588-a26b-fbe714b6e52d
2026-07-25 09:48:49,088 [INFO]     PDF trouvé: قرار فتح باب الترشيح (score: 35)
2026-07-25 09:48:49,089 [INFO]   [EXPIRÉE] لائحة المدعوين لاجتياز اختبار الترشيح ل مناصب المسؤولية ب وز... → 2026-06-24
2026-07-25 09:48:49,089 [INFO]   Détails: https://www.emploi-public.ma/ar/%D8%AA%D9%81%D8%A7%D8%B5%D9%8A%D9%84/%D9%85%D9%86%D8%A7%D8%B5%D8%A8-%D8%A7%D9%84%D9%85%D8%B3%D8%A4%D9%88%D9%84%D9%8A%D8%A9/eb11c5f5-5e0a-4093-be4a-be951ac1d902
2026-07-25 09:48:50,095 [INFO]     PDF trouvé: قرار فتح باب الترشيح (score: 35)
2026-07-25 09:48:50,096 [INFO]   [EN COURS] فتح باب الترشيح ل مناصب المسؤولية ب وزارة الشباب والثقافة وا... → 2026-08-05
2026-07-25 09:48:50,096 [INFO]   Détails: https://www.emploi-public.ma/ar/%D8%AA%D9%81%D8%A7%D8%B5%D9%8A%D9%84/%D9%85%D9%86%D8%A7%D8%B5%D8%A8-%D8%A7%D9%84%D9%85%D8%B3%D8%A4%D9%88%D9%84%D9%8A%D8%A9/19cf5e66-9675-4021-ab42-b1b0b537132c
2026-07-25 09:48:50,872 [INFO]     PDF trouvé: قرار فتح باب الترشيح (score: 35)
2026-07-25 09:48:50,874 [INFO]   [EN COURS] فتح باب الترشيح ل مناصب المسؤولية ب وزارة الشباب والثقافة وا... → 2026-08-05
2026-07-25 09:48:50,874 [INFO]   Détails: https://www.emploi-public.ma/ar/%D8%AA%D9%81%D8%A7%D8%B5%D9%8A%D9%84/%D9%85%D9%86%D8%A7%D8%B5%D8%A8-%D8%A7%D9%84%D9%85%D8%B3%D8%A4%D9%88%D9%84%D9%8A%D8%A9/6cf979b2-4c4d-4d2e-8ddf-8b1bbb09eb3e
2026-07-25 09:48:52,383 [INFO]     PDF trouvé: قرار فتح باب الترشيح (score: 35)
2026-07-25 09:48:52,384 [INFO]   [EN COURS] فتح باب الترشيح ل مناصب المسؤولية ب وزارة الداخلية -إقليم تز... → 2026-08-24
2026-07-25 09:48:52,384 [INFO]   Détails: https://www.emploi-public.ma/ar/%D8%AA%D9%81%D8%A7%D8%B5%D9%8A%D9%84/%D9%85%D9%86%D8%A7%D8%B5%D8%A8-%D8%A7%D9%84%D9%85%D8%B3%D8%A4%D9%88%D9%84%D9%8A%D8%A9/2cba0974-d7be-4c5d-859c-b8bc800df124
2026-07-25 09:48:53,165 [INFO]     PDF trouvé: قرار فتح باب الترشيح (score: 35)
2026-07-25 09:48:53,166 [INFO]   [EN COURS] فتح باب الترشيح ل مناصب المسؤولية ب وزارة الداخلية -إقليم تز... → 2026-08-24
2026-07-25 09:48:53,166 [INFO]   Détails: https://www.emploi-public.ma/ar/%D8%AA%D9%81%D8%A7%D8%B5%D9%8A%D9%84/%D9%85%D9%86%D8%A7%D8%B5%D8%A8-%D8%A7%D9%84%D9%85%D8%B3%D8%A4%D9%88%D9%84%D9%8A%D8%A9/881fad78-1510-43dd-a038-743c67dd20f8
2026-07-25 09:48:53,970 [INFO]     PDF trouvé: قرار فتح باب الترشيح (score: 35)
2026-07-25 09:48:53,971 [INFO]   [EXPIRÉE] لائحة المدعوين لاجتياز اختبار الترشيح ل مناصب المسؤولية ب وز... → 2026-04-24
2026-07-25 09:48:53,971 [INFO]   Détails: https://www.emploi-public.ma/ar/%D8%AA%D9%81%D8%A7%D8%B5%D9%8A%D9%84/%D9%85%D9%86%D8%A7%D8%B5%D8%A8-%D8%A7%D9%84%D9%85%D8%B3%D8%A4%D9%88%D9%84%D9%8A%D8%A9/e1a006ee-57b4-4599-b8f6-02c633731638
2026-07-25 09:48:54,814 [INFO]     PDF trouvé: قرار فتح باب الترشيح (score: 35)
2026-07-25 09:48:54,815 [INFO]   [EN COURS] ضابط مناوبة برتبة رئيس مصلحةبمطار الناظور العروي... → 2026-07-27
2026-07-25 09:48:54,815 [INFO]   Détails: https://www.emploi-public.ma/ar/%D8%AA%D9%81%D8%A7%D8%B5%D9%8A%D9%84/%D9%85%D9%86%D8%A7%D8%B5%D8%A8-%D8%A7%D9%84%D9%85%D8%B3%D8%A4%D9%88%D9%84%D9%8A%D8%A9/c9932c7c-6315-4222-8d28-37e8dcbf86b7
2026-07-25 09:48:55,598 [INFO]     PDF trouvé: قرار فتح باب الترشيح (score: 35)
2026-07-25 09:48:55,599 [INFO]   [EN COURS] رئيس شعبة التعويض والموافقة المسبقة وتحمل مصاريف العلاجات/ م... → 2026-07-27
2026-07-25 09:48:55,600 [INFO]   Détails: https://www.emploi-public.ma/ar/%D8%AA%D9%81%D8%A7%D8%B5%D9%8A%D9%84/%D9%85%D9%86%D8%A7%D8%B5%D8%A8-%D8%A7%D9%84%D9%85%D8%B3%D8%A4%D9%88%D9%84%D9%8A%D8%A9/39a003e8-9e1c-48f1-af30-945bf07c3db9
2026-07-25 09:48:56,417 [INFO]     PDF trouvé: قرار فتح باب الترشيح (score: 35)
2026-07-25 09:48:56,418 [INFO]   [EN COURS] رئيس قسم المراقبة الطبية القبلية وتعويضات التغطية الصحية الإ... → 2026-07-27
2026-07-25 09:48:56,418 [INFO]   Détails: https://www.emploi-public.ma/ar/%D8%AA%D9%81%D8%A7%D8%B5%D9%8A%D9%84/%D9%85%D9%86%D8%A7%D8%B5%D8%A8-%D8%A7%D9%84%D9%85%D8%B3%D8%A4%D9%88%D9%84%D9%8A%D8%A9/f9c3410a-a7c1-4545-a915-6bb6f06b4d81
2026-07-25 09:48:57,426 [INFO]     PDF trouvé: قرار فتح باب الترشيح (score: 35)
2026-07-25 09:48:57,428 [INFO]   [EN COURS] فتح باب الترشيح لمناصب المسؤولية بوزارة الشباب والثقافة والت... → 2026-07-27
2026-07-25 09:48:57,428 [INFO] Page 5/5
2026-07-25 09:48:57,428 [INFO] Scraping page: https://www.emploi-public.ma/ar/قائمة-مناصب-المسؤولية?page=4
2026-07-25 09:48:59,527 [INFO]   → 13 annonces trouvées sur cette page
2026-07-25 09:48:59,529 [INFO]   Détails: https://www.emploi-public.ma/ar/%D8%AA%D9%81%D8%A7%D8%B5%D9%8A%D9%84/%D9%85%D9%86%D8%A7%D8%B5%D8%A8-%D8%A7%D9%84%D9%85%D8%B3%D8%A4%D9%88%D9%84%D9%8A%D8%A9/dd4ef999-edb7-4d73-a51f-f94527df58d6
2026-07-25 09:49:00,966 [INFO]     PDF trouvé: قرار فتح باب الترشيح (score: 35)
2026-07-25 09:49:00,967 [INFO]   [EN COURS] فتح باب الترشيح ل مناصب المسؤولية ب وزارة الفلاحة والصيد الب... → 2026-08-03
2026-07-25 09:49:00,967 [INFO]   Détails: https://www.emploi-public.ma/ar/%D8%AA%D9%81%D8%A7%D8%B5%D9%8A%D9%84/%D9%85%D9%86%D8%A7%D8%B5%D8%A8-%D8%A7%D9%84%D9%85%D8%B3%D8%A4%D9%88%D9%84%D9%8A%D8%A9/8191a001-182e-490c-a582-5cf834f5eeb7
2026-07-25 09:49:02,701 [INFO]     PDF trouvé: قرار فتح باب الترشيح (score: 35)
2026-07-25 09:49:02,702 [INFO]   [EXPIRÉE] لائحة الناجحين في مناصب المسؤولية ب وزارة الداخلية... → 2026-05-18
2026-07-25 09:49:02,703 [INFO]   Détails: https://www.emploi-public.ma/ar/%D8%AA%D9%81%D8%A7%D8%B5%D9%8A%D9%84/%D9%85%D9%86%D8%A7%D8%B5%D8%A8-%D8%A7%D9%84%D9%85%D8%B3%D8%A4%D9%88%D9%84%D9%8A%D8%A9/a35f3c8e-0667-423a-a54c-978dbf200428
2026-07-25 09:49:03,765 [INFO]     PDF trouvé: قرار فتح باب الترشيح (score: 35)
2026-07-25 09:49:03,766 [INFO]   [EXPIRÉE] لائحة الناجحين في مناصب المسؤولية ب وزارة التجهيز والماء... → 2026-07-08
2026-07-25 09:49:03,766 [INFO]   Détails: https://www.emploi-public.ma/ar/%D8%AA%D9%81%D8%A7%D8%B5%D9%8A%D9%84/%D9%85%D9%86%D8%A7%D8%B5%D8%A8-%D8%A7%D9%84%D9%85%D8%B3%D8%A4%D9%88%D9%84%D9%8A%D8%A9/c570c40b-7e53-4d54-ba1a-13f0893e857c
2026-07-25 09:49:04,556 [INFO]     PDF trouvé: قرار فتح باب الترشيح (score: 35)
2026-07-25 09:49:04,558 [INFO]   [EN COURS] فتح باب الترشيح ل مناصب المسؤولية ب المجلس الوطني لحقوق الإن... → 2026-08-10
2026-07-25 09:49:04,558 [INFO]   Détails: https://www.emploi-public.ma/ar/%D8%AA%D9%81%D8%A7%D8%B5%D9%8A%D9%84/%D9%85%D9%86%D8%A7%D8%B5%D8%A8-%D8%A7%D9%84%D9%85%D8%B3%D8%A4%D9%88%D9%84%D9%8A%D8%A9/1bdf85ad-c948-4784-b473-af98b5a2bdc4
2026-07-25 09:49:05,458 [INFO]     PDF trouvé: قرار فتح باب الترشيح (score: 35)
2026-07-25 09:49:05,459 [INFO]   [EXPIRÉE] لائحة المدعوين لاجتياز اختبار الترشيح ل مناصب المسؤولية ب ال... → 2026-05-25
2026-07-25 09:49:05,459 [INFO]   Détails: https://www.emploi-public.ma/ar/%D8%AA%D9%81%D8%A7%D8%B5%D9%8A%D9%84/%D9%85%D9%86%D8%A7%D8%B5%D8%A8-%D8%A7%D9%84%D9%85%D8%B3%D8%A4%D9%88%D9%84%D9%8A%D8%A9/b2591536-0a21-45a1-8b3f-43030a0c8988
2026-07-25 09:49:06,455 [INFO]     PDF trouvé: قرار فتح باب الترشيح (score: 35)
2026-07-25 09:49:06,456 [INFO]   [EXPIRÉE] لائحة الناجحين في مناصب المسؤولية ب وزارة التجهيز والماء... → 2026-07-08
2026-07-25 09:49:06,457 [INFO]   Détails: https://www.emploi-public.ma/ar/%D8%AA%D9%81%D8%A7%D8%B5%D9%8A%D9%84/%D9%85%D9%86%D8%A7%D8%B5%D8%A8-%D8%A7%D9%84%D9%85%D8%B3%D8%A4%D9%88%D9%84%D9%8A%D8%A9/c4f5cb55-ee66-4bf2-b1f2-cf71a2c23130
2026-07-25 09:49:07,358 [INFO]     PDF trouvé: قرار فتح باب الترشيح (score: 35)
2026-07-25 09:49:07,360 [INFO]   [EXPIRÉE] لائحة الناجحين في مناصب المسؤولية ب وزارة الداخلية -عمالة مر... → 2026-03-27
2026-07-25 09:49:07,360 [INFO]   Détails: https://www.emploi-public.ma/ar/%D8%AA%D9%81%D8%A7%D8%B5%D9%8A%D9%84/%D9%85%D9%86%D8%A7%D8%B5%D8%A8-%D8%A7%D9%84%D9%85%D8%B3%D8%A4%D9%88%D9%84%D9%8A%D8%A9/22705a8c-da33-4075-8bf0-5ed6d7154128
2026-07-25 09:49:08,299 [INFO]     PDF trouvé: قرار فتح باب الترشيح (score: 35)
2026-07-25 09:49:08,300 [INFO]   [EN COURS] فتح باب الترشيح ل مناصب المسؤولية ب المندوبية العامة لإدارة ... → 2026-08-17
2026-07-25 09:49:08,300 [INFO]   Détails: https://www.emploi-public.ma/ar/%D8%AA%D9%81%D8%A7%D8%B5%D9%8A%D9%84/%D9%85%D9%86%D8%A7%D8%B5%D8%A8-%D8%A7%D9%84%D9%85%D8%B3%D8%A4%D9%88%D9%84%D9%8A%D8%A9/e774ca4d-81dc-42d4-8139-14553b32118f
2026-07-25 09:49:09,210 [INFO]     PDF trouvé: قرار فتح باب الترشيح (score: 35)
2026-07-25 09:49:09,211 [INFO]   [EN COURS] فتح باب الترشيح ل مناصب المسؤولية ب وزارة الشباب والثقافة وا... → 2026-08-04
2026-07-25 09:49:09,211 [INFO]   Détails: https://www.emploi-public.ma/ar/%D8%AA%D9%81%D8%A7%D8%B5%D9%8A%D9%84/%D9%85%D9%86%D8%A7%D8%B5%D8%A8-%D8%A7%D9%84%D9%85%D8%B3%D8%A4%D9%88%D9%84%D9%8A%D8%A9/e1a006ee-57b4-4599-b8f6-02c633731638
2026-07-25 09:49:10,286 [INFO]     PDF trouvé: قرار فتح باب الترشيح (score: 35)
2026-07-25 09:49:10,288 [INFO]   [EN COURS] ضابط مناوبة برتبة رئيس مصلحةبمطار الناظور العروي... → 2026-07-27
2026-07-25 09:49:10,288 [INFO]   Détails: https://www.emploi-public.ma/ar/%D8%AA%D9%81%D8%A7%D8%B5%D9%8A%D9%84/%D9%85%D9%86%D8%A7%D8%B5%D8%A8-%D8%A7%D9%84%D9%85%D8%B3%D8%A4%D9%88%D9%84%D9%8A%D8%A9/c9932c7c-6315-4222-8d28-37e8dcbf86b7
2026-07-25 09:49:11,203 [INFO]     PDF trouvé: قرار فتح باب الترشيح (score: 35)
2026-07-25 09:49:11,205 [INFO]   [EN COURS] رئيس شعبة التعويض والموافقة المسبقة وتحمل مصاريف العلاجات/ م... → 2026-07-27
2026-07-25 09:49:11,205 [INFO]   Détails: https://www.emploi-public.ma/ar/%D8%AA%D9%81%D8%A7%D8%B5%D9%8A%D9%84/%D9%85%D9%86%D8%A7%D8%B5%D8%A8-%D8%A7%D9%84%D9%85%D8%B3%D8%A4%D9%88%D9%84%D9%8A%D8%A9/39a003e8-9e1c-48f1-af30-945bf07c3db9
2026-07-25 09:49:12,165 [INFO]     PDF trouvé: قرار فتح باب الترشيح (score: 35)
2026-07-25 09:49:12,166 [INFO]   [EN COURS] رئيس قسم المراقبة الطبية القبلية وتعويضات التغطية الصحية الإ... → 2026-07-27
2026-07-25 09:49:12,166 [INFO]   Détails: https://www.emploi-public.ma/ar/%D8%AA%D9%81%D8%A7%D8%B5%D9%8A%D9%84/%D9%85%D9%86%D8%A7%D8%B5%D8%A8-%D8%A7%D9%84%D9%85%D8%B3%D8%A4%D9%88%D9%84%D9%8A%D8%A9/f9c3410a-a7c1-4545-a915-6bb6f06b4d81
2026-07-25 09:49:13,102 [INFO]     PDF trouvé: قرار فتح باب الترشيح (score: 35)
2026-07-25 09:49:13,103 [INFO]   [EN COURS] فتح باب الترشيح لمناصب المسؤولية بوزارة الشباب والثقافة والت... → 2026-07-27
2026-07-25 09:49:13,103 [INFO] 
--- Catégorie: المناصب العليا ---
2026-07-25 09:49:13,103 [INFO] Page 1/5
2026-07-25 09:49:13,103 [INFO] Scraping page: https://www.emploi-public.ma/ar/قائمة-المناصب-العليا
2026-07-25 09:49:13,963 [INFO]   → 9 annonces trouvées sur cette page
2026-07-25 09:49:13,965 [INFO]   Détails: https://www.emploi-public.ma/ar/%D8%AA%D9%81%D8%A7%D8%B5%D9%8A%D9%84/%D8%A7%D9%84%D9%85%D9%86%D8%A7%D8%B5%D8%A8-%D8%A7%D9%84%D8%B9%D9%84%D9%8A%D8%A7/a260f3d6-19bf-4755-87e7-64988bd5d952
2026-07-25 09:49:14,786 [WARNING] Format de date non reconnu: 30
2026-07-25 09:49:14,787 [INFO]     PDF trouvé: قرار فتح باب الترشيح (score: 35)
2026-07-25 09:49:14,788 [INFO]   [PAS DE DATE] فتح باب الترشيح للمناصب العليا مدير الملاحة الجوية المدنية...
2026-07-25 09:49:14,788 [INFO]   Détails: https://www.emploi-public.ma/ar/%D8%AA%D9%81%D8%A7%D8%B5%D9%8A%D9%84/%D8%A7%D9%84%D9%85%D9%86%D8%A7%D8%B5%D8%A8-%D8%A7%D9%84%D8%B9%D9%84%D9%8A%D8%A7/30d00bcd-df71-43f3-945e-2204e61cb425
2026-07-25 09:49:15,539 [WARNING] Format de date non reconnu: 30
2026-07-25 09:49:15,541 [INFO]     PDF trouvé: قرار فتح باب الترشيح (score: 35)
2026-07-25 09:49:15,542 [INFO]   [PAS DE DATE] فتح باب الترشيح للمناصب العليا مدير المعهد الوطني لكتابة الض...
2026-07-25 09:49:15,542 [INFO]   Détails: https://www.emploi-public.ma/ar/%D8%AA%D9%81%D8%A7%D8%B5%D9%8A%D9%84/%D8%A7%D9%84%D9%85%D9%86%D8%A7%D8%B5%D8%A8-%D8%A7%D9%84%D8%B9%D9%84%D9%8A%D8%A7/fb33496a-b3e4-46d5-a556-86d0223b04f8
2026-07-25 09:49:16,291 [WARNING] Format de date non reconnu: 30
2026-07-25 09:49:16,292 [INFO]     PDF trouvé: قرار فتح باب الترشيح (score: 35)
2026-07-25 09:49:16,293 [INFO]   [PAS DE DATE] فتح باب الترشيح للمناصب العليا مدير(ة) الشؤون العامة...
2026-07-25 09:49:16,294 [INFO]   Détails: https://www.emploi-public.ma/ar/%D8%AA%D9%81%D8%A7%D8%B5%D9%8A%D9%84/%D8%A7%D9%84%D9%85%D9%86%D8%A7%D8%B5%D8%A8-%D8%A7%D9%84%D8%B9%D9%84%D9%8A%D8%A7/d75f25b8-e1b6-4bba-9bf2-9bcc6a5e913c
2026-07-25 09:49:17,102 [WARNING] Format de date non reconnu: 30
2026-07-25 09:49:17,103 [INFO]     PDF trouvé: قرار فتح باب الترشيح (score: 35)
2026-07-25 09:49:17,104 [INFO]   [PAS DE DATE] فتح باب الترشيح للمناصب العليا مدير الانظمة والدراسات التاري...
2026-07-25 09:49:17,104 [INFO]   Détails: https://www.emploi-public.ma/ar/%D8%AA%D9%81%D8%A7%D8%B5%D9%8A%D9%84/%D8%A7%D9%84%D9%85%D9%86%D8%A7%D8%B5%D8%A8-%D8%A7%D9%84%D8%B9%D9%84%D9%8A%D8%A7/2c16f418-dd0f-4bb2-b66e-f926057114f9
2026-07-25 09:49:17,853 [WARNING] Format de date non reconnu: 30
2026-07-25 09:49:17,855 [INFO]     PDF trouvé: قرار فتح باب الترشيح (score: 35)
2026-07-25 09:49:17,856 [INFO]   [PAS DE DATE] فتح باب الترشيح للمناصب العليا مدير الشباب...
2026-07-25 09:49:17,856 [INFO]   Détails: https://www.emploi-public.ma/ar/%D8%AA%D9%81%D8%A7%D8%B5%D9%8A%D9%84/%D8%A7%D9%84%D9%85%D9%86%D8%A7%D8%B5%D8%A8-%D8%A7%D9%84%D8%B9%D9%84%D9%8A%D8%A7/43fe4445-da66-401e-a3c4-2562a221a332
2026-07-25 09:49:18,565 [WARNING] Format de date non reconnu: 30
2026-07-25 09:49:18,566 [INFO]     PDF trouvé: قرار فتح باب الترشيح (score: 35)
2026-07-25 09:49:18,568 [INFO]   [PAS DE DATE] فتح باب الترشيح للمناصب العليا مدير مؤسسة النهوض بالأعمال ال...
2026-07-25 09:49:18,568 [INFO]   Détails: https://www.emploi-public.ma/ar/%D8%AA%D9%81%D8%A7%D8%B5%D9%8A%D9%84/%D8%A7%D9%84%D9%85%D9%86%D8%A7%D8%B5%D8%A8-%D8%A7%D9%84%D8%B9%D9%84%D9%8A%D8%A7/4d6a3c99-2658-4cfd-99b5-bc5c012c8e55
2026-07-25 09:49:19,830 [WARNING] Format de date non reconnu: 30
2026-07-25 09:49:19,831 [INFO]     PDF trouvé: قرار فتح باب الترشيح (score: 35)
2026-07-25 09:49:19,833 [INFO]   [PAS DE DATE] فتح باب الترشيح للمناصب العليا مدير(ة) المركز الوطني للامتحا...
2026-07-25 09:49:19,833 [INFO]   Détails: https://www.emploi-public.ma/ar/%D8%AA%D9%81%D8%A7%D8%B5%D9%8A%D9%84/%D8%A7%D9%84%D9%85%D9%86%D8%A7%D8%B5%D8%A8-%D8%A7%D9%84%D8%B9%D9%84%D9%8A%D8%A7/803881f5-f7fa-4f8f-b2cd-d6b1566b7fe5
2026-07-25 09:49:20,755 [WARNING] Format de date non reconnu: 30
2026-07-25 09:49:20,756 [INFO]     PDF trouvé: قرار فتح باب الترشيح (score: 35)
2026-07-25 09:49:20,757 [INFO]   [PAS DE DATE] فتح باب الترشيح للمناصب العليا مدير المعهد العالي للدراسات ا...
2026-07-25 09:49:20,758 [INFO]   Détails: https://www.emploi-public.ma/ar/%D8%AA%D9%81%D8%A7%D8%B5%D9%8A%D9%84/%D8%A7%D9%84%D9%85%D9%86%D8%A7%D8%B5%D8%A8-%D8%A7%D9%84%D8%B9%D9%84%D9%8A%D8%A7/d5445636-5a56-491e-9305-8cd418b361f8
2026-07-25 09:49:21,609 [WARNING] Format de date non reconnu: 00
2026-07-25 09:49:21,610 [INFO]     PDF trouvé: قرار فتح باب الترشيح (score: 35)
2026-07-25 09:49:21,611 [INFO]   [PAS DE DATE] فتح باب الترشيح للمناصب العليا مدير إعداد التراب الوطني...
2026-07-25 09:49:21,612 [INFO] Page 2/5
2026-07-25 09:49:21,612 [INFO] Scraping page: https://www.emploi-public.ma/ar/قائمة-المناصب-العليا?page=1
2026-07-25 09:49:23,019 [INFO]   → 9 annonces trouvées sur cette page
2026-07-25 09:49:23,020 [INFO]   Détails: https://www.emploi-public.ma/ar/%D8%AA%D9%81%D8%A7%D8%B5%D9%8A%D9%84/%D8%A7%D9%84%D9%85%D9%86%D8%A7%D8%B5%D8%A8-%D8%A7%D9%84%D8%B9%D9%84%D9%8A%D8%A7/a260f3d6-19bf-4755-87e7-64988bd5d952
2026-07-25 09:49:23,854 [WARNING] Format de date non reconnu: 30
2026-07-25 09:49:23,855 [INFO]     PDF trouvé: قرار فتح باب الترشيح (score: 35)
2026-07-25 09:49:23,856 [INFO]   [PAS DE DATE] فتح باب الترشيح للمناصب العليا مدير الملاحة الجوية المدنية...
2026-07-25 09:49:23,856 [INFO]   Détails: https://www.emploi-public.ma/ar/%D8%AA%D9%81%D8%A7%D8%B5%D9%8A%D9%84/%D8%A7%D9%84%D9%85%D9%86%D8%A7%D8%B5%D8%A8-%D8%A7%D9%84%D8%B9%D9%84%D9%8A%D8%A7/30d00bcd-df71-43f3-945e-2204e61cb425
2026-07-25 09:49:25,552 [WARNING] Format de date non reconnu: 30
2026-07-25 09:49:25,553 [INFO]     PDF trouvé: قرار فتح باب الترشيح (score: 35)
2026-07-25 09:49:25,554 [INFO]   [PAS DE DATE] فتح باب الترشيح للمناصب العليا مدير المعهد الوطني لكتابة الض...
2026-07-25 09:49:25,554 [INFO]   Détails: https://www.emploi-public.ma/ar/%D8%AA%D9%81%D8%A7%D8%B5%D9%8A%D9%84/%D8%A7%D9%84%D9%85%D9%86%D8%A7%D8%B5%D8%A8-%D8%A7%D9%84%D8%B9%D9%84%D9%8A%D8%A7/fb33496a-b3e4-46d5-a556-86d0223b04f8
2026-07-25 09:49:26,382 [WARNING] Format de date non reconnu: 30
2026-07-25 09:49:26,383 [INFO]     PDF trouvé: قرار فتح باب الترشيح (score: 35)
2026-07-25 09:49:26,385 [INFO]   [PAS DE DATE] فتح باب الترشيح للمناصب العليا مدير(ة) الشؤون العامة...
2026-07-25 09:49:26,385 [INFO]   Détails: https://www.emploi-public.ma/ar/%D8%AA%D9%81%D8%A7%D8%B5%D9%8A%D9%84/%D8%A7%D9%84%D9%85%D9%86%D8%A7%D8%B5%D8%A8-%D8%A7%D9%84%D8%B9%D9%84%D9%8A%D8%A7/d75f25b8-e1b6-4bba-9bf2-9bcc6a5e913c
2026-07-25 09:49:28,174 [WARNING] Format de date non reconnu: 30
2026-07-25 09:49:28,175 [INFO]     PDF trouvé: قرار فتح باب الترشيح (score: 35)
2026-07-25 09:49:28,176 [INFO]   [PAS DE DATE] فتح باب الترشيح للمناصب العليا مدير الانظمة والدراسات التاري...
2026-07-25 09:49:28,177 [INFO]   Détails: https://www.emploi-public.ma/ar/%D8%AA%D9%81%D8%A7%D8%B5%D9%8A%D9%84/%D8%A7%D9%84%D9%85%D9%86%D8%A7%D8%B5%D8%A8-%D8%A7%D9%84%D8%B9%D9%84%D9%8A%D8%A7/2c16f418-dd0f-4bb2-b66e-f926057114f9
2026-07-25 09:49:29,206 [WARNING] Format de date non reconnu: 30
2026-07-25 09:49:29,207 [INFO]     PDF trouvé: قرار فتح باب الترشيح (score: 35)
2026-07-25 09:49:29,208 [INFO]   [PAS DE DATE] فتح باب الترشيح للمناصب العليا مدير الشباب...
2026-07-25 09:49:29,208 [INFO]   Détails: https://www.emploi-public.ma/ar/%D8%AA%D9%81%D8%A7%D8%B5%D9%8A%D9%84/%D8%A7%D9%84%D9%85%D9%86%D8%A7%D8%B5%D8%A8-%D8%A7%D9%84%D8%B9%D9%84%D9%8A%D8%A7/43fe4445-da66-401e-a3c4-2562a221a332
2026-07-25 09:49:30,027 [WARNING] Format de date non reconnu: 30
2026-07-25 09:49:30,028 [INFO]     PDF trouvé: قرار فتح باب الترشيح (score: 35)
2026-07-25 09:49:30,029 [INFO]   [PAS DE DATE] فتح باب الترشيح للمناصب العليا مدير مؤسسة النهوض بالأعمال ال...
2026-07-25 09:49:30,029 [INFO]   Détails: https://www.emploi-public.ma/ar/%D8%AA%D9%81%D8%A7%D8%B5%D9%8A%D9%84/%D8%A7%D9%84%D9%85%D9%86%D8%A7%D8%B5%D8%A8-%D8%A7%D9%84%D8%B9%D9%84%D9%8A%D8%A7/4d6a3c99-2658-4cfd-99b5-bc5c012c8e55
2026-07-25 09:49:30,745 [WARNING] Format de date non reconnu: 30
2026-07-25 09:49:30,746 [INFO]     PDF trouvé: قرار فتح باب الترشيح (score: 35)
2026-07-25 09:49:30,747 [INFO]   [PAS DE DATE] فتح باب الترشيح للمناصب العليا مدير(ة) المركز الوطني للامتحا...
2026-07-25 09:49:30,748 [INFO]   Détails: https://www.emploi-public.ma/ar/%D8%AA%D9%81%D8%A7%D8%B5%D9%8A%D9%84/%D8%A7%D9%84%D9%85%D9%86%D8%A7%D8%B5%D8%A8-%D8%A7%D9%84%D8%B9%D9%84%D9%8A%D8%A7/803881f5-f7fa-4f8f-b2cd-d6b1566b7fe5
2026-07-25 09:49:31,474 [WARNING] Format de date non reconnu: 30
2026-07-25 09:49:31,475 [INFO]     PDF trouvé: قرار فتح باب الترشيح (score: 35)
2026-07-25 09:49:31,476 [INFO]   [PAS DE DATE] فتح باب الترشيح للمناصب العليا مدير المعهد العالي للدراسات ا...
2026-07-25 09:49:31,476 [INFO]   Détails: https://www.emploi-public.ma/ar/%D8%AA%D9%81%D8%A7%D8%B5%D9%8A%D9%84/%D8%A7%D9%84%D9%85%D9%86%D8%A7%D8%B5%D8%A8-%D8%A7%D9%84%D8%B9%D9%84%D9%8A%D8%A7/d5445636-5a56-491e-9305-8cd418b361f8
2026-07-25 09:49:32,376 [WARNING] Format de date non reconnu: 00
2026-07-25 09:49:32,377 [INFO]     PDF trouvé: قرار فتح باب الترشيح (score: 35)
2026-07-25 09:49:32,379 [INFO]   [PAS DE DATE] فتح باب الترشيح للمناصب العليا مدير إعداد التراب الوطني...
2026-07-25 09:49:32,379 [INFO] Page 3/5
2026-07-25 09:49:32,379 [INFO] Scraping page: https://www.emploi-public.ma/ar/قائمة-المناصب-العليا?page=2
2026-07-25 09:49:33,261 [INFO]   → 9 annonces trouvées sur cette page
2026-07-25 09:49:33,262 [INFO]   Détails: https://www.emploi-public.ma/ar/%D8%AA%D9%81%D8%A7%D8%B5%D9%8A%D9%84/%D8%A7%D9%84%D9%85%D9%86%D8%A7%D8%B5%D8%A8-%D8%A7%D9%84%D8%B9%D9%84%D9%8A%D8%A7/a19c981f-5e73-4699-978a-3c26f387e76d
2026-07-25 09:49:34,135 [WARNING] Format de date non reconnu: 00
2026-07-25 09:49:34,136 [INFO]     PDF trouvé: قرار فتح باب الترشيح (score: 35)
2026-07-25 09:49:34,138 [INFO]   [PAS DE DATE] فتح باب الترشيح للمناصب العليا مدير الوكالة الحضرية للحسيمة...
2026-07-25 09:49:34,138 [INFO]   Détails: https://www.emploi-public.ma/ar/%D8%AA%D9%81%D8%A7%D8%B5%D9%8A%D9%84/%D8%A7%D9%84%D9%85%D9%86%D8%A7%D8%B5%D8%A8-%D8%A7%D9%84%D8%B9%D9%84%D9%8A%D8%A7/c3eed04a-67b9-4ceb-b4c3-b32e0273c191
2026-07-25 09:49:34,951 [WARNING] Format de date non reconnu: 00
2026-07-25 09:49:34,952 [INFO]     PDF trouvé: قرار فتح باب الترشيح (score: 35)
2026-07-25 09:49:34,953 [INFO]   [PAS DE DATE] فتح باب الترشيح للمناصب العليا مدير الوكالة الحضرية للعرائش...
2026-07-25 09:49:34,954 [INFO]   Détails: https://www.emploi-public.ma/ar/%D8%AA%D9%81%D8%A7%D8%B5%D9%8A%D9%84/%D8%A7%D9%84%D9%85%D9%86%D8%A7%D8%B5%D8%A8-%D8%A7%D9%84%D8%B9%D9%84%D9%8A%D8%A7/6bbca177-c943-4200-991d-4945c7de6c3e
2026-07-25 09:49:35,652 [WARNING] Format de date non reconnu: 30
2026-07-25 09:49:35,653 [INFO]     PDF trouvé: قرار فتح باب الترشيح (score: 35)
2026-07-25 09:49:35,654 [INFO]   [PAS DE DATE] فتح باب الترشيح للمناصب العليا مدير(ة) الشؤون العامة...
2026-07-25 09:49:35,655 [INFO]   Détails: https://www.emploi-public.ma/ar/%D8%AA%D9%81%D8%A7%D8%B5%D9%8A%D9%84/%D8%A7%D9%84%D9%85%D9%86%D8%A7%D8%B5%D8%A8-%D8%A7%D9%84%D8%B9%D9%84%D9%8A%D8%A7/971391f4-c3ed-4054-b39a-d498fdbfba4b
2026-07-25 09:49:36,478 [WARNING] Format de date non reconnu: 30
2026-07-25 09:49:36,480 [INFO]     PDF trouvé: قرار فتح باب الترشيح (score: 35)
2026-07-25 09:49:36,481 [INFO]   [PAS DE DATE] فتح باب الترشيح للمناصب العليا مدير(ة) المعهد الملكي لتكوين ...
2026-07-25 09:49:36,481 [INFO]   Détails: https://www.emploi-public.ma/ar/%D8%AA%D9%81%D8%A7%D8%B5%D9%8A%D9%84/%D8%A7%D9%84%D9%85%D9%86%D8%A7%D8%B5%D8%A8-%D8%A7%D9%84%D8%B9%D9%84%D9%8A%D8%A7/1afa70c8-a02b-457d-98c8-6787ae253f28
2026-07-25 09:49:37,677 [WARNING] Format de date non reconnu: 30
2026-07-25 09:49:37,678 [INFO]     PDF trouvé: قرار فتح باب الترشيح (score: 35)
2026-07-25 09:49:37,680 [INFO]   [PAS DE DATE] فتح باب الترشيح للمناصب العليا مدير مدرسة علوم المعلومات...
2026-07-25 09:49:37,680 [INFO]   Détails: https://www.emploi-public.ma/ar/%D8%AA%D9%81%D8%A7%D8%B5%D9%8A%D9%84/%D8%A7%D9%84%D9%85%D9%86%D8%A7%D8%B5%D8%A8-%D8%A7%D9%84%D8%B9%D9%84%D9%8A%D8%A7/e1c5923d-7307-42c7-90ed-21db5ce34a49
2026-07-25 09:49:38,530 [WARNING] Format de date non reconnu: 30
2026-07-25 09:49:38,531 [INFO]     PDF trouvé: قرار فتح باب الترشيح (score: 35)
2026-07-25 09:49:38,532 [INFO]   [PAS DE DATE] فتح باب الترشيح للمناصب العليا منصب مدير تشريعات البنيات الأ...
2026-07-25 09:49:38,532 [INFO]   Détails: https://www.emploi-public.ma/ar/%D8%AA%D9%81%D8%A7%D8%B5%D9%8A%D9%84/%D8%A7%D9%84%D9%85%D9%86%D8%A7%D8%B5%D8%A8-%D8%A7%D9%84%D8%B9%D9%84%D9%8A%D8%A7/cb431ce3-c104-457a-b464-8ca3b4a5fe55
2026-07-25 09:49:39,362 [WARNING] Format de date non reconnu: 30
2026-07-25 09:49:39,363 [INFO]     PDF trouvé: قرار فتح باب الترشيح (score: 35)
2026-07-25 09:49:39,365 [INFO]   [PAS DE DATE] فتح باب الترشيح للمناصب العليا مدير تشريعات الحكامة والحقوق ...
2026-07-25 09:49:39,365 [INFO]   Détails: https://www.emploi-public.ma/ar/%D8%AA%D9%81%D8%A7%D8%B5%D9%8A%D9%84/%D8%A7%D9%84%D9%85%D9%86%D8%A7%D8%B5%D8%A8-%D8%A7%D9%84%D8%B9%D9%84%D9%8A%D8%A7/83256c4b-36f7-461e-8579-7dbec3b6aae0
2026-07-25 09:49:40,120 [WARNING] Format de date non reconnu: 30
2026-07-25 09:49:40,121 [INFO]     PDF trouvé: قرار فتح باب الترشيح (score: 35)
2026-07-25 09:49:40,122 [INFO]   [PAS DE DATE] فتح باب الترشيح للمناصب العليا عميد كلية الطب والصيدلة بالرب...
2026-07-25 09:49:40,122 [INFO]   Détails: https://www.emploi-public.ma/ar/%D8%AA%D9%81%D8%A7%D8%B5%D9%8A%D9%84/%D8%A7%D9%84%D9%85%D9%86%D8%A7%D8%B5%D8%A8-%D8%A7%D9%84%D8%B9%D9%84%D9%8A%D8%A7/e1054489-8a0a-4d64-92ab-55a9dbb52ac5
2026-07-25 09:49:40,849 [WARNING] Format de date non reconnu: 30
2026-07-25 09:49:40,850 [INFO]     PDF trouvé: قرار فتح باب الترشيح (score: 35)
2026-07-25 09:49:40,851 [INFO]   [PAS DE DATE] فتح باب الترشيح للمناصب العليا مدير المدرسة المحمدية للمهندس...
2026-07-25 09:49:40,851 [INFO] Page 4/5
2026-07-25 09:49:40,851 [INFO] Scraping page: https://www.emploi-public.ma/ar/قائمة-المناصب-العليا?page=3
2026-07-25 09:49:41,585 [INFO]   → 9 annonces trouvées sur cette page
2026-07-25 09:49:41,586 [INFO]   Détails: https://www.emploi-public.ma/ar/%D8%AA%D9%81%D8%A7%D8%B5%D9%8A%D9%84/%D8%A7%D9%84%D9%85%D9%86%D8%A7%D8%B5%D8%A8-%D8%A7%D9%84%D8%B9%D9%84%D9%8A%D8%A7/4276b348-5dae-41c9-b638-6ca89ffaf304
2026-07-25 09:49:42,277 [WARNING] Format de date non reconnu: 30
2026-07-25 09:49:42,278 [INFO]     PDF trouvé: قرار فتح باب الترشيح (score: 35)
2026-07-25 09:49:42,279 [INFO]   [PAS DE DATE] فتح باب الترشيح للمناصب العليا منصب مدير(ة) المركز الجهوي لم...
2026-07-25 09:49:42,279 [INFO]   Détails: https://www.emploi-public.ma/ar/%D8%AA%D9%81%D8%A7%D8%B5%D9%8A%D9%84/%D8%A7%D9%84%D9%85%D9%86%D8%A7%D8%B5%D8%A8-%D8%A7%D9%84%D8%B9%D9%84%D9%8A%D8%A7/0f48ee65-4c13-4056-a870-a38f35f26eee
2026-07-25 09:49:42,977 [WARNING] Format de date non reconnu: 30
2026-07-25 09:49:42,978 [INFO]     PDF trouvé: قرار فتح باب الترشيح (score: 35)
2026-07-25 09:49:42,980 [INFO]   [PAS DE DATE] فتح باب الترشيح للمناصب العليا مدير الانظمة والدراسات التاري...
2026-07-25 09:49:42,980 [INFO]   Détails: https://www.emploi-public.ma/ar/%D8%AA%D9%81%D8%A7%D8%B5%D9%8A%D9%84/%D8%A7%D9%84%D9%85%D9%86%D8%A7%D8%B5%D8%A8-%D8%A7%D9%84%D8%B9%D9%84%D9%8A%D8%A7/17544c4c-7a33-48bd-be97-d4e261c4b1ba
2026-07-25 09:49:43,669 [WARNING] Format de date non reconnu: 30
2026-07-25 09:49:43,670 [INFO]     PDF trouvé: قرار فتح باب الترشيح (score: 35)
2026-07-25 09:49:43,671 [INFO]   [PAS DE DATE] فتح باب الترشيح للمناصب العليا المدير(ة) العام(ة) لتنظيم الح...
2026-07-25 09:49:43,671 [INFO]   Détails: https://www.emploi-public.ma/ar/%D8%AA%D9%81%D8%A7%D8%B5%D9%8A%D9%84/%D8%A7%D9%84%D9%85%D9%86%D8%A7%D8%B5%D8%A8-%D8%A7%D9%84%D8%B9%D9%84%D9%8A%D8%A7/2062be70-06c0-4b02-b143-bb2108a03421
2026-07-25 09:49:44,389 [WARNING] Format de date non reconnu: 30
2026-07-25 09:49:44,390 [INFO]     PDF trouvé: قرار فتح باب الترشيح (score: 35)
2026-07-25 09:49:44,391 [INFO]   [PAS DE DATE] فتح باب الترشيح للمناصب العليا مدير(ة) المركز الوطني للأستاذ...
2026-07-25 09:49:44,391 [INFO]   Détails: https://www.emploi-public.ma/ar/%D8%AA%D9%81%D8%A7%D8%B5%D9%8A%D9%84/%D8%A7%D9%84%D9%85%D9%86%D8%A7%D8%B5%D8%A8-%D8%A7%D9%84%D8%B9%D9%84%D9%8A%D8%A7/5b7e6e30-4777-469d-9fa2-856d4390a35f
2026-07-25 09:49:46,148 [WARNING] Format de date non reconnu: 30
2026-07-25 09:49:46,149 [INFO]     PDF trouvé: قرار فتح باب الترشيح (score: 35)
2026-07-25 09:49:46,150 [INFO]   [PAS DE DATE] فتح باب الترشيح للمناصب العليا مدير الشباب...
2026-07-25 09:49:46,150 [INFO]   Détails: https://www.emploi-public.ma/ar/%D8%AA%D9%81%D8%A7%D8%B5%D9%8A%D9%84/%D8%A7%D9%84%D9%85%D9%86%D8%A7%D8%B5%D8%A8-%D8%A7%D9%84%D8%B9%D9%84%D9%8A%D8%A7/5313b8af-912f-4d82-b328-04c94fbe4562
2026-07-25 09:49:48,109 [WARNING] Format de date non reconnu: 30
2026-07-25 09:49:48,110 [INFO]     PDF trouvé: قرار فتح باب الترشيح (score: 35)
2026-07-25 09:49:48,111 [INFO]   [PAS DE DATE] فتح باب الترشيح للمناصب العليا مدير (ة) التعاون والشراكة...
2026-07-25 09:49:48,111 [INFO]   Détails: https://www.emploi-public.ma/ar/%D8%AA%D9%81%D8%A7%D8%B5%D9%8A%D9%84/%D8%A7%D9%84%D9%85%D9%86%D8%A7%D8%B5%D8%A8-%D8%A7%D9%84%D8%B9%D9%84%D9%8A%D8%A7/52349e85-618a-444c-94ae-a269dcb8ede6
2026-07-25 09:49:48,939 [WARNING] Format de date non reconnu: 30
2026-07-25 09:49:48,940 [INFO]     PDF trouvé: قرار فتح باب الترشيح (score: 35)
2026-07-25 09:49:48,942 [INFO]   [PAS DE DATE] فتح باب الترشيح للمناصب العليا مدير (ة) الموارد البشرية...
2026-07-25 09:49:48,942 [INFO]   Détails: https://www.emploi-public.ma/ar/%D8%AA%D9%81%D8%A7%D8%B5%D9%8A%D9%84/%D8%A7%D9%84%D9%85%D9%86%D8%A7%D8%B5%D8%A8-%D8%A7%D9%84%D8%B9%D9%84%D9%8A%D8%A7/b993993a-7a9f-4f82-a95d-4c705192b5c5
2026-07-25 09:49:49,655 [WARNING] Format de date non reconnu: 30
2026-07-25 09:49:49,656 [INFO]     PDF trouvé: قرار فتح باب الترشيح (score: 35)
2026-07-25 09:49:49,657 [INFO]   [PAS DE DATE] فتح باب الترشيح للمناصب العليا مدير(ة) الأكاديمية الجهوية لل...
2026-07-25 09:49:49,657 [INFO]   Détails: https://www.emploi-public.ma/ar/%D8%AA%D9%81%D8%A7%D8%B5%D9%8A%D9%84/%D8%A7%D9%84%D9%85%D9%86%D8%A7%D8%B5%D8%A8-%D8%A7%D9%84%D8%B9%D9%84%D9%8A%D8%A7/a8514544-73e5-48b0-bc95-4e3782a246c4
2026-07-25 09:49:50,348 [WARNING] Format de date non reconnu: 30
2026-07-25 09:49:50,349 [INFO]     PDF trouvé: قرار فتح باب الترشيح (score: 35)
2026-07-25 09:49:50,350 [INFO]   [PAS DE DATE] فتح باب الترشيح للمناصب العليا مدير المكتب الجهوي للاستثمار ...
2026-07-25 09:49:50,350 [INFO] Page 5/5
2026-07-25 09:49:50,350 [INFO] Scraping page: https://www.emploi-public.ma/ar/قائمة-المناصب-العليا?page=4
2026-07-25 09:49:51,132 [INFO]   → 9 annonces trouvées sur cette page
2026-07-25 09:49:51,133 [INFO]   Détails: https://www.emploi-public.ma/ar/%D8%AA%D9%81%D8%A7%D8%B5%D9%8A%D9%84/%D8%A7%D9%84%D9%85%D9%86%D8%A7%D8%B5%D8%A8-%D8%A7%D9%84%D8%B9%D9%84%D9%8A%D8%A7/34737011-4b34-4d27-a8e4-f96374ce7e3b
2026-07-25 09:49:52,630 [WARNING] Format de date non reconnu: 30
2026-07-25 09:49:52,631 [INFO]     PDF trouvé: قرار فتح باب الترشيح (score: 35)
2026-07-25 09:49:52,632 [INFO]   [PAS DE DATE] فتح باب الترشيح للمناصب العليا مدير المركز الجهوي للإستثمار ...
2026-07-25 09:49:52,632 [INFO]   Détails: https://www.emploi-public.ma/ar/%D8%AA%D9%81%D8%A7%D8%B5%D9%8A%D9%84/%D8%A7%D9%84%D9%85%D9%86%D8%A7%D8%B5%D8%A8-%D8%A7%D9%84%D8%B9%D9%84%D9%8A%D8%A7/3848b51d-1643-4c8a-9d0a-0001f3ec1eb6
2026-07-25 09:49:53,359 [WARNING] Format de date non reconnu: 30
2026-07-25 09:49:53,360 [INFO]     PDF trouvé: قرار فتح باب الترشيح (score: 35)
2026-07-25 09:49:53,361 [INFO]   [PAS DE DATE] فتح باب الترشيح للمناصب العليا مدير الإحصائيات والدراسات وال...
2026-07-25 09:49:53,361 [INFO]   Détails: https://www.emploi-public.ma/ar/%D8%AA%D9%81%D8%A7%D8%B5%D9%8A%D9%84/%D8%A7%D9%84%D9%85%D9%86%D8%A7%D8%B5%D8%A8-%D8%A7%D9%84%D8%B9%D9%84%D9%8A%D8%A7/f762f1b5-8e54-4277-9ceb-b77512a40379
2026-07-25 09:49:54,112 [WARNING] Format de date non reconnu: 30
2026-07-25 09:49:54,113 [INFO]     PDF trouvé: قرار فتح باب الترشيح (score: 35)
2026-07-25 09:49:54,114 [INFO]   [PAS DE DATE] فتح باب الترشيح للمناصب العليا مدير المعهد الوطني العالي للم...
2026-07-25 09:49:54,114 [INFO]   Détails: https://www.emploi-public.ma/ar/%D8%AA%D9%81%D8%A7%D8%B5%D9%8A%D9%84/%D8%A7%D9%84%D9%85%D9%86%D8%A7%D8%B5%D8%A8-%D8%A7%D9%84%D8%B9%D9%84%D9%8A%D8%A7/f398a7c1-f047-4cb7-95a2-e63106086337
2026-07-25 09:49:54,855 [WARNING] Format de date non reconnu: 30
2026-07-25 09:49:54,856 [INFO]     PDF trouvé: قرار فتح باب الترشيح (score: 35)
2026-07-25 09:49:54,857 [INFO]   [PAS DE DATE] فتح باب الترشيح للمناصب العليا مدير (ة) التعليم العالي والتن...
2026-07-25 09:49:54,857 [INFO]   Détails: https://www.emploi-public.ma/ar/%D8%AA%D9%81%D8%A7%D8%B5%D9%8A%D9%84/%D8%A7%D9%84%D9%85%D9%86%D8%A7%D8%B5%D8%A8-%D8%A7%D9%84%D8%B9%D9%84%D9%8A%D8%A7/b93e0027-1954-4712-8bb1-c6c3715e916c
2026-07-25 09:49:55,982 [INFO]     PDF trouvé: قرار فتح باب الترشيح (score: 35)
2026-07-25 09:49:55,983 [INFO]   [EXPIRÉE] فتح باب الترشيح للمناصب العليا مدير وكالة الحوض المائي لسوس ... → 2026-05-14
2026-07-25 09:49:55,983 [INFO]   Détails: https://www.emploi-public.ma/ar/%D8%AA%D9%81%D8%A7%D8%B5%D9%8A%D9%84/%D8%A7%D9%84%D9%85%D9%86%D8%A7%D8%B5%D8%A8-%D8%A7%D9%84%D8%B9%D9%84%D9%8A%D8%A7/50a4fceb-7a2a-4dfc-9d54-27d5969d8c20
2026-07-25 09:49:56,679 [WARNING] Format de date non reconnu: 30
2026-07-25 09:49:56,680 [INFO]     PDF trouvé: قرار فتح باب الترشيح (score: 35)
2026-07-25 09:49:56,681 [INFO]   [PAS DE DATE] فتح باب الترشيح للمناصب العليا مدير العلاقات مع المجتمع المد...
2026-07-25 09:49:56,681 [INFO]   Détails: https://www.emploi-public.ma/ar/%D8%AA%D9%81%D8%A7%D8%B5%D9%8A%D9%84/%D8%A7%D9%84%D9%85%D9%86%D8%A7%D8%B5%D8%A8-%D8%A7%D9%84%D8%B9%D9%84%D9%8A%D8%A7/79e56e61-79b1-4b12-b93a-174e15b76e74
2026-07-25 09:49:57,504 [WARNING] Format de date non reconnu: 30
2026-07-25 09:49:57,505 [INFO]     PDF trouvé: قرار فتح باب الترشيح (score: 35)
2026-07-25 09:49:57,506 [INFO]   [PAS DE DATE] فتح باب الترشيح للمناصب العليا مدير المعهد العالي الدولي للس...
2026-07-25 09:49:57,506 [INFO]   Détails: https://www.emploi-public.ma/ar/%D8%AA%D9%81%D8%A7%D8%B5%D9%8A%D9%84/%D8%A7%D9%84%D9%85%D9%86%D8%A7%D8%B5%D8%A8-%D8%A7%D9%84%D8%B9%D9%84%D9%8A%D8%A7/cd433a5b-75fc-4eb0-b5d7-0a520ca6c2ab
2026-07-25 09:49:58,319 [WARNING] Format de date non reconnu: 30
2026-07-25 09:49:58,320 [INFO]     PDF trouvé: قرار فتح باب الترشيح (score: 35)
2026-07-25 09:49:58,321 [INFO]   [PAS DE DATE] فتح باب الترشيح للمناصب العليا كاتب عام لوزارة إصلاح الإدارة...
2026-07-25 09:49:58,321 [INFO]   Détails: https://www.emploi-public.ma/ar/%D8%AA%D9%81%D8%A7%D8%B5%D9%8A%D9%84/%D8%A7%D9%84%D9%85%D9%86%D8%A7%D8%B5%D8%A8-%D8%A7%D9%84%D8%B9%D9%84%D9%8A%D8%A7/cf89dcaf-13b0-4674-befa-b629bfcf72cf
2026-07-25 09:49:59,096 [WARNING] Format de date non reconnu: 30
2026-07-25 09:49:59,097 [INFO]     PDF trouvé: قرار فتح باب الترشيح (score: 35)
2026-07-25 09:49:59,098 [INFO]   [PAS DE DATE] فتح باب الترشيح للمناصب العليا كاتب عام -قطاع التشغيل...
2026-07-25 09:49:59,098 [INFO] 
--- Catégorie: المباريات ---
2026-07-25 09:49:59,098 [INFO] Page 1/5
2026-07-25 09:49:59,098 [INFO] Scraping page: https://www.emploi-public.ma/ar/قائمة-المباريات
2026-07-25 09:50:00,462 [INFO]   → 9 annonces trouvées sur cette page
2026-07-25 09:50:00,463 [INFO]   Détails: https://www.emploi-public.ma/ar/%D8%AA%D9%81%D8%A7%D8%B5%D9%8A%D9%84/%D8%A7%D9%84%D9%85%D8%A8%D8%A7%D8%B1%D9%8A%D8%A7%D8%AA/74fa6128-711a-40b7-b71b-5b4388a2d9d4
2026-07-25 09:50:01,218 [INFO]     PDF trouvé: قرار فتح المباراة (score: 25)
2026-07-25 09:50:01,219 [INFO]   [EN COURS] مباراة لتوظيف مساعد تقني من الدرجة الثانية... → 2026-08-10
2026-07-25 09:50:01,219 [INFO]   Détails: https://www.emploi-public.ma/ar/%D8%AA%D9%81%D8%A7%D8%B5%D9%8A%D9%84/%D8%A7%D9%84%D9%85%D8%A8%D8%A7%D8%B1%D9%8A%D8%A7%D8%AA/3d99718c-9c89-43ed-92b5-ec76b2c038b3
2026-07-25 09:50:02,034 [INFO]     PDF trouvé: قرار فتح المباراة (score: 25)
2026-07-25 09:50:02,035 [INFO]   [EN COURS] مباراة لتوظيف تقني من الدرجة الرابعة - سلم 8... → 2026-08-10
2026-07-25 09:50:02,035 [INFO]   Détails: https://www.emploi-public.ma/ar/%D8%AA%D9%81%D8%A7%D8%B5%D9%8A%D9%84/%D8%A7%D9%84%D9%85%D8%A8%D8%A7%D8%B1%D9%8A%D8%A7%D8%AA/4e64e78f-621d-4e95-a829-a8b22986502a
2026-07-25 09:50:02,847 [INFO]     PDF trouvé: قرار فتح المباراة (score: 25)
2026-07-25 09:50:02,848 [INFO]   [EN COURS] مباراة لتوظيف تقني من الدرجة الثالثة - سلم 9... → 2026-08-10
2026-07-25 09:50:02,848 [INFO]   Détails: https://www.emploi-public.ma/ar/%D8%AA%D9%81%D8%A7%D8%B5%D9%8A%D9%84/%D8%A7%D9%84%D9%85%D8%A8%D8%A7%D8%B1%D9%8A%D8%A7%D8%AA/bacf792b-04bc-4a4b-a73b-cc69eab17a49
2026-07-25 09:50:03,605 [INFO]     PDF trouvé: قرار فتح المباراة (score: 25)
2026-07-25 09:50:03,606 [INFO]   [EN COURS] مباراة لتوظيف مهندس دولة من الدرجة الأولى - سلم 11... → 2026-08-10
2026-07-25 09:50:03,606 [INFO]   Détails: https://www.emploi-public.ma/ar/%D8%AA%D9%81%D8%A7%D8%B5%D9%8A%D9%84/%D8%A7%D9%84%D9%85%D8%A8%D8%A7%D8%B1%D9%8A%D8%A7%D8%AA/3d6e4275-fe42-4fa4-b135-22595857f77b
2026-07-25 09:50:04,384 [INFO]     PDF trouvé: قرار فتح المباراة (score: 25)
2026-07-25 09:50:04,385 [INFO]   [EN COURS] مباراة لتوظيف كاتب الشؤون الخارجية - سلم 10... → 2026-08-10
2026-07-25 09:50:04,386 [INFO]   Détails: https://www.emploi-public.ma/ar/%D8%AA%D9%81%D8%A7%D8%B5%D9%8A%D9%84/%D8%A7%D9%84%D9%85%D8%A8%D8%A7%D8%B1%D9%8A%D8%A7%D8%AA/f8fd2d0d-5d98-42d7-8229-9924acf1c303
2026-07-25 09:50:05,133 [INFO]     PDF trouvé: قرار فتح المباراة (score: 25)
2026-07-25 09:50:05,134 [INFO]   [EN COURS] مباراة لتوظيف مستشار الشؤون الخارجية - سلم 11... → 2026-08-10
2026-07-25 09:50:05,134 [INFO]   Détails: https://www.emploi-public.ma/ar/%D8%AA%D9%81%D8%A7%D8%B5%D9%8A%D9%84/%D8%A7%D9%84%D9%85%D8%A8%D8%A7%D8%B1%D9%8A%D8%A7%D8%AA/0d14767d-7b8a-4282-b397-96709c297e37
2026-07-25 09:50:05,965 [INFO]     PDF trouvé: قرار فتح المباراة (score: 25)
2026-07-25 09:50:05,967 [INFO]   [EN COURS] مباراة لتوظيف مفتش الجمارك من الدرجة الثانية... → 2026-08-10
2026-07-25 09:50:05,967 [INFO]   Détails: https://www.emploi-public.ma/ar/%D8%AA%D9%81%D8%A7%D8%B5%D9%8A%D9%84/%D8%A7%D9%84%D9%85%D8%A8%D8%A7%D8%B1%D9%8A%D8%A7%D8%AA/ab562af5-0ec1-4fe8-99a3-48cd82b59676
2026-07-25 09:50:07,867 [INFO]     PDF trouvé: قرار فتح المباراة (score: 25)
2026-07-25 09:50:07,868 [INFO]   [EN COURS] مباراة لتوظيف مهندس الدولة للجمارك من الدرجة الأولى... → 2026-08-10
2026-07-25 09:50:07,868 [INFO]   Détails: https://www.emploi-public.ma/ar/%D8%AA%D9%81%D8%A7%D8%B5%D9%8A%D9%84/%D8%A7%D9%84%D9%85%D8%A8%D8%A7%D8%B1%D9%8A%D8%A7%D8%AA/e9c0bb85-e735-4886-acf1-b3309ba4a205
2026-07-25 09:50:08,811 [INFO]     PDF trouvé: قرار فتح المباراة (score: 25)
2026-07-25 09:50:08,812 [INFO]   [EN COURS] مباراة لتوظيف مهندس دولة من الدرجة الأولى - سلم 11... → 2026-08-10
2026-07-25 09:50:08,812 [INFO] Page 2/5
2026-07-25 09:50:08,812 [INFO] Scraping page: https://www.emploi-public.ma/ar/قائمة-المباريات?page=1
2026-07-25 09:50:09,896 [INFO]   → 9 annonces trouvées sur cette page
2026-07-25 09:50:09,897 [INFO]   Détails: https://www.emploi-public.ma/ar/%D8%AA%D9%81%D8%A7%D8%B5%D9%8A%D9%84/%D8%A7%D9%84%D9%85%D8%A8%D8%A7%D8%B1%D9%8A%D8%A7%D8%AA/74fa6128-711a-40b7-b71b-5b4388a2d9d4
2026-07-25 09:50:11,862 [INFO]     PDF trouvé: قرار فتح المباراة (score: 25)
2026-07-25 09:50:11,863 [INFO]   [EN COURS] مباراة لتوظيف مساعد تقني من الدرجة الثانية... → 2026-08-10
2026-07-25 09:50:11,863 [INFO]   Détails: https://www.emploi-public.ma/ar/%D8%AA%D9%81%D8%A7%D8%B5%D9%8A%D9%84/%D8%A7%D9%84%D9%85%D8%A8%D8%A7%D8%B1%D9%8A%D8%A7%D8%AA/3d99718c-9c89-43ed-92b5-ec76b2c038b3
2026-07-25 09:50:12,583 [INFO]     PDF trouvé: قرار فتح المباراة (score: 25)
2026-07-25 09:50:12,584 [INFO]   [EN COURS] مباراة لتوظيف تقني من الدرجة الرابعة - سلم 8... → 2026-08-10
2026-07-25 09:50:12,584 [INFO]   Détails: https://www.emploi-public.ma/ar/%D8%AA%D9%81%D8%A7%D8%B5%D9%8A%D9%84/%D8%A7%D9%84%D9%85%D8%A8%D8%A7%D8%B1%D9%8A%D8%A7%D8%AA/4e64e78f-621d-4e95-a829-a8b22986502a
2026-07-25 09:50:13,331 [INFO]     PDF trouvé: قرار فتح المباراة (score: 25)
2026-07-25 09:50:13,333 [INFO]   [EN COURS] مباراة لتوظيف تقني من الدرجة الثالثة - سلم 9... → 2026-08-10
2026-07-25 09:50:13,333 [INFO]   Détails: https://www.emploi-public.ma/ar/%D8%AA%D9%81%D8%A7%D8%B5%D9%8A%D9%84/%D8%A7%D9%84%D9%85%D8%A8%D8%A7%D8%B1%D9%8A%D8%A7%D8%AA/bacf792b-04bc-4a4b-a73b-cc69eab17a49
2026-07-25 09:50:14,038 [INFO]     PDF trouvé: قرار فتح المباراة (score: 25)
2026-07-25 09:50:14,039 [INFO]   [EN COURS] مباراة لتوظيف مهندس دولة من الدرجة الأولى - سلم 11... → 2026-08-10
2026-07-25 09:50:14,039 [INFO]   Détails: https://www.emploi-public.ma/ar/%D8%AA%D9%81%D8%A7%D8%B5%D9%8A%D9%84/%D8%A7%D9%84%D9%85%D8%A8%D8%A7%D8%B1%D9%8A%D8%A7%D8%AA/3d6e4275-fe42-4fa4-b135-22595857f77b
2026-07-25 09:50:14,746 [INFO]     PDF trouvé: قرار فتح المباراة (score: 25)
2026-07-25 09:50:14,747 [INFO]   [EN COURS] مباراة لتوظيف كاتب الشؤون الخارجية - سلم 10... → 2026-08-10
2026-07-25 09:50:14,748 [INFO]   Détails: https://www.emploi-public.ma/ar/%D8%AA%D9%81%D8%A7%D8%B5%D9%8A%D9%84/%D8%A7%D9%84%D9%85%D8%A8%D8%A7%D8%B1%D9%8A%D8%A7%D8%AA/f8fd2d0d-5d98-42d7-8229-9924acf1c303
2026-07-25 09:50:15,641 [INFO]     PDF trouvé: قرار فتح المباراة (score: 25)
2026-07-25 09:50:15,643 [INFO]   [EN COURS] مباراة لتوظيف مستشار الشؤون الخارجية - سلم 11... → 2026-08-10
2026-07-25 09:50:15,643 [INFO]   Détails: https://www.emploi-public.ma/ar/%D8%AA%D9%81%D8%A7%D8%B5%D9%8A%D9%84/%D8%A7%D9%84%D9%85%D8%A8%D8%A7%D8%B1%D9%8A%D8%A7%D8%AA/0d14767d-7b8a-4282-b397-96709c297e37
2026-07-25 09:50:16,755 [INFO]     PDF trouvé: قرار فتح المباراة (score: 25)
2026-07-25 09:50:16,756 [INFO]   [EN COURS] مباراة لتوظيف مفتش الجمارك من الدرجة الثانية... → 2026-08-10
2026-07-25 09:50:16,756 [INFO]   Détails: https://www.emploi-public.ma/ar/%D8%AA%D9%81%D8%A7%D8%B5%D9%8A%D9%84/%D8%A7%D9%84%D9%85%D8%A8%D8%A7%D8%B1%D9%8A%D8%A7%D8%AA/ab562af5-0ec1-4fe8-99a3-48cd82b59676
2026-07-25 09:50:17,524 [INFO]     PDF trouvé: قرار فتح المباراة (score: 25)
2026-07-25 09:50:17,525 [INFO]   [EN COURS] مباراة لتوظيف مهندس الدولة للجمارك من الدرجة الأولى... → 2026-08-10
2026-07-25 09:50:17,526 [INFO]   Détails: https://www.emploi-public.ma/ar/%D8%AA%D9%81%D8%A7%D8%B5%D9%8A%D9%84/%D8%A7%D9%84%D9%85%D8%A8%D8%A7%D8%B1%D9%8A%D8%A7%D8%AA/e9c0bb85-e735-4886-acf1-b3309ba4a205
2026-07-25 09:50:18,307 [INFO]     PDF trouvé: قرار فتح المباراة (score: 25)
2026-07-25 09:50:18,308 [INFO]   [EN COURS] مباراة لتوظيف مهندس دولة من الدرجة الأولى - سلم 11... → 2026-08-10
2026-07-25 09:50:18,308 [INFO] Page 3/5
2026-07-25 09:50:18,308 [INFO] Scraping page: https://www.emploi-public.ma/ar/قائمة-المباريات?page=2
2026-07-25 09:50:19,346 [INFO]   → 9 annonces trouvées sur cette page
2026-07-25 09:50:19,347 [INFO]   Détails: https://www.emploi-public.ma/ar/%D8%AA%D9%81%D8%A7%D8%B5%D9%8A%D9%84/%D8%A7%D9%84%D9%85%D8%A8%D8%A7%D8%B1%D9%8A%D8%A7%D8%AA/d91438ac-a7df-48aa-a29d-ea568c52b32e
2026-07-25 09:50:20,225 [INFO]     PDF trouvé: قرار فتح المباراة (score: 25)
2026-07-25 09:50:20,227 [INFO]   [EN COURS] مباراة لتوظيف تقني من الدرجة الثالثة - سلم 9... → 2026-08-07
2026-07-25 09:50:20,227 [INFO]   Détails: https://www.emploi-public.ma/ar/%D8%AA%D9%81%D8%A7%D8%B5%D9%8A%D9%84/%D8%A7%D9%84%D9%85%D8%A8%D8%A7%D8%B1%D9%8A%D8%A7%D8%AA/6aa579ad-7abb-44f1-b036-56e9fbafced8
2026-07-25 09:50:21,095 [INFO]     PDF trouvé: قرار فتح المباراة (score: 25)
2026-07-25 09:50:21,096 [INFO]   [EN COURS] مباراة لتوظيف متصرف من الدرجة الثانية - سلم 11... → 2026-08-07
2026-07-25 09:50:21,096 [INFO]   Détails: https://www.emploi-public.ma/ar/%D8%AA%D9%81%D8%A7%D8%B5%D9%8A%D9%84/%D8%A7%D9%84%D9%85%D8%A8%D8%A7%D8%B1%D9%8A%D8%A7%D8%AA/c27ac1df-953a-4b58-a2e2-e273271f18b1
2026-07-25 09:50:21,809 [INFO]     PDF trouvé: قرار فتح المباراة (score: 25)
2026-07-25 09:50:21,810 [INFO]   [EN COURS] مباراة لتوظيف مساعد تقني من الدرجة الثانية... → 2026-08-05
2026-07-25 09:50:21,810 [INFO]   Détails: https://www.emploi-public.ma/ar/%D8%AA%D9%81%D8%A7%D8%B5%D9%8A%D9%84/%D8%A7%D9%84%D9%85%D8%A8%D8%A7%D8%B1%D9%8A%D8%A7%D8%AA/7faff0fb-2922-485a-853e-20b4d81cbc7a
2026-07-25 09:50:22,514 [INFO]     PDF trouvé: قرار فتح المباراة (score: 25)
2026-07-25 09:50:22,515 [INFO]   [EN COURS] مباراة لتوظيف أستاذ محاضر من الدرجة أ - سلم 11... → 2026-08-03
2026-07-25 09:50:22,515 [INFO]   Détails: https://www.emploi-public.ma/ar/%D8%AA%D9%81%D8%A7%D8%B5%D9%8A%D9%84/%D8%A7%D9%84%D9%85%D8%A8%D8%A7%D8%B1%D9%8A%D8%A7%D8%AA/2c15e888-7029-4082-9334-eef194ee5586
2026-07-25 09:50:23,394 [INFO]     PDF trouvé: قرار فتح المباراة (score: 25)
2026-07-25 09:50:23,395 [INFO]   [EN COURS] مباراة لتوظيف متصرف من الدرجة الثانية - سلم 11... → 2026-08-03
2026-07-25 09:50:23,395 [INFO]   Détails: https://www.emploi-public.ma/ar/%D8%AA%D9%81%D8%A7%D8%B5%D9%8A%D9%84/%D8%A7%D9%84%D9%85%D8%A8%D8%A7%D8%B1%D9%8A%D8%A7%D8%AA/d543668b-c808-4ac0-933b-4301237f9f67
2026-07-25 09:50:26,658 [INFO]     PDF trouvé: قرار فتح المباراة (score: 25)
2026-07-25 09:50:26,659 [INFO]   [EN COURS] مباراة لتوظيف متصرف من الدرجة الثالثة - سلم 10... → 2026-07-31
2026-07-25 09:50:26,659 [INFO]   Détails: https://www.emploi-public.ma/ar/%D8%AA%D9%81%D8%A7%D8%B5%D9%8A%D9%84/%D8%A7%D9%84%D9%85%D8%A8%D8%A7%D8%B1%D9%8A%D8%A7%D8%AA/78699344-c4d1-4204-ad40-9749cc0563aa
2026-07-25 09:50:27,769 [INFO]     PDF trouvé: قرار فتح المباراة (score: 25)
2026-07-25 09:50:27,770 [INFO]   [EXPIRÉE] لائحة المدعوين لإجراء الاختبار الكتابي لمباراة توظيف طبيب من... → 2026-07-23
2026-07-25 09:50:27,771 [INFO]   Détails: https://www.emploi-public.ma/ar/%D8%AA%D9%81%D8%A7%D8%B5%D9%8A%D9%84/%D8%A7%D9%84%D9%85%D8%A8%D8%A7%D8%B1%D9%8A%D8%A7%D8%AA/b62a7d1c-c399-48cd-ab9f-adca105db22f
2026-07-25 09:50:28,490 [INFO]     PDF trouvé: قرار فتح المباراة (score: 25)
2026-07-25 09:50:28,491 [INFO]   [EXPIRÉE] مباراة لتوظيف أستاذ محاضر من الدرجة أ - سلم 11... → 2026-07-21
2026-07-25 09:50:28,492 [INFO]   Détails: https://www.emploi-public.ma/ar/%D8%AA%D9%81%D8%A7%D8%B5%D9%8A%D9%84/%D8%A7%D9%84%D9%85%D8%A8%D8%A7%D8%B1%D9%8A%D8%A7%D8%AA/dc6005fa-8f1f-418f-baed-64e9caca12f6
2026-07-25 09:50:29,572 [INFO]     PDF trouvé: قرار فتح المباراة (score: 25)
2026-07-25 09:50:29,573 [INFO]   [EXPIRÉE] مباراة لتوظيف تقني من الدرجة الثالثة - سلم 9... → 2026-07-21
2026-07-25 09:50:29,574 [INFO] Page 4/5
2026-07-25 09:50:29,574 [INFO] Scraping page: https://www.emploi-public.ma/ar/قائمة-المباريات?page=3
2026-07-25 09:50:32,714 [INFO]   → 9 annonces trouvées sur cette page
2026-07-25 09:50:32,715 [INFO]   Détails: https://www.emploi-public.ma/ar/%D8%AA%D9%81%D8%A7%D8%B5%D9%8A%D9%84/%D8%A7%D9%84%D9%85%D8%A8%D8%A7%D8%B1%D9%8A%D8%A7%D8%AA/7d4f66b4-2f8c-4dbf-94ea-99d5943a7378
2026-07-25 09:50:33,721 [INFO]     PDF trouvé: قرار فتح المباراة (score: 25)
2026-07-25 09:50:33,722 [INFO]   [EXPIRÉE] مباراة لتوظيف متصرف من الدرجة الثالثة - سلم 10... → 2026-07-21
2026-07-25 09:50:33,722 [INFO]   Détails: https://www.emploi-public.ma/ar/%D8%AA%D9%81%D8%A7%D8%B5%D9%8A%D9%84/%D8%A7%D9%84%D9%85%D8%A8%D8%A7%D8%B1%D9%8A%D8%A7%D8%AA/e372c384-b595-401d-bfa7-77c67af01fbe
2026-07-25 09:50:38,941 [INFO]     PDF trouvé: قرار فتح المباراة (score: 25)
2026-07-25 09:50:38,943 [INFO]   [EXPIRÉE] مباراة لتوظيف متصرف من الدرجة الثانية - سلم 11... → 2026-07-21
2026-07-25 09:50:38,943 [INFO]   Détails: https://www.emploi-public.ma/ar/%D8%AA%D9%81%D8%A7%D8%B5%D9%8A%D9%84/%D8%A7%D9%84%D9%85%D8%A8%D8%A7%D8%B1%D9%8A%D8%A7%D8%AA/606d3ff2-2e7a-4174-9d74-713c58402b8a
2026-07-25 09:50:39,795 [INFO]     PDF trouvé: قرار فتح المباراة (score: 25)
2026-07-25 09:50:39,796 [INFO]   [EXPIRÉE] لائحة المدعوين لإجراء الاختبار الكتابي لمباراة توظيف طبيب من... → 2026-07-21
2026-07-25 09:50:39,796 [INFO]   Détails: https://www.emploi-public.ma/ar/%D8%AA%D9%81%D8%A7%D8%B5%D9%8A%D9%84/%D8%A7%D9%84%D9%85%D8%A8%D8%A7%D8%B1%D9%8A%D8%A7%D8%AA/9740d64c-8b1b-47b8-abe8-00b3575d4aa9
2026-07-25 09:50:40,602 [INFO]     PDF trouvé: قرار فتح المباراة (score: 25)
2026-07-25 09:50:40,603 [INFO]   [EXPIRÉE] لائحة المدعوين لإجراء الاختبار الكتابي لمباراة توظيف مهندس د... → 2026-07-20
2026-07-25 09:50:40,604 [INFO]   Détails: https://www.emploi-public.ma/ar/%D8%AA%D9%81%D8%A7%D8%B5%D9%8A%D9%84/%D8%A7%D9%84%D9%85%D8%A8%D8%A7%D8%B1%D9%8A%D8%A7%D8%AA/b89b6b38-795f-49af-9d00-910305760e85
2026-07-25 09:50:41,442 [INFO]     PDF trouvé: قرار فتح المباراة (score: 25)
2026-07-25 09:50:41,443 [INFO]   [EXPIRÉE] لائحة المدعوين لإجراء الاختبار الكتابي لمباراة توظيف متصرف م... → 2026-07-20
2026-07-25 09:50:41,443 [INFO]   Détails: https://www.emploi-public.ma/ar/%D8%AA%D9%81%D8%A7%D8%B5%D9%8A%D9%84/%D8%A7%D9%84%D9%85%D8%A8%D8%A7%D8%B1%D9%8A%D8%A7%D8%AA/f33919ef-c4a4-41c0-9927-744882ec1140
2026-07-25 09:50:42,237 [INFO]     PDF trouvé: قرار فتح المباراة (score: 25)
2026-07-25 09:50:42,238 [INFO]   [EXPIRÉE] لائحة المدعوين لإجراء الاختبار الكتابي لمباراة توظيف تقني من... → 2026-07-20
2026-07-25 09:50:42,238 [INFO]   Détails: https://www.emploi-public.ma/ar/%D8%AA%D9%81%D8%A7%D8%B5%D9%8A%D9%84/%D8%A7%D9%84%D9%85%D8%A8%D8%A7%D8%B1%D9%8A%D8%A7%D8%AA/00afdf47-67cd-4c3b-910d-295480956c45
2026-07-25 09:50:42,941 [INFO]     PDF trouvé: قرار فتح المباراة (score: 25)
2026-07-25 09:50:42,943 [INFO]   [EXPIRÉE] لائحة المدعوين لإجراء الاختبار الكتابي لمباراة توظيف متصرف م... → 2026-07-20
2026-07-25 09:50:42,943 [INFO]   Détails: https://www.emploi-public.ma/ar/%D8%AA%D9%81%D8%A7%D8%B5%D9%8A%D9%84/%D8%A7%D9%84%D9%85%D8%A8%D8%A7%D8%B1%D9%8A%D8%A7%D8%AA/0c6baf5e-be9d-4ef5-a8f7-b9044cf640d5
2026-07-25 09:50:43,917 [INFO]     PDF trouvé: قرار فتح المباراة (score: 25)
2026-07-25 09:50:43,918 [INFO]   [EXPIRÉE] لائحة الناجحين في مباراة التوظيف جراح أسنان من الدرجة الأولى... → 2026-07-15
2026-07-25 09:50:43,918 [INFO]   Détails: https://www.emploi-public.ma/ar/%D8%AA%D9%81%D8%A7%D8%B5%D9%8A%D9%84/%D8%A7%D9%84%D9%85%D8%A8%D8%A7%D8%B1%D9%8A%D8%A7%D8%AA/c6303b4c-114c-4b25-b6c5-eca77cba3dad
2026-07-25 09:50:44,694 [INFO]     PDF trouvé: قرار فتح المباراة (score: 25)
2026-07-25 09:50:44,695 [INFO]   [EXPIRÉE] لائحة الناجحين في مباراة التوظيف صيدلي من الدرجة الأولى - سل... → 2026-07-15
2026-07-25 09:50:44,695 [INFO] Page 5/5
2026-07-25 09:50:44,695 [INFO] Scraping page: https://www.emploi-public.ma/ar/قائمة-المباريات?page=4
2026-07-25 09:50:45,757 [INFO]   → 9 annonces trouvées sur cette page
2026-07-25 09:50:45,759 [INFO]   Détails: https://www.emploi-public.ma/ar/%D8%AA%D9%81%D8%A7%D8%B5%D9%8A%D9%84/%D8%A7%D9%84%D9%85%D8%A8%D8%A7%D8%B1%D9%8A%D8%A7%D8%AA/1f901e2f-de1d-4110-874d-d5d890119e69
2026-07-25 09:50:46,799 [INFO]     PDF trouvé: قرار فتح المباراة (score: 25)
2026-07-25 09:50:46,800 [INFO]   [EXPIRÉE] لائحة الناجحين في مباراة التوظيف طبيب من الدرجة الأولى - سلم... → 2026-07-15
2026-07-25 09:50:46,800 [INFO]   Détails: https://www.emploi-public.ma/ar/%D8%AA%D9%81%D8%A7%D8%B5%D9%8A%D9%84/%D8%A7%D9%84%D9%85%D8%A8%D8%A7%D8%B1%D9%8A%D8%A7%D8%AA/c83d70e2-ec18-4f3b-b97f-03d080ad762a
2026-07-25 09:50:47,601 [INFO]     PDF trouvé: قرار فتح المباراة (score: 25)
2026-07-25 09:50:47,602 [INFO]   [EXPIRÉE] لائحة المدعوين لإجراء الاختبار الشفوي لمباراة توظيف تقني من ... → 2026-07-14
2026-07-25 09:50:47,602 [INFO]   Détails: https://www.emploi-public.ma/ar/%D8%AA%D9%81%D8%A7%D8%B5%D9%8A%D9%84/%D8%A7%D9%84%D9%85%D8%A8%D8%A7%D8%B1%D9%8A%D8%A7%D8%AA/c3749204-66e1-4485-a631-e7ede10e21ab
2026-07-25 09:50:48,482 [INFO]     PDF trouvé: قرار فتح المباراة (score: 25)
2026-07-25 09:50:48,484 [INFO]   [EXPIRÉE] لائحة المدعوين لإجراء الاختبار الشفوي لمباراة توظيف تقني من ... → 2026-07-14
2026-07-25 09:50:48,484 [INFO]   Détails: https://www.emploi-public.ma/ar/%D8%AA%D9%81%D8%A7%D8%B5%D9%8A%D9%84/%D8%A7%D9%84%D9%85%D8%A8%D8%A7%D8%B1%D9%8A%D8%A7%D8%AA/26ae2262-926d-4bfb-9614-069a15e9bd9a
2026-07-25 09:50:49,553 [INFO]     PDF trouvé: قرار فتح المباراة (score: 25)
2026-07-25 09:50:49,554 [INFO]   [EXPIRÉE] مباراة لتوظيف متصرف من الدرجة الثالثة - سلم 10... → 2026-07-10
2026-07-25 09:50:49,554 [INFO]   Détails: https://www.emploi-public.ma/ar/%D8%AA%D9%81%D8%A7%D8%B5%D9%8A%D9%84/%D8%A7%D9%84%D9%85%D8%A8%D8%A7%D8%B1%D9%8A%D8%A7%D8%AA/2c92d6ee-4fbb-4b59-a9ad-4e38969b0090
2026-07-25 09:50:50,382 [INFO]     PDF trouvé: قرار فتح المباراة (score: 25)
2026-07-25 09:50:50,383 [INFO]   [EXPIRÉE] مباراة لتوظيف تقني من الدرجة الثالثة - سلم 9... → 2026-07-10
2026-07-25 09:50:50,384 [INFO]   Détails: https://www.emploi-public.ma/ar/%D8%AA%D9%81%D8%A7%D8%B5%D9%8A%D9%84/%D8%A7%D9%84%D9%85%D8%A8%D8%A7%D8%B1%D9%8A%D8%A7%D8%AA/ae470720-4f4f-49dc-b23e-070911905f42
2026-07-25 09:50:51,106 [INFO]     PDF trouvé: قرار فتح المباراة (score: 25)
2026-07-25 09:50:51,108 [INFO]   [EXPIRÉE] لائحة المدعوين لإجراء الاختبار الكتابي لمباراة توظيف مهندس د... → 2026-07-15
2026-07-25 09:50:51,108 [INFO]   Détails: https://www.emploi-public.ma/ar/%D8%AA%D9%81%D8%A7%D8%B5%D9%8A%D9%84/%D8%A7%D9%84%D9%85%D8%A8%D8%A7%D8%B1%D9%8A%D8%A7%D8%AA/55e548c6-a895-450f-a875-9e03c69c4399
2026-07-25 09:50:51,819 [INFO]     PDF trouvé: قرار فتح المباراة (score: 25)
2026-07-25 09:50:51,820 [INFO]   [EXPIRÉE] لائحة المدعوين لإجراء الاختبار الكتابي لمباراة توظيف مساعد ت... → 2026-07-10
2026-07-25 09:50:51,820 [INFO]   Détails: https://www.emploi-public.ma/ar/%D8%AA%D9%81%D8%A7%D8%B5%D9%8A%D9%84/%D8%A7%D9%84%D9%85%D8%A8%D8%A7%D8%B1%D9%8A%D8%A7%D8%AA/d763af32-c1bf-4d3d-a000-8fe89e3adcd6
2026-07-25 09:50:52,563 [INFO]     PDF trouvé: قرار فتح المباراة (score: 25)
2026-07-25 09:50:52,564 [INFO]   [EXPIRÉE] لائحة المدعوين لإجراء الاختبار الكتابي لمباراة توظيف متصرف م... → 2026-07-10
2026-07-25 09:50:52,564 [INFO]   Détails: https://www.emploi-public.ma/ar/%D8%AA%D9%81%D8%A7%D8%B5%D9%8A%D9%84/%D8%A7%D9%84%D9%85%D8%A8%D8%A7%D8%B1%D9%8A%D8%A7%D8%AA/17e879b8-5dad-4d10-8ade-60bb345d6021
2026-07-25 09:50:56,393 [INFO]     PDF trouvé: قرار فتح المباراة (score: 25)
2026-07-25 09:50:56,394 [INFO]   [EXPIRÉE] لائحة المدعوين لإجراء الاختبار الكتابي لمباراة توظيف أستاذ م... → 2026-07-10
2026-07-25 09:50:56,394 [INFO] 
--- Catégorie: تشغيل الخبراء ---
2026-07-25 09:50:56,394 [INFO] Page 1/5
2026-07-25 09:50:56,394 [INFO] Scraping page: https://www.emploi-public.ma/ar/قائمة-تشغيل-الخبراء
2026-07-25 09:50:57,754 [INFO]   → 9 annonces trouvées sur cette page
2026-07-25 09:50:57,755 [INFO]   Détails: https://www.emploi-public.ma/ar/%D8%AA%D9%81%D8%A7%D8%B5%D9%8A%D9%84/%D8%AA%D8%B4%D8%BA%D9%8A%D9%84-%D8%A7%D9%84%D8%AE%D8%A8%D8%B1%D8%A7%D8%A1/4854b58c-c09e-4edd-9a39-c01a0c414425
2026-07-25 09:50:58,524 [INFO]     PDF trouvé: قرار فتح باب الترشيح (score: 35)
2026-07-25 09:50:58,526 [INFO]   [EXPIRÉE] لائحة الناجحين لمنصب خبير في مجال الملاحة التجارية... → 2026-04-12
2026-07-25 09:50:58,526 [INFO]   Détails: https://www.emploi-public.ma/ar/%D8%AA%D9%81%D8%A7%D8%B5%D9%8A%D9%84/%D8%AA%D8%B4%D8%BA%D9%8A%D9%84-%D8%A7%D9%84%D8%AE%D8%A8%D8%B1%D8%A7%D8%A1/ff8d6494-748d-4698-8ef0-676cbd5b1951
2026-07-25 09:50:59,228 [INFO]     PDF trouvé: قرار فتح باب الترشيح (score: 35)
2026-07-25 09:50:59,230 [INFO]   [EXPIRÉE] فتح باب الترشيح لمنصب خبير في الشؤون القانونية... → 2026-06-25
2026-07-25 09:50:59,230 [INFO]   Détails: https://www.emploi-public.ma/ar/%D8%AA%D9%81%D8%A7%D8%B5%D9%8A%D9%84/%D8%AA%D8%B4%D8%BA%D9%8A%D9%84-%D8%A7%D9%84%D8%AE%D8%A8%D8%B1%D8%A7%D8%A1/abce4b98-a1d8-48f9-a84c-053f53697154
2026-07-25 09:51:01,749 [INFO]     PDF trouvé: قرار فتح باب الترشيح (score: 35)
2026-07-25 09:51:01,750 [INFO]   [EXPIRÉE] فتح باب الترشيح لمنصب خبير... → 2026-06-15
2026-07-25 09:51:01,750 [INFO]   Détails: https://www.emploi-public.ma/ar/%D8%AA%D9%81%D8%A7%D8%B5%D9%8A%D9%84/%D8%AA%D8%B4%D8%BA%D9%8A%D9%84-%D8%A7%D9%84%D8%AE%D8%A8%D8%B1%D8%A7%D8%A1/5030f678-19f4-4bc0-96c6-f5462b134c1c
2026-07-25 09:51:02,617 [INFO]     PDF trouvé: قرار فتح باب الترشيح (score: 35)
2026-07-25 09:51:02,618 [INFO]   [EXPIRÉE] فتح باب الترشيح لمنصب خبير... → 2026-06-08
2026-07-25 09:51:02,618 [INFO]   Détails: https://www.emploi-public.ma/ar/%D8%AA%D9%81%D8%A7%D8%B5%D9%8A%D9%84/%D8%AA%D8%B4%D8%BA%D9%8A%D9%84-%D8%A7%D9%84%D8%AE%D8%A8%D8%B1%D8%A7%D8%A1/b0a97522-0c72-4a26-8b32-da0c02e79891
2026-07-25 09:51:03,346 [INFO]     PDF trouvé: قرار فتح باب الترشيح (score: 35)
2026-07-25 09:51:03,347 [INFO]   [EXPIRÉE] فتح باب الترشيح لمنصب خبير متعاقد... → 2026-06-03
2026-07-25 09:51:03,348 [INFO]   Détails: https://www.emploi-public.ma/ar/%D8%AA%D9%81%D8%A7%D8%B5%D9%8A%D9%84/%D8%AA%D8%B4%D8%BA%D9%8A%D9%84-%D8%A7%D9%84%D8%AE%D8%A8%D8%B1%D8%A7%D8%A1/b3f7145b-9f2a-4cb4-aef7-1d917c679a65
2026-07-25 09:51:04,074 [INFO]     PDF trouvé: قرار فتح باب الترشيح (score: 35)
2026-07-25 09:51:04,076 [INFO]   [EXPIRÉE] فتح باب الترشيح لمنصب خبير... → 2026-05-29
2026-07-25 09:51:04,076 [INFO]   Détails: https://www.emploi-public.ma/ar/%D8%AA%D9%81%D8%A7%D8%B5%D9%8A%D9%84/%D8%AA%D8%B4%D8%BA%D9%8A%D9%84-%D8%A7%D9%84%D8%AE%D8%A8%D8%B1%D8%A7%D8%A1/d9255cd9-fe2e-4248-8eba-adf58b668823
2026-07-25 09:51:04,794 [INFO]     PDF trouvé: قرار فتح باب الترشيح (score: 35)
2026-07-25 09:51:04,796 [INFO]   [EXPIRÉE] فتح باب الترشيح لمنصب خبير في مجال التفاوض والسياسة التجارية... → 2026-04-03
2026-07-25 09:51:04,796 [INFO]   Détails: https://www.emploi-public.ma/ar/%D8%AA%D9%81%D8%A7%D8%B5%D9%8A%D9%84/%D8%AA%D8%B4%D8%BA%D9%8A%D9%84-%D8%A7%D9%84%D8%AE%D8%A8%D8%B1%D8%A7%D8%A1/0236914d-e17c-41c5-a5be-e632ad35f838
2026-07-25 09:51:05,523 [INFO]     PDF trouvé: قرار فتح باب الترشيح (score: 35)
2026-07-25 09:51:05,524 [INFO]   [EXPIRÉE] فتح باب الترشيح لمنصب خبير... → 2026-03-17
2026-07-25 09:51:05,524 [INFO]   Détails: https://www.emploi-public.ma/ar/%D8%AA%D9%81%D8%A7%D8%B5%D9%8A%D9%84/%D8%AA%D8%B4%D8%BA%D9%8A%D9%84-%D8%A7%D9%84%D8%AE%D8%A8%D8%B1%D8%A7%D8%A1/2a449c40-1832-450d-9eae-a70607bcac07
2026-07-25 09:51:06,227 [INFO]     PDF trouvé: قرار فتح باب الترشيح (score: 35)
2026-07-25 09:51:06,228 [INFO]   [EXPIRÉE] فتح باب الترشيح لمنصب خبير... → 2026-03-16
2026-07-25 09:51:06,228 [INFO] Page 2/5
2026-07-25 09:51:06,228 [INFO] Scraping page: https://www.emploi-public.ma/ar/قائمة-تشغيل-الخبراء?page=1
2026-07-25 09:51:06,959 [INFO]   → 9 annonces trouvées sur cette page
2026-07-25 09:51:06,960 [INFO]   Détails: https://www.emploi-public.ma/ar/%D8%AA%D9%81%D8%A7%D8%B5%D9%8A%D9%84/%D8%AA%D8%B4%D8%BA%D9%8A%D9%84-%D8%A7%D9%84%D8%AE%D8%A8%D8%B1%D8%A7%D8%A1/4854b58c-c09e-4edd-9a39-c01a0c414425
2026-07-25 09:51:07,688 [INFO]     PDF trouvé: قرار فتح باب الترشيح (score: 35)
2026-07-25 09:51:07,689 [INFO]   [EXPIRÉE] لائحة الناجحين لمنصب خبير في مجال الملاحة التجارية... → 2026-04-12
2026-07-25 09:51:07,690 [INFO]   Détails: https://www.emploi-public.ma/ar/%D8%AA%D9%81%D8%A7%D8%B5%D9%8A%D9%84/%D8%AA%D8%B4%D8%BA%D9%8A%D9%84-%D8%A7%D9%84%D8%AE%D8%A8%D8%B1%D8%A7%D8%A1/ff8d6494-748d-4698-8ef0-676cbd5b1951
2026-07-25 09:51:08,389 [INFO]     PDF trouvé: قرار فتح باب الترشيح (score: 35)
2026-07-25 09:51:08,390 [INFO]   [EXPIRÉE] فتح باب الترشيح لمنصب خبير في الشؤون القانونية... → 2026-06-25
2026-07-25 09:51:08,390 [INFO]   Détails: https://www.emploi-public.ma/ar/%D8%AA%D9%81%D8%A7%D8%B5%D9%8A%D9%84/%D8%AA%D8%B4%D8%BA%D9%8A%D9%84-%D8%A7%D9%84%D8%AE%D8%A8%D8%B1%D8%A7%D8%A1/abce4b98-a1d8-48f9-a84c-053f53697154
2026-07-25 09:51:09,293 [INFO]     PDF trouvé: قرار فتح باب الترشيح (score: 35)
2026-07-25 09:51:09,294 [INFO]   [EXPIRÉE] فتح باب الترشيح لمنصب خبير... → 2026-06-15
2026-07-25 09:51:09,294 [INFO]   Détails: https://www.emploi-public.ma/ar/%D8%AA%D9%81%D8%A7%D8%B5%D9%8A%D9%84/%D8%AA%D8%B4%D8%BA%D9%8A%D9%84-%D8%A7%D9%84%D8%AE%D8%A8%D8%B1%D8%A7%D8%A1/5030f678-19f4-4bc0-96c6-f5462b134c1c
2026-07-25 09:51:10,238 [INFO]     PDF trouvé: قرار فتح باب الترشيح (score: 35)
2026-07-25 09:51:10,239 [INFO]   [EXPIRÉE] فتح باب الترشيح لمنصب خبير... → 2026-06-08
2026-07-25 09:51:10,239 [INFO]   Détails: https://www.emploi-public.ma/ar/%D8%AA%D9%81%D8%A7%D8%B5%D9%8A%D9%84/%D8%AA%D8%B4%D8%BA%D9%8A%D9%84-%D8%A7%D9%84%D8%AE%D8%A8%D8%B1%D8%A7%D8%A1/b0a97522-0c72-4a26-8b32-da0c02e79891
2026-07-25 09:51:10,953 [INFO]     PDF trouvé: قرار فتح باب الترشيح (score: 35)
2026-07-25 09:51:10,954 [INFO]   [EXPIRÉE] فتح باب الترشيح لمنصب خبير متعاقد... → 2026-06-03
2026-07-25 09:51:10,955 [INFO]   Détails: https://www.emploi-public.ma/ar/%D8%AA%D9%81%D8%A7%D8%B5%D9%8A%D9%84/%D8%AA%D8%B4%D8%BA%D9%8A%D9%84-%D8%A7%D9%84%D8%AE%D8%A8%D8%B1%D8%A7%D8%A1/b3f7145b-9f2a-4cb4-aef7-1d917c679a65
2026-07-25 09:51:11,703 [INFO]     PDF trouvé: قرار فتح باب الترشيح (score: 35)
2026-07-25 09:51:11,704 [INFO]   [EXPIRÉE] فتح باب الترشيح لمنصب خبير... → 2026-05-29
2026-07-25 09:51:11,705 [INFO]   Détails: https://www.emploi-public.ma/ar/%D8%AA%D9%81%D8%A7%D8%B5%D9%8A%D9%84/%D8%AA%D8%B4%D8%BA%D9%8A%D9%84-%D8%A7%D9%84%D8%AE%D8%A8%D8%B1%D8%A7%D8%A1/d9255cd9-fe2e-4248-8eba-adf58b668823
2026-07-25 09:51:13,044 [INFO]     PDF trouvé: قرار فتح باب الترشيح (score: 35)
2026-07-25 09:51:13,045 [INFO]   [EXPIRÉE] فتح باب الترشيح لمنصب خبير في مجال التفاوض والسياسة التجارية... → 2026-04-03
2026-07-25 09:51:13,045 [INFO]   Détails: https://www.emploi-public.ma/ar/%D8%AA%D9%81%D8%A7%D8%B5%D9%8A%D9%84/%D8%AA%D8%B4%D8%BA%D9%8A%D9%84-%D8%A7%D9%84%D8%AE%D8%A8%D8%B1%D8%A7%D8%A1/0236914d-e17c-41c5-a5be-e632ad35f838
2026-07-25 09:51:13,749 [INFO]     PDF trouvé: قرار فتح باب الترشيح (score: 35)
2026-07-25 09:51:13,750 [INFO]   [EXPIRÉE] فتح باب الترشيح لمنصب خبير... → 2026-03-17
2026-07-25 09:51:13,751 [INFO]   Détails: https://www.emploi-public.ma/ar/%D8%AA%D9%81%D8%A7%D8%B5%D9%8A%D9%84/%D8%AA%D8%B4%D8%BA%D9%8A%D9%84-%D8%A7%D9%84%D8%AE%D8%A8%D8%B1%D8%A7%D8%A1/2a449c40-1832-450d-9eae-a70607bcac07
2026-07-25 09:51:14,476 [INFO]     PDF trouvé: قرار فتح باب الترشيح (score: 35)
2026-07-25 09:51:14,477 [INFO]   [EXPIRÉE] فتح باب الترشيح لمنصب خبير... → 2026-03-16
2026-07-25 09:51:14,478 [INFO] Page 3/5
2026-07-25 09:51:14,478 [INFO] Scraping page: https://www.emploi-public.ma/ar/قائمة-تشغيل-الخبراء?page=2
2026-07-25 09:51:15,208 [INFO]   → 9 annonces trouvées sur cette page
2026-07-25 09:51:15,209 [INFO]   Détails: https://www.emploi-public.ma/ar/%D8%AA%D9%81%D8%A7%D8%B5%D9%8A%D9%84/%D8%AA%D8%B4%D8%BA%D9%8A%D9%84-%D8%A7%D9%84%D8%AE%D8%A8%D8%B1%D8%A7%D8%A1/1f2e38a5-0fe9-4f17-89fb-d23ab9140242
2026-07-25 09:51:15,920 [INFO]     PDF trouvé: قرار فتح باب الترشيح (score: 35)
2026-07-25 09:51:15,922 [INFO]   [EXPIRÉE] فتح باب الترشيح لمنصب خبير في المجالات المرتبطة بتطوير آليات... → 2026-03-12
2026-07-25 09:51:15,922 [INFO]   Détails: https://www.emploi-public.ma/ar/%D8%AA%D9%81%D8%A7%D8%B5%D9%8A%D9%84/%D8%AA%D8%B4%D8%BA%D9%8A%D9%84-%D8%A7%D9%84%D8%AE%D8%A8%D8%B1%D8%A7%D8%A1/2401abad-8177-4fdc-8c76-354d03f61cd3
2026-07-25 09:51:16,634 [INFO]     PDF trouvé: قرار فتح باب الترشيح (score: 35)
2026-07-25 09:51:16,635 [INFO]   [EXPIRÉE] فتح باب الترشيح لمنصب خبير... → 2026-02-18
2026-07-25 09:51:16,635 [INFO]   Détails: https://www.emploi-public.ma/ar/%D8%AA%D9%81%D8%A7%D8%B5%D9%8A%D9%84/%D8%AA%D8%B4%D8%BA%D9%8A%D9%84-%D8%A7%D9%84%D8%AE%D8%A8%D8%B1%D8%A7%D8%A1/ad16f9e2-25eb-4a06-9a7a-572410c14d55
2026-07-25 09:51:17,340 [INFO]     PDF trouvé: قرار فتح باب الترشيح (score: 35)
2026-07-25 09:51:17,341 [INFO]   [EXPIRÉE] فتح باب الترشيح لمنصب خبير في مجال حكامة المؤسسات والمنشآت ا... → 2025-12-23
2026-07-25 09:51:17,341 [INFO]   Détails: https://www.emploi-public.ma/ar/%D8%AA%D9%81%D8%A7%D8%B5%D9%8A%D9%84/%D8%AA%D8%B4%D8%BA%D9%8A%D9%84-%D8%A7%D9%84%D8%AE%D8%A8%D8%B1%D8%A7%D8%A1/302ab5a1-fa28-4ec1-9341-8ba50b6bf810
2026-07-25 09:51:18,045 [INFO]     PDF trouvé: قرار فتح باب الترشيح (score: 35)
2026-07-25 09:51:18,047 [INFO]   [EXPIRÉE] فتح باب الترشيح لمنصب خبير بموجب عقد... → 2025-12-21
2026-07-25 09:51:18,047 [INFO]   Détails: https://www.emploi-public.ma/ar/%D8%AA%D9%81%D8%A7%D8%B5%D9%8A%D9%84/%D8%AA%D8%B4%D8%BA%D9%8A%D9%84-%D8%A7%D9%84%D8%AE%D8%A8%D8%B1%D8%A7%D8%A1/f9f74e66-af9e-4c4a-9cec-491e7d25fbbb
2026-07-25 09:51:18,743 [INFO]     PDF trouvé: قرار فتح باب الترشيح (score: 35)
2026-07-25 09:51:18,744 [INFO]   [EXPIRÉE] لائحة الناجحين لمنصب خبير في مجال التقييم ومنح التراخيص... → 2025-12-06
2026-07-25 09:51:18,744 [INFO]   Détails: https://www.emploi-public.ma/ar/%D8%AA%D9%81%D8%A7%D8%B5%D9%8A%D9%84/%D8%AA%D8%B4%D8%BA%D9%8A%D9%84-%D8%A7%D9%84%D8%AE%D8%A8%D8%B1%D8%A7%D8%A1/99f49e97-4b0e-4897-b1c6-a1a811d179d9
2026-07-25 09:51:19,434 [INFO]     PDF trouvé: قرار فتح باب الترشيح (score: 35)
2026-07-25 09:51:19,435 [INFO]   [EXPIRÉE] لائحة الناجحين لمنصب خبيرفي مجال مراقبة الجودة الدوائية... → 2025-12-06
2026-07-25 09:51:19,436 [INFO]   Détails: https://www.emploi-public.ma/ar/%D8%AA%D9%81%D8%A7%D8%B5%D9%8A%D9%84/%D8%AA%D8%B4%D8%BA%D9%8A%D9%84-%D8%A7%D9%84%D8%AE%D8%A8%D8%B1%D8%A7%D8%A1/121493c9-78d8-44bf-b408-e42f8bf43d27
2026-07-25 09:51:20,133 [INFO]     PDF trouvé: قرار فتح باب الترشيح (score: 35)
2026-07-25 09:51:20,134 [INFO]   [EXPIRÉE] فتح باب الترشيح لمنصب خبير في التنسيق المؤسساتي والتعاون الد... → 2025-12-05
2026-07-25 09:51:20,134 [INFO]   Détails: https://www.emploi-public.ma/ar/%D8%AA%D9%81%D8%A7%D8%B5%D9%8A%D9%84/%D8%AA%D8%B4%D8%BA%D9%8A%D9%84-%D8%A7%D9%84%D8%AE%D8%A8%D8%B1%D8%A7%D8%A1/336eb4a9-c147-4981-94da-c636a748f7a0
2026-07-25 09:51:20,848 [INFO]     PDF trouvé: قرار فتح باب الترشيح (score: 35)
2026-07-25 09:51:20,850 [INFO]   [EXPIRÉE] لائحة الناجحين لمنصب خبير مكلف بقيادة إنجاز دراسات وأشغال مل... → 2025-09-30
2026-07-25 09:51:20,850 [INFO]   Détails: https://www.emploi-public.ma/ar/%D8%AA%D9%81%D8%A7%D8%B5%D9%8A%D9%84/%D8%AA%D8%B4%D8%BA%D9%8A%D9%84-%D8%A7%D9%84%D8%AE%D8%A8%D8%B1%D8%A7%D8%A1/0917753f-ac81-4229-b8d4-5292cae1510a
2026-07-25 09:51:21,715 [INFO]     PDF trouvé: قرار فتح باب الترشيح (score: 35)
2026-07-25 09:51:21,716 [INFO]   [EXPIRÉE] فتح باب الترشيح لمنصب خبير بموجب عقد... → 2025-06-11
2026-07-25 09:51:21,716 [INFO] Page 4/5
2026-07-25 09:51:21,716 [INFO] Scraping page: https://www.emploi-public.ma/ar/قائمة-تشغيل-الخبراء?page=3
2026-07-25 09:51:22,422 [INFO]   → 9 annonces trouvées sur cette page
2026-07-25 09:51:22,423 [INFO]   Détails: https://www.emploi-public.ma/ar/%D8%AA%D9%81%D8%A7%D8%B5%D9%8A%D9%84/%D8%AA%D8%B4%D8%BA%D9%8A%D9%84-%D8%A7%D9%84%D8%AE%D8%A8%D8%B1%D8%A7%D8%A1/1e6a6ce8-141e-4fe3-b660-097a9342e904
2026-07-25 09:51:23,143 [INFO]     PDF trouvé: قرار فتح باب الترشيح (score: 35)
2026-07-25 09:51:23,144 [INFO]   [EXPIRÉE] فتح باب الترشيح لمنصب خبير في مجال الشؤون القانونية... → 2025-06-09
2026-07-25 09:51:23,144 [INFO]   Détails: https://www.emploi-public.ma/ar/%D8%AA%D9%81%D8%A7%D8%B5%D9%8A%D9%84/%D8%AA%D8%B4%D8%BA%D9%8A%D9%84-%D8%A7%D9%84%D8%AE%D8%A8%D8%B1%D8%A7%D8%A1/9973e98f-4e11-40f1-aeae-194d055be60c
2026-07-25 09:51:23,841 [INFO]     PDF trouvé: قرار فتح باب الترشيح (score: 35)
2026-07-25 09:51:23,843 [INFO]   [EXPIRÉE] فتح باب الترشيح لمنصب خبير في مجال علوم المحيطات و البيئة ال... → 2025-06-06
2026-07-25 09:51:23,843 [INFO]   Détails: https://www.emploi-public.ma/ar/%D8%AA%D9%81%D8%A7%D8%B5%D9%8A%D9%84/%D8%AA%D8%B4%D8%BA%D9%8A%D9%84-%D8%A7%D9%84%D8%AE%D8%A8%D8%B1%D8%A7%D8%A1/c4333ade-5b69-4a9b-b1d6-23858dca3e02
2026-07-25 09:51:24,543 [INFO]     PDF trouvé: قرار فتح باب الترشيح (score: 35)
2026-07-25 09:51:24,544 [INFO]   [EXPIRÉE] فتح باب الترشيح لمنصب 4 خبراء في المجالات المبينة في بطائق ا... → 2025-05-14
2026-07-25 09:51:24,544 [INFO]   Détails: https://www.emploi-public.ma/ar/%D8%AA%D9%81%D8%A7%D8%B5%D9%8A%D9%84/%D8%AA%D8%B4%D8%BA%D9%8A%D9%84-%D8%A7%D9%84%D8%AE%D8%A8%D8%B1%D8%A7%D8%A1/3d556890-d88a-4b78-aa10-b953f3a04785
2026-07-25 09:51:25,226 [INFO]     PDF trouvé: قرار فتح باب الترشيح (score: 35)
2026-07-25 09:51:25,227 [INFO]   [EXPIRÉE] فتح باب الترشيح لمنصب خبير في الشؤون القانونية... → 2025-05-02
2026-07-25 09:51:25,228 [INFO]   Détails: https://www.emploi-public.ma/ar/%D8%AA%D9%81%D8%A7%D8%B5%D9%8A%D9%84/%D8%AA%D8%B4%D8%BA%D9%8A%D9%84-%D8%A7%D9%84%D8%AE%D8%A8%D8%B1%D8%A7%D8%A1/1d5f52e9-1b4b-423d-bf9b-935a34d3caf2
2026-07-25 09:51:25,953 [INFO]     PDF trouvé: قرار فتح باب الترشيح (score: 35)
2026-07-25 09:51:25,954 [INFO]   [EXPIRÉE] فتح باب الترشيح لمنصب خبير بعقد... → 2025-04-18
2026-07-25 09:51:25,955 [INFO]   Détails: https://www.emploi-public.ma/ar/%D8%AA%D9%81%D8%A7%D8%B5%D9%8A%D9%84/%D8%AA%D8%B4%D8%BA%D9%8A%D9%84-%D8%A7%D9%84%D8%AE%D8%A8%D8%B1%D8%A7%D8%A1/ee7b273d-5714-41aa-9489-a47d37eb618e
2026-07-25 09:51:26,645 [INFO]     PDF trouvé: قرار فتح باب الترشيح (score: 35)
2026-07-25 09:51:26,646 [INFO]   [EXPIRÉE] فتح باب الترشيح لمنصب خبيرفي مجال السياسة المائية و الري... → 2025-04-07
2026-07-25 09:51:26,646 [INFO]   Détails: https://www.emploi-public.ma/ar/%D8%AA%D9%81%D8%A7%D8%B5%D9%8A%D9%84/%D8%AA%D8%B4%D8%BA%D9%8A%D9%84-%D8%A7%D9%84%D8%AE%D8%A8%D8%B1%D8%A7%D8%A1/74c6b2c0-7af0-4688-937b-1881caa843f0
2026-07-25 09:51:27,346 [INFO]     PDF trouvé: قرار فتح باب الترشيح (score: 35)
2026-07-25 09:51:27,347 [INFO]   [EXPIRÉE] فتح باب الترشيح لمنصب خبير في مجال السمعي البصري و السينما... → 2025-03-31
2026-07-25 09:51:27,347 [INFO]   Détails: https://www.emploi-public.ma/ar/%D8%AA%D9%81%D8%A7%D8%B5%D9%8A%D9%84/%D8%AA%D8%B4%D8%BA%D9%8A%D9%84-%D8%A7%D9%84%D8%AE%D8%A8%D8%B1%D8%A7%D8%A1/efe61f8c-79ae-41bf-851e-67e779047d6a
2026-07-25 09:51:28,048 [INFO]     PDF trouvé: قرار فتح باب الترشيح (score: 35)
2026-07-25 09:51:28,049 [INFO]   [EXPIRÉE] فتح باب الترشيح لمنصب منصب خبير في المجال المرتبط بمجال الهن... → 2025-03-27
2026-07-25 09:51:28,050 [INFO]   Détails: https://www.emploi-public.ma/ar/%D8%AA%D9%81%D8%A7%D8%B5%D9%8A%D9%84/%D8%AA%D8%B4%D8%BA%D9%8A%D9%84-%D8%A7%D9%84%D8%AE%D8%A8%D8%B1%D8%A7%D8%A1/c8ffa879-6f01-46df-9beb-eb9ae0a6f554
2026-07-25 09:51:29,034 [INFO]     PDF trouvé: قرار فتح باب الترشيح (score: 35)
2026-07-25 09:51:29,035 [INFO]   [EXPIRÉE] فتح باب الترشيح لمنصب خبير في مجال صياغة إستراتيجية شاملة و ... → 2025-03-21
2026-07-25 09:51:29,035 [INFO] Page 5/5
2026-07-25 09:51:29,035 [INFO] Scraping page: https://www.emploi-public.ma/ar/قائمة-تشغيل-الخبراء?page=4
2026-07-25 09:51:29,751 [INFO]   → 9 annonces trouvées sur cette page
2026-07-25 09:51:29,753 [INFO]   Détails: https://www.emploi-public.ma/ar/%D8%AA%D9%81%D8%A7%D8%B5%D9%8A%D9%84/%D8%AA%D8%B4%D8%BA%D9%8A%D9%84-%D8%A7%D9%84%D8%AE%D8%A8%D8%B1%D8%A7%D8%A1/a538c27d-7e09-4441-9551-b22fe9e9d017
2026-07-25 09:51:30,507 [INFO]     PDF trouvé: قرار فتح باب الترشيح (score: 35)
2026-07-25 09:51:30,508 [INFO]   [EXPIRÉE] فتح باب الترشيح لمنصب خبير في مجال إستراتيجية منظومة التعليم... → 2025-03-21
2026-07-25 09:51:30,508 [INFO]   Détails: https://www.emploi-public.ma/ar/%D8%AA%D9%81%D8%A7%D8%B5%D9%8A%D9%84/%D8%AA%D8%B4%D8%BA%D9%8A%D9%84-%D8%A7%D9%84%D8%AE%D8%A8%D8%B1%D8%A7%D8%A1/cf3172d1-8c15-4404-b1ff-21c154c7da2f
2026-07-25 09:51:31,213 [INFO]     PDF trouvé: قرار فتح باب الترشيح (score: 35)
2026-07-25 09:51:31,214 [INFO]   [EXPIRÉE] فتح باب الترشيح لمنصب خبير في مجال تطوير التعاون... → 2025-03-21
2026-07-25 09:51:31,215 [INFO]   Détails: https://www.emploi-public.ma/ar/%D8%AA%D9%81%D8%A7%D8%B5%D9%8A%D9%84/%D8%AA%D8%B4%D8%BA%D9%8A%D9%84-%D8%A7%D9%84%D8%AE%D8%A8%D8%B1%D8%A7%D8%A1/55bfa14b-dac1-4967-b1b6-8983cea09ed9
2026-07-25 09:51:31,927 [INFO]     PDF trouvé: قرار فتح باب الترشيح (score: 35)
2026-07-25 09:51:31,929 [INFO]   [EXPIRÉE] فتح باب الترشيح لمنصب خبير في مجال نظم المعلوميات... → 2025-03-21
2026-07-25 09:51:31,929 [INFO]   Détails: https://www.emploi-public.ma/ar/%D8%AA%D9%81%D8%A7%D8%B5%D9%8A%D9%84/%D8%AA%D8%B4%D8%BA%D9%8A%D9%84-%D8%A7%D9%84%D8%AE%D8%A8%D8%B1%D8%A7%D8%A1/9ebae75d-f857-4c4d-9e16-0108b872c04f
2026-07-25 09:51:32,971 [INFO]     PDF trouvé: قرار فتح باب الترشيح (score: 35)
2026-07-25 09:51:32,972 [INFO]   [EXPIRÉE] فتح باب الترشيح لمنصب إدارة المشاريع و التدبير الإداري و الم... → 2025-03-19
2026-07-25 09:51:32,973 [INFO]   Détails: https://www.emploi-public.ma/ar/%D8%AA%D9%81%D8%A7%D8%B5%D9%8A%D9%84/%D8%AA%D8%B4%D8%BA%D9%8A%D9%84-%D8%A7%D9%84%D8%AE%D8%A8%D8%B1%D8%A7%D8%A1/0608bdd0-0a58-4c90-a1d5-bd3483116452
2026-07-25 09:51:33,705 [INFO]     PDF trouvé: قرار فتح باب الترشيح (score: 35)
2026-07-25 09:51:33,706 [INFO]   [EXPIRÉE] فتح باب الترشيح لمنصب منصب خبير في مجال البحوث والتجارب العل... → 2025-02-03
2026-07-25 09:51:33,706 [INFO]   Détails: https://www.emploi-public.ma/ar/%D8%AA%D9%81%D8%A7%D8%B5%D9%8A%D9%84/%D8%AA%D8%B4%D8%BA%D9%8A%D9%84-%D8%A7%D9%84%D8%AE%D8%A8%D8%B1%D8%A7%D8%A1/0cff84fa-82b2-4363-93e0-a88e5063ef0b
2026-07-25 09:51:34,846 [INFO]     PDF trouvé: قرار فتح باب الترشيح (score: 35)
2026-07-25 09:51:34,847 [INFO]   [EXPIRÉE] فتح باب الترشيح لمنصب خبير في مجال تدبير وتسيير أسواق الحبوب... → 2025-01-27
2026-07-25 09:51:34,847 [INFO]   Détails: https://www.emploi-public.ma/ar/%D8%AA%D9%81%D8%A7%D8%B5%D9%8A%D9%84/%D8%AA%D8%B4%D8%BA%D9%8A%D9%84-%D8%A7%D9%84%D8%AE%D8%A8%D8%B1%D8%A7%D8%A1/74373088-bc5e-4908-985b-9b0086ffaed3
2026-07-25 09:51:35,560 [INFO]     PDF trouvé: قرار فتح باب الترشيح (score: 35)
2026-07-25 09:51:35,561 [INFO]   [EXPIRÉE] فتح باب الترشيح لمنصب خبير... → 2025-01-24
2026-07-25 09:51:35,561 [INFO]   Détails: https://www.emploi-public.ma/ar/%D8%AA%D9%81%D8%A7%D8%B5%D9%8A%D9%84/%D8%AA%D8%B4%D8%BA%D9%8A%D9%84-%D8%A7%D9%84%D8%AE%D8%A8%D8%B1%D8%A7%D8%A1/c14080a7-f964-4481-923d-668331b39671
2026-07-25 09:51:36,246 [INFO]     PDF trouvé: قرار فتح باب الترشيح (score: 35)
2026-07-25 09:51:36,247 [INFO]   [EXPIRÉE] فتح باب الترشيح لمنصب خبير... → 2025-01-24
2026-07-25 09:51:36,247 [INFO]   Détails: https://www.emploi-public.ma/ar/%D8%AA%D9%81%D8%A7%D8%B5%D9%8A%D9%84/%D8%AA%D8%B4%D8%BA%D9%8A%D9%84-%D8%A7%D9%84%D8%AE%D8%A8%D8%B1%D8%A7%D8%A1/728ebc5b-6b53-4539-b18a-620011be8614
2026-07-25 09:51:36,932 [INFO]     PDF trouvé: قرار فتح باب الترشيح (score: 35)
2026-07-25 09:51:36,933 [INFO]   [EXPIRÉE] فتح باب الترشيح لمنصب خبير... → 2025-01-24
2026-07-25 09:51:36,935 [INFO] 
============================================================
2026-07-25 09:51:36,935 [INFO] RÉSUMÉ
2026-07-25 09:51:36,935 [INFO] ============================================================
2026-07-25 09:51:36,935 [INFO] Annonces traitées: 200
2026-07-25 09:51:36,935 [INFO] Dates en cours: 57
2026-07-25 09:51:36,935 [INFO] Dates expirées: 99
2026-07-25 09:51:36,935 [INFO] Total résultats en base: 106
2026-07-25 09:51:41,021 [INFO] Email envoyé à cavalkhalid@gmail.com
2026-07-25 09:51:41,022 [INFO] 
Scraper terminé.
2026-07-28 10:35:14,515 [INFO] ============================================================
2026-07-28 10:35:14,515 [INFO] DÉMARRAGE DU SCRAPER emploi-public.ma (AR)
2026-07-28 10:35:14,516 [INFO] Date: 2026-07-28 10:35:14
2026-07-28 10:35:14,516 [INFO] ============================================================
2026-07-28 10:35:14,516 [INFO] 
--- Catégorie: مناصب المسؤولية ---
2026-07-28 10:35:14,517 [INFO] Page 1/5
2026-07-28 10:35:14,517 [INFO] Scraping page: https://www.emploi-public.ma/ar/قائمة-مناصب-المسؤولية
2026-07-28 10:35:15,993 [INFO]   → 13 annonces trouvées sur cette page
2026-07-28 10:35:15,994 [INFO]   Détails: https://www.emploi-public.ma/ar/%D8%AA%D9%81%D8%A7%D8%B5%D9%8A%D9%84/%D9%85%D9%86%D8%A7%D8%B5%D8%A8-%D8%A7%D9%84%D9%85%D8%B3%D8%A4%D9%88%D9%84%D9%8A%D8%A9/881fad78-1510-43dd-a038-743c67dd20f8
2026-07-28 10:35:29,525 [INFO]     PDF trouvé: قرار فتح باب الترشيح (score: 35)
2026-07-28 10:35:29,526 [INFO]   [EXPIRÉE] لائحة الناجحين في مناصب المسؤولية ب وزارة الداخلية... → 2026-04-24
2026-07-28 10:35:29,526 [INFO]   Détails: https://www.emploi-public.ma/ar/%D8%AA%D9%81%D8%A7%D8%B5%D9%8A%D9%84/%D9%85%D9%86%D8%A7%D8%B5%D8%A8-%D8%A7%D9%84%D9%85%D8%B3%D8%A4%D9%88%D9%84%D9%8A%D8%A9/f9c3410a-a7c1-4545-a915-6bb6f06b4d81
2026-07-28 10:35:31,262 [INFO]     PDF trouvé: قرار فتح باب الترشيح (score: 35)
2026-07-28 10:35:31,263 [INFO]   [EXPIRÉE] فتح باب الترشيح ل مناصب المسؤولية ب وزارة الشباب والثقافة وا... → 2026-07-27
2026-07-28 10:35:31,263 [INFO]   Détails: https://www.emploi-public.ma/ar/%D8%AA%D9%81%D8%A7%D8%B5%D9%8A%D9%84/%D9%85%D9%86%D8%A7%D8%B5%D8%A8-%D8%A7%D9%84%D9%85%D8%B3%D8%A4%D9%88%D9%84%D9%8A%D8%A9/612573a1-79ab-4881-8d6d-9f2c884be589
2026-07-28 10:35:33,869 [INFO]     PDF trouvé: قرار فتح باب الترشيح (score: 35)
2026-07-28 10:35:33,870 [INFO]   [EXPIRÉE] لائحة الناجحين في مناصب المسؤولية ب وزارة الشباب والثقافة وا... → 2026-07-10
2026-07-28 10:35:33,870 [INFO]   Détails: https://www.emploi-public.ma/ar/%D8%AA%D9%81%D8%A7%D8%B5%D9%8A%D9%84/%D9%85%D9%86%D8%A7%D8%B5%D8%A8-%D8%A7%D9%84%D9%85%D8%B3%D8%A4%D9%88%D9%84%D9%8A%D8%A9/558f23e7-7989-4f9c-92e0-0a469e30efd4
2026-07-28 10:35:35,360 [INFO]     PDF trouvé: قرار فتح باب الترشيح (score: 35)
2026-07-28 10:35:35,361 [INFO]   [EN COURS] فتح باب الترشيح ل مناصب المسؤولية ب وزارة الداخلية -إقليم ال... → 2026-08-07
2026-07-28 10:35:35,361 [INFO]   Détails: https://www.emploi-public.ma/ar/%D8%AA%D9%81%D8%A7%D8%B5%D9%8A%D9%84/%D9%85%D9%86%D8%A7%D8%B5%D8%A8-%D8%A7%D9%84%D9%85%D8%B3%D8%A4%D9%88%D9%84%D9%8A%D8%A9/5a13f04d-51f3-490a-8d5f-e8129d1b81cd
2026-07-28 10:35:36,690 [INFO]     PDF trouvé: قرار فتح باب الترشيح (score: 35)
2026-07-28 10:35:36,692 [INFO]   [EXPIRÉE] لائحة المدعوين لاجتياز اختبار الترشيح ل مناصب المسؤولية ب وز... → 2025-10-23
2026-07-28 10:35:36,692 [INFO]   Détails: https://www.emploi-public.ma/ar/%D8%AA%D9%81%D8%A7%D8%B5%D9%8A%D9%84/%D9%85%D9%86%D8%A7%D8%B5%D8%A8-%D8%A7%D9%84%D9%85%D8%B3%D8%A4%D9%88%D9%84%D9%8A%D8%A9/4b74dd44-e60b-4bf9-b229-9cbbd8da67fe
2026-07-28 10:35:37,860 [INFO]     PDF trouvé: قرار فتح باب الترشيح (score: 35)
2026-07-28 10:35:37,861 [INFO]   [EXPIRÉE] لائحة المدعوين لاجتياز اختبار الترشيح ل مناصب المسؤولية ب وز... → 2026-01-23
2026-07-28 10:35:37,861 [INFO]   Détails: https://www.emploi-public.ma/ar/%D8%AA%D9%81%D8%A7%D8%B5%D9%8A%D9%84/%D9%85%D9%86%D8%A7%D8%B5%D8%A8-%D8%A7%D9%84%D9%85%D8%B3%D8%A4%D9%88%D9%84%D9%8A%D8%A9/0980a32b-6d19-43fe-9a78-fed5be8e0263
2026-07-28 10:35:39,803 [INFO]     PDF trouvé: قرار فتح باب الترشيح (score: 35)
2026-07-28 10:35:39,804 [INFO]   [EXPIRÉE] فتح باب الترشيح ل مناصب المسؤولية ب وزارة الداخلية -عمالة إق... → 2026-07-24
2026-07-28 10:35:39,804 [INFO]   Détails: https://www.emploi-public.ma/ar/%D8%AA%D9%81%D8%A7%D8%B5%D9%8A%D9%84/%D9%85%D9%86%D8%A7%D8%B5%D8%A8-%D8%A7%D9%84%D9%85%D8%B3%D8%A4%D9%88%D9%84%D9%8A%D8%A9/e22ab9f5-ac8e-4159-ba33-da0d5a040314
2026-07-28 10:35:41,145 [INFO]     PDF trouvé: قرار فتح باب الترشيح (score: 35)
2026-07-28 10:35:41,146 [INFO]   [EXPIRÉE] فتح باب الترشيح ل مناصب المسؤولية ب وزارة السياحة والصناعة ا... → 2026-07-24
2026-07-28 10:35:41,146 [INFO]   Détails: https://www.emploi-public.ma/ar/%D8%AA%D9%81%D8%A7%D8%B5%D9%8A%D9%84/%D9%85%D9%86%D8%A7%D8%B5%D8%A8-%D8%A7%D9%84%D9%85%D8%B3%D8%A4%D9%88%D9%84%D9%8A%D8%A9/8de5030f-7a8e-4e77-b6df-4d8be658c7e7
2026-07-28 10:35:42,542 [INFO]     PDF trouvé: قرار فتح باب الترشيح (score: 35)
2026-07-28 10:35:42,543 [INFO]   [EXPIRÉE] لائحة المدعوين لاجتياز اختبار الترشيح ل مناصب المسؤولية ب وز... → 2026-04-05
2026-07-28 10:35:42,543 [INFO]   Détails: https://www.emploi-public.ma/ar/%D8%AA%D9%81%D8%A7%D8%B5%D9%8A%D9%84/%D9%85%D9%86%D8%A7%D8%B5%D8%A8-%D8%A7%D9%84%D9%85%D8%B3%D8%A4%D9%88%D9%84%D9%8A%D8%A9/496b5c80-5431-4b34-b3a6-e4e4088a9280
2026-07-28 10:35:47,145 [INFO]     PDF trouvé: قرار فتح باب الترشيح (score: 35)
2026-07-28 10:35:47,146 [INFO]   [EN COURS] رئيس مصلحة الموارد البشرية... → 2026-07-28
2026-07-28 10:35:47,146 [INFO]   Détails: https://www.emploi-public.ma/ar/%D8%AA%D9%81%D8%A7%D8%B5%D9%8A%D9%84/%D9%85%D9%86%D8%A7%D8%B5%D8%A8-%D8%A7%D9%84%D9%85%D8%B3%D8%A4%D9%88%D9%84%D9%8A%D8%A9/2baa0d59-1224-4d68-b458-485f82987c4b
2026-07-28 10:35:48,679 [INFO]     PDF trouvé: قرار فتح باب الترشيح (score: 35)
2026-07-28 10:35:48,680 [INFO]   [EN COURS] رئيس قسم استشارات المستثمرين... → 2026-07-28
2026-07-28 10:35:48,680 [INFO]   Détails: https://www.emploi-public.ma/ar/%D8%AA%D9%81%D8%A7%D8%B5%D9%8A%D9%84/%D9%85%D9%86%D8%A7%D8%B5%D8%A8-%D8%A7%D9%84%D9%85%D8%B3%D8%A4%D9%88%D9%84%D9%8A%D8%A9/ed4a754f-909a-46af-9c2b-1e5cb5568848
2026-07-28 10:35:50,122 [INFO]     PDF trouvé: قرار فتح باب الترشيح (score: 35)
2026-07-28 10:35:50,124 [INFO]   [EN COURS] 5 رؤساء مصالح... → 2026-07-29
2026-07-28 10:35:50,124 [INFO]   Détails: https://www.emploi-public.ma/ar/%D8%AA%D9%81%D8%A7%D8%B5%D9%8A%D9%84/%D9%85%D9%86%D8%A7%D8%B5%D8%A8-%D8%A7%D9%84%D9%85%D8%B3%D8%A4%D9%88%D9%84%D9%8A%D8%A9/361d06f0-3608-475e-a552-8cb71a9cd5b4
2026-07-28 10:35:56,952 [INFO]     PDF trouvé: قرار فتح باب الترشيح (score: 35)
2026-07-28 10:35:56,953 [INFO]   [EN COURS] فتح باب الترشيح لمناصب المسؤولية بإقليم آسفي... → 2026-07-29
2026-07-28 10:35:56,953 [INFO] Page 2/5
2026-07-28 10:35:56,953 [INFO] Scraping page: https://www.emploi-public.ma/ar/قائمة-مناصب-المسؤولية?page=1
2026-07-28 10:35:58,495 [INFO]   → 13 annonces trouvées sur cette page
2026-07-28 10:35:58,496 [INFO]   Détails: https://www.emploi-public.ma/ar/%D8%AA%D9%81%D8%A7%D8%B5%D9%8A%D9%84/%D9%85%D9%86%D8%A7%D8%B5%D8%A8-%D8%A7%D9%84%D9%85%D8%B3%D8%A4%D9%88%D9%84%D9%8A%D8%A9/881fad78-1510-43dd-a038-743c67dd20f8
2026-07-28 10:35:59,438 [INFO]     PDF trouvé: قرار فتح باب الترشيح (score: 35)
2026-07-28 10:35:59,439 [INFO]   [EXPIRÉE] لائحة الناجحين في مناصب المسؤولية ب وزارة الداخلية... → 2026-04-24
2026-07-28 10:35:59,439 [INFO]   Détails: https://www.emploi-public.ma/ar/%D8%AA%D9%81%D8%A7%D8%B5%D9%8A%D9%84/%D9%85%D9%86%D8%A7%D8%B5%D8%A8-%D8%A7%D9%84%D9%85%D8%B3%D8%A4%D9%88%D9%84%D9%8A%D8%A9/f9c3410a-a7c1-4545-a915-6bb6f06b4d81
2026-07-28 10:36:00,530 [INFO]     PDF trouvé: قرار فتح باب الترشيح (score: 35)
2026-07-28 10:36:00,531 [INFO]   [EXPIRÉE] فتح باب الترشيح ل مناصب المسؤولية ب وزارة الشباب والثقافة وا... → 2026-07-27
2026-07-28 10:36:00,531 [INFO]   Détails: https://www.emploi-public.ma/ar/%D8%AA%D9%81%D8%A7%D8%B5%D9%8A%D9%84/%D9%85%D9%86%D8%A7%D8%B5%D8%A8-%D8%A7%D9%84%D9%85%D8%B3%D8%A4%D9%88%D9%84%D9%8A%D8%A9/612573a1-79ab-4881-8d6d-9f2c884be589
2026-07-28 10:36:02,275 [INFO]     PDF trouvé: قرار فتح باب الترشيح (score: 35)
2026-07-28 10:36:02,277 [INFO]   [EXPIRÉE] لائحة الناجحين في مناصب المسؤولية ب وزارة الشباب والثقافة وا... → 2026-07-10
2026-07-28 10:36:02,277 [INFO]   Détails: https://www.emploi-public.ma/ar/%D8%AA%D9%81%D8%A7%D8%B5%D9%8A%D9%84/%D9%85%D9%86%D8%A7%D8%B5%D8%A8-%D8%A7%D9%84%D9%85%D8%B3%D8%A4%D9%88%D9%84%D9%8A%D8%A9/558f23e7-7989-4f9c-92e0-0a469e30efd4
2026-07-28 10:36:03,386 [INFO]     PDF trouvé: قرار فتح باب الترشيح (score: 35)
2026-07-28 10:36:03,388 [INFO]   [EN COURS] فتح باب الترشيح ل مناصب المسؤولية ب وزارة الداخلية -إقليم ال... → 2026-08-07
2026-07-28 10:36:03,388 [INFO]   Détails: https://www.emploi-public.ma/ar/%D8%AA%D9%81%D8%A7%D8%B5%D9%8A%D9%84/%D9%85%D9%86%D8%A7%D8%B5%D8%A8-%D8%A7%D9%84%D9%85%D8%B3%D8%A4%D9%88%D9%84%D9%8A%D8%A9/5a13f04d-51f3-490a-8d5f-e8129d1b81cd
2026-07-28 10:36:04,669 [INFO]     PDF trouvé: قرار فتح باب الترشيح (score: 35)
2026-07-28 10:36:04,671 [INFO]   [EXPIRÉE] لائحة المدعوين لاجتياز اختبار الترشيح ل مناصب المسؤولية ب وز... → 2025-10-23
2026-07-28 10:36:04,671 [INFO]   Détails: https://www.emploi-public.ma/ar/%D8%AA%D9%81%D8%A7%D8%B5%D9%8A%D9%84/%D9%85%D9%86%D8%A7%D8%B5%D8%A8-%D8%A7%D9%84%D9%85%D8%B3%D8%A4%D9%88%D9%84%D9%8A%D8%A9/4b74dd44-e60b-4bf9-b229-9cbbd8da67fe
2026-07-28 10:36:06,421 [INFO]     PDF trouvé: قرار فتح باب الترشيح (score: 35)
2026-07-28 10:36:06,422 [INFO]   [EXPIRÉE] لائحة المدعوين لاجتياز اختبار الترشيح ل مناصب المسؤولية ب وز... → 2026-01-23
2026-07-28 10:36:06,422 [INFO]   Détails: https://www.emploi-public.ma/ar/%D8%AA%D9%81%D8%A7%D8%B5%D9%8A%D9%84/%D9%85%D9%86%D8%A7%D8%B5%D8%A8-%D8%A7%D9%84%D9%85%D8%B3%D8%A4%D9%88%D9%84%D9%8A%D8%A9/0980a32b-6d19-43fe-9a78-fed5be8e0263
2026-07-28 10:36:12,906 [INFO]     PDF trouvé: قرار فتح باب الترشيح (score: 35)
2026-07-28 10:36:12,907 [INFO]   [EXPIRÉE] فتح باب الترشيح ل مناصب المسؤولية ب وزارة الداخلية -عمالة إق... → 2026-07-24
2026-07-28 10:36:12,908 [INFO]   Détails: https://www.emploi-public.ma/ar/%D8%AA%D9%81%D8%A7%D8%B5%D9%8A%D9%84/%D9%85%D9%86%D8%A7%D8%B5%D8%A8-%D8%A7%D9%84%D9%85%D8%B3%D8%A4%D9%88%D9%84%D9%8A%D8%A9/e22ab9f5-ac8e-4159-ba33-da0d5a040314
2026-07-28 10:36:15,201 [INFO]     PDF trouvé: قرار فتح باب الترشيح (score: 35)
2026-07-28 10:36:15,203 [INFO]   [EXPIRÉE] فتح باب الترشيح ل مناصب المسؤولية ب وزارة السياحة والصناعة ا... → 2026-07-24
2026-07-28 10:36:15,203 [INFO]   Détails: https://www.emploi-public.ma/ar/%D8%AA%D9%81%D8%A7%D8%B5%D9%8A%D9%84/%D9%85%D9%86%D8%A7%D8%B5%D8%A8-%D8%A7%D9%84%D9%85%D8%B3%D8%A4%D9%88%D9%84%D9%8A%D8%A9/8de5030f-7a8e-4e77-b6df-4d8be658c7e7
2026-07-28 10:36:16,191 [INFO]     PDF trouvé: قرار فتح باب الترشيح (score: 35)
2026-07-28 10:36:16,192 [INFO]   [EXPIRÉE] لائحة المدعوين لاجتياز اختبار الترشيح ل مناصب المسؤولية ب وز... → 2026-04-05
2026-07-28 10:36:16,192 [INFO]   Détails: https://www.emploi-public.ma/ar/%D8%AA%D9%81%D8%A7%D8%B5%D9%8A%D9%84/%D9%85%D9%86%D8%A7%D8%B5%D8%A8-%D8%A7%D9%84%D9%85%D8%B3%D8%A4%D9%88%D9%84%D9%8A%D8%A9/496b5c80-5431-4b34-b3a6-e4e4088a9280
2026-07-28 10:36:17,106 [INFO]     PDF trouvé: قرار فتح باب الترشيح (score: 35)
2026-07-28 10:36:17,108 [INFO]   [EN COURS] رئيس مصلحة الموارد البشرية... → 2026-07-28
2026-07-28 10:36:17,108 [INFO]   Détails: https://www.emploi-public.ma/ar/%D8%AA%D9%81%D8%A7%D8%B5%D9%8A%D9%84/%D9%85%D9%86%D8%A7%D8%B5%D8%A8-%D8%A7%D9%84%D9%85%D8%B3%D8%A4%D9%88%D9%84%D9%8A%D8%A9/2baa0d59-1224-4d68-b458-485f82987c4b
2026-07-28 10:36:18,011 [INFO]     PDF trouvé: قرار فتح باب الترشيح (score: 35)
2026-07-28 10:36:18,013 [INFO]   [EN COURS] رئيس قسم استشارات المستثمرين... → 2026-07-28
2026-07-28 10:36:18,013 [INFO]   Détails: https://www.emploi-public.ma/ar/%D8%AA%D9%81%D8%A7%D8%B5%D9%8A%D9%84/%D9%85%D9%86%D8%A7%D8%B5%D8%A8-%D8%A7%D9%84%D9%85%D8%B3%D8%A4%D9%88%D9%84%D9%8A%D8%A9/ed4a754f-909a-46af-9c2b-1e5cb5568848
2026-07-28 10:36:22,948 [INFO]     PDF trouvé: قرار فتح باب الترشيح (score: 35)
2026-07-28 10:36:22,949 [INFO]   [EN COURS] 5 رؤساء مصالح... → 2026-07-29
2026-07-28 10:36:22,949 [INFO]   Détails: https://www.emploi-public.ma/ar/%D8%AA%D9%81%D8%A7%D8%B5%D9%8A%D9%84/%D9%85%D9%86%D8%A7%D8%B5%D8%A8-%D8%A7%D9%84%D9%85%D8%B3%D8%A4%D9%88%D9%84%D9%8A%D8%A9/361d06f0-3608-475e-a552-8cb71a9cd5b4
2026-07-28 10:36:25,641 [INFO]     PDF trouvé: قرار فتح باب الترشيح (score: 35)
2026-07-28 10:36:25,642 [INFO]   [EN COURS] فتح باب الترشيح لمناصب المسؤولية بإقليم آسفي... → 2026-07-29
2026-07-28 10:36:25,642 [INFO] Page 3/5
2026-07-28 10:36:25,642 [INFO] Scraping page: https://www.emploi-public.ma/ar/قائمة-مناصب-المسؤولية?page=2
2026-07-28 10:36:27,525 [INFO]   → 13 annonces trouvées sur cette page
2026-07-28 10:36:27,526 [INFO]   Détails: https://www.emploi-public.ma/ar/%D8%AA%D9%81%D8%A7%D8%B5%D9%8A%D9%84/%D9%85%D9%86%D8%A7%D8%B5%D8%A8-%D8%A7%D9%84%D9%85%D8%B3%D8%A4%D9%88%D9%84%D9%8A%D8%A9/a3ff8765-f34b-4a36-9023-7ae112e77594
2026-07-28 10:36:28,379 [INFO]     PDF trouvé: قرار فتح باب الترشيح (score: 35)
2026-07-28 10:36:28,381 [INFO]   [EN COURS] فتح باب الترشيح ل مناصب المسؤولية ب وزارة الشباب والثقافة وا... → 2026-08-07
2026-07-28 10:36:28,381 [INFO]   Détails: https://www.emploi-public.ma/ar/%D8%AA%D9%81%D8%A7%D8%B5%D9%8A%D9%84/%D9%85%D9%86%D8%A7%D8%B5%D8%A8-%D8%A7%D9%84%D9%85%D8%B3%D8%A4%D9%88%D9%84%D9%8A%D8%A9/c84a5637-77c0-4679-baa9-d49417d7e832
2026-07-28 10:36:29,307 [INFO]     PDF trouvé: قرار فتح باب الترشيح (score: 35)
2026-07-28 10:36:29,308 [INFO]   [EN COURS] فتح باب الترشيح ل مناصب المسؤولية ب وزارة الشباب والثقافة وا... → 2026-08-07
2026-07-28 10:36:29,309 [INFO]   Détails: https://www.emploi-public.ma/ar/%D8%AA%D9%81%D8%A7%D8%B5%D9%8A%D9%84/%D9%85%D9%86%D8%A7%D8%B5%D8%A8-%D8%A7%D9%84%D9%85%D8%B3%D8%A4%D9%88%D9%84%D9%8A%D8%A9/c4ac2878-050a-4908-86bc-a0f7ae46e4f4
2026-07-28 10:36:30,141 [INFO]     PDF trouvé: قرار فتح باب الترشيح (score: 35)
2026-07-28 10:36:30,142 [INFO]   [EXPIRÉE] لائحة الناجحين في مناصب المسؤولية ب وزارة الفلاحة والصيد الب... → 2026-07-07
2026-07-28 10:36:30,142 [INFO]   Détails: https://www.emploi-public.ma/ar/%D8%AA%D9%81%D8%A7%D8%B5%D9%8A%D9%84/%D9%85%D9%86%D8%A7%D8%B5%D8%A8-%D8%A7%D9%84%D9%85%D8%B3%D8%A4%D9%88%D9%84%D9%8A%D8%A9/65bb098d-84db-4eea-a26f-408d847c19d6
2026-07-28 10:36:33,352 [INFO]     PDF trouvé: قرار فتح باب الترشيح (score: 35)
2026-07-28 10:36:33,353 [INFO]   [EXPIRÉE] لائحة المدعوين لاجتياز اختبار الترشيح ل مناصب المسؤولية ب وز... → 2026-06-11
2026-07-28 10:36:33,353 [INFO]   Détails: https://www.emploi-public.ma/ar/%D8%AA%D9%81%D8%A7%D8%B5%D9%8A%D9%84/%D9%85%D9%86%D8%A7%D8%B5%D8%A8-%D8%A7%D9%84%D9%85%D8%B3%D8%A4%D9%88%D9%84%D9%8A%D8%A9/4634f231-1c41-439b-9e77-a5c74ee289d4
2026-07-28 10:36:37,037 [INFO]     PDF trouvé: قرار فتح باب الترشيح (score: 35)
2026-07-28 10:36:37,039 [INFO]   [EXPIRÉE] لائحة المدعوين لاجتياز اختبار الترشيح ل مناصب المسؤولية ب وز... → 2026-06-11
2026-07-28 10:36:37,039 [INFO]   Détails: https://www.emploi-public.ma/ar/%D8%AA%D9%81%D8%A7%D8%B5%D9%8A%D9%84/%D9%85%D9%86%D8%A7%D8%B5%D8%A8-%D8%A7%D9%84%D9%85%D8%B3%D8%A4%D9%88%D9%84%D9%8A%D8%A9/36fa2f7f-c1b1-4034-9c58-493276fbf647
2026-07-28 10:36:43,549 [INFO]     PDF trouvé: قرار فتح باب الترشيح (score: 35)
2026-07-28 10:36:43,550 [INFO]   [EXPIRÉE] لائحة المدعوين لاجتياز اختبار الترشيح ل مناصب المسؤولية ب وز... → 2026-06-11
2026-07-28 10:36:43,550 [INFO]   Détails: https://www.emploi-public.ma/ar/%D8%AA%D9%81%D8%A7%D8%B5%D9%8A%D9%84/%D9%85%D9%86%D8%A7%D8%B5%D8%A8-%D8%A7%D9%84%D9%85%D8%B3%D8%A4%D9%88%D9%84%D9%8A%D8%A9/506cdea9-bd57-40fd-8470-b783d8301a02
2026-07-28 10:36:44,830 [INFO]     PDF trouvé: قرار فتح باب الترشيح (score: 35)
2026-07-28 10:36:44,832 [INFO]   [EXPIRÉE] لائحة المدعوين لاجتياز اختبار الترشيح ل مناصب المسؤولية ب وز... → 2026-06-11
2026-07-28 10:36:44,832 [INFO]   Détails: https://www.emploi-public.ma/ar/%D8%AA%D9%81%D8%A7%D8%B5%D9%8A%D9%84/%D9%85%D9%86%D8%A7%D8%B5%D8%A8-%D8%A7%D9%84%D9%85%D8%B3%D8%A4%D9%88%D9%84%D9%8A%D8%A9/2901b05e-8b4e-4745-b87d-a8cf158f579f
2026-07-28 10:36:46,468 [INFO]     PDF trouvé: قرار فتح باب الترشيح (score: 35)
2026-07-28 10:36:46,470 [INFO]   [EXPIRÉE] لائحة المدعوين لاجتياز اختبار الترشيح ل مناصب المسؤولية ب وز... → 2026-07-23
2026-07-28 10:36:46,470 [INFO]   Détails: https://www.emploi-public.ma/ar/%D8%AA%D9%81%D8%A7%D8%B5%D9%8A%D9%84/%D9%85%D9%86%D8%A7%D8%B5%D8%A8-%D8%A7%D9%84%D9%85%D8%B3%D8%A4%D9%88%D9%84%D9%8A%D8%A9/f9c21d46-0b87-4c11-af2d-b5305b2fc6ad
2026-07-28 10:36:47,362 [INFO]     PDF trouvé: قرار فتح باب الترشيح (score: 35)
2026-07-28 10:36:47,363 [INFO]   [EN COURS] فتح باب الترشيح ل مناصب المسؤولية ب وزارة الداخلية -عمالة إق... → 2026-08-13
2026-07-28 10:36:47,363 [INFO]   Détails: https://www.emploi-public.ma/ar/%D8%AA%D9%81%D8%A7%D8%B5%D9%8A%D9%84/%D9%85%D9%86%D8%A7%D8%B5%D8%A8-%D8%A7%D9%84%D9%85%D8%B3%D8%A4%D9%88%D9%84%D9%8A%D8%A9/496b5c80-5431-4b34-b3a6-e4e4088a9280
2026-07-28 10:36:49,089 [INFO]     PDF trouvé: قرار فتح باب الترشيح (score: 35)
2026-07-28 10:36:49,090 [INFO]   [EN COURS] رئيس مصلحة الموارد البشرية... → 2026-07-28
2026-07-28 10:36:49,090 [INFO]   Détails: https://www.emploi-public.ma/ar/%D8%AA%D9%81%D8%A7%D8%B5%D9%8A%D9%84/%D9%85%D9%86%D8%A7%D8%B5%D8%A8-%D8%A7%D9%84%D9%85%D8%B3%D8%A4%D9%88%D9%84%D9%8A%D8%A9/2baa0d59-1224-4d68-b458-485f82987c4b
2026-07-28 10:36:52,550 [INFO]     PDF trouvé: قرار فتح باب الترشيح (score: 35)
2026-07-28 10:36:52,552 [INFO]   [EN COURS] رئيس قسم استشارات المستثمرين... → 2026-07-28
2026-07-28 10:36:52,552 [INFO]   Détails: https://www.emploi-public.ma/ar/%D8%AA%D9%81%D8%A7%D8%B5%D9%8A%D9%84/%D9%85%D9%86%D8%A7%D8%B5%D8%A8-%D8%A7%D9%84%D9%85%D8%B3%D8%A4%D9%88%D9%84%D9%8A%D8%A9/ed4a754f-909a-46af-9c2b-1e5cb5568848
2026-07-28 10:36:53,769 [INFO]     PDF trouvé: قرار فتح باب الترشيح (score: 35)
2026-07-28 10:36:53,770 [INFO]   [EN COURS] 5 رؤساء مصالح... → 2026-07-29
2026-07-28 10:36:53,770 [INFO]   Détails: https://www.emploi-public.ma/ar/%D8%AA%D9%81%D8%A7%D8%B5%D9%8A%D9%84/%D9%85%D9%86%D8%A7%D8%B5%D8%A8-%D8%A7%D9%84%D9%85%D8%B3%D8%A4%D9%88%D9%84%D9%8A%D8%A9/361d06f0-3608-475e-a552-8cb71a9cd5b4
2026-07-28 10:36:57,023 [INFO]     PDF trouvé: قرار فتح باب الترشيح (score: 35)
2026-07-28 10:36:57,024 [INFO]   [EN COURS] فتح باب الترشيح لمناصب المسؤولية بإقليم آسفي... → 2026-07-29
2026-07-28 10:36:57,024 [INFO] Page 4/5
2026-07-28 10:36:57,024 [INFO] Scraping page: https://www.emploi-public.ma/ar/قائمة-مناصب-المسؤولية?page=3
2026-07-28 10:36:58,918 [INFO]   → 13 annonces trouvées sur cette page
2026-07-28 10:36:58,919 [INFO]   Détails: https://www.emploi-public.ma/ar/%D8%AA%D9%81%D8%A7%D8%B5%D9%8A%D9%84/%D9%85%D9%86%D8%A7%D8%B5%D8%A8-%D8%A7%D9%84%D9%85%D8%B3%D8%A4%D9%88%D9%84%D9%8A%D8%A9/1f0f0446-8044-4bda-a4f1-6e55b963a62f
2026-07-28 10:37:00,411 [INFO]     PDF trouvé: قرار فتح باب الترشيح (score: 35)
2026-07-28 10:37:00,412 [INFO]   [EXPIRÉE] لائحة المدعوين لاجتياز اختبار الترشيح ل مناصب المسؤولية ب وز... → 2026-06-29
2026-07-28 10:37:00,412 [INFO]   Détails: https://www.emploi-public.ma/ar/%D8%AA%D9%81%D8%A7%D8%B5%D9%8A%D9%84/%D9%85%D9%86%D8%A7%D8%B5%D8%A8-%D8%A7%D9%84%D9%85%D8%B3%D8%A4%D9%88%D9%84%D9%8A%D8%A9/716ae71a-4687-466a-ae3c-6f09c68b0175
2026-07-28 10:37:07,723 [INFO]     PDF trouvé: قرار فتح باب الترشيح (score: 35)
2026-07-28 10:37:07,724 [INFO]   [EXPIRÉE] لائحة المدعوين لاجتياز اختبار الترشيح ل مناصب المسؤولية ب وز... → 2026-04-17
2026-07-28 10:37:07,724 [INFO]   Détails: https://www.emploi-public.ma/ar/%D8%AA%D9%81%D8%A7%D8%B5%D9%8A%D9%84/%D9%85%D9%86%D8%A7%D8%B5%D8%A8-%D8%A7%D9%84%D9%85%D8%B3%D8%A4%D9%88%D9%84%D9%8A%D8%A9/cec09eea-b8ec-4b2f-a2da-3be6b1cfae34
2026-07-28 10:37:09,061 [INFO]     PDF trouvé: قرار فتح باب الترشيح (score: 35)
2026-07-28 10:37:09,062 [INFO]   [EXPIRÉE] لائحة الناجحين في مناصب المسؤولية ب وزارة العدل... → 2026-06-19
2026-07-28 10:37:09,063 [INFO]   Détails: https://www.emploi-public.ma/ar/%D8%AA%D9%81%D8%A7%D8%B5%D9%8A%D9%84/%D9%85%D9%86%D8%A7%D8%B5%D8%A8-%D8%A7%D9%84%D9%85%D8%B3%D8%A4%D9%88%D9%84%D9%8A%D8%A9/9d0a2934-38fb-4fa5-a988-258254414db5
2026-07-28 10:37:10,579 [INFO]     PDF trouvé: قرار فتح باب الترشيح (score: 35)
2026-07-28 10:37:10,580 [INFO]   [EXPIRÉE] لائحة الناجحين في مناصب المسؤولية ب وزارة العدل... → 2026-06-15
2026-07-28 10:37:10,580 [INFO]   Détails: https://www.emploi-public.ma/ar/%D8%AA%D9%81%D8%A7%D8%B5%D9%8A%D9%84/%D9%85%D9%86%D8%A7%D8%B5%D8%A8-%D8%A7%D9%84%D9%85%D8%B3%D8%A4%D9%88%D9%84%D9%8A%D8%A9/2327c25e-e050-4ea3-8970-df20522676e3
2026-07-28 10:37:11,444 [INFO]     PDF trouvé: قرار فتح باب الترشيح (score: 35)
2026-07-28 10:37:11,445 [INFO]   [EXPIRÉE] لائحة الناجحين في مناصب المسؤولية ب وزارة العدل... → 2026-06-15
2026-07-28 10:37:11,445 [INFO]   Détails: https://www.emploi-public.ma/ar/%D8%AA%D9%81%D8%A7%D8%B5%D9%8A%D9%84/%D9%85%D9%86%D8%A7%D8%B5%D8%A8-%D8%A7%D9%84%D9%85%D8%B3%D8%A4%D9%88%D9%84%D9%8A%D8%A9/6f560704-3786-4bb7-9810-2f2ce23eecfb
2026-07-28 10:37:15,565 [INFO]     PDF trouvé: قرار فتح باب الترشيح (score: 35)
2026-07-28 10:37:15,566 [INFO]   [EXPIRÉE] لائحة الناجحين في مناصب المسؤولية ب وزارة العدل... → 2026-06-12
2026-07-28 10:37:15,567 [INFO]   Détails: https://www.emploi-public.ma/ar/%D8%AA%D9%81%D8%A7%D8%B5%D9%8A%D9%84/%D9%85%D9%86%D8%A7%D8%B5%D8%A8-%D8%A7%D9%84%D9%85%D8%B3%D8%A4%D9%88%D9%84%D9%8A%D8%A9/e2af6bdf-76e9-4dab-b88d-71c8a95777ef
2026-07-28 10:37:17,168 [INFO]     PDF trouvé: قرار فتح باب الترشيح (score: 35)
2026-07-28 10:37:17,170 [INFO]   [EXPIRÉE] لائحة الناجحين في مناصب المسؤولية ب وزارة العدل... → 2026-05-25
2026-07-28 10:37:17,170 [INFO]   Détails: https://www.emploi-public.ma/ar/%D8%AA%D9%81%D8%A7%D8%B5%D9%8A%D9%84/%D9%85%D9%86%D8%A7%D8%B5%D8%A8-%D8%A7%D9%84%D9%85%D8%B3%D8%A4%D9%88%D9%84%D9%8A%D8%A9/e87230b9-5c31-441a-99c0-ef3d70e8fccb
2026-07-28 10:37:20,023 [INFO]     PDF trouvé: قرار فتح باب الترشيح (score: 35)
2026-07-28 10:37:20,024 [INFO]   [EXPIRÉE] فتح باب الترشيح ل مناصب المسؤولية ب وزارة الداخلية -إقليم ال... → 2026-07-22
2026-07-28 10:37:20,025 [INFO]   Détails: https://www.emploi-public.ma/ar/%D8%AA%D9%81%D8%A7%D8%B5%D9%8A%D9%84/%D9%85%D9%86%D8%A7%D8%B5%D8%A8-%D8%A7%D9%84%D9%85%D8%B3%D8%A4%D9%88%D9%84%D9%8A%D8%A9/cb10246f-888d-4789-9322-8d88f1ca4e21
2026-07-28 10:37:21,849 [INFO]     PDF trouvé: قرار فتح باب الترشيح (score: 35)
2026-07-28 10:37:21,850 [INFO]   [EXPIRÉE] فتح باب الترشيح ل مناصب المسؤولية ب وزارة الداخلية -إقليم ال... → 2026-07-22
2026-07-28 10:37:21,850 [INFO]   Détails: https://www.emploi-public.ma/ar/%D8%AA%D9%81%D8%A7%D8%B5%D9%8A%D9%84/%D9%85%D9%86%D8%A7%D8%B5%D8%A8-%D8%A7%D9%84%D9%85%D8%B3%D8%A4%D9%88%D9%84%D9%8A%D8%A9/496b5c80-5431-4b34-b3a6-e4e4088a9280
2026-07-28 10:37:25,214 [INFO]     PDF trouvé: قرار فتح باب الترشيح (score: 35)
2026-07-28 10:37:25,215 [INFO]   [EN COURS] رئيس مصلحة الموارد البشرية... → 2026-07-28
2026-07-28 10:37:25,215 [INFO]   Détails: https://www.emploi-public.ma/ar/%D8%AA%D9%81%D8%A7%D8%B5%D9%8A%D9%84/%D9%85%D9%86%D8%A7%D8%B5%D8%A8-%D8%A7%D9%84%D9%85%D8%B3%D8%A4%D9%88%D9%84%D9%8A%D8%A9/2baa0d59-1224-4d68-b458-485f82987c4b
2026-07-28 10:37:26,334 [INFO]     PDF trouvé: قرار فتح باب الترشيح (score: 35)
2026-07-28 10:37:26,335 [INFO]   [EN COURS] رئيس قسم استشارات المستثمرين... → 2026-07-28
2026-07-28 10:37:26,335 [INFO]   Détails: https://www.emploi-public.ma/ar/%D8%AA%D9%81%D8%A7%D8%B5%D9%8A%D9%84/%D9%85%D9%86%D8%A7%D8%B5%D8%A8-%D8%A7%D9%84%D9%85%D8%B3%D8%A4%D9%88%D9%84%D9%8A%D8%A9/ed4a754f-909a-46af-9c2b-1e5cb5568848
2026-07-28 10:37:27,727 [INFO]     PDF trouvé: قرار فتح باب الترشيح (score: 35)
2026-07-28 10:37:27,729 [INFO]   [EN COURS] 5 رؤساء مصالح... → 2026-07-29
2026-07-28 10:37:27,729 [INFO]   Détails: https://www.emploi-public.ma/ar/%D8%AA%D9%81%D8%A7%D8%B5%D9%8A%D9%84/%D9%85%D9%86%D8%A7%D8%B5%D8%A8-%D8%A7%D9%84%D9%85%D8%B3%D8%A4%D9%88%D9%84%D9%8A%D8%A9/361d06f0-3608-475e-a552-8cb71a9cd5b4
2026-07-28 10:37:29,084 [INFO]     PDF trouvé: قرار فتح باب الترشيح (score: 35)
2026-07-28 10:37:29,086 [INFO]   [EN COURS] فتح باب الترشيح لمناصب المسؤولية بإقليم آسفي... → 2026-07-29
2026-07-28 10:37:29,086 [INFO] Page 5/5
2026-07-28 10:37:29,086 [INFO] Scraping page: https://www.emploi-public.ma/ar/قائمة-مناصب-المسؤولية?page=4
2026-07-28 10:37:30,826 [INFO]   → 13 annonces trouvées sur cette page
2026-07-28 10:37:30,827 [INFO]   Détails: https://www.emploi-public.ma/ar/%D8%AA%D9%81%D8%A7%D8%B5%D9%8A%D9%84/%D9%85%D9%86%D8%A7%D8%B5%D8%A8-%D8%A7%D9%84%D9%85%D8%B3%D8%A4%D9%88%D9%84%D9%8A%D8%A9/3b6918d1-3c36-4588-a26b-fbe714b6e52d
2026-07-28 10:37:37,666 [INFO]     PDF trouvé: قرار فتح باب الترشيح (score: 35)
2026-07-28 10:37:37,667 [INFO]   [EXPIRÉE] لائحة المدعوين لاجتياز اختبار الترشيح ل مناصب المسؤولية ب وز... → 2026-06-24
2026-07-28 10:37:37,667 [INFO]   Détails: https://www.emploi-public.ma/ar/%D8%AA%D9%81%D8%A7%D8%B5%D9%8A%D9%84/%D9%85%D9%86%D8%A7%D8%B5%D8%A8-%D8%A7%D9%84%D9%85%D8%B3%D8%A4%D9%88%D9%84%D9%8A%D8%A9/eb11c5f5-5e0a-4093-be4a-be951ac1d902
2026-07-28 10:37:42,815 [INFO]     PDF trouvé: قرار فتح باب الترشيح (score: 35)
2026-07-28 10:37:42,816 [INFO]   [EN COURS] فتح باب الترشيح ل مناصب المسؤولية ب وزارة الشباب والثقافة وا... → 2026-08-05
2026-07-28 10:37:42,816 [INFO]   Détails: https://www.emploi-public.ma/ar/%D8%AA%D9%81%D8%A7%D8%B5%D9%8A%D9%84/%D9%85%D9%86%D8%A7%D8%B5%D8%A8-%D8%A7%D9%84%D9%85%D8%B3%D8%A4%D9%88%D9%84%D9%8A%D8%A9/19cf5e66-9675-4021-ab42-b1b0b537132c
2026-07-28 10:37:45,598 [INFO]     PDF trouvé: قرار فتح باب الترشيح (score: 35)
2026-07-28 10:37:45,599 [INFO]   [EN COURS] فتح باب الترشيح ل مناصب المسؤولية ب وزارة الشباب والثقافة وا... → 2026-08-05
2026-07-28 10:37:45,600 [INFO]   Détails: https://www.emploi-public.ma/ar/%D8%AA%D9%81%D8%A7%D8%B5%D9%8A%D9%84/%D9%85%D9%86%D8%A7%D8%B5%D8%A8-%D8%A7%D9%84%D9%85%D8%B3%D8%A4%D9%88%D9%84%D9%8A%D8%A9/6cf979b2-4c4d-4d2e-8ddf-8b1bbb09eb3e
2026-07-28 10:37:47,584 [INFO]     PDF trouvé: قرار فتح باب الترشيح (score: 35)
2026-07-28 10:37:47,585 [INFO]   [EN COURS] فتح باب الترشيح ل مناصب المسؤولية ب وزارة الداخلية -إقليم تز... → 2026-08-24
2026-07-28 10:37:47,585 [INFO]   Détails: https://www.emploi-public.ma/ar/%D8%AA%D9%81%D8%A7%D8%B5%D9%8A%D9%84/%D9%85%D9%86%D8%A7%D8%B5%D8%A8-%D8%A7%D9%84%D9%85%D8%B3%D8%A4%D9%88%D9%84%D9%8A%D8%A9/2cba0974-d7be-4c5d-859c-b8bc800df124
2026-07-28 10:37:48,621 [INFO]     PDF trouvé: قرار فتح باب الترشيح (score: 35)
2026-07-28 10:37:48,622 [INFO]   [EN COURS] فتح باب الترشيح ل مناصب المسؤولية ب وزارة الداخلية -إقليم تز... → 2026-08-24
2026-07-28 10:37:48,622 [INFO]   Détails: https://www.emploi-public.ma/ar/%D8%AA%D9%81%D8%A7%D8%B5%D9%8A%D9%84/%D9%85%D9%86%D8%A7%D8%B5%D8%A8-%D8%A7%D9%84%D9%85%D8%B3%D8%A4%D9%88%D9%84%D9%8A%D8%A9/dd4ef999-edb7-4d73-a51f-f94527df58d6
2026-07-28 10:37:50,329 [INFO]     PDF trouvé: قرار فتح باب الترشيح (score: 35)
2026-07-28 10:37:50,330 [INFO]   [EN COURS] فتح باب الترشيح ل مناصب المسؤولية ب وزارة الفلاحة والصيد الب... → 2026-08-03
2026-07-28 10:37:50,330 [INFO]   Détails: https://www.emploi-public.ma/ar/%D8%AA%D9%81%D8%A7%D8%B5%D9%8A%D9%84/%D9%85%D9%86%D8%A7%D8%B5%D8%A8-%D8%A7%D9%84%D9%85%D8%B3%D8%A4%D9%88%D9%84%D9%8A%D8%A9/8191a001-182e-490c-a582-5cf834f5eeb7
2026-07-28 10:37:51,868 [INFO]     PDF trouvé: قرار فتح باب الترشيح (score: 35)
2026-07-28 10:37:51,869 [INFO]   [EXPIRÉE] لائحة الناجحين في مناصب المسؤولية ب وزارة الداخلية... → 2026-05-18
2026-07-28 10:37:51,870 [INFO]   Détails: https://www.emploi-public.ma/ar/%D8%AA%D9%81%D8%A7%D8%B5%D9%8A%D9%84/%D9%85%D9%86%D8%A7%D8%B5%D8%A8-%D8%A7%D9%84%D9%85%D8%B3%D8%A4%D9%88%D9%84%D9%8A%D8%A9/a35f3c8e-0667-423a-a54c-978dbf200428
2026-07-28 10:37:58,221 [INFO]     PDF trouvé: قرار فتح باب الترشيح (score: 35)
2026-07-28 10:37:58,222 [INFO]   [EXPIRÉE] لائحة الناجحين في مناصب المسؤولية ب وزارة التجهيز والماء... → 2026-07-08
2026-07-28 10:37:58,222 [INFO]   Détails: https://www.emploi-public.ma/ar/%D8%AA%D9%81%D8%A7%D8%B5%D9%8A%D9%84/%D9%85%D9%86%D8%A7%D8%B5%D8%A8-%D8%A7%D9%84%D9%85%D8%B3%D8%A4%D9%88%D9%84%D9%8A%D8%A9/c570c40b-7e53-4d54-ba1a-13f0893e857c
2026-07-28 10:38:02,896 [INFO]     PDF trouvé: قرار فتح باب الترشيح (score: 35)
2026-07-28 10:38:02,897 [INFO]   [EN COURS] فتح باب الترشيح ل مناصب المسؤولية ب المجلس الوطني لحقوق الإن... → 2026-08-10
2026-07-28 10:38:02,897 [INFO]   Détails: https://www.emploi-public.ma/ar/%D8%AA%D9%81%D8%A7%D8%B5%D9%8A%D9%84/%D9%85%D9%86%D8%A7%D8%B5%D8%A8-%D8%A7%D9%84%D9%85%D8%B3%D8%A4%D9%88%D9%84%D9%8A%D8%A9/496b5c80-5431-4b34-b3a6-e4e4088a9280
2026-07-28 10:38:04,038 [INFO]     PDF trouvé: قرار فتح باب الترشيح (score: 35)
2026-07-28 10:38:04,039 [INFO]   [EN COURS] رئيس مصلحة الموارد البشرية... → 2026-07-28
2026-07-28 10:38:04,039 [INFO]   Détails: https://www.emploi-public.ma/ar/%D8%AA%D9%81%D8%A7%D8%B5%D9%8A%D9%84/%D9%85%D9%86%D8%A7%D8%B5%D8%A8-%D8%A7%D9%84%D9%85%D8%B3%D8%A4%D9%88%D9%84%D9%8A%D8%A9/2baa0d59-1224-4d68-b458-485f82987c4b
2026-07-28 10:38:06,071 [INFO]     PDF trouvé: قرار فتح باب الترشيح (score: 35)
2026-07-28 10:38:06,072 [INFO]   [EN COURS] رئيس قسم استشارات المستثمرين... → 2026-07-28
2026-07-28 10:38:06,072 [INFO]   Détails: https://www.emploi-public.ma/ar/%D8%AA%D9%81%D8%A7%D8%B5%D9%8A%D9%84/%D9%85%D9%86%D8%A7%D8%B5%D8%A8-%D8%A7%D9%84%D9%85%D8%B3%D8%A4%D9%88%D9%84%D9%8A%D8%A9/ed4a754f-909a-46af-9c2b-1e5cb5568848
2026-07-28 10:38:07,474 [INFO]     PDF trouvé: قرار فتح باب الترشيح (score: 35)
2026-07-28 10:38:07,475 [INFO]   [EN COURS] 5 رؤساء مصالح... → 2026-07-29
2026-07-28 10:38:07,475 [INFO]   Détails: https://www.emploi-public.ma/ar/%D8%AA%D9%81%D8%A7%D8%B5%D9%8A%D9%84/%D9%85%D9%86%D8%A7%D8%B5%D8%A8-%D8%A7%D9%84%D9%85%D8%B3%D8%A4%D9%88%D9%84%D9%8A%D8%A9/361d06f0-3608-475e-a552-8cb71a9cd5b4
2026-07-28 10:38:09,214 [INFO]     PDF trouvé: قرار فتح باب الترشيح (score: 35)
2026-07-28 10:38:09,215 [INFO]   [EN COURS] فتح باب الترشيح لمناصب المسؤولية بإقليم آسفي... → 2026-07-29
2026-07-28 10:38:09,215 [INFO] 
--- Catégorie: المناصب العليا ---
2026-07-28 10:38:09,215 [INFO] Page 1/5
2026-07-28 10:38:09,215 [INFO] Scraping page: https://www.emploi-public.ma/ar/قائمة-المناصب-العليا
2026-07-28 10:38:28,307 [INFO]   → 9 annonces trouvées sur cette page
2026-07-28 10:38:28,308 [INFO]   Détails: https://www.emploi-public.ma/ar/%D8%AA%D9%81%D8%A7%D8%B5%D9%8A%D9%84/%D8%A7%D9%84%D9%85%D9%86%D8%A7%D8%B5%D8%A8-%D8%A7%D9%84%D8%B9%D9%84%D9%8A%D8%A7/803881f5-f7fa-4f8f-b2cd-d6b1566b7fe5
2026-07-28 10:38:29,523 [WARNING] Format de date non reconnu: 30
2026-07-28 10:38:29,524 [INFO]     PDF trouvé: قرار فتح باب الترشيح (score: 35)
2026-07-28 10:38:29,525 [INFO]   [PAS DE DATE] فتح باب الترشيح للمناصب العليا مدير المعهد العالي للدراسات ا...
2026-07-28 10:38:29,525 [INFO]   Détails: https://www.emploi-public.ma/ar/%D8%AA%D9%81%D8%A7%D8%B5%D9%8A%D9%84/%D8%A7%D9%84%D9%85%D9%86%D8%A7%D8%B5%D8%A8-%D8%A7%D9%84%D8%B9%D9%84%D9%8A%D8%A7/43fe4445-da66-401e-a3c4-2562a221a332
2026-07-28 10:38:30,424 [WARNING] Format de date non reconnu: 30
2026-07-28 10:38:30,425 [INFO]     PDF trouvé: قرار فتح باب الترشيح (score: 35)
2026-07-28 10:38:30,426 [INFO]   [PAS DE DATE] فتح باب الترشيح للمناصب العليا مدير مؤسسة النهوض بالأعمال ال...
2026-07-28 10:38:30,427 [INFO]   Détails: https://www.emploi-public.ma/ar/%D8%AA%D9%81%D8%A7%D8%B5%D9%8A%D9%84/%D8%A7%D9%84%D9%85%D9%86%D8%A7%D8%B5%D8%A8-%D8%A7%D9%84%D8%B9%D9%84%D9%8A%D8%A7/2c16f418-dd0f-4bb2-b66e-f926057114f9
2026-07-28 10:38:31,986 [WARNING] Format de date non reconnu: 30
2026-07-28 10:38:31,987 [INFO]     PDF trouvé: قرار فتح باب الترشيح (score: 35)
2026-07-28 10:38:31,988 [INFO]   [PAS DE DATE] فتح باب الترشيح للمناصب العليا مدير الشباب...
2026-07-28 10:38:31,988 [INFO]   Détails: https://www.emploi-public.ma/ar/%D8%AA%D9%81%D8%A7%D8%B5%D9%8A%D9%84/%D8%A7%D9%84%D9%85%D9%86%D8%A7%D8%B5%D8%A8-%D8%A7%D9%84%D8%B9%D9%84%D9%8A%D8%A7/a260f3d6-19bf-4755-87e7-64988bd5d952
2026-07-28 10:38:44,471 [WARNING] Format de date non reconnu: 30
2026-07-28 10:38:44,472 [INFO]     PDF trouvé: قرار فتح باب الترشيح (score: 35)
2026-07-28 10:38:44,473 [INFO]   [PAS DE DATE] فتح باب الترشيح للمناصب العليا مدير الملاحة الجوية المدنية...
2026-07-28 10:38:44,473 [INFO]   Détails: https://www.emploi-public.ma/ar/%D8%AA%D9%81%D8%A7%D8%B5%D9%8A%D9%84/%D8%A7%D9%84%D9%85%D9%86%D8%A7%D8%B5%D8%A8-%D8%A7%D9%84%D8%B9%D9%84%D9%8A%D8%A7/30d00bcd-df71-43f3-945e-2204e61cb425
2026-07-28 10:38:48,907 [WARNING] Format de date non reconnu: 30
2026-07-28 10:38:48,909 [INFO]     PDF trouvé: قرار فتح باب الترشيح (score: 35)
2026-07-28 10:38:48,910 [INFO]   [PAS DE DATE] فتح باب الترشيح للمناصب العليا مدير المعهد الوطني لكتابة الض...
2026-07-28 10:38:48,910 [INFO]   Détails: https://www.emploi-public.ma/ar/%D8%AA%D9%81%D8%A7%D8%B5%D9%8A%D9%84/%D8%A7%D9%84%D9%85%D9%86%D8%A7%D8%B5%D8%A8-%D8%A7%D9%84%D8%B9%D9%84%D9%8A%D8%A7/fb33496a-b3e4-46d5-a556-86d0223b04f8
2026-07-28 10:38:49,793 [WARNING] Format de date non reconnu: 30
2026-07-28 10:38:49,794 [INFO]     PDF trouvé: قرار فتح باب الترشيح (score: 35)
2026-07-28 10:38:49,795 [INFO]   [PAS DE DATE] فتح باب الترشيح للمناصب العليا مدير(ة) الشؤون العامة...
2026-07-28 10:38:49,795 [INFO]   Détails: https://www.emploi-public.ma/ar/%D8%AA%D9%81%D8%A7%D8%B5%D9%8A%D9%84/%D8%A7%D9%84%D9%85%D9%86%D8%A7%D8%B5%D8%A8-%D8%A7%D9%84%D8%B9%D9%84%D9%8A%D8%A7/d75f25b8-e1b6-4bba-9bf2-9bcc6a5e913c
2026-07-28 10:39:01,750 [WARNING] Format de date non reconnu: 30
2026-07-28 10:39:01,751 [INFO]     PDF trouvé: قرار فتح باب الترشيح (score: 35)
2026-07-28 10:39:01,752 [INFO]   [PAS DE DATE] فتح باب الترشيح للمناصب العليا مدير الانظمة والدراسات التاري...
2026-07-28 10:39:01,752 [INFO]   Détails: https://www.emploi-public.ma/ar/%D8%AA%D9%81%D8%A7%D8%B5%D9%8A%D9%84/%D8%A7%D9%84%D9%85%D9%86%D8%A7%D8%B5%D8%A8-%D8%A7%D9%84%D8%B9%D9%84%D9%8A%D8%A7/4d6a3c99-2658-4cfd-99b5-bc5c012c8e55
2026-07-28 10:39:02,623 [WARNING] Format de date non reconnu: 30
2026-07-28 10:39:02,624 [INFO]     PDF trouvé: قرار فتح باب الترشيح (score: 35)
2026-07-28 10:39:02,625 [INFO]   [PAS DE DATE] فتح باب الترشيح للمناصب العليا مدير(ة) المركز الوطني للامتحا...
2026-07-28 10:39:02,625 [INFO]   Détails: https://www.emploi-public.ma/ar/%D8%AA%D9%81%D8%A7%D8%B5%D9%8A%D9%84/%D8%A7%D9%84%D9%85%D9%86%D8%A7%D8%B5%D8%A8-%D8%A7%D9%84%D8%B9%D9%84%D9%8A%D8%A7/d5445636-5a56-491e-9305-8cd418b361f8
2026-07-28 10:39:04,050 [WARNING] Format de date non reconnu: 00
2026-07-28 10:39:04,051 [INFO]     PDF trouvé: قرار فتح باب الترشيح (score: 35)
2026-07-28 10:39:04,052 [INFO]   [PAS DE DATE] فتح باب الترشيح للمناصب العليا مدير إعداد التراب الوطني...
2026-07-28 10:39:04,053 [INFO] Page 2/5
2026-07-28 10:39:04,053 [INFO] Scraping page: https://www.emploi-public.ma/ar/قائمة-المناصب-العليا?page=1
2026-07-28 10:39:06,677 [INFO]   → 9 annonces trouvées sur cette page
2026-07-28 10:39:06,678 [INFO]   Détails: https://www.emploi-public.ma/ar/%D8%AA%D9%81%D8%A7%D8%B5%D9%8A%D9%84/%D8%A7%D9%84%D9%85%D9%86%D8%A7%D8%B5%D8%A8-%D8%A7%D9%84%D8%B9%D9%84%D9%8A%D8%A7/803881f5-f7fa-4f8f-b2cd-d6b1566b7fe5
2026-07-28 10:39:07,477 [WARNING] Format de date non reconnu: 30
2026-07-28 10:39:07,478 [INFO]     PDF trouvé: قرار فتح باب الترشيح (score: 35)
2026-07-28 10:39:07,479 [INFO]   [PAS DE DATE] فتح باب الترشيح للمناصب العليا مدير المعهد العالي للدراسات ا...
2026-07-28 10:39:07,479 [INFO]   Détails: https://www.emploi-public.ma/ar/%D8%AA%D9%81%D8%A7%D8%B5%D9%8A%D9%84/%D8%A7%D9%84%D9%85%D9%86%D8%A7%D8%B5%D8%A8-%D8%A7%D9%84%D8%B9%D9%84%D9%8A%D8%A7/43fe4445-da66-401e-a3c4-2562a221a332
2026-07-28 10:39:08,304 [WARNING] Format de date non reconnu: 30
2026-07-28 10:39:08,305 [INFO]     PDF trouvé: قرار فتح باب الترشيح (score: 35)
2026-07-28 10:39:08,306 [INFO]   [PAS DE DATE] فتح باب الترشيح للمناصب العليا مدير مؤسسة النهوض بالأعمال ال...
2026-07-28 10:39:08,306 [INFO]   Détails: https://www.emploi-public.ma/ar/%D8%AA%D9%81%D8%A7%D8%B5%D9%8A%D9%84/%D8%A7%D9%84%D9%85%D9%86%D8%A7%D8%B5%D8%A8-%D8%A7%D9%84%D8%B9%D9%84%D9%8A%D8%A7/2c16f418-dd0f-4bb2-b66e-f926057114f9
2026-07-28 10:39:09,557 [WARNING] Format de date non reconnu: 30
2026-07-28 10:39:09,558 [INFO]     PDF trouvé: قرار فتح باب الترشيح (score: 35)
2026-07-28 10:39:09,560 [INFO]   [PAS DE DATE] فتح باب الترشيح للمناصب العليا مدير الشباب...
2026-07-28 10:39:09,560 [INFO]   Détails: https://www.emploi-public.ma/ar/%D8%AA%D9%81%D8%A7%D8%B5%D9%8A%D9%84/%D8%A7%D9%84%D9%85%D9%86%D8%A7%D8%B5%D8%A8-%D8%A7%D9%84%D8%B9%D9%84%D9%8A%D8%A7/a260f3d6-19bf-4755-87e7-64988bd5d952
2026-07-28 10:39:10,406 [WARNING] Format de date non reconnu: 30
2026-07-28 10:39:10,406 [INFO]     PDF trouvé: قرار فتح باب الترشيح (score: 35)
2026-07-28 10:39:10,407 [INFO]   [PAS DE DATE] فتح باب الترشيح للمناصب العليا مدير الملاحة الجوية المدنية...
2026-07-28 10:39:10,408 [INFO]   Détails: https://www.emploi-public.ma/ar/%D8%AA%D9%81%D8%A7%D8%B5%D9%8A%D9%84/%D8%A7%D9%84%D9%85%D9%86%D8%A7%D8%B5%D8%A8-%D8%A7%D9%84%D8%B9%D9%84%D9%8A%D8%A7/30d00bcd-df71-43f3-945e-2204e61cb425
2026-07-28 10:39:11,766 [WARNING] Format de date non reconnu: 30
2026-07-28 10:39:11,767 [INFO]     PDF trouvé: قرار فتح باب الترشيح (score: 35)
2026-07-28 10:39:11,768 [INFO]   [PAS DE DATE] فتح باب الترشيح للمناصب العليا مدير المعهد الوطني لكتابة الض...
2026-07-28 10:39:11,769 [INFO]   Détails: https://www.emploi-public.ma/ar/%D8%AA%D9%81%D8%A7%D8%B5%D9%8A%D9%84/%D8%A7%D9%84%D9%85%D9%86%D8%A7%D8%B5%D8%A8-%D8%A7%D9%84%D8%B9%D9%84%D9%8A%D8%A7/fb33496a-b3e4-46d5-a556-86d0223b04f8
2026-07-28 10:39:13,019 [WARNING] Format de date non reconnu: 30
2026-07-28 10:39:13,020 [INFO]     PDF trouvé: قرار فتح باب الترشيح (score: 35)
2026-07-28 10:39:13,021 [INFO]   [PAS DE DATE] فتح باب الترشيح للمناصب العليا مدير(ة) الشؤون العامة...
2026-07-28 10:39:13,021 [INFO]   Détails: https://www.emploi-public.ma/ar/%D8%AA%D9%81%D8%A7%D8%B5%D9%8A%D9%84/%D8%A7%D9%84%D9%85%D9%86%D8%A7%D8%B5%D8%A8-%D8%A7%D9%84%D8%B9%D9%84%D9%8A%D8%A7/d75f25b8-e1b6-4bba-9bf2-9bcc6a5e913c
2026-07-28 10:39:14,231 [WARNING] Format de date non reconnu: 30
2026-07-28 10:39:14,232 [INFO]     PDF trouvé: قرار فتح باب الترشيح (score: 35)
2026-07-28 10:39:14,233 [INFO]   [PAS DE DATE] فتح باب الترشيح للمناصب العليا مدير الانظمة والدراسات التاري...
2026-07-28 10:39:14,233 [INFO]   Détails: https://www.emploi-public.ma/ar/%D8%AA%D9%81%D8%A7%D8%B5%D9%8A%D9%84/%D8%A7%D9%84%D9%85%D9%86%D8%A7%D8%B5%D8%A8-%D8%A7%D9%84%D8%B9%D9%84%D9%8A%D8%A7/4d6a3c99-2658-4cfd-99b5-bc5c012c8e55
2026-07-28 10:39:19,204 [WARNING] Format de date non reconnu: 30
2026-07-28 10:39:19,205 [INFO]     PDF trouvé: قرار فتح باب الترشيح (score: 35)
2026-07-28 10:39:19,206 [INFO]   [PAS DE DATE] فتح باب الترشيح للمناصب العليا مدير(ة) المركز الوطني للامتحا...
2026-07-28 10:39:19,207 [INFO]   Détails: https://www.emploi-public.ma/ar/%D8%AA%D9%81%D8%A7%D8%B5%D9%8A%D9%84/%D8%A7%D9%84%D9%85%D9%86%D8%A7%D8%B5%D8%A8-%D8%A7%D9%84%D8%B9%D9%84%D9%8A%D8%A7/d5445636-5a56-491e-9305-8cd418b361f8
2026-07-28 10:39:20,378 [WARNING] Format de date non reconnu: 00
2026-07-28 10:39:20,379 [INFO]     PDF trouvé: قرار فتح باب الترشيح (score: 35)
2026-07-28 10:39:20,380 [INFO]   [PAS DE DATE] فتح باب الترشيح للمناصب العليا مدير إعداد التراب الوطني...
2026-07-28 10:39:20,381 [INFO] Page 3/5
2026-07-28 10:39:20,381 [INFO] Scraping page: https://www.emploi-public.ma/ar/قائمة-المناصب-العليا?page=2
2026-07-28 10:39:22,581 [INFO]   → 9 annonces trouvées sur cette page
2026-07-28 10:39:22,582 [INFO]   Détails: https://www.emploi-public.ma/ar/%D8%AA%D9%81%D8%A7%D8%B5%D9%8A%D9%84/%D8%A7%D9%84%D9%85%D9%86%D8%A7%D8%B5%D8%A8-%D8%A7%D9%84%D8%B9%D9%84%D9%8A%D8%A7/a19c981f-5e73-4699-978a-3c26f387e76d
2026-07-28 10:39:26,510 [WARNING] Format de date non reconnu: 00
2026-07-28 10:39:26,511 [INFO]     PDF trouvé: قرار فتح باب الترشيح (score: 35)
2026-07-28 10:39:26,512 [INFO]   [PAS DE DATE] فتح باب الترشيح للمناصب العليا مدير الوكالة الحضرية للحسيمة...
2026-07-28 10:39:26,512 [INFO]   Détails: https://www.emploi-public.ma/ar/%D8%AA%D9%81%D8%A7%D8%B5%D9%8A%D9%84/%D8%A7%D9%84%D9%85%D9%86%D8%A7%D8%B5%D8%A8-%D8%A7%D9%84%D8%B9%D9%84%D9%8A%D8%A7/c3eed04a-67b9-4ceb-b4c3-b32e0273c191
2026-07-28 10:39:31,747 [WARNING] Format de date non reconnu: 00
2026-07-28 10:39:31,748 [INFO]     PDF trouvé: قرار فتح باب الترشيح (score: 35)
2026-07-28 10:39:31,749 [INFO]   [PAS DE DATE] فتح باب الترشيح للمناصب العليا مدير الوكالة الحضرية للعرائش...
2026-07-28 10:39:31,749 [INFO]   Détails: https://www.emploi-public.ma/ar/%D8%AA%D9%81%D8%A7%D8%B5%D9%8A%D9%84/%D8%A7%D9%84%D9%85%D9%86%D8%A7%D8%B5%D8%A8-%D8%A7%D9%84%D8%B9%D9%84%D9%8A%D8%A7/6bbca177-c943-4200-991d-4945c7de6c3e
2026-07-28 10:39:33,210 [WARNING] Format de date non reconnu: 30
2026-07-28 10:39:33,211 [INFO]     PDF trouvé: قرار فتح باب الترشيح (score: 35)
2026-07-28 10:39:33,213 [INFO]   [PAS DE DATE] فتح باب الترشيح للمناصب العليا مدير(ة) الشؤون العامة...
2026-07-28 10:39:33,213 [INFO]   Détails: https://www.emploi-public.ma/ar/%D8%AA%D9%81%D8%A7%D8%B5%D9%8A%D9%84/%D8%A7%D9%84%D9%85%D9%86%D8%A7%D8%B5%D8%A8-%D8%A7%D9%84%D8%B9%D9%84%D9%8A%D8%A7/971391f4-c3ed-4054-b39a-d498fdbfba4b
2026-07-28 10:39:34,785 [WARNING] Format de date non reconnu: 30
2026-07-28 10:39:34,786 [INFO]     PDF trouvé: قرار فتح باب الترشيح (score: 35)
2026-07-28 10:39:34,787 [INFO]   [PAS DE DATE] فتح باب الترشيح للمناصب العليا مدير(ة) المعهد الملكي لتكوين ...
2026-07-28 10:39:34,787 [INFO]   Détails: https://www.emploi-public.ma/ar/%D8%AA%D9%81%D8%A7%D8%B5%D9%8A%D9%84/%D8%A7%D9%84%D9%85%D9%86%D8%A7%D8%B5%D8%A8-%D8%A7%D9%84%D8%B9%D9%84%D9%8A%D8%A7/1afa70c8-a02b-457d-98c8-6787ae253f28
2026-07-28 10:39:35,758 [WARNING] Format de date non reconnu: 30
2026-07-28 10:39:35,759 [INFO]     PDF trouvé: قرار فتح باب الترشيح (score: 35)
2026-07-28 10:39:35,760 [INFO]   [PAS DE DATE] فتح باب الترشيح للمناصب العليا مدير مدرسة علوم المعلومات...
2026-07-28 10:39:35,760 [INFO]   Détails: https://www.emploi-public.ma/ar/%D8%AA%D9%81%D8%A7%D8%B5%D9%8A%D9%84/%D8%A7%D9%84%D9%85%D9%86%D8%A7%D8%B5%D8%A8-%D8%A7%D9%84%D8%B9%D9%84%D9%8A%D8%A7/e1c5923d-7307-42c7-90ed-21db5ce34a49
2026-07-28 10:39:37,996 [WARNING] Format de date non reconnu: 30
2026-07-28 10:39:37,997 [INFO]     PDF trouvé: قرار فتح باب الترشيح (score: 35)
2026-07-28 10:39:37,998 [INFO]   [PAS DE DATE] فتح باب الترشيح للمناصب العليا منصب مدير تشريعات البنيات الأ...
2026-07-28 10:39:37,998 [INFO]   Détails: https://www.emploi-public.ma/ar/%D8%AA%D9%81%D8%A7%D8%B5%D9%8A%D9%84/%D8%A7%D9%84%D9%85%D9%86%D8%A7%D8%B5%D8%A8-%D8%A7%D9%84%D8%B9%D9%84%D9%8A%D8%A7/cb431ce3-c104-457a-b464-8ca3b4a5fe55
2026-07-28 10:39:39,693 [WARNING] Format de date non reconnu: 30
2026-07-28 10:39:39,694 [INFO]     PDF trouvé: قرار فتح باب الترشيح (score: 35)
2026-07-28 10:39:39,695 [INFO]   [PAS DE DATE] فتح باب الترشيح للمناصب العليا مدير تشريعات الحكامة والحقوق ...
2026-07-28 10:39:39,695 [INFO]   Détails: https://www.emploi-public.ma/ar/%D8%AA%D9%81%D8%A7%D8%B5%D9%8A%D9%84/%D8%A7%D9%84%D9%85%D9%86%D8%A7%D8%B5%D8%A8-%D8%A7%D9%84%D8%B9%D9%84%D9%8A%D8%A7/83256c4b-36f7-461e-8579-7dbec3b6aae0
2026-07-28 10:39:40,623 [WARNING] Format de date non reconnu: 30
2026-07-28 10:39:40,624 [INFO]     PDF trouvé: قرار فتح باب الترشيح (score: 35)
2026-07-28 10:39:40,625 [INFO]   [PAS DE DATE] فتح باب الترشيح للمناصب العليا عميد كلية الطب والصيدلة بالرب...
2026-07-28 10:39:40,625 [INFO]   Détails: https://www.emploi-public.ma/ar/%D8%AA%D9%81%D8%A7%D8%B5%D9%8A%D9%84/%D8%A7%D9%84%D9%85%D9%86%D8%A7%D8%B5%D8%A8-%D8%A7%D9%84%D8%B9%D9%84%D9%8A%D8%A7/e1054489-8a0a-4d64-92ab-55a9dbb52ac5
2026-07-28 10:39:41,929 [WARNING] Format de date non reconnu: 30
2026-07-28 10:39:41,930 [INFO]     PDF trouvé: قرار فتح باب الترشيح (score: 35)
2026-07-28 10:39:41,931 [INFO]   [PAS DE DATE] فتح باب الترشيح للمناصب العليا مدير المدرسة المحمدية للمهندس...
2026-07-28 10:39:41,931 [INFO] Page 4/5
2026-07-28 10:39:41,931 [INFO] Scraping page: https://www.emploi-public.ma/ar/قائمة-المناصب-العليا?page=3
2026-07-28 10:39:43,306 [INFO]   → 9 annonces trouvées sur cette page
2026-07-28 10:39:43,307 [INFO]   Détails: https://www.emploi-public.ma/ar/%D8%AA%D9%81%D8%A7%D8%B5%D9%8A%D9%84/%D8%A7%D9%84%D9%85%D9%86%D8%A7%D8%B5%D8%A8-%D8%A7%D9%84%D8%B9%D9%84%D9%8A%D8%A7/4276b348-5dae-41c9-b638-6ca89ffaf304
2026-07-28 10:39:44,688 [WARNING] Format de date non reconnu: 30
2026-07-28 10:39:44,689 [INFO]     PDF trouvé: قرار فتح باب الترشيح (score: 35)
2026-07-28 10:39:44,690 [INFO]   [PAS DE DATE] فتح باب الترشيح للمناصب العليا منصب مدير(ة) المركز الجهوي لم...
2026-07-28 10:39:44,691 [INFO]   Détails: https://www.emploi-public.ma/ar/%D8%AA%D9%81%D8%A7%D8%B5%D9%8A%D9%84/%D8%A7%D9%84%D9%85%D9%86%D8%A7%D8%B5%D8%A8-%D8%A7%D9%84%D8%B9%D9%84%D9%8A%D8%A7/0f48ee65-4c13-4056-a870-a38f35f26eee
2026-07-28 10:39:45,485 [WARNING] Format de date non reconnu: 30
2026-07-28 10:39:45,486 [INFO]     PDF trouvé: قرار فتح باب الترشيح (score: 35)
2026-07-28 10:39:45,487 [INFO]   [PAS DE DATE] فتح باب الترشيح للمناصب العليا مدير الانظمة والدراسات التاري...
2026-07-28 10:39:45,487 [INFO]   Détails: https://www.emploi-public.ma/ar/%D8%AA%D9%81%D8%A7%D8%B5%D9%8A%D9%84/%D8%A7%D9%84%D9%85%D9%86%D8%A7%D8%B5%D8%A8-%D8%A7%D9%84%D8%B9%D9%84%D9%8A%D8%A7/17544c4c-7a33-48bd-be97-d4e261c4b1ba
2026-07-28 10:39:46,972 [WARNING] Format de date non reconnu: 30
2026-07-28 10:39:46,973 [INFO]     PDF trouvé: قرار فتح باب الترشيح (score: 35)
2026-07-28 10:39:46,974 [INFO]   [PAS DE DATE] فتح باب الترشيح للمناصب العليا المدير(ة) العام(ة) لتنظيم الح...
2026-07-28 10:39:46,974 [INFO]   Détails: https://www.emploi-public.ma/ar/%D8%AA%D9%81%D8%A7%D8%B5%D9%8A%D9%84/%D8%A7%D9%84%D9%85%D9%86%D8%A7%D8%B5%D8%A8-%D8%A7%D9%84%D8%B9%D9%84%D9%8A%D8%A7/2062be70-06c0-4b02-b143-bb2108a03421
2026-07-28 10:39:52,256 [WARNING] Format de date non reconnu: 30
2026-07-28 10:39:52,257 [INFO]     PDF trouvé: قرار فتح باب الترشيح (score: 35)
2026-07-28 10:39:52,258 [INFO]   [PAS DE DATE] فتح باب الترشيح للمناصب العليا مدير(ة) المركز الوطني للأستاذ...
2026-07-28 10:39:52,258 [INFO]   Détails: https://www.emploi-public.ma/ar/%D8%AA%D9%81%D8%A7%D8%B5%D9%8A%D9%84/%D8%A7%D9%84%D9%85%D9%86%D8%A7%D8%B5%D8%A8-%D8%A7%D9%84%D8%B9%D9%84%D9%8A%D8%A7/5b7e6e30-4777-469d-9fa2-856d4390a35f
2026-07-28 10:39:54,250 [WARNING] Format de date non reconnu: 30
2026-07-28 10:39:54,251 [INFO]     PDF trouvé: قرار فتح باب الترشيح (score: 35)
2026-07-28 10:39:54,252 [INFO]   [PAS DE DATE] فتح باب الترشيح للمناصب العليا مدير الشباب...
2026-07-28 10:39:54,252 [INFO]   Détails: https://www.emploi-public.ma/ar/%D8%AA%D9%81%D8%A7%D8%B5%D9%8A%D9%84/%D8%A7%D9%84%D9%85%D9%86%D8%A7%D8%B5%D8%A8-%D8%A7%D9%84%D8%B9%D9%84%D9%8A%D8%A7/5313b8af-912f-4d82-b328-04c94fbe4562
2026-07-28 10:39:55,072 [WARNING] Format de date non reconnu: 30
2026-07-28 10:39:55,073 [INFO]     PDF trouvé: قرار فتح باب الترشيح (score: 35)
2026-07-28 10:39:55,074 [INFO]   [PAS DE DATE] فتح باب الترشيح للمناصب العليا مدير (ة) التعاون والشراكة...
2026-07-28 10:39:55,074 [INFO]   Détails: https://www.emploi-public.ma/ar/%D8%AA%D9%81%D8%A7%D8%B5%D9%8A%D9%84/%D8%A7%D9%84%D9%85%D9%86%D8%A7%D8%B5%D8%A8-%D8%A7%D9%84%D8%B9%D9%84%D9%8A%D8%A7/52349e85-618a-444c-94ae-a269dcb8ede6
2026-07-28 10:39:56,660 [WARNING] Format de date non reconnu: 30
2026-07-28 10:39:56,661 [INFO]     PDF trouvé: قرار فتح باب الترشيح (score: 35)
2026-07-28 10:39:56,662 [INFO]   [PAS DE DATE] فتح باب الترشيح للمناصب العليا مدير (ة) الموارد البشرية...
2026-07-28 10:39:56,662 [INFO]   Détails: https://www.emploi-public.ma/ar/%D8%AA%D9%81%D8%A7%D8%B5%D9%8A%D9%84/%D8%A7%D9%84%D9%85%D9%86%D8%A7%D8%B5%D8%A8-%D8%A7%D9%84%D8%B9%D9%84%D9%8A%D8%A7/b993993a-7a9f-4f82-a95d-4c705192b5c5
2026-07-28 10:40:01,809 [WARNING] Format de date non reconnu: 30
2026-07-28 10:40:01,810 [INFO]     PDF trouvé: قرار فتح باب الترشيح (score: 35)
2026-07-28 10:40:01,811 [INFO]   [PAS DE DATE] فتح باب الترشيح للمناصب العليا مدير(ة) الأكاديمية الجهوية لل...
2026-07-28 10:40:01,811 [INFO]   Détails: https://www.emploi-public.ma/ar/%D8%AA%D9%81%D8%A7%D8%B5%D9%8A%D9%84/%D8%A7%D9%84%D9%85%D9%86%D8%A7%D8%B5%D8%A8-%D8%A7%D9%84%D8%B9%D9%84%D9%8A%D8%A7/a8514544-73e5-48b0-bc95-4e3782a246c4
2026-07-28 10:40:03,404 [WARNING] Format de date non reconnu: 30
2026-07-28 10:40:03,406 [INFO]     PDF trouvé: قرار فتح باب الترشيح (score: 35)
2026-07-28 10:40:03,407 [INFO]   [PAS DE DATE] فتح باب الترشيح للمناصب العليا مدير المكتب الجهوي للاستثمار ...
2026-07-28 10:40:03,407 [INFO] Page 5/5
2026-07-28 10:40:03,407 [INFO] Scraping page: https://www.emploi-public.ma/ar/قائمة-المناصب-العليا?page=4
2026-07-28 10:40:04,781 [INFO]   → 9 annonces trouvées sur cette page
2026-07-28 10:40:04,782 [INFO]   Détails: https://www.emploi-public.ma/ar/%D8%AA%D9%81%D8%A7%D8%B5%D9%8A%D9%84/%D8%A7%D9%84%D9%85%D9%86%D8%A7%D8%B5%D8%A8-%D8%A7%D9%84%D8%B9%D9%84%D9%8A%D8%A7/34737011-4b34-4d27-a8e4-f96374ce7e3b
2026-07-28 10:40:05,751 [WARNING] Format de date non reconnu: 30
2026-07-28 10:40:05,752 [INFO]     PDF trouvé: قرار فتح باب الترشيح (score: 35)
2026-07-28 10:40:05,753 [INFO]   [PAS DE DATE] فتح باب الترشيح للمناصب العليا مدير المركز الجهوي للإستثمار ...
2026-07-28 10:40:05,753 [INFO]   Détails: https://www.emploi-public.ma/ar/%D8%AA%D9%81%D8%A7%D8%B5%D9%8A%D9%84/%D8%A7%D9%84%D9%85%D9%86%D8%A7%D8%B5%D8%A8-%D8%A7%D9%84%D8%B9%D9%84%D9%8A%D8%A7/3848b51d-1643-4c8a-9d0a-0001f3ec1eb6
2026-07-28 10:40:08,531 [WARNING] Format de date non reconnu: 30
2026-07-28 10:40:08,532 [INFO]     PDF trouvé: قرار فتح باب الترشيح (score: 35)
2026-07-28 10:40:08,533 [INFO]   [PAS DE DATE] فتح باب الترشيح للمناصب العليا مدير الإحصائيات والدراسات وال...
2026-07-28 10:40:08,533 [INFO]   Détails: https://www.emploi-public.ma/ar/%D8%AA%D9%81%D8%A7%D8%B5%D9%8A%D9%84/%D8%A7%D9%84%D9%85%D9%86%D8%A7%D8%B5%D8%A8-%D8%A7%D9%84%D8%B9%D9%84%D9%8A%D8%A7/f762f1b5-8e54-4277-9ceb-b77512a40379
2026-07-28 10:40:11,027 [WARNING] Format de date non reconnu: 30
2026-07-28 10:40:11,028 [INFO]     PDF trouvé: قرار فتح باب الترشيح (score: 35)
2026-07-28 10:40:11,029 [INFO]   [PAS DE DATE] فتح باب الترشيح للمناصب العليا مدير المعهد الوطني العالي للم...
2026-07-28 10:40:11,029 [INFO]   Détails: https://www.emploi-public.ma/ar/%D8%AA%D9%81%D8%A7%D8%B5%D9%8A%D9%84/%D8%A7%D9%84%D9%85%D9%86%D8%A7%D8%B5%D8%A8-%D8%A7%D9%84%D8%B9%D9%84%D9%8A%D8%A7/f398a7c1-f047-4cb7-95a2-e63106086337
2026-07-28 10:40:14,546 [WARNING] Format de date non reconnu: 30
2026-07-28 10:40:14,547 [INFO]     PDF trouvé: قرار فتح باب الترشيح (score: 35)
2026-07-28 10:40:14,548 [INFO]   [PAS DE DATE] فتح باب الترشيح للمناصب العليا مدير (ة) التعليم العالي والتن...
2026-07-28 10:40:14,548 [INFO]   Détails: https://www.emploi-public.ma/ar/%D8%AA%D9%81%D8%A7%D8%B5%D9%8A%D9%84/%D8%A7%D9%84%D9%85%D9%86%D8%A7%D8%B5%D8%A8-%D8%A7%D9%84%D8%B9%D9%84%D9%8A%D8%A7/b93e0027-1954-4712-8bb1-c6c3715e916c
2026-07-28 10:40:15,608 [INFO]     PDF trouvé: قرار فتح باب الترشيح (score: 35)
2026-07-28 10:40:15,609 [INFO]   [EXPIRÉE] فتح باب الترشيح للمناصب العليا مدير وكالة الحوض المائي لسوس ... → 2026-05-14
2026-07-28 10:40:15,610 [INFO]   Détails: https://www.emploi-public.ma/ar/%D8%AA%D9%81%D8%A7%D8%B5%D9%8A%D9%84/%D8%A7%D9%84%D9%85%D9%86%D8%A7%D8%B5%D8%A8-%D8%A7%D9%84%D8%B9%D9%84%D9%8A%D8%A7/50a4fceb-7a2a-4dfc-9d54-27d5969d8c20
2026-07-28 10:40:16,683 [WARNING] Format de date non reconnu: 30
2026-07-28 10:40:16,684 [INFO]     PDF trouvé: قرار فتح باب الترشيح (score: 35)
2026-07-28 10:40:16,685 [INFO]   [PAS DE DATE] فتح باب الترشيح للمناصب العليا مدير العلاقات مع المجتمع المد...
2026-07-28 10:40:16,685 [INFO]   Détails: https://www.emploi-public.ma/ar/%D8%AA%D9%81%D8%A7%D8%B5%D9%8A%D9%84/%D8%A7%D9%84%D9%85%D9%86%D8%A7%D8%B5%D8%A8-%D8%A7%D9%84%D8%B9%D9%84%D9%8A%D8%A7/79e56e61-79b1-4b12-b93a-174e15b76e74
2026-07-28 10:40:18,718 [WARNING] Format de date non reconnu: 30
2026-07-28 10:40:18,719 [INFO]     PDF trouvé: قرار فتح باب الترشيح (score: 35)
2026-07-28 10:40:18,720 [INFO]   [PAS DE DATE] فتح باب الترشيح للمناصب العليا مدير المعهد العالي الدولي للس...
2026-07-28 10:40:18,721 [INFO]   Détails: https://www.emploi-public.ma/ar/%D8%AA%D9%81%D8%A7%D8%B5%D9%8A%D9%84/%D8%A7%D9%84%D9%85%D9%86%D8%A7%D8%B5%D8%A8-%D8%A7%D9%84%D8%B9%D9%84%D9%8A%D8%A7/cd433a5b-75fc-4eb0-b5d7-0a520ca6c2ab
2026-07-28 10:40:19,568 [WARNING] Format de date non reconnu: 30
2026-07-28 10:40:19,569 [INFO]     PDF trouvé: قرار فتح باب الترشيح (score: 35)
2026-07-28 10:40:19,570 [INFO]   [PAS DE DATE] فتح باب الترشيح للمناصب العليا كاتب عام لوزارة إصلاح الإدارة...
2026-07-28 10:40:19,570 [INFO]   Détails: https://www.emploi-public.ma/ar/%D8%AA%D9%81%D8%A7%D8%B5%D9%8A%D9%84/%D8%A7%D9%84%D9%85%D9%86%D8%A7%D8%B5%D8%A8-%D8%A7%D9%84%D8%B9%D9%84%D9%8A%D8%A7/cf89dcaf-13b0-4674-befa-b629bfcf72cf
2026-07-28 10:40:20,308 [WARNING] Format de date non reconnu: 30
2026-07-28 10:40:20,309 [INFO]     PDF trouvé: قرار فتح باب الترشيح (score: 35)
2026-07-28 10:40:20,310 [INFO]   [PAS DE DATE] فتح باب الترشيح للمناصب العليا كاتب عام -قطاع التشغيل...
2026-07-28 10:40:20,310 [INFO] 
--- Catégorie: المباريات ---
2026-07-28 10:40:20,310 [INFO] Page 1/5
2026-07-28 10:40:20,310 [INFO] Scraping page: https://www.emploi-public.ma/ar/قائمة-المباريات
2026-07-28 10:40:22,003 [INFO]   → 9 annonces trouvées sur cette page
2026-07-28 10:40:22,004 [INFO]   Détails: https://www.emploi-public.ma/ar/%D8%AA%D9%81%D8%A7%D8%B5%D9%8A%D9%84/%D8%A7%D9%84%D9%85%D8%A8%D8%A7%D8%B1%D9%8A%D8%A7%D8%AA/74fa6128-711a-40b7-b71b-5b4388a2d9d4
2026-07-28 10:40:22,906 [INFO]     PDF trouvé: قرار فتح المباراة (score: 25)
2026-07-28 10:40:22,907 [INFO]   [EN COURS] مباراة لتوظيف مساعد تقني من الدرجة الثانية... → 2026-08-10
2026-07-28 10:40:22,907 [INFO]   Détails: https://www.emploi-public.ma/ar/%D8%AA%D9%81%D8%A7%D8%B5%D9%8A%D9%84/%D8%A7%D9%84%D9%85%D8%A8%D8%A7%D8%B1%D9%8A%D8%A7%D8%AA/3d99718c-9c89-43ed-92b5-ec76b2c038b3
2026-07-28 10:40:23,796 [INFO]     PDF trouvé: قرار فتح المباراة (score: 25)
2026-07-28 10:40:23,797 [INFO]   [EN COURS] مباراة لتوظيف تقني من الدرجة الرابعة - سلم 8... → 2026-08-10
2026-07-28 10:40:23,798 [INFO]   Détails: https://www.emploi-public.ma/ar/%D8%AA%D9%81%D8%A7%D8%B5%D9%8A%D9%84/%D8%A7%D9%84%D9%85%D8%A8%D8%A7%D8%B1%D9%8A%D8%A7%D8%AA/4e64e78f-621d-4e95-a829-a8b22986502a
2026-07-28 10:40:25,321 [INFO]     PDF trouvé: قرار فتح المباراة (score: 25)
2026-07-28 10:40:25,322 [INFO]   [EN COURS] مباراة لتوظيف تقني من الدرجة الثالثة - سلم 9... → 2026-08-10
2026-07-28 10:40:25,322 [INFO]   Détails: https://www.emploi-public.ma/ar/%D8%AA%D9%81%D8%A7%D8%B5%D9%8A%D9%84/%D8%A7%D9%84%D9%85%D8%A8%D8%A7%D8%B1%D9%8A%D8%A7%D8%AA/bacf792b-04bc-4a4b-a73b-cc69eab17a49
2026-07-28 10:40:26,061 [INFO]     PDF trouvé: قرار فتح المباراة (score: 25)
2026-07-28 10:40:26,062 [INFO]   [EN COURS] مباراة لتوظيف مهندس دولة من الدرجة الأولى - سلم 11... → 2026-08-10
2026-07-28 10:40:26,062 [INFO]   Détails: https://www.emploi-public.ma/ar/%D8%AA%D9%81%D8%A7%D8%B5%D9%8A%D9%84/%D8%A7%D9%84%D9%85%D8%A8%D8%A7%D8%B1%D9%8A%D8%A7%D8%AA/3d6e4275-fe42-4fa4-b135-22595857f77b
2026-07-28 10:40:27,503 [INFO]     PDF trouvé: قرار فتح المباراة (score: 25)
2026-07-28 10:40:27,505 [INFO]   [EN COURS] مباراة لتوظيف كاتب الشؤون الخارجية - سلم 10... → 2026-08-10
2026-07-28 10:40:27,505 [INFO]   Détails: https://www.emploi-public.ma/ar/%D8%AA%D9%81%D8%A7%D8%B5%D9%8A%D9%84/%D8%A7%D9%84%D9%85%D8%A8%D8%A7%D8%B1%D9%8A%D8%A7%D8%AA/f8fd2d0d-5d98-42d7-8229-9924acf1c303
2026-07-28 10:40:28,966 [INFO]     PDF trouvé: قرار فتح المباراة (score: 25)
2026-07-28 10:40:28,967 [INFO]   [EN COURS] مباراة لتوظيف مستشار الشؤون الخارجية - سلم 11... → 2026-08-10
2026-07-28 10:40:28,967 [INFO]   Détails: https://www.emploi-public.ma/ar/%D8%AA%D9%81%D8%A7%D8%B5%D9%8A%D9%84/%D8%A7%D9%84%D9%85%D8%A8%D8%A7%D8%B1%D9%8A%D8%A7%D8%AA/0d14767d-7b8a-4282-b397-96709c297e37
2026-07-28 10:40:30,018 [INFO]     PDF trouvé: قرار فتح المباراة (score: 25)
2026-07-28 10:40:30,019 [INFO]   [EN COURS] مباراة لتوظيف مفتش الجمارك من الدرجة الثانية... → 2026-08-10
2026-07-28 10:40:30,019 [INFO]   Détails: https://www.emploi-public.ma/ar/%D8%AA%D9%81%D8%A7%D8%B5%D9%8A%D9%84/%D8%A7%D9%84%D9%85%D8%A8%D8%A7%D8%B1%D9%8A%D8%A7%D8%AA/ab562af5-0ec1-4fe8-99a3-48cd82b59676
2026-07-28 10:40:32,919 [INFO]     PDF trouvé: قرار فتح المباراة (score: 25)
2026-07-28 10:40:32,920 [INFO]   [EN COURS] مباراة لتوظيف مهندس الدولة للجمارك من الدرجة الأولى... → 2026-08-10
2026-07-28 10:40:32,920 [INFO]   Détails: https://www.emploi-public.ma/ar/%D8%AA%D9%81%D8%A7%D8%B5%D9%8A%D9%84/%D8%A7%D9%84%D9%85%D8%A8%D8%A7%D8%B1%D9%8A%D8%A7%D8%AA/e9c0bb85-e735-4886-acf1-b3309ba4a205
2026-07-28 10:40:33,863 [INFO]     PDF trouvé: قرار فتح المباراة (score: 25)
2026-07-28 10:40:33,865 [INFO]   [EN COURS] مباراة لتوظيف مهندس دولة من الدرجة الأولى - سلم 11... → 2026-08-10
2026-07-28 10:40:33,865 [INFO] Page 2/5
2026-07-28 10:40:33,865 [INFO] Scraping page: https://www.emploi-public.ma/ar/قائمة-المباريات?page=1
2026-07-28 10:40:40,214 [INFO]   → 9 annonces trouvées sur cette page
2026-07-28 10:40:40,215 [INFO]   Détails: https://www.emploi-public.ma/ar/%D8%AA%D9%81%D8%A7%D8%B5%D9%8A%D9%84/%D8%A7%D9%84%D9%85%D8%A8%D8%A7%D8%B1%D9%8A%D8%A7%D8%AA/74fa6128-711a-40b7-b71b-5b4388a2d9d4
2026-07-28 10:40:41,931 [INFO]     PDF trouvé: قرار فتح المباراة (score: 25)
2026-07-28 10:40:41,932 [INFO]   [EN COURS] مباراة لتوظيف مساعد تقني من الدرجة الثانية... → 2026-08-10
2026-07-28 10:40:41,932 [INFO]   Détails: https://www.emploi-public.ma/ar/%D8%AA%D9%81%D8%A7%D8%B5%D9%8A%D9%84/%D8%A7%D9%84%D9%85%D8%A8%D8%A7%D8%B1%D9%8A%D8%A7%D8%AA/3d99718c-9c89-43ed-92b5-ec76b2c038b3
2026-07-28 10:40:43,146 [INFO]     PDF trouvé: قرار فتح المباراة (score: 25)
2026-07-28 10:40:43,147 [INFO]   [EN COURS] مباراة لتوظيف تقني من الدرجة الرابعة - سلم 8... → 2026-08-10
2026-07-28 10:40:43,147 [INFO]   Détails: https://www.emploi-public.ma/ar/%D8%AA%D9%81%D8%A7%D8%B5%D9%8A%D9%84/%D8%A7%D9%84%D9%85%D8%A8%D8%A7%D8%B1%D9%8A%D8%A7%D8%AA/4e64e78f-621d-4e95-a829-a8b22986502a
2026-07-28 10:40:44,541 [INFO]     PDF trouvé: قرار فتح المباراة (score: 25)
2026-07-28 10:40:44,542 [INFO]   [EN COURS] مباراة لتوظيف تقني من الدرجة الثالثة - سلم 9... → 2026-08-10
2026-07-28 10:40:44,542 [INFO]   Détails: https://www.emploi-public.ma/ar/%D8%AA%D9%81%D8%A7%D8%B5%D9%8A%D9%84/%D8%A7%D9%84%D9%85%D8%A8%D8%A7%D8%B1%D9%8A%D8%A7%D8%AA/bacf792b-04bc-4a4b-a73b-cc69eab17a49
2026-07-28 10:40:48,070 [INFO]     PDF trouvé: قرار فتح المباراة (score: 25)
2026-07-28 10:40:48,071 [INFO]   [EN COURS] مباراة لتوظيف مهندس دولة من الدرجة الأولى - سلم 11... → 2026-08-10
2026-07-28 10:40:48,072 [INFO]   Détails: https://www.emploi-public.ma/ar/%D8%AA%D9%81%D8%A7%D8%B5%D9%8A%D9%84/%D8%A7%D9%84%D9%85%D8%A8%D8%A7%D8%B1%D9%8A%D8%A7%D8%AA/3d6e4275-fe42-4fa4-b135-22595857f77b
2026-07-28 10:40:49,947 [INFO]     PDF trouvé: قرار فتح المباراة (score: 25)
2026-07-28 10:40:49,948 [INFO]   [EN COURS] مباراة لتوظيف كاتب الشؤون الخارجية - سلم 10... → 2026-08-10
2026-07-28 10:40:49,949 [INFO]   Détails: https://www.emploi-public.ma/ar/%D8%AA%D9%81%D8%A7%D8%B5%D9%8A%D9%84/%D8%A7%D9%84%D9%85%D8%A8%D8%A7%D8%B1%D9%8A%D8%A7%D8%AA/f8fd2d0d-5d98-42d7-8229-9924acf1c303
2026-07-28 10:40:50,969 [INFO]     PDF trouvé: قرار فتح المباراة (score: 25)
2026-07-28 10:40:50,970 [INFO]   [EN COURS] مباراة لتوظيف مستشار الشؤون الخارجية - سلم 11... → 2026-08-10
2026-07-28 10:40:50,970 [INFO]   Détails: https://www.emploi-public.ma/ar/%D8%AA%D9%81%D8%A7%D8%B5%D9%8A%D9%84/%D8%A7%D9%84%D9%85%D8%A8%D8%A7%D8%B1%D9%8A%D8%A7%D8%AA/0d14767d-7b8a-4282-b397-96709c297e37
2026-07-28 10:40:53,926 [INFO]     PDF trouvé: قرار فتح المباراة (score: 25)
2026-07-28 10:40:53,928 [INFO]   [EN COURS] مباراة لتوظيف مفتش الجمارك من الدرجة الثانية... → 2026-08-10
2026-07-28 10:40:53,928 [INFO]   Détails: https://www.emploi-public.ma/ar/%D8%AA%D9%81%D8%A7%D8%B5%D9%8A%D9%84/%D8%A7%D9%84%D9%85%D8%A8%D8%A7%D8%B1%D9%8A%D8%A7%D8%AA/ab562af5-0ec1-4fe8-99a3-48cd82b59676
2026-07-28 10:40:55,685 [INFO]     PDF trouvé: قرار فتح المباراة (score: 25)
2026-07-28 10:40:55,686 [INFO]   [EN COURS] مباراة لتوظيف مهندس الدولة للجمارك من الدرجة الأولى... → 2026-08-10
2026-07-28 10:40:55,686 [INFO]   Détails: https://www.emploi-public.ma/ar/%D8%AA%D9%81%D8%A7%D8%B5%D9%8A%D9%84/%D8%A7%D9%84%D9%85%D8%A8%D8%A7%D8%B1%D9%8A%D8%A7%D8%AA/e9c0bb85-e735-4886-acf1-b3309ba4a205
2026-07-28 10:41:06,893 [INFO]     PDF trouvé: قرار فتح المباراة (score: 25)
2026-07-28 10:41:06,895 [INFO]   [EN COURS] مباراة لتوظيف مهندس دولة من الدرجة الأولى - سلم 11... → 2026-08-10
2026-07-28 10:41:06,895 [INFO] Page 3/5
2026-07-28 10:41:06,895 [INFO] Scraping page: https://www.emploi-public.ma/ar/قائمة-المباريات?page=2
2026-07-28 10:41:08,521 [INFO]   → 9 annonces trouvées sur cette page
2026-07-28 10:41:08,522 [INFO]   Détails: https://www.emploi-public.ma/ar/%D8%AA%D9%81%D8%A7%D8%B5%D9%8A%D9%84/%D8%A7%D9%84%D9%85%D8%A8%D8%A7%D8%B1%D9%8A%D8%A7%D8%AA/d91438ac-a7df-48aa-a29d-ea568c52b32e
2026-07-28 10:41:09,447 [INFO]     PDF trouvé: قرار فتح المباراة (score: 25)
2026-07-28 10:41:09,448 [INFO]   [EN COURS] مباراة لتوظيف تقني من الدرجة الثالثة - سلم 9... → 2026-08-07
2026-07-28 10:41:09,448 [INFO]   Détails: https://www.emploi-public.ma/ar/%D8%AA%D9%81%D8%A7%D8%B5%D9%8A%D9%84/%D8%A7%D9%84%D9%85%D8%A8%D8%A7%D8%B1%D9%8A%D8%A7%D8%AA/6aa579ad-7abb-44f1-b036-56e9fbafced8
2026-07-28 10:41:10,477 [INFO]     PDF trouvé: قرار فتح المباراة (score: 25)
2026-07-28 10:41:10,478 [INFO]   [EN COURS] مباراة لتوظيف متصرف من الدرجة الثانية - سلم 11... → 2026-08-07
2026-07-28 10:41:10,478 [INFO]   Détails: https://www.emploi-public.ma/ar/%D8%AA%D9%81%D8%A7%D8%B5%D9%8A%D9%84/%D8%A7%D9%84%D9%85%D8%A8%D8%A7%D8%B1%D9%8A%D8%A7%D8%AA/c27ac1df-953a-4b58-a2e2-e273271f18b1
2026-07-28 10:41:20,224 [INFO]     PDF trouvé: قرار فتح المباراة (score: 25)
2026-07-28 10:41:20,225 [INFO]   [EN COURS] مباراة لتوظيف مساعد تقني من الدرجة الثانية... → 2026-08-05
2026-07-28 10:41:20,225 [INFO]   Détails: https://www.emploi-public.ma/ar/%D8%AA%D9%81%D8%A7%D8%B5%D9%8A%D9%84/%D8%A7%D9%84%D9%85%D8%A8%D8%A7%D8%B1%D9%8A%D8%A7%D8%AA/7faff0fb-2922-485a-853e-20b4d81cbc7a
2026-07-28 10:41:21,449 [INFO]     PDF trouvé: قرار فتح المباراة (score: 25)
2026-07-28 10:41:21,450 [INFO]   [EN COURS] مباراة لتوظيف أستاذ محاضر من الدرجة أ - سلم 11... → 2026-08-03
2026-07-28 10:41:21,450 [INFO]   Détails: https://www.emploi-public.ma/ar/%D8%AA%D9%81%D8%A7%D8%B5%D9%8A%D9%84/%D8%A7%D9%84%D9%85%D8%A8%D8%A7%D8%B1%D9%8A%D8%A7%D8%AA/2c15e888-7029-4082-9334-eef194ee5586
2026-07-28 10:41:30,430 [INFO]     PDF trouvé: قرار فتح المباراة (score: 25)
2026-07-28 10:41:30,432 [INFO]   [EN COURS] مباراة لتوظيف متصرف من الدرجة الثانية - سلم 11... → 2026-08-03
2026-07-28 10:41:30,432 [INFO]   Détails: https://www.emploi-public.ma/ar/%D8%AA%D9%81%D8%A7%D8%B5%D9%8A%D9%84/%D8%A7%D9%84%D9%85%D8%A8%D8%A7%D8%B1%D9%8A%D8%A7%D8%AA/d543668b-c808-4ac0-933b-4301237f9f67
2026-07-28 10:41:31,794 [INFO]     PDF trouvé: قرار فتح المباراة (score: 25)
2026-07-28 10:41:31,796 [INFO]   [EN COURS] مباراة لتوظيف متصرف من الدرجة الثالثة - سلم 10... → 2026-07-31
2026-07-28 10:41:31,796 [INFO]   Détails: https://www.emploi-public.ma/ar/%D8%AA%D9%81%D8%A7%D8%B5%D9%8A%D9%84/%D8%A7%D9%84%D9%85%D8%A8%D8%A7%D8%B1%D9%8A%D8%A7%D8%AA/78699344-c4d1-4204-ad40-9749cc0563aa
2026-07-28 10:41:33,413 [INFO]     PDF trouvé: قرار فتح المباراة (score: 25)
2026-07-28 10:41:33,415 [INFO]   [EXPIRÉE] لائحة المدعوين لإجراء الاختبار الكتابي لمباراة توظيف طبيب من... → 2026-07-23
2026-07-28 10:41:33,415 [INFO]   Détails: https://www.emploi-public.ma/ar/%D8%AA%D9%81%D8%A7%D8%B5%D9%8A%D9%84/%D8%A7%D9%84%D9%85%D8%A8%D8%A7%D8%B1%D9%8A%D8%A7%D8%AA/b62a7d1c-c399-48cd-ab9f-adca105db22f
2026-07-28 10:41:36,486 [INFO]     PDF trouvé: قرار فتح المباراة (score: 25)
2026-07-28 10:41:36,487 [INFO]   [EXPIRÉE] مباراة لتوظيف أستاذ محاضر من الدرجة أ - سلم 11... → 2026-07-21
2026-07-28 10:41:36,487 [INFO]   Détails: https://www.emploi-public.ma/ar/%D8%AA%D9%81%D8%A7%D8%B5%D9%8A%D9%84/%D8%A7%D9%84%D9%85%D8%A8%D8%A7%D8%B1%D9%8A%D8%A7%D8%AA/dc6005fa-8f1f-418f-baed-64e9caca12f6
2026-07-28 10:41:43,177 [INFO]     PDF trouvé: قرار فتح المباراة (score: 25)
2026-07-28 10:41:43,179 [INFO]   [EXPIRÉE] لائحة المدعوين لإجراء الاختبار الكتابي لمباراة توظيف تقني من... → 2026-07-21
2026-07-28 10:41:43,179 [INFO] Page 4/5
2026-07-28 10:41:43,179 [INFO] Scraping page: https://www.emploi-public.ma/ar/قائمة-المباريات?page=3
2026-07-28 10:41:45,412 [INFO]   → 9 annonces trouvées sur cette page
2026-07-28 10:41:45,413 [INFO]   Détails: https://www.emploi-public.ma/ar/%D8%AA%D9%81%D8%A7%D8%B5%D9%8A%D9%84/%D8%A7%D9%84%D9%85%D8%A8%D8%A7%D8%B1%D9%8A%D8%A7%D8%AA/7d4f66b4-2f8c-4dbf-94ea-99d5943a7378
2026-07-28 10:41:47,487 [INFO]     PDF trouvé: قرار فتح المباراة (score: 25)
2026-07-28 10:41:47,488 [INFO]   [EXPIRÉE] لائحة المدعوين لإجراء الاختبار الكتابي لمباراة توظيف متصرف م... → 2026-07-21
2026-07-28 10:41:47,488 [INFO]   Détails: https://www.emploi-public.ma/ar/%D8%AA%D9%81%D8%A7%D8%B5%D9%8A%D9%84/%D8%A7%D9%84%D9%85%D8%A8%D8%A7%D8%B1%D9%8A%D8%A7%D8%AA/e372c384-b595-401d-bfa7-77c67af01fbe
2026-07-28 10:41:48,451 [INFO]     PDF trouvé: قرار فتح المباراة (score: 25)
2026-07-28 10:41:48,452 [INFO]   [EXPIRÉE] لائحة المدعوين لإجراء الاختبار الكتابي لمباراة توظيف متصرف م... → 2026-07-21
2026-07-28 10:41:48,452 [INFO]   Détails: https://www.emploi-public.ma/ar/%D8%AA%D9%81%D8%A7%D8%B5%D9%8A%D9%84/%D8%A7%D9%84%D9%85%D8%A8%D8%A7%D8%B1%D9%8A%D8%A7%D8%AA/606d3ff2-2e7a-4174-9d74-713c58402b8a
2026-07-28 10:41:51,859 [INFO]     PDF trouvé: قرار فتح المباراة (score: 25)
2026-07-28 10:41:51,860 [INFO]   [EXPIRÉE] لائحة الناجحين في مباراة التوظيف طبيب من الدرجة الأولى - سلم... → 2026-07-21
2026-07-28 10:41:51,860 [INFO]   Détails: https://www.emploi-public.ma/ar/%D8%AA%D9%81%D8%A7%D8%B5%D9%8A%D9%84/%D8%A7%D9%84%D9%85%D8%A8%D8%A7%D8%B1%D9%8A%D8%A7%D8%AA/9740d64c-8b1b-47b8-abe8-00b3575d4aa9
2026-07-28 10:41:53,140 [INFO]     PDF trouvé: قرار فتح المباراة (score: 25)
2026-07-28 10:41:53,141 [INFO]   [EXPIRÉE] لائحة المدعوين لإجراء الاختبار الكتابي لمباراة توظيف مهندس د... → 2026-07-20
2026-07-28 10:41:53,141 [INFO]   Détails: https://www.emploi-public.ma/ar/%D8%AA%D9%81%D8%A7%D8%B5%D9%8A%D9%84/%D8%A7%D9%84%D9%85%D8%A8%D8%A7%D8%B1%D9%8A%D8%A7%D8%AA/b89b6b38-795f-49af-9d00-910305760e85
2026-07-28 10:41:54,650 [INFO]     PDF trouvé: قرار فتح المباراة (score: 25)
2026-07-28 10:41:54,651 [INFO]   [EXPIRÉE] لائحة المدعوين لإجراء الاختبار الكتابي لمباراة توظيف متصرف م... → 2026-07-20
2026-07-28 10:41:54,651 [INFO]   Détails: https://www.emploi-public.ma/ar/%D8%AA%D9%81%D8%A7%D8%B5%D9%8A%D9%84/%D8%A7%D9%84%D9%85%D8%A8%D8%A7%D8%B1%D9%8A%D8%A7%D8%AA/f33919ef-c4a4-41c0-9927-744882ec1140
2026-07-28 10:41:55,568 [INFO]     PDF trouvé: قرار فتح المباراة (score: 25)
2026-07-28 10:41:55,569 [INFO]   [EXPIRÉE] لائحة المدعوين لإجراء الاختبار الكتابي لمباراة توظيف تقني من... → 2026-07-20
2026-07-28 10:41:55,569 [INFO]   Détails: https://www.emploi-public.ma/ar/%D8%AA%D9%81%D8%A7%D8%B5%D9%8A%D9%84/%D8%A7%D9%84%D9%85%D8%A8%D8%A7%D8%B1%D9%8A%D8%A7%D8%AA/00afdf47-67cd-4c3b-910d-295480956c45
2026-07-28 10:41:57,242 [INFO]     PDF trouvé: قرار فتح المباراة (score: 25)
2026-07-28 10:41:57,244 [INFO]   [EXPIRÉE] لائحة المدعوين لإجراء الاختبار الكتابي لمباراة توظيف متصرف م... → 2026-07-20
2026-07-28 10:41:57,244 [INFO]   Détails: https://www.emploi-public.ma/ar/%D8%AA%D9%81%D8%A7%D8%B5%D9%8A%D9%84/%D8%A7%D9%84%D9%85%D8%A8%D8%A7%D8%B1%D9%8A%D8%A7%D8%AA/0c6baf5e-be9d-4ef5-a8f7-b9044cf640d5
2026-07-28 10:42:00,634 [INFO]     PDF trouvé: قرار فتح المباراة (score: 25)
2026-07-28 10:42:00,635 [INFO]   [EXPIRÉE] لائحة الناجحين في مباراة التوظيف جراح أسنان من الدرجة الأولى... → 2026-07-15
2026-07-28 10:42:00,635 [INFO]   Détails: https://www.emploi-public.ma/ar/%D8%AA%D9%81%D8%A7%D8%B5%D9%8A%D9%84/%D8%A7%D9%84%D9%85%D8%A8%D8%A7%D8%B1%D9%8A%D8%A7%D8%AA/c6303b4c-114c-4b25-b6c5-eca77cba3dad
2026-07-28 10:42:03,787 [INFO]     PDF trouvé: قرار فتح المباراة (score: 25)
2026-07-28 10:42:03,788 [INFO]   [EXPIRÉE] لائحة الناجحين في مباراة التوظيف صيدلي من الدرجة الأولى - سل... → 2026-07-15
2026-07-28 10:42:03,788 [INFO] Page 5/5
2026-07-28 10:42:03,788 [INFO] Scraping page: https://www.emploi-public.ma/ar/قائمة-المباريات?page=4
2026-07-28 10:42:06,220 [INFO]   → 9 annonces trouvées sur cette page
2026-07-28 10:42:06,222 [INFO]   Détails: https://www.emploi-public.ma/ar/%D8%AA%D9%81%D8%A7%D8%B5%D9%8A%D9%84/%D8%A7%D9%84%D9%85%D8%A8%D8%A7%D8%B1%D9%8A%D8%A7%D8%AA/1f901e2f-de1d-4110-874d-d5d890119e69
2026-07-28 10:42:07,865 [INFO]     PDF trouvé: قرار فتح المباراة (score: 25)
2026-07-28 10:42:07,866 [INFO]   [EXPIRÉE] لائحة الناجحين في مباراة التوظيف طبيب من الدرجة الأولى - سلم... → 2026-07-15
2026-07-28 10:42:07,866 [INFO]   Détails: https://www.emploi-public.ma/ar/%D8%AA%D9%81%D8%A7%D8%B5%D9%8A%D9%84/%D8%A7%D9%84%D9%85%D8%A8%D8%A7%D8%B1%D9%8A%D8%A7%D8%AA/c83d70e2-ec18-4f3b-b97f-03d080ad762a
2026-07-28 10:42:09,560 [INFO]     PDF trouvé: قرار فتح المباراة (score: 25)
2026-07-28 10:42:09,562 [INFO]   [EXPIRÉE] لائحة الناجحين في مباراة التوظيف تقني من الدرجة الرابعة - سل... → 2026-07-14
2026-07-28 10:42:09,562 [INFO]   Détails: https://www.emploi-public.ma/ar/%D8%AA%D9%81%D8%A7%D8%B5%D9%8A%D9%84/%D8%A7%D9%84%D9%85%D8%A8%D8%A7%D8%B1%D9%8A%D8%A7%D8%AA/c3749204-66e1-4485-a631-e7ede10e21ab
2026-07-28 10:42:11,028 [INFO]     PDF trouvé: قرار فتح المباراة (score: 25)
2026-07-28 10:42:11,029 [INFO]   [EXPIRÉE] لائحة الناجحين في مباراة التوظيف تقني من الدرجة الثالثة - سل... → 2026-07-14
2026-07-28 10:42:11,029 [INFO]   Détails: https://www.emploi-public.ma/ar/%D8%AA%D9%81%D8%A7%D8%B5%D9%8A%D9%84/%D8%A7%D9%84%D9%85%D8%A8%D8%A7%D8%B1%D9%8A%D8%A7%D8%AA/26ae2262-926d-4bfb-9614-069a15e9bd9a
2026-07-28 10:42:11,781 [INFO]     PDF trouvé: قرار فتح المباراة (score: 25)
2026-07-28 10:42:11,782 [INFO]   [EXPIRÉE] مباراة لتوظيف متصرف من الدرجة الثالثة - سلم 10... → 2026-07-10
2026-07-28 10:42:11,782 [INFO]   Détails: https://www.emploi-public.ma/ar/%D8%AA%D9%81%D8%A7%D8%B5%D9%8A%D9%84/%D8%A7%D9%84%D9%85%D8%A8%D8%A7%D8%B1%D9%8A%D8%A7%D8%AA/2c92d6ee-4fbb-4b59-a9ad-4e38969b0090
2026-07-28 10:42:12,536 [INFO]     PDF trouvé: قرار فتح المباراة (score: 25)
2026-07-28 10:42:12,537 [INFO]   [EXPIRÉE] مباراة لتوظيف تقني من الدرجة الثالثة - سلم 9... → 2026-07-10
2026-07-28 10:42:12,537 [INFO]   Détails: https://www.emploi-public.ma/ar/%D8%AA%D9%81%D8%A7%D8%B5%D9%8A%D9%84/%D8%A7%D9%84%D9%85%D8%A8%D8%A7%D8%B1%D9%8A%D8%A7%D8%AA/ae470720-4f4f-49dc-b23e-070911905f42
2026-07-28 10:42:13,362 [INFO]     PDF trouvé: قرار فتح المباراة (score: 25)
2026-07-28 10:42:13,363 [INFO]   [EXPIRÉE] لائحة المدعوين لإجراء الاختبار الكتابي لمباراة توظيف مهندس د... → 2026-07-15
2026-07-28 10:42:13,363 [INFO]   Détails: https://www.emploi-public.ma/ar/%D8%AA%D9%81%D8%A7%D8%B5%D9%8A%D9%84/%D8%A7%D9%84%D9%85%D8%A8%D8%A7%D8%B1%D9%8A%D8%A7%D8%AA/55e548c6-a895-450f-a875-9e03c69c4399
2026-07-28 10:42:14,565 [INFO]     PDF trouvé: قرار فتح المباراة (score: 25)
2026-07-28 10:42:14,566 [INFO]   [EXPIRÉE] لائحة المدعوين لإجراء الاختبار الكتابي لمباراة توظيف مساعد ت... → 2026-07-10
2026-07-28 10:42:14,566 [INFO]   Détails: https://www.emploi-public.ma/ar/%D8%AA%D9%81%D8%A7%D8%B5%D9%8A%D9%84/%D8%A7%D9%84%D9%85%D8%A8%D8%A7%D8%B1%D9%8A%D8%A7%D8%AA/d763af32-c1bf-4d3d-a000-8fe89e3adcd6
2026-07-28 10:42:17,299 [INFO]     PDF trouvé: قرار فتح المباراة (score: 25)
2026-07-28 10:42:17,300 [INFO]   [EXPIRÉE] لائحة المدعوين لإجراء الاختبار الكتابي لمباراة توظيف متصرف م... → 2026-07-10
2026-07-28 10:42:17,300 [INFO]   Détails: https://www.emploi-public.ma/ar/%D8%AA%D9%81%D8%A7%D8%B5%D9%8A%D9%84/%D8%A7%D9%84%D9%85%D8%A8%D8%A7%D8%B1%D9%8A%D8%A7%D8%AA/17e879b8-5dad-4d10-8ade-60bb345d6021
2026-07-28 10:42:22,672 [INFO]     PDF trouvé: قرار فتح المباراة (score: 25)
2026-07-28 10:42:22,673 [INFO]   [EXPIRÉE] لائحة المدعوين لإجراء الاختبار الكتابي لمباراة توظيف أستاذ م... → 2026-07-10
2026-07-28 10:42:22,673 [INFO] 
--- Catégorie: تشغيل الخبراء ---
2026-07-28 10:42:22,673 [INFO] Page 1/5
2026-07-28 10:42:22,673 [INFO] Scraping page: https://www.emploi-public.ma/ar/قائمة-تشغيل-الخبراء
2026-07-28 10:42:23,872 [INFO]   → 9 annonces trouvées sur cette page
2026-07-28 10:42:23,873 [INFO]   Détails: https://www.emploi-public.ma/ar/%D8%AA%D9%81%D8%A7%D8%B5%D9%8A%D9%84/%D8%AA%D8%B4%D8%BA%D9%8A%D9%84-%D8%A7%D9%84%D8%AE%D8%A8%D8%B1%D8%A7%D8%A1/4854b58c-c09e-4edd-9a39-c01a0c414425
2026-07-28 10:42:24,837 [INFO]     PDF trouvé: قرار فتح باب الترشيح (score: 35)
2026-07-28 10:42:24,838 [INFO]   [EXPIRÉE] لائحة الناجحين لمنصب خبير في مجال الملاحة التجارية... → 2026-04-12
2026-07-28 10:42:24,838 [INFO]   Détails: https://www.emploi-public.ma/ar/%D8%AA%D9%81%D8%A7%D8%B5%D9%8A%D9%84/%D8%AA%D8%B4%D8%BA%D9%8A%D9%84-%D8%A7%D9%84%D8%AE%D8%A8%D8%B1%D8%A7%D8%A1/ff8d6494-748d-4698-8ef0-676cbd5b1951
2026-07-28 10:42:26,144 [INFO]     PDF trouvé: قرار فتح باب الترشيح (score: 35)
2026-07-28 10:42:26,145 [INFO]   [EXPIRÉE] فتح باب الترشيح لمنصب خبير في الشؤون القانونية... → 2026-06-25
2026-07-28 10:42:26,145 [INFO]   Détails: https://www.emploi-public.ma/ar/%D8%AA%D9%81%D8%A7%D8%B5%D9%8A%D9%84/%D8%AA%D8%B4%D8%BA%D9%8A%D9%84-%D8%A7%D9%84%D8%AE%D8%A8%D8%B1%D8%A7%D8%A1/abce4b98-a1d8-48f9-a84c-053f53697154
2026-07-28 10:42:27,322 [INFO]     PDF trouvé: قرار فتح باب الترشيح (score: 35)
2026-07-28 10:42:27,323 [INFO]   [EXPIRÉE] فتح باب الترشيح لمنصب خبير... → 2026-06-15
2026-07-28 10:42:27,323 [INFO]   Détails: https://www.emploi-public.ma/ar/%D8%AA%D9%81%D8%A7%D8%B5%D9%8A%D9%84/%D8%AA%D8%B4%D8%BA%D9%8A%D9%84-%D8%A7%D9%84%D8%AE%D8%A8%D8%B1%D8%A7%D8%A1/5030f678-19f4-4bc0-96c6-f5462b134c1c
2026-07-28 10:42:31,774 [INFO]     PDF trouvé: قرار فتح باب الترشيح (score: 35)
2026-07-28 10:42:31,775 [INFO]   [EXPIRÉE] فتح باب الترشيح لمنصب خبير... → 2026-06-08
2026-07-28 10:42:31,775 [INFO]   Détails: https://www.emploi-public.ma/ar/%D8%AA%D9%81%D8%A7%D8%B5%D9%8A%D9%84/%D8%AA%D8%B4%D8%BA%D9%8A%D9%84-%D8%A7%D9%84%D8%AE%D8%A8%D8%B1%D8%A7%D8%A1/b0a97522-0c72-4a26-8b32-da0c02e79891
2026-07-28 10:42:33,046 [INFO]     PDF trouvé: قرار فتح باب الترشيح (score: 35)
2026-07-28 10:42:33,047 [INFO]   [EXPIRÉE] فتح باب الترشيح لمنصب خبير متعاقد... → 2026-06-03
2026-07-28 10:42:33,047 [INFO]   Détails: https://www.emploi-public.ma/ar/%D8%AA%D9%81%D8%A7%D8%B5%D9%8A%D9%84/%D8%AA%D8%B4%D8%BA%D9%8A%D9%84-%D8%A7%D9%84%D8%AE%D8%A8%D8%B1%D8%A7%D8%A1/b3f7145b-9f2a-4cb4-aef7-1d917c679a65
2026-07-28 10:42:39,151 [INFO]     PDF trouvé: قرار فتح باب الترشيح (score: 35)
2026-07-28 10:42:39,152 [INFO]   [EXPIRÉE] فتح باب الترشيح لمنصب خبير... → 2026-05-29
2026-07-28 10:42:39,152 [INFO]   Détails: https://www.emploi-public.ma/ar/%D8%AA%D9%81%D8%A7%D8%B5%D9%8A%D9%84/%D8%AA%D8%B4%D8%BA%D9%8A%D9%84-%D8%A7%D9%84%D8%AE%D8%A8%D8%B1%D8%A7%D8%A1/d9255cd9-fe2e-4248-8eba-adf58b668823
2026-07-28 10:42:41,729 [INFO]     PDF trouvé: قرار فتح باب الترشيح (score: 35)
2026-07-28 10:42:41,730 [INFO]   [EXPIRÉE] فتح باب الترشيح لمنصب خبير في مجال التفاوض والسياسة التجارية... → 2026-04-03
2026-07-28 10:42:41,730 [INFO]   Détails: https://www.emploi-public.ma/ar/%D8%AA%D9%81%D8%A7%D8%B5%D9%8A%D9%84/%D8%AA%D8%B4%D8%BA%D9%8A%D9%84-%D8%A7%D9%84%D8%AE%D8%A8%D8%B1%D8%A7%D8%A1/0236914d-e17c-41c5-a5be-e632ad35f838
2026-07-28 10:42:43,333 [INFO]     PDF trouvé: قرار فتح باب الترشيح (score: 35)
2026-07-28 10:42:43,334 [INFO]   [EXPIRÉE] فتح باب الترشيح لمنصب خبير... → 2026-03-17
2026-07-28 10:42:43,334 [INFO]   Détails: https://www.emploi-public.ma/ar/%D8%AA%D9%81%D8%A7%D8%B5%D9%8A%D9%84/%D8%AA%D8%B4%D8%BA%D9%8A%D9%84-%D8%A7%D9%84%D8%AE%D8%A8%D8%B1%D8%A7%D8%A1/2a449c40-1832-450d-9eae-a70607bcac07
2026-07-28 10:42:45,332 [INFO]     PDF trouvé: قرار فتح باب الترشيح (score: 35)
2026-07-28 10:42:45,333 [INFO]   [EXPIRÉE] فتح باب الترشيح لمنصب خبير... → 2026-03-16
2026-07-28 10:42:45,333 [INFO] Page 2/5
2026-07-28 10:42:45,333 [INFO] Scraping page: https://www.emploi-public.ma/ar/قائمة-تشغيل-الخبراء?page=1
2026-07-28 10:42:46,253 [INFO]   → 9 annonces trouvées sur cette page
2026-07-28 10:42:46,254 [INFO]   Détails: https://www.emploi-public.ma/ar/%D8%AA%D9%81%D8%A7%D8%B5%D9%8A%D9%84/%D8%AA%D8%B4%D8%BA%D9%8A%D9%84-%D8%A7%D9%84%D8%AE%D8%A8%D8%B1%D8%A7%D8%A1/4854b58c-c09e-4edd-9a39-c01a0c414425
2026-07-28 10:42:48,036 [INFO]     PDF trouvé: قرار فتح باب الترشيح (score: 35)
2026-07-28 10:42:48,037 [INFO]   [EXPIRÉE] لائحة الناجحين لمنصب خبير في مجال الملاحة التجارية... → 2026-04-12
2026-07-28 10:42:48,037 [INFO]   Détails: https://www.emploi-public.ma/ar/%D8%AA%D9%81%D8%A7%D8%B5%D9%8A%D9%84/%D8%AA%D8%B4%D8%BA%D9%8A%D9%84-%D8%A7%D9%84%D8%AE%D8%A8%D8%B1%D8%A7%D8%A1/ff8d6494-748d-4698-8ef0-676cbd5b1951
2026-07-28 10:42:51,187 [INFO]     PDF trouvé: قرار فتح باب الترشيح (score: 35)
2026-07-28 10:42:51,188 [INFO]   [EXPIRÉE] فتح باب الترشيح لمنصب خبير في الشؤون القانونية... → 2026-06-25
2026-07-28 10:42:51,188 [INFO]   Détails: https://www.emploi-public.ma/ar/%D8%AA%D9%81%D8%A7%D8%B5%D9%8A%D9%84/%D8%AA%D8%B4%D8%BA%D9%8A%D9%84-%D8%A7%D9%84%D8%AE%D8%A8%D8%B1%D8%A7%D8%A1/abce4b98-a1d8-48f9-a84c-053f53697154
2026-07-28 10:42:52,795 [INFO]     PDF trouvé: قرار فتح باب الترشيح (score: 35)
2026-07-28 10:42:52,796 [INFO]   [EXPIRÉE] فتح باب الترشيح لمنصب خبير... → 2026-06-15
2026-07-28 10:42:52,796 [INFO]   Détails: https://www.emploi-public.ma/ar/%D8%AA%D9%81%D8%A7%D8%B5%D9%8A%D9%84/%D8%AA%D8%B4%D8%BA%D9%8A%D9%84-%D8%A7%D9%84%D8%AE%D8%A8%D8%B1%D8%A7%D8%A1/5030f678-19f4-4bc0-96c6-f5462b134c1c
2026-07-28 10:42:54,076 [INFO]     PDF trouvé: قرار فتح باب الترشيح (score: 35)
2026-07-28 10:42:54,077 [INFO]   [EXPIRÉE] فتح باب الترشيح لمنصب خبير... → 2026-06-08
2026-07-28 10:42:54,077 [INFO]   Détails: https://www.emploi-public.ma/ar/%D8%AA%D9%81%D8%A7%D8%B5%D9%8A%D9%84/%D8%AA%D8%B4%D8%BA%D9%8A%D9%84-%D8%A7%D9%84%D8%AE%D8%A8%D8%B1%D8%A7%D8%A1/b0a97522-0c72-4a26-8b32-da0c02e79891
2026-07-28 10:43:04,497 [INFO]     PDF trouvé: قرار فتح باب الترشيح (score: 35)
2026-07-28 10:43:04,498 [INFO]   [EXPIRÉE] فتح باب الترشيح لمنصب خبير متعاقد... → 2026-06-03
2026-07-28 10:43:04,498 [INFO]   Détails: https://www.emploi-public.ma/ar/%D8%AA%D9%81%D8%A7%D8%B5%D9%8A%D9%84/%D8%AA%D8%B4%D8%BA%D9%8A%D9%84-%D8%A7%D9%84%D8%AE%D8%A8%D8%B1%D8%A7%D8%A1/b3f7145b-9f2a-4cb4-aef7-1d917c679a65
2026-07-28 10:43:05,861 [INFO]     PDF trouvé: قرار فتح باب الترشيح (score: 35)
2026-07-28 10:43:05,862 [INFO]   [EXPIRÉE] فتح باب الترشيح لمنصب خبير... → 2026-05-29
2026-07-28 10:43:05,863 [INFO]   Détails: https://www.emploi-public.ma/ar/%D8%AA%D9%81%D8%A7%D8%B5%D9%8A%D9%84/%D8%AA%D8%B4%D8%BA%D9%8A%D9%84-%D8%A7%D9%84%D8%AE%D8%A8%D8%B1%D8%A7%D8%A1/d9255cd9-fe2e-4248-8eba-adf58b668823
2026-07-28 10:43:11,135 [INFO]     PDF trouvé: قرار فتح باب الترشيح (score: 35)
2026-07-28 10:43:11,136 [INFO]   [EXPIRÉE] فتح باب الترشيح لمنصب خبير في مجال التفاوض والسياسة التجارية... → 2026-04-03
2026-07-28 10:43:11,137 [INFO]   Détails: https://www.emploi-public.ma/ar/%D8%AA%D9%81%D8%A7%D8%B5%D9%8A%D9%84/%D8%AA%D8%B4%D8%BA%D9%8A%D9%84-%D8%A7%D9%84%D8%AE%D8%A8%D8%B1%D8%A7%D8%A1/0236914d-e17c-41c5-a5be-e632ad35f838
2026-07-28 10:43:14,137 [INFO]     PDF trouvé: قرار فتح باب الترشيح (score: 35)
2026-07-28 10:43:14,138 [INFO]   [EXPIRÉE] فتح باب الترشيح لمنصب خبير... → 2026-03-17
2026-07-28 10:43:14,138 [INFO]   Détails: https://www.emploi-public.ma/ar/%D8%AA%D9%81%D8%A7%D8%B5%D9%8A%D9%84/%D8%AA%D8%B4%D8%BA%D9%8A%D9%84-%D8%A7%D9%84%D8%AE%D8%A8%D8%B1%D8%A7%D8%A1/2a449c40-1832-450d-9eae-a70607bcac07
2026-07-28 10:43:15,077 [INFO]     PDF trouvé: قرار فتح باب الترشيح (score: 35)
2026-07-28 10:43:15,079 [INFO]   [EXPIRÉE] فتح باب الترشيح لمنصب خبير... → 2026-03-16
2026-07-28 10:43:15,079 [INFO] Page 3/5
2026-07-28 10:43:15,079 [INFO] Scraping page: https://www.emploi-public.ma/ar/قائمة-تشغيل-الخبراء?page=2
2026-07-28 10:43:19,598 [INFO]   → 9 annonces trouvées sur cette page
2026-07-28 10:43:19,599 [INFO]   Détails: https://www.emploi-public.ma/ar/%D8%AA%D9%81%D8%A7%D8%B5%D9%8A%D9%84/%D8%AA%D8%B4%D8%BA%D9%8A%D9%84-%D8%A7%D9%84%D8%AE%D8%A8%D8%B1%D8%A7%D8%A1/1f2e38a5-0fe9-4f17-89fb-d23ab9140242
2026-07-28 10:43:20,808 [INFO]     PDF trouvé: قرار فتح باب الترشيح (score: 35)
2026-07-28 10:43:20,809 [INFO]   [EXPIRÉE] فتح باب الترشيح لمنصب خبير في المجالات المرتبطة بتطوير آليات... → 2026-03-12
2026-07-28 10:43:20,810 [INFO]   Détails: https://www.emploi-public.ma/ar/%D8%AA%D9%81%D8%A7%D8%B5%D9%8A%D9%84/%D8%AA%D8%B4%D8%BA%D9%8A%D9%84-%D8%A7%D9%84%D8%AE%D8%A8%D8%B1%D8%A7%D8%A1/2401abad-8177-4fdc-8c76-354d03f61cd3
2026-07-28 10:43:21,581 [INFO]     PDF trouvé: قرار فتح باب الترشيح (score: 35)
2026-07-28 10:43:21,583 [INFO]   [EXPIRÉE] فتح باب الترشيح لمنصب خبير... → 2026-02-18
2026-07-28 10:43:21,583 [INFO]   Détails: https://www.emploi-public.ma/ar/%D8%AA%D9%81%D8%A7%D8%B5%D9%8A%D9%84/%D8%AA%D8%B4%D8%BA%D9%8A%D9%84-%D8%A7%D9%84%D8%AE%D8%A8%D8%B1%D8%A7%D8%A1/ad16f9e2-25eb-4a06-9a7a-572410c14d55
2026-07-28 10:43:23,309 [INFO]     PDF trouvé: قرار فتح باب الترشيح (score: 35)
2026-07-28 10:43:23,310 [INFO]   [EXPIRÉE] فتح باب الترشيح لمنصب خبير في مجال حكامة المؤسسات والمنشآت ا... → 2025-12-23
2026-07-28 10:43:23,311 [INFO]   Détails: https://www.emploi-public.ma/ar/%D8%AA%D9%81%D8%A7%D8%B5%D9%8A%D9%84/%D8%AA%D8%B4%D8%BA%D9%8A%D9%84-%D8%A7%D9%84%D8%AE%D8%A8%D8%B1%D8%A7%D8%A1/302ab5a1-fa28-4ec1-9341-8ba50b6bf810
2026-07-28 10:43:24,170 [INFO]     PDF trouvé: قرار فتح باب الترشيح (score: 35)
2026-07-28 10:43:24,171 [INFO]   [EXPIRÉE] فتح باب الترشيح لمنصب خبير بموجب عقد... → 2025-12-21
2026-07-28 10:43:24,171 [INFO]   Détails: https://www.emploi-public.ma/ar/%D8%AA%D9%81%D8%A7%D8%B5%D9%8A%D9%84/%D8%AA%D8%B4%D8%BA%D9%8A%D9%84-%D8%A7%D9%84%D8%AE%D8%A8%D8%B1%D8%A7%D8%A1/f9f74e66-af9e-4c4a-9cec-491e7d25fbbb
2026-07-28 10:43:32,261 [INFO]     PDF trouvé: قرار فتح باب الترشيح (score: 35)
2026-07-28 10:43:32,262 [INFO]   [EXPIRÉE] لائحة الناجحين لمنصب خبير في مجال التقييم ومنح التراخيص... → 2025-12-06
2026-07-28 10:43:32,262 [INFO]   Détails: https://www.emploi-public.ma/ar/%D8%AA%D9%81%D8%A7%D8%B5%D9%8A%D9%84/%D8%AA%D8%B4%D8%BA%D9%8A%D9%84-%D8%A7%D9%84%D8%AE%D8%A8%D8%B1%D8%A7%D8%A1/99f49e97-4b0e-4897-b1c6-a1a811d179d9
2026-07-28 10:43:36,574 [INFO]     PDF trouvé: قرار فتح باب الترشيح (score: 35)
2026-07-28 10:43:36,575 [INFO]   [EXPIRÉE] لائحة الناجحين لمنصب خبيرفي مجال مراقبة الجودة الدوائية... → 2025-12-06
2026-07-28 10:43:36,576 [INFO]   Détails: https://www.emploi-public.ma/ar/%D8%AA%D9%81%D8%A7%D8%B5%D9%8A%D9%84/%D8%AA%D8%B4%D8%BA%D9%8A%D9%84-%D8%A7%D9%84%D8%AE%D8%A8%D8%B1%D8%A7%D8%A1/121493c9-78d8-44bf-b408-e42f8bf43d27
2026-07-28 10:43:37,755 [INFO]     PDF trouvé: قرار فتح باب الترشيح (score: 35)
2026-07-28 10:43:37,756 [INFO]   [EXPIRÉE] فتح باب الترشيح لمنصب خبير في التنسيق المؤسساتي والتعاون الد... → 2025-12-05
2026-07-28 10:43:37,756 [INFO]   Détails: https://www.emploi-public.ma/ar/%D8%AA%D9%81%D8%A7%D8%B5%D9%8A%D9%84/%D8%AA%D8%B4%D8%BA%D9%8A%D9%84-%D8%A7%D9%84%D8%AE%D8%A8%D8%B1%D8%A7%D8%A1/336eb4a9-c147-4981-94da-c636a748f7a0
2026-07-28 10:43:38,655 [INFO]     PDF trouvé: قرار فتح باب الترشيح (score: 35)
2026-07-28 10:43:38,656 [INFO]   [EXPIRÉE] لائحة الناجحين لمنصب خبير مكلف بقيادة إنجاز دراسات وأشغال مل... → 2025-09-30
2026-07-28 10:43:38,656 [INFO]   Détails: https://www.emploi-public.ma/ar/%D8%AA%D9%81%D8%A7%D8%B5%D9%8A%D9%84/%D8%AA%D8%B4%D8%BA%D9%8A%D9%84-%D8%A7%D9%84%D8%AE%D8%A8%D8%B1%D8%A7%D8%A1/0917753f-ac81-4229-b8d4-5292cae1510a
2026-07-28 10:43:40,863 [INFO]     PDF trouvé: قرار فتح باب الترشيح (score: 35)
2026-07-28 10:43:40,865 [INFO]   [EXPIRÉE] فتح باب الترشيح لمنصب خبير بموجب عقد... → 2025-06-11
2026-07-28 10:43:40,865 [INFO] Page 4/5
2026-07-28 10:43:40,865 [INFO] Scraping page: https://www.emploi-public.ma/ar/قائمة-تشغيل-الخبراء?page=3
2026-07-28 10:43:42,552 [INFO]   → 9 annonces trouvées sur cette page
2026-07-28 10:43:42,554 [INFO]   Détails: https://www.emploi-public.ma/ar/%D8%AA%D9%81%D8%A7%D8%B5%D9%8A%D9%84/%D8%AA%D8%B4%D8%BA%D9%8A%D9%84-%D8%A7%D9%84%D8%AE%D8%A8%D8%B1%D8%A7%D8%A1/1e6a6ce8-141e-4fe3-b660-097a9342e904
2026-07-28 10:43:48,088 [INFO]     PDF trouvé: قرار فتح باب الترشيح (score: 35)
2026-07-28 10:43:48,089 [INFO]   [EXPIRÉE] فتح باب الترشيح لمنصب خبير في مجال الشؤون القانونية... → 2025-06-09
2026-07-28 10:43:48,089 [INFO]   Détails: https://www.emploi-public.ma/ar/%D8%AA%D9%81%D8%A7%D8%B5%D9%8A%D9%84/%D8%AA%D8%B4%D8%BA%D9%8A%D9%84-%D8%A7%D9%84%D8%AE%D8%A8%D8%B1%D8%A7%D8%A1/9973e98f-4e11-40f1-aeae-194d055be60c
2026-07-28 10:43:48,857 [INFO]     PDF trouvé: قرار فتح باب الترشيح (score: 35)
2026-07-28 10:43:48,859 [INFO]   [EXPIRÉE] فتح باب الترشيح لمنصب خبير في مجال علوم المحيطات و البيئة ال... → 2025-06-06
2026-07-28 10:43:48,859 [INFO]   Détails: https://www.emploi-public.ma/ar/%D8%AA%D9%81%D8%A7%D8%B5%D9%8A%D9%84/%D8%AA%D8%B4%D8%BA%D9%8A%D9%84-%D8%A7%D9%84%D8%AE%D8%A8%D8%B1%D8%A7%D8%A1/c4333ade-5b69-4a9b-b1d6-23858dca3e02
2026-07-28 10:43:50,186 [INFO]     PDF trouvé: قرار فتح باب الترشيح (score: 35)
2026-07-28 10:43:50,187 [INFO]   [EXPIRÉE] فتح باب الترشيح لمنصب 4 خبراء في المجالات المبينة في بطائق ا... → 2025-05-14
2026-07-28 10:43:50,187 [INFO]   Détails: https://www.emploi-public.ma/ar/%D8%AA%D9%81%D8%A7%D8%B5%D9%8A%D9%84/%D8%AA%D8%B4%D8%BA%D9%8A%D9%84-%D8%A7%D9%84%D8%AE%D8%A8%D8%B1%D8%A7%D8%A1/3d556890-d88a-4b78-aa10-b953f3a04785
2026-07-28 10:44:00,512 [ERROR] Erreur détails annonce https://www.emploi-public.ma/ar/%D8%AA%D9%81%D8%A7%D8%B5%D9%8A%D9%84/%D8%AA%D8%B4%D8%BA%D9%8A%D9%84-%D8%A7%D9%84%D8%AE%D8%A8%D8%B1%D8%A7%D8%A1/3d556890-d88a-4b78-aa10-b953f3a04785: ('Connection aborted.', ConnectionResetError(104, 'Connection reset by peer'))
2026-07-28 10:44:00,512 [INFO]   [EXPIRÉE] فتح باب الترشيح لمنصب خبير في الشؤون القانونية... → 2025-05-02
2026-07-28 10:44:00,512 [INFO]   Détails: https://www.emploi-public.ma/ar/%D8%AA%D9%81%D8%A7%D8%B5%D9%8A%D9%84/%D8%AA%D8%B4%D8%BA%D9%8A%D9%84-%D8%A7%D9%84%D8%AE%D8%A8%D8%B1%D8%A7%D8%A1/1d5f52e9-1b4b-423d-bf9b-935a34d3caf2
2026-07-28 10:44:01,916 [INFO]     PDF trouvé: قرار فتح باب الترشيح (score: 35)
2026-07-28 10:44:01,917 [INFO]   [EXPIRÉE] فتح باب الترشيح لمنصب خبير بعقد... → 2025-04-18
2026-07-28 10:44:01,917 [INFO]   Détails: https://www.emploi-public.ma/ar/%D8%AA%D9%81%D8%A7%D8%B5%D9%8A%D9%84/%D8%AA%D8%B4%D8%BA%D9%8A%D9%84-%D8%A7%D9%84%D8%AE%D8%A8%D8%B1%D8%A7%D8%A1/ee7b273d-5714-41aa-9489-a47d37eb618e
2026-07-28 10:44:03,004 [INFO]     PDF trouvé: قرار فتح باب الترشيح (score: 35)
2026-07-28 10:44:03,005 [INFO]   [EXPIRÉE] فتح باب الترشيح لمنصب خبيرفي مجال السياسة المائية و الري... → 2025-04-07
2026-07-28 10:44:03,005 [INFO]   Détails: https://www.emploi-public.ma/ar/%D8%AA%D9%81%D8%A7%D8%B5%D9%8A%D9%84/%D8%AA%D8%B4%D8%BA%D9%8A%D9%84-%D8%A7%D9%84%D8%AE%D8%A8%D8%B1%D8%A7%D8%A1/74c6b2c0-7af0-4688-937b-1881caa843f0
2026-07-28 10:44:04,283 [INFO]     PDF trouvé: قرار فتح باب الترشيح (score: 35)
2026-07-28 10:44:04,284 [INFO]   [EXPIRÉE] فتح باب الترشيح لمنصب خبير في مجال السمعي البصري و السينما... → 2025-03-31
2026-07-28 10:44:04,284 [INFO]   Détails: https://www.emploi-public.ma/ar/%D8%AA%D9%81%D8%A7%D8%B5%D9%8A%D9%84/%D8%AA%D8%B4%D8%BA%D9%8A%D9%84-%D8%A7%D9%84%D8%AE%D8%A8%D8%B1%D8%A7%D8%A1/efe61f8c-79ae-41bf-851e-67e779047d6a
2026-07-28 10:44:10,062 [INFO]     PDF trouvé: قرار فتح باب الترشيح (score: 35)
2026-07-28 10:44:10,063 [INFO]   [EXPIRÉE] فتح باب الترشيح لمنصب منصب خبير في المجال المرتبط بمجال الهن... → 2025-03-27
2026-07-28 10:44:10,063 [INFO]   Détails: https://www.emploi-public.ma/ar/%D8%AA%D9%81%D8%A7%D8%B5%D9%8A%D9%84/%D8%AA%D8%B4%D8%BA%D9%8A%D9%84-%D8%A7%D9%84%D8%AE%D8%A8%D8%B1%D8%A7%D8%A1/c8ffa879-6f01-46df-9beb-eb9ae0a6f554
2026-07-28 10:44:10,897 [INFO]     PDF trouvé: قرار فتح باب الترشيح (score: 35)
2026-07-28 10:44:10,898 [INFO]   [EXPIRÉE] فتح باب الترشيح لمنصب خبير في مجال صياغة إستراتيجية شاملة و ... → 2025-03-21
2026-07-28 10:44:10,898 [INFO] Page 5/5
2026-07-28 10:44:10,898 [INFO] Scraping page: https://www.emploi-public.ma/ar/قائمة-تشغيل-الخبراء?page=4
2026-07-28 10:44:12,815 [INFO]   → 9 annonces trouvées sur cette page
2026-07-28 10:44:12,816 [INFO]   Détails: https://www.emploi-public.ma/ar/%D8%AA%D9%81%D8%A7%D8%B5%D9%8A%D9%84/%D8%AA%D8%B4%D8%BA%D9%8A%D9%84-%D8%A7%D9%84%D8%AE%D8%A8%D8%B1%D8%A7%D8%A1/a538c27d-7e09-4441-9551-b22fe9e9d017
2026-07-28 10:44:14,022 [INFO]     PDF trouvé: قرار فتح باب الترشيح (score: 35)
2026-07-28 10:44:14,023 [INFO]   [EXPIRÉE] فتح باب الترشيح لمنصب خبير في مجال إستراتيجية منظومة التعليم... → 2025-03-21
2026-07-28 10:44:14,023 [INFO]   Détails: https://www.emploi-public.ma/ar/%D8%AA%D9%81%D8%A7%D8%B5%D9%8A%D9%84/%D8%AA%D8%B4%D8%BA%D9%8A%D9%84-%D8%A7%D9%84%D8%AE%D8%A8%D8%B1%D8%A7%D8%A1/cf3172d1-8c15-4404-b1ff-21c154c7da2f
2026-07-28 10:44:14,942 [INFO]     PDF trouvé: قرار فتح باب الترشيح (score: 35)
2026-07-28 10:44:14,944 [INFO]   [EXPIRÉE] فتح باب الترشيح لمنصب خبير في مجال تطوير التعاون... → 2025-03-21
2026-07-28 10:44:14,944 [INFO]   Détails: https://www.emploi-public.ma/ar/%D8%AA%D9%81%D8%A7%D8%B5%D9%8A%D9%84/%D8%AA%D8%B4%D8%BA%D9%8A%D9%84-%D8%A7%D9%84%D8%AE%D8%A8%D8%B1%D8%A7%D8%A1/55bfa14b-dac1-4967-b1b6-8983cea09ed9
2026-07-28 10:44:16,588 [INFO]     PDF trouvé: قرار فتح باب الترشيح (score: 35)
2026-07-28 10:44:16,589 [INFO]   [EXPIRÉE] فتح باب الترشيح لمنصب خبير في مجال نظم المعلوميات... → 2025-03-21
2026-07-28 10:44:16,589 [INFO]   Détails: https://www.emploi-public.ma/ar/%D8%AA%D9%81%D8%A7%D8%B5%D9%8A%D9%84/%D8%AA%D8%B4%D8%BA%D9%8A%D9%84-%D8%A7%D9%84%D8%AE%D8%A8%D8%B1%D8%A7%D8%A1/9ebae75d-f857-4c4d-9e16-0108b872c04f
2026-07-28 10:44:18,644 [INFO]     PDF trouvé: قرار فتح باب الترشيح (score: 35)
2026-07-28 10:44:18,645 [INFO]   [EXPIRÉE] فتح باب الترشيح لمنصب إدارة المشاريع و التدبير الإداري و الم... → 2025-03-19
2026-07-28 10:44:18,645 [INFO]   Détails: https://www.emploi-public.ma/ar/%D8%AA%D9%81%D8%A7%D8%B5%D9%8A%D9%84/%D8%AA%D8%B4%D8%BA%D9%8A%D9%84-%D8%A7%D9%84%D8%AE%D8%A8%D8%B1%D8%A7%D8%A1/0608bdd0-0a58-4c90-a1d5-bd3483116452
2026-07-28 10:44:21,709 [INFO]     PDF trouvé: قرار فتح باب الترشيح (score: 35)
2026-07-28 10:44:21,710 [INFO]   [EXPIRÉE] فتح باب الترشيح لمنصب منصب خبير في مجال البحوث والتجارب العل... → 2025-02-03
2026-07-28 10:44:21,710 [INFO]   Détails: https://www.emploi-public.ma/ar/%D8%AA%D9%81%D8%A7%D8%B5%D9%8A%D9%84/%D8%AA%D8%B4%D8%BA%D9%8A%D9%84-%D8%A7%D9%84%D8%AE%D8%A8%D8%B1%D8%A7%D8%A1/0cff84fa-82b2-4363-93e0-a88e5063ef0b
2026-07-28 10:44:25,468 [INFO]     PDF trouvé: قرار فتح باب الترشيح (score: 35)
2026-07-28 10:44:25,469 [INFO]   [EXPIRÉE] فتح باب الترشيح لمنصب خبير في مجال تدبير وتسيير أسواق الحبوب... → 2025-01-27
2026-07-28 10:44:25,469 [INFO]   Détails: https://www.emploi-public.ma/ar/%D8%AA%D9%81%D8%A7%D8%B5%D9%8A%D9%84/%D8%AA%D8%B4%D8%BA%D9%8A%D9%84-%D8%A7%D9%84%D8%AE%D8%A8%D8%B1%D8%A7%D8%A1/74373088-bc5e-4908-985b-9b0086ffaed3
2026-07-28 10:44:26,319 [INFO]     PDF trouvé: قرار فتح باب الترشيح (score: 35)
2026-07-28 10:44:26,320 [INFO]   [EXPIRÉE] فتح باب الترشيح لمنصب خبير... → 2025-01-24
2026-07-28 10:44:26,320 [INFO]   Détails: https://www.emploi-public.ma/ar/%D8%AA%D9%81%D8%A7%D8%B5%D9%8A%D9%84/%D8%AA%D8%B4%D8%BA%D9%8A%D9%84-%D8%A7%D9%84%D8%AE%D8%A8%D8%B1%D8%A7%D8%A1/c14080a7-f964-4481-923d-668331b39671
2026-07-28 10:44:27,471 [INFO]     PDF trouvé: قرار فتح باب الترشيح (score: 35)
2026-07-28 10:44:27,472 [INFO]   [EXPIRÉE] فتح باب الترشيح لمنصب خبير... → 2025-01-24
2026-07-28 10:44:27,472 [INFO]   Détails: https://www.emploi-public.ma/ar/%D8%AA%D9%81%D8%A7%D8%B5%D9%8A%D9%84/%D8%AA%D8%B4%D8%BA%D9%8A%D9%84-%D8%A7%D9%84%D8%AE%D8%A8%D8%B1%D8%A7%D8%A1/728ebc5b-6b53-4539-b18a-620011be8614
2026-07-28 10:44:32,414 [INFO]     PDF trouvé: قرار فتح باب الترشيح (score: 35)
2026-07-28 10:44:32,415 [INFO]   [EXPIRÉE] فتح باب الترشيح لمنصب خبير... → 2025-01-24
2026-07-28 10:44:32,418 [INFO] 
============================================================
2026-07-28 10:44:32,418 [INFO] RÉSUMÉ
2026-07-28 10:44:32,418 [INFO] ============================================================
2026-07-28 10:44:32,418 [INFO] Annonces traitées: 200
2026-07-28 10:44:32,418 [INFO] Dates en cours: 55
2026-07-28 10:44:32,418 [INFO] Dates expirées: 101
2026-07-28 10:44:32,418 [INFO] Total résultats en base: 161
2026-07-28 10:44:34,998 [INFO] Email envoyé à cavalkhalid@gmail.com
2026-07-28 10:44:34,999 [INFO] 
Scraper terminé.
2026-07-31 10:39:01,836 [INFO] ============================================================
2026-07-31 10:39:01,836 [INFO] DÉMARRAGE DU SCRAPER emploi-public.ma (AR)
2026-07-31 10:39:01,836 [INFO] Date: 2026-07-31 10:39:01
2026-07-31 10:39:01,836 [INFO] ============================================================
2026-07-31 10:39:01,837 [INFO] 
--- Catégorie: مناصب المسؤولية ---
2026-07-31 10:39:01,837 [INFO] Page 1/5
2026-07-31 10:39:01,838 [INFO] Scraping page: https://www.emploi-public.ma/ar/قائمة-مناصب-المسؤولية
2026-07-31 10:39:03,171 [INFO]   → 13 annonces trouvées sur cette page
2026-07-31 10:39:03,172 [INFO]   Détails: https://www.emploi-public.ma/ar/%D8%AA%D9%81%D8%A7%D8%B5%D9%8A%D9%84/%D9%85%D9%86%D8%A7%D8%B5%D8%A8-%D8%A7%D9%84%D9%85%D8%B3%D8%A4%D9%88%D9%84%D9%8A%D8%A9/2d35329b-1cad-4415-adf4-37f8ccdc54bc
2026-07-31 10:39:07,375 [INFO]     PDF trouvé: قرار فتح باب الترشيح (score: 35)
2026-07-31 10:39:07,376 [INFO]   [EN COURS] فتح باب الترشيح ل مناصب المسؤولية ب وزارة الاقتصاد والمالية... → 2026-08-24
2026-07-31 10:39:07,376 [INFO]   Détails: https://www.emploi-public.ma/ar/%D8%AA%D9%81%D8%A7%D8%B5%D9%8A%D9%84/%D9%85%D9%86%D8%A7%D8%B5%D8%A8-%D8%A7%D9%84%D9%85%D8%B3%D8%A4%D9%88%D9%84%D9%8A%D8%A9/285038bc-37a7-4968-9df1-c4814ae91a9d
2026-07-31 10:39:09,235 [INFO]     PDF trouvé: قرار فتح باب الترشيح (score: 35)
2026-07-31 10:39:09,236 [INFO]   [EN COURS] فتح باب الترشيح ل مناصب المسؤولية ب وزارة الاقتصاد والمالية... → 2026-08-18
2026-07-31 10:39:09,236 [INFO]   Détails: https://www.emploi-public.ma/ar/%D8%AA%D9%81%D8%A7%D8%B5%D9%8A%D9%84/%D9%85%D9%86%D8%A7%D8%B5%D8%A8-%D8%A7%D9%84%D9%85%D8%B3%D8%A4%D9%88%D9%84%D9%8A%D8%A9/5a13f04d-51f3-490a-8d5f-e8129d1b81cd
2026-07-31 10:39:10,646 [INFO]     PDF trouvé: قرار فتح باب الترشيح (score: 35)
2026-07-31 10:39:10,647 [INFO]   [EXPIRÉE] لائحة الناجحين في مناصب المسؤولية ب وزارة الداخلية -عمالة إق... → 2025-10-23
2026-07-31 10:39:10,647 [INFO]   Détails: https://www.emploi-public.ma/ar/%D8%AA%D9%81%D8%A7%D8%B5%D9%8A%D9%84/%D9%85%D9%86%D8%A7%D8%B5%D8%A8-%D8%A7%D9%84%D9%85%D8%B3%D8%A4%D9%88%D9%84%D9%8A%D8%A9/262a482b-c213-4b4a-a4bd-760b53f42418
2026-07-31 10:39:11,665 [INFO]     PDF trouvé: قرار فتح باب الترشيح (score: 35)
2026-07-31 10:39:11,666 [INFO]   [EXPIRÉE] فتح باب الترشيح ل مناصب المسؤولية ب وزارة الداخلية... → 2026-07-29
2026-07-31 10:39:11,666 [INFO]   Détails: https://www.emploi-public.ma/ar/%D8%AA%D9%81%D8%A7%D8%B5%D9%8A%D9%84/%D9%85%D9%86%D8%A7%D8%B5%D8%A8-%D8%A7%D9%84%D9%85%D8%B3%D8%A4%D9%88%D9%84%D9%8A%D8%A9/bbf54236-0cc0-46f5-9846-687214970426
2026-07-31 10:39:12,830 [INFO]     PDF trouvé: قرار فتح باب الترشيح (score: 35)
2026-07-31 10:39:12,831 [INFO]   [EN COURS] فتح باب الترشيح ل مناصب المسؤولية ب وزارة الإدماج الاقتصادي ... → 2026-08-17
2026-07-31 10:39:12,831 [INFO]   Détails: https://www.emploi-public.ma/ar/%D8%AA%D9%81%D8%A7%D8%B5%D9%8A%D9%84/%D9%85%D9%86%D8%A7%D8%B5%D8%A8-%D8%A7%D9%84%D9%85%D8%B3%D8%A4%D9%88%D9%84%D9%8A%D8%A9/18e6ba17-b540-42c6-8238-9aa9e7466107
2026-07-31 10:39:13,855 [INFO]     PDF trouvé: قرار فتح باب الترشيح (score: 35)
2026-07-31 10:39:13,856 [INFO]   [EN COURS] فتح باب الترشيح ل مناصب المسؤولية ب وزارة الإدماج الاقتصادي ... → 2026-08-17
2026-07-31 10:39:13,856 [INFO]   Détails: https://www.emploi-public.ma/ar/%D8%AA%D9%81%D8%A7%D8%B5%D9%8A%D9%84/%D9%85%D9%86%D8%A7%D8%B5%D8%A8-%D8%A7%D9%84%D9%85%D8%B3%D8%A4%D9%88%D9%84%D9%8A%D8%A9/27397f57-ce50-41fe-8f91-52dbdbcd606f
2026-07-31 10:39:15,195 [INFO]     PDF trouvé: قرار فتح باب الترشيح (score: 35)
2026-07-31 10:39:15,196 [INFO]   [EN COURS] فتح باب الترشيح ل مناصب المسؤولية ب وزارة الإدماج الاقتصادي ... → 2026-08-17
2026-07-31 10:39:15,196 [INFO]   Détails: https://www.emploi-public.ma/ar/%D8%AA%D9%81%D8%A7%D8%B5%D9%8A%D9%84/%D9%85%D9%86%D8%A7%D8%B5%D8%A8-%D8%A7%D9%84%D9%85%D8%B3%D8%A4%D9%88%D9%84%D9%8A%D8%A9/3efa0379-8999-4eb9-9e12-51aabb9fcb7a
2026-07-31 10:39:16,355 [INFO]     PDF trouvé: قرار فتح باب الترشيح (score: 35)
2026-07-31 10:39:16,356 [INFO]   [EN COURS] فتح باب الترشيح ل مناصب المسؤولية ب وزارة الإدماج الاقتصادي ... → 2026-08-17
2026-07-31 10:39:16,356 [INFO]   Détails: https://www.emploi-public.ma/ar/%D8%AA%D9%81%D8%A7%D8%B5%D9%8A%D9%84/%D9%85%D9%86%D8%A7%D8%B5%D8%A8-%D8%A7%D9%84%D9%85%D8%B3%D8%A4%D9%88%D9%84%D9%8A%D8%A9/6bf72bad-f1df-449e-b7f2-7bf6242b2d85
2026-07-31 10:39:17,586 [INFO]     PDF trouvé: قرار فتح باب الترشيح (score: 35)
2026-07-31 10:39:17,587 [INFO]   [EXPIRÉE] لائحة المدعوين لاجتياز اختبار الترشيح ل مناصب المسؤولية ب ال... → 2026-07-28
2026-07-31 10:39:17,587 [INFO]   Détails: https://www.emploi-public.ma/ar/%D8%AA%D9%81%D8%A7%D8%B5%D9%8A%D9%84/%D9%85%D9%86%D8%A7%D8%B5%D8%A8-%D8%A7%D9%84%D9%85%D8%B3%D8%A4%D9%88%D9%84%D9%8A%D8%A9/f548ced0-fb98-4258-8c04-4e44b5ecd47e
2026-07-31 10:39:21,824 [INFO]     PDF trouvé: قرار فتح باب الترشيح (score: 35)
2026-07-31 10:39:21,825 [INFO]   [EN COURS] رئيس قسم التتبع والتقييم... → 2026-07-31
2026-07-31 10:39:21,825 [INFO]   Détails: https://www.emploi-public.ma/ar/%D8%AA%D9%81%D8%A7%D8%B5%D9%8A%D9%84/%D9%85%D9%86%D8%A7%D8%B5%D8%A8-%D8%A7%D9%84%D9%85%D8%B3%D8%A4%D9%88%D9%84%D9%8A%D8%A9/82a367a4-9e6b-4f24-9501-90cafcd5dfa9
2026-07-31 10:39:28,173 [INFO]     PDF trouvé: قرار فتح باب الترشيح (score: 35)
2026-07-31 10:39:28,174 [INFO]   [EN COURS] مدير المجال الصحي والمنطقة الصحية ومستشفى التخصصات بتطوان ال... → 2026-08-03
2026-07-31 10:39:28,174 [INFO]   Détails: https://www.emploi-public.ma/ar/%D8%AA%D9%81%D8%A7%D8%B5%D9%8A%D9%84/%D9%85%D9%86%D8%A7%D8%B5%D8%A8-%D8%A7%D9%84%D9%85%D8%B3%D8%A4%D9%88%D9%84%D9%8A%D8%A9/3994c0b9-790d-4e5d-b147-c784cf157aab
2026-07-31 10:39:29,213 [INFO]     PDF trouvé: قرار فتح باب الترشيح (score: 35)
2026-07-31 10:39:29,214 [INFO]   [EN COURS] فتح باب الترشيح لمناصب المسؤولية بوزارة الفلاحة والصيد البحر... → 2026-08-03
2026-07-31 10:39:29,214 [INFO]   Détails: https://www.emploi-public.ma/ar/%D8%AA%D9%81%D8%A7%D8%B5%D9%8A%D9%84/%D9%85%D9%86%D8%A7%D8%B5%D8%A8-%D8%A7%D9%84%D9%85%D8%B3%D8%A4%D9%88%D9%84%D9%8A%D8%A9/a465eb2b-2599-42fd-b836-1b381a8ff0b8
2026-07-31 10:39:30,314 [INFO]     PDF trouvé: قرار فتح باب الترشيح (score: 35)
2026-07-31 10:39:30,315 [INFO]   [EN COURS] مدير قطب الشؤون العقارية والقانونية... → 2026-08-03
2026-07-31 10:39:30,315 [INFO] Page 2/5
2026-07-31 10:39:30,315 [INFO] Scraping page: https://www.emploi-public.ma/ar/قائمة-مناصب-المسؤولية?page=1
2026-07-31 10:39:31,634 [INFO]   → 13 annonces trouvées sur cette page
2026-07-31 10:39:31,635 [INFO]   Détails: https://www.emploi-public.ma/ar/%D8%AA%D9%81%D8%A7%D8%B5%D9%8A%D9%84/%D9%85%D9%86%D8%A7%D8%B5%D8%A8-%D8%A7%D9%84%D9%85%D8%B3%D8%A4%D9%88%D9%84%D9%8A%D8%A9/2d35329b-1cad-4415-adf4-37f8ccdc54bc
2026-07-31 10:39:32,861 [INFO]     PDF trouvé: قرار فتح باب الترشيح (score: 35)
2026-07-31 10:39:32,862 [INFO]   [EN COURS] فتح باب الترشيح ل مناصب المسؤولية ب وزارة الاقتصاد والمالية... → 2026-08-24
2026-07-31 10:39:32,863 [INFO]   Détails: https://www.emploi-public.ma/ar/%D8%AA%D9%81%D8%A7%D8%B5%D9%8A%D9%84/%D9%85%D9%86%D8%A7%D8%B5%D8%A8-%D8%A7%D9%84%D9%85%D8%B3%D8%A4%D9%88%D9%84%D9%8A%D8%A9/285038bc-37a7-4968-9df1-c4814ae91a9d
2026-07-31 10:39:34,808 [INFO]     PDF trouvé: قرار فتح باب الترشيح (score: 35)
2026-07-31 10:39:34,809 [INFO]   [EN COURS] فتح باب الترشيح ل مناصب المسؤولية ب وزارة الاقتصاد والمالية... → 2026-08-18
2026-07-31 10:39:34,809 [INFO]   Détails: https://www.emploi-public.ma/ar/%D8%AA%D9%81%D8%A7%D8%B5%D9%8A%D9%84/%D9%85%D9%86%D8%A7%D8%B5%D8%A8-%D8%A7%D9%84%D9%85%D8%B3%D8%A4%D9%88%D9%84%D9%8A%D8%A9/5a13f04d-51f3-490a-8d5f-e8129d1b81cd
2026-07-31 10:39:36,435 [INFO]     PDF trouvé: قرار فتح باب الترشيح (score: 35)
2026-07-31 10:39:36,436 [INFO]   [EXPIRÉE] لائحة الناجحين في مناصب المسؤولية ب وزارة الداخلية -عمالة إق... → 2025-10-23
2026-07-31 10:39:36,436 [INFO]   Détails: https://www.emploi-public.ma/ar/%D8%AA%D9%81%D8%A7%D8%B5%D9%8A%D9%84/%D9%85%D9%86%D8%A7%D8%B5%D8%A8-%D8%A7%D9%84%D9%85%D8%B3%D8%A4%D9%88%D9%84%D9%8A%D8%A9/262a482b-c213-4b4a-a4bd-760b53f42418
2026-07-31 10:39:37,450 [INFO]     PDF trouvé: قرار فتح باب الترشيح (score: 35)
2026-07-31 10:39:37,451 [INFO]   [EXPIRÉE] فتح باب الترشيح ل مناصب المسؤولية ب وزارة الداخلية... → 2026-07-29
2026-07-31 10:39:37,451 [INFO]   Détails: https://www.emploi-public.ma/ar/%D8%AA%D9%81%D8%A7%D8%B5%D9%8A%D9%84/%D9%85%D9%86%D8%A7%D8%B5%D8%A8-%D8%A7%D9%84%D9%85%D8%B3%D8%A4%D9%88%D9%84%D9%8A%D8%A9/bbf54236-0cc0-46f5-9846-687214970426
2026-07-31 10:39:39,283 [INFO]     PDF trouvé: قرار فتح باب الترشيح (score: 35)
2026-07-31 10:39:39,284 [INFO]   [EN COURS] فتح باب الترشيح ل مناصب المسؤولية ب وزارة الإدماج الاقتصادي ... → 2026-08-17
2026-07-31 10:39:39,284 [INFO]   Détails: https://www.emploi-public.ma/ar/%D8%AA%D9%81%D8%A7%D8%B5%D9%8A%D9%84/%D9%85%D9%86%D8%A7%D8%B5%D8%A8-%D8%A7%D9%84%D9%85%D8%B3%D8%A4%D9%88%D9%84%D9%8A%D8%A9/18e6ba17-b540-42c6-8238-9aa9e7466107
2026-07-31 10:39:40,637 [INFO]     PDF trouvé: قرار فتح باب الترشيح (score: 35)
2026-07-31 10:39:40,638 [INFO]   [EN COURS] فتح باب الترشيح ل مناصب المسؤولية ب وزارة الإدماج الاقتصادي ... → 2026-08-17
2026-07-31 10:39:40,639 [INFO]   Détails: https://www.emploi-public.ma/ar/%D8%AA%D9%81%D8%A7%D8%B5%D9%8A%D9%84/%D9%85%D9%86%D8%A7%D8%B5%D8%A8-%D8%A7%D9%84%D9%85%D8%B3%D8%A4%D9%88%D9%84%D9%8A%D8%A9/27397f57-ce50-41fe-8f91-52dbdbcd606f
2026-07-31 10:39:41,628 [INFO]     PDF trouvé: قرار فتح باب الترشيح (score: 35)
2026-07-31 10:39:41,629 [INFO]   [EN COURS] فتح باب الترشيح ل مناصب المسؤولية ب وزارة الإدماج الاقتصادي ... → 2026-08-17
2026-07-31 10:39:41,629 [INFO]   Détails: https://www.emploi-public.ma/ar/%D8%AA%D9%81%D8%A7%D8%B5%D9%8A%D9%84/%D9%85%D9%86%D8%A7%D8%B5%D8%A8-%D8%A7%D9%84%D9%85%D8%B3%D8%A4%D9%88%D9%84%D9%8A%D8%A9/3efa0379-8999-4eb9-9e12-51aabb9fcb7a
2026-07-31 10:39:44,490 [INFO]     PDF trouvé: قرار فتح باب الترشيح (score: 35)
2026-07-31 10:39:44,491 [INFO]   [EN COURS] فتح باب الترشيح ل مناصب المسؤولية ب وزارة الإدماج الاقتصادي ... → 2026-08-17
2026-07-31 10:39:44,491 [INFO]   Détails: https://www.emploi-public.ma/ar/%D8%AA%D9%81%D8%A7%D8%B5%D9%8A%D9%84/%D9%85%D9%86%D8%A7%D8%B5%D8%A8-%D8%A7%D9%84%D9%85%D8%B3%D8%A4%D9%88%D9%84%D9%8A%D8%A9/6bf72bad-f1df-449e-b7f2-7bf6242b2d85
2026-07-31 10:39:45,989 [INFO]     PDF trouvé: قرار فتح باب الترشيح (score: 35)
2026-07-31 10:39:45,991 [INFO]   [EXPIRÉE] لائحة المدعوين لاجتياز اختبار الترشيح ل مناصب المسؤولية ب ال... → 2026-07-28
2026-07-31 10:39:45,991 [INFO]   Détails: https://www.emploi-public.ma/ar/%D8%AA%D9%81%D8%A7%D8%B5%D9%8A%D9%84/%D9%85%D9%86%D8%A7%D8%B5%D8%A8-%D8%A7%D9%84%D9%85%D8%B3%D8%A4%D9%88%D9%84%D9%8A%D8%A9/f548ced0-fb98-4258-8c04-4e44b5ecd47e
2026-07-31 10:39:47,078 [INFO]     PDF trouvé: قرار فتح باب الترشيح (score: 35)
2026-07-31 10:39:47,079 [INFO]   [EN COURS] رئيس قسم التتبع والتقييم... → 2026-07-31
2026-07-31 10:39:47,079 [INFO]   Détails: https://www.emploi-public.ma/ar/%D8%AA%D9%81%D8%A7%D8%B5%D9%8A%D9%84/%D9%85%D9%86%D8%A7%D8%B5%D8%A8-%D8%A7%D9%84%D9%85%D8%B3%D8%A4%D9%88%D9%84%D9%8A%D8%A9/82a367a4-9e6b-4f24-9501-90cafcd5dfa9
2026-07-31 10:39:48,182 [INFO]     PDF trouvé: قرار فتح باب الترشيح (score: 35)
2026-07-31 10:39:48,183 [INFO]   [EN COURS] مدير المجال الصحي والمنطقة الصحية ومستشفى التخصصات بتطوان ال... → 2026-08-03
2026-07-31 10:39:48,183 [INFO]   Détails: https://www.emploi-public.ma/ar/%D8%AA%D9%81%D8%A7%D8%B5%D9%8A%D9%84/%D9%85%D9%86%D8%A7%D8%B5%D8%A8-%D8%A7%D9%84%D9%85%D8%B3%D8%A4%D9%88%D9%84%D9%8A%D8%A9/3994c0b9-790d-4e5d-b147-c784cf157aab
2026-07-31 10:39:52,464 [INFO]     PDF trouvé: قرار فتح باب الترشيح (score: 35)
2026-07-31 10:39:52,465 [INFO]   [EN COURS] فتح باب الترشيح لمناصب المسؤولية بوزارة الفلاحة والصيد البحر... → 2026-08-03
2026-07-31 10:39:52,465 [INFO]   Détails: https://www.emploi-public.ma/ar/%D8%AA%D9%81%D8%A7%D8%B5%D9%8A%D9%84/%D9%85%D9%86%D8%A7%D8%B5%D8%A8-%D8%A7%D9%84%D9%85%D8%B3%D8%A4%D9%88%D9%84%D9%8A%D8%A9/a465eb2b-2599-42fd-b836-1b381a8ff0b8
2026-07-31 10:39:53,660 [INFO]     PDF trouvé: قرار فتح باب الترشيح (score: 35)
2026-07-31 10:39:53,661 [INFO]   [EN COURS] مدير قطب الشؤون العقارية والقانونية... → 2026-08-03
2026-07-31 10:39:53,661 [INFO] Page 3/5
2026-07-31 10:39:53,661 [INFO] Scraping page: https://www.emploi-public.ma/ar/قائمة-مناصب-المسؤولية?page=2
2026-07-31 10:39:55,180 [INFO]   → 13 annonces trouvées sur cette page
2026-07-31 10:39:55,181 [INFO]   Détails: https://www.emploi-public.ma/ar/%D8%AA%D9%81%D8%A7%D8%B5%D9%8A%D9%84/%D9%85%D9%86%D8%A7%D8%B5%D8%A8-%D8%A7%D9%84%D9%85%D8%B3%D8%A4%D9%88%D9%84%D9%8A%D8%A9/88a3c177-a5a5-42cb-bd48-b9bd40b4dd9c
2026-07-31 10:39:56,506 [INFO]     PDF trouvé: قرار فتح باب الترشيح (score: 35)
2026-07-31 10:39:56,507 [INFO]   [EN COURS] فتح باب الترشيح ل مناصب المسؤولية ب وزارة الاستثمار والتقائي... → 2026-08-13
2026-07-31 10:39:56,508 [INFO]   Détails: https://www.emploi-public.ma/ar/%D8%AA%D9%81%D8%A7%D8%B5%D9%8A%D9%84/%D9%85%D9%86%D8%A7%D8%B5%D8%A8-%D8%A7%D9%84%D9%85%D8%B3%D8%A4%D9%88%D9%84%D9%8A%D8%A9/3e173e9a-b44a-4437-8833-cc9f01098518
2026-07-31 10:39:58,721 [INFO]     PDF trouvé: قرار فتح باب الترشيح (score: 35)
2026-07-31 10:39:58,722 [INFO]   [EN COURS] فتح باب الترشيح ل مناصب المسؤولية ب وزارة الاستثمار والتقائي... → 2026-09-02
2026-07-31 10:39:58,722 [INFO]   Détails: https://www.emploi-public.ma/ar/%D8%AA%D9%81%D8%A7%D8%B5%D9%8A%D9%84/%D9%85%D9%86%D8%A7%D8%B5%D8%A8-%D8%A7%D9%84%D9%85%D8%B3%D8%A4%D9%88%D9%84%D9%8A%D8%A9/8c9ac269-4b96-49e3-8f6b-b0dceb95333a
2026-07-31 10:40:00,156 [INFO]     PDF trouvé: قرار فتح باب الترشيح (score: 35)
2026-07-31 10:40:00,157 [INFO]   [EXPIRÉE] لائحة الناجحين في  الهيئة الوطنية للنزاهة والوقاية من الرشوة... → 2026-05-11
2026-07-31 10:40:00,157 [INFO]   Détails: https://www.emploi-public.ma/ar/%D8%AA%D9%81%D8%A7%D8%B5%D9%8A%D9%84/%D9%85%D9%86%D8%A7%D8%B5%D8%A8-%D8%A7%D9%84%D9%85%D8%B3%D8%A4%D9%88%D9%84%D9%8A%D8%A9/7aaef45a-4894-4434-a9fa-ea2f02e5fe60
2026-07-31 10:40:01,175 [INFO]     PDF trouvé: قرار فتح باب الترشيح (score: 35)
2026-07-31 10:40:01,177 [INFO]   [EN COURS] فتح باب الترشيح ل مناصب المسؤولية ب الوزارة المنتدبة لدى رئي... → 2026-08-21
2026-07-31 10:40:01,177 [INFO]   Détails: https://www.emploi-public.ma/ar/%D8%AA%D9%81%D8%A7%D8%B5%D9%8A%D9%84/%D9%85%D9%86%D8%A7%D8%B5%D8%A8-%D8%A7%D9%84%D9%85%D8%B3%D8%A4%D9%88%D9%84%D9%8A%D8%A9/1bdf85ad-c948-4784-b473-af98b5a2bdc4
2026-07-31 10:40:03,607 [INFO]     PDF trouvé: قرار فتح باب الترشيح (score: 35)
2026-07-31 10:40:03,608 [INFO]   [EXPIRÉE] لائحة الناجحين في مناصب المسؤولية ب المندوبية السامية للتخطي... → 2026-05-25
2026-07-31 10:40:03,608 [INFO]   Détails: https://www.emploi-public.ma/ar/%D8%AA%D9%81%D8%A7%D8%B5%D9%8A%D9%84/%D9%85%D9%86%D8%A7%D8%B5%D8%A8-%D8%A7%D9%84%D9%85%D8%B3%D8%A4%D9%88%D9%84%D9%8A%D8%A9/3b6918d1-3c36-4588-a26b-fbe714b6e52d
2026-07-31 10:40:04,652 [INFO]     PDF trouvé: قرار فتح باب الترشيح (score: 35)
2026-07-31 10:40:04,653 [INFO]   [EXPIRÉE] لائحة الناجحين في مناصب المسؤولية ب وزارة النقل واللوجيستيك... → 2026-06-24
2026-07-31 10:40:04,654 [INFO]   Détails: https://www.emploi-public.ma/ar/%D8%AA%D9%81%D8%A7%D8%B5%D9%8A%D9%84/%D9%85%D9%86%D8%A7%D8%B5%D8%A8-%D8%A7%D9%84%D9%85%D8%B3%D8%A4%D9%88%D9%84%D9%8A%D8%A9/0980a243-6477-4507-adfd-9b6f8101454e
2026-07-31 10:40:06,344 [INFO]     PDF trouvé: قرار فتح باب الترشيح (score: 35)
2026-07-31 10:40:06,345 [INFO]   [EXPIRÉE] لائحة الناجحين في مناصب المسؤولية ب وزارة الاستثمار والتقائي... → 2026-07-13
2026-07-31 10:40:06,346 [INFO]   Détails: https://www.emploi-public.ma/ar/%D8%AA%D9%81%D8%A7%D8%B5%D9%8A%D9%84/%D9%85%D9%86%D8%A7%D8%B5%D8%A8-%D8%A7%D9%84%D9%85%D8%B3%D8%A4%D9%88%D9%84%D9%8A%D8%A9/a8f3b666-0ba4-4912-9600-c46c7e32dece
2026-07-31 10:40:08,038 [INFO]     PDF trouvé: قرار فتح باب الترشيح (score: 35)
2026-07-31 10:40:08,039 [INFO]   [EXPIRÉE] لائحة الناجحين في مناصب المسؤولية ب وزارة النقل واللوجيستيك... → 2026-06-17
2026-07-31 10:40:08,040 [INFO]   Détails: https://www.emploi-public.ma/ar/%D8%AA%D9%81%D8%A7%D8%B5%D9%8A%D9%84/%D9%85%D9%86%D8%A7%D8%B5%D8%A8-%D8%A7%D9%84%D9%85%D8%B3%D8%A4%D9%88%D9%84%D9%8A%D8%A9/881fad78-1510-43dd-a038-743c67dd20f8
2026-07-31 10:40:09,125 [INFO]     PDF trouvé: قرار فتح باب الترشيح (score: 35)
2026-07-31 10:40:09,126 [INFO]   [EXPIRÉE] لائحة الناجحين في مناصب المسؤولية ب وزارة الداخلية... → 2026-04-24
2026-07-31 10:40:09,126 [INFO]   Détails: https://www.emploi-public.ma/ar/%D8%AA%D9%81%D8%A7%D8%B5%D9%8A%D9%84/%D9%85%D9%86%D8%A7%D8%B5%D8%A8-%D8%A7%D9%84%D9%85%D8%B3%D8%A4%D9%88%D9%84%D9%8A%D8%A9/f548ced0-fb98-4258-8c04-4e44b5ecd47e
2026-07-31 10:40:11,325 [INFO]     PDF trouvé: قرار فتح باب الترشيح (score: 35)
2026-07-31 10:40:11,327 [INFO]   [EN COURS] رئيس قسم التتبع والتقييم... → 2026-07-31
2026-07-31 10:40:11,327 [INFO]   Détails: https://www.emploi-public.ma/ar/%D8%AA%D9%81%D8%A7%D8%B5%D9%8A%D9%84/%D9%85%D9%86%D8%A7%D8%B5%D8%A8-%D8%A7%D9%84%D9%85%D8%B3%D8%A4%D9%88%D9%84%D9%8A%D8%A9/82a367a4-9e6b-4f24-9501-90cafcd5dfa9
2026-07-31 10:40:12,504 [INFO]     PDF trouvé: قرار فتح باب الترشيح (score: 35)
2026-07-31 10:40:12,505 [INFO]   [EN COURS] مدير المجال الصحي والمنطقة الصحية ومستشفى التخصصات بتطوان ال... → 2026-08-03
2026-07-31 10:40:12,505 [INFO]   Détails: https://www.emploi-public.ma/ar/%D8%AA%D9%81%D8%A7%D8%B5%D9%8A%D9%84/%D9%85%D9%86%D8%A7%D8%B5%D8%A8-%D8%A7%D9%84%D9%85%D8%B3%D8%A4%D9%88%D9%84%D9%8A%D8%A9/3994c0b9-790d-4e5d-b147-c784cf157aab
2026-07-31 10:40:14,719 [INFO]     PDF trouvé: قرار فتح باب الترشيح (score: 35)
2026-07-31 10:40:14,720 [INFO]   [EN COURS] فتح باب الترشيح لمناصب المسؤولية بوزارة الفلاحة والصيد البحر... → 2026-08-03
2026-07-31 10:40:14,720 [INFO]   Détails: https://www.emploi-public.ma/ar/%D8%AA%D9%81%D8%A7%D8%B5%D9%8A%D9%84/%D9%85%D9%86%D8%A7%D8%B5%D8%A8-%D8%A7%D9%84%D9%85%D8%B3%D8%A4%D9%88%D9%84%D9%8A%D8%A9/a465eb2b-2599-42fd-b836-1b381a8ff0b8
2026-07-31 10:40:15,765 [INFO]     PDF trouvé: قرار فتح باب الترشيح (score: 35)
2026-07-31 10:40:15,766 [INFO]   [EN COURS] مدير قطب الشؤون العقارية والقانونية... → 2026-08-03
2026-07-31 10:40:15,766 [INFO] Page 4/5
2026-07-31 10:40:15,766 [INFO] Scraping page: https://www.emploi-public.ma/ar/قائمة-مناصب-المسؤولية?page=3
2026-07-31 10:40:16,932 [INFO]   → 13 annonces trouvées sur cette page
2026-07-31 10:40:16,933 [INFO]   Détails: https://www.emploi-public.ma/ar/%D8%AA%D9%81%D8%A7%D8%B5%D9%8A%D9%84/%D9%85%D9%86%D8%A7%D8%B5%D8%A8-%D8%A7%D9%84%D9%85%D8%B3%D8%A4%D9%88%D9%84%D9%8A%D8%A9/f9c3410a-a7c1-4545-a915-6bb6f06b4d81
2026-07-31 10:40:17,948 [INFO]     PDF trouvé: قرار فتح باب الترشيح (score: 35)
2026-07-31 10:40:17,949 [INFO]   [EXPIRÉE] فتح باب الترشيح ل مناصب المسؤولية ب وزارة الشباب والثقافة وا... → 2026-07-27
2026-07-31 10:40:17,950 [INFO]   Détails: https://www.emploi-public.ma/ar/%D8%AA%D9%81%D8%A7%D8%B5%D9%8A%D9%84/%D9%85%D9%86%D8%A7%D8%B5%D8%A8-%D8%A7%D9%84%D9%85%D8%B3%D8%A4%D9%88%D9%84%D9%8A%D8%A9/612573a1-79ab-4881-8d6d-9f2c884be589
2026-07-31 10:40:19,428 [INFO]     PDF trouvé: قرار فتح باب الترشيح (score: 35)
2026-07-31 10:40:19,429 [INFO]   [EXPIRÉE] لائحة الناجحين في مناصب المسؤولية ب وزارة الشباب والثقافة وا... → 2026-07-10
2026-07-31 10:40:19,430 [INFO]   Détails: https://www.emploi-public.ma/ar/%D8%AA%D9%81%D8%A7%D8%B5%D9%8A%D9%84/%D9%85%D9%86%D8%A7%D8%B5%D8%A8-%D8%A7%D9%84%D9%85%D8%B3%D8%A4%D9%88%D9%84%D9%8A%D8%A9/558f23e7-7989-4f9c-92e0-0a469e30efd4
2026-07-31 10:40:20,484 [INFO]     PDF trouvé: قرار فتح باب الترشيح (score: 35)
2026-07-31 10:40:20,485 [INFO]   [EN COURS] فتح باب الترشيح ل مناصب المسؤولية ب وزارة الداخلية -إقليم ال... → 2026-08-07
2026-07-31 10:40:20,485 [INFO]   Détails: https://www.emploi-public.ma/ar/%D8%AA%D9%81%D8%A7%D8%B5%D9%8A%D9%84/%D9%85%D9%86%D8%A7%D8%B5%D8%A8-%D8%A7%D9%84%D9%85%D8%B3%D8%A4%D9%88%D9%84%D9%8A%D8%A9/4b74dd44-e60b-4bf9-b229-9cbbd8da67fe
2026-07-31 10:40:21,765 [INFO]     PDF trouvé: قرار فتح باب الترشيح (score: 35)
2026-07-31 10:40:21,766 [INFO]   [EXPIRÉE] لائحة المدعوين لاجتياز اختبار الترشيح ل مناصب المسؤولية ب وز... → 2026-01-23
2026-07-31 10:40:21,766 [INFO]   Détails: https://www.emploi-public.ma/ar/%D8%AA%D9%81%D8%A7%D8%B5%D9%8A%D9%84/%D9%85%D9%86%D8%A7%D8%B5%D8%A8-%D8%A7%D9%84%D9%85%D8%B3%D8%A4%D9%88%D9%84%D9%8A%D8%A9/0980a32b-6d19-43fe-9a78-fed5be8e0263
2026-07-31 10:40:24,296 [INFO]     PDF trouvé: قرار فتح باب الترشيح (score: 35)
2026-07-31 10:40:24,297 [INFO]   [EXPIRÉE] فتح باب الترشيح ل مناصب المسؤولية ب وزارة الداخلية -عمالة إق... → 2026-07-24
2026-07-31 10:40:24,297 [INFO]   Détails: https://www.emploi-public.ma/ar/%D8%AA%D9%81%D8%A7%D8%B5%D9%8A%D9%84/%D9%85%D9%86%D8%A7%D8%B5%D8%A8-%D8%A7%D9%84%D9%85%D8%B3%D8%A4%D9%88%D9%84%D9%8A%D8%A9/e22ab9f5-ac8e-4159-ba33-da0d5a040314
2026-07-31 10:40:25,534 [INFO]     PDF trouvé: قرار فتح باب الترشيح (score: 35)
2026-07-31 10:40:25,536 [INFO]   [EXPIRÉE] فتح باب الترشيح ل مناصب المسؤولية ب وزارة السياحة والصناعة ا... → 2026-07-24
2026-07-31 10:40:25,536 [INFO]   Détails: https://www.emploi-public.ma/ar/%D8%AA%D9%81%D8%A7%D8%B5%D9%8A%D9%84/%D9%85%D9%86%D8%A7%D8%B5%D8%A8-%D8%A7%D9%84%D9%85%D8%B3%D8%A4%D9%88%D9%84%D9%8A%D8%A9/8de5030f-7a8e-4e77-b6df-4d8be658c7e7
2026-07-31 10:40:26,563 [INFO]     PDF trouvé: قرار فتح باب الترشيح (score: 35)
2026-07-31 10:40:26,565 [INFO]   [EXPIRÉE] لائحة المدعوين لاجتياز اختبار الترشيح ل مناصب المسؤولية ب وز... → 2026-04-05
2026-07-31 10:40:26,565 [INFO]   Détails: https://www.emploi-public.ma/ar/%D8%AA%D9%81%D8%A7%D8%B5%D9%8A%D9%84/%D9%85%D9%86%D8%A7%D8%B5%D8%A8-%D8%A7%D9%84%D9%85%D8%B3%D8%A4%D9%88%D9%84%D9%8A%D8%A9/a3ff8765-f34b-4a36-9023-7ae112e77594
2026-07-31 10:40:31,124 [INFO]     PDF trouvé: قرار فتح باب الترشيح (score: 35)
2026-07-31 10:40:31,126 [INFO]   [EN COURS] فتح باب الترشيح ل مناصب المسؤولية ب وزارة الشباب والثقافة وا... → 2026-08-07
2026-07-31 10:40:31,126 [INFO]   Détails: https://www.emploi-public.ma/ar/%D8%AA%D9%81%D8%A7%D8%B5%D9%8A%D9%84/%D9%85%D9%86%D8%A7%D8%B5%D8%A8-%D8%A7%D9%84%D9%85%D8%B3%D8%A4%D9%88%D9%84%D9%8A%D8%A9/c84a5637-77c0-4679-baa9-d49417d7e832
2026-07-31 10:40:32,157 [INFO]     PDF trouvé: قرار فتح باب الترشيح (score: 35)
2026-07-31 10:40:32,158 [INFO]   [EN COURS] فتح باب الترشيح ل مناصب المسؤولية ب وزارة الشباب والثقافة وا... → 2026-08-07
2026-07-31 10:40:32,158 [INFO]   Détails: https://www.emploi-public.ma/ar/%D8%AA%D9%81%D8%A7%D8%B5%D9%8A%D9%84/%D9%85%D9%86%D8%A7%D8%B5%D8%A8-%D8%A7%D9%84%D9%85%D8%B3%D8%A4%D9%88%D9%84%D9%8A%D8%A9/f548ced0-fb98-4258-8c04-4e44b5ecd47e
2026-07-31 10:40:33,133 [INFO]     PDF trouvé: قرار فتح باب الترشيح (score: 35)
2026-07-31 10:40:33,134 [INFO]   [EN COURS] رئيس قسم التتبع والتقييم... → 2026-07-31
2026-07-31 10:40:33,134 [INFO]   Détails: https://www.emploi-public.ma/ar/%D8%AA%D9%81%D8%A7%D8%B5%D9%8A%D9%84/%D9%85%D9%86%D8%A7%D8%B5%D8%A8-%D8%A7%D9%84%D9%85%D8%B3%D8%A4%D9%88%D9%84%D9%8A%D8%A9/82a367a4-9e6b-4f24-9501-90cafcd5dfa9
2026-07-31 10:40:37,768 [INFO]     PDF trouvé: قرار فتح باب الترشيح (score: 35)
2026-07-31 10:40:37,770 [INFO]   [EN COURS] مدير المجال الصحي والمنطقة الصحية ومستشفى التخصصات بتطوان ال... → 2026-08-03
2026-07-31 10:40:37,770 [INFO]   Détails: https://www.emploi-public.ma/ar/%D8%AA%D9%81%D8%A7%D8%B5%D9%8A%D9%84/%D9%85%D9%86%D8%A7%D8%B5%D8%A8-%D8%A7%D9%84%D9%85%D8%B3%D8%A4%D9%88%D9%84%D9%8A%D8%A9/3994c0b9-790d-4e5d-b147-c784cf157aab
2026-07-31 10:40:38,814 [INFO]     PDF trouvé: قرار فتح باب الترشيح (score: 35)
2026-07-31 10:40:38,815 [INFO]   [EN COURS] فتح باب الترشيح لمناصب المسؤولية بوزارة الفلاحة والصيد البحر... → 2026-08-03
2026-07-31 10:40:38,815 [INFO]   Détails: https://www.emploi-public.ma/ar/%D8%AA%D9%81%D8%A7%D8%B5%D9%8A%D9%84/%D9%85%D9%86%D8%A7%D8%B5%D8%A8-%D8%A7%D9%84%D9%85%D8%B3%D8%A4%D9%88%D9%84%D9%8A%D8%A9/a465eb2b-2599-42fd-b836-1b381a8ff0b8
2026-07-31 10:40:39,829 [INFO]     PDF trouvé: قرار فتح باب الترشيح (score: 35)
2026-07-31 10:40:39,830 [INFO]   [EN COURS] مدير قطب الشؤون العقارية والقانونية... → 2026-08-03
2026-07-31 10:40:39,830 [INFO] Page 5/5
2026-07-31 10:40:39,830 [INFO] Scraping page: https://www.emploi-public.ma/ar/قائمة-مناصب-المسؤولية?page=4
2026-07-31 10:40:46,346 [INFO]   → 13 annonces trouvées sur cette page
2026-07-31 10:40:46,347 [INFO]   Détails: https://www.emploi-public.ma/ar/%D8%AA%D9%81%D8%A7%D8%B5%D9%8A%D9%84/%D9%85%D9%86%D8%A7%D8%B5%D8%A8-%D8%A7%D9%84%D9%85%D8%B3%D8%A4%D9%88%D9%84%D9%8A%D8%A9/c4ac2878-050a-4908-86bc-a0f7ae46e4f4
2026-07-31 10:40:47,834 [INFO]     PDF trouvé: قرار فتح باب الترشيح (score: 35)
2026-07-31 10:40:47,835 [INFO]   [EXPIRÉE] لائحة الناجحين في مناصب المسؤولية ب وزارة الفلاحة والصيد الب... → 2026-07-07
2026-07-31 10:40:47,835 [INFO]   Détails: https://www.emploi-public.ma/ar/%D8%AA%D9%81%D8%A7%D8%B5%D9%8A%D9%84/%D9%85%D9%86%D8%A7%D8%B5%D8%A8-%D8%A7%D9%84%D9%85%D8%B3%D8%A4%D9%88%D9%84%D9%8A%D8%A9/65bb098d-84db-4eea-a26f-408d847c19d6
2026-07-31 10:40:49,163 [INFO]     PDF trouvé: قرار فتح باب الترشيح (score: 35)
2026-07-31 10:40:49,165 [INFO]   [EXPIRÉE] لائحة المدعوين لاجتياز اختبار الترشيح ل مناصب المسؤولية ب وز... → 2026-06-11
2026-07-31 10:40:49,165 [INFO]   Détails: https://www.emploi-public.ma/ar/%D8%AA%D9%81%D8%A7%D8%B5%D9%8A%D9%84/%D9%85%D9%86%D8%A7%D8%B5%D8%A8-%D8%A7%D9%84%D9%85%D8%B3%D8%A4%D9%88%D9%84%D9%8A%D8%A9/4634f231-1c41-439b-9e77-a5c74ee289d4
2026-07-31 10:40:50,531 [INFO]     PDF trouvé: قرار فتح باب الترشيح (score: 35)
2026-07-31 10:40:50,532 [INFO]   [EXPIRÉE] لائحة المدعوين لاجتياز اختبار الترشيح ل مناصب المسؤولية ب وز... → 2026-06-11
2026-07-31 10:40:50,532 [INFO]   Détails: https://www.emploi-public.ma/ar/%D8%AA%D9%81%D8%A7%D8%B5%D9%8A%D9%84/%D9%85%D9%86%D8%A7%D8%B5%D8%A8-%D8%A7%D9%84%D9%85%D8%B3%D8%A4%D9%88%D9%84%D9%8A%D8%A9/36fa2f7f-c1b1-4034-9c58-493276fbf647
2026-07-31 10:40:54,307 [INFO]     PDF trouvé: قرار فتح باب الترشيح (score: 35)
2026-07-31 10:40:54,308 [INFO]   [EXPIRÉE] لائحة المدعوين لاجتياز اختبار الترشيح ل مناصب المسؤولية ب وز... → 2026-06-11
2026-07-31 10:40:54,308 [INFO]   Détails: https://www.emploi-public.ma/ar/%D8%AA%D9%81%D8%A7%D8%B5%D9%8A%D9%84/%D9%85%D9%86%D8%A7%D8%B5%D8%A8-%D8%A7%D9%84%D9%85%D8%B3%D8%A4%D9%88%D9%84%D9%8A%D8%A9/506cdea9-bd57-40fd-8470-b783d8301a02
2026-07-31 10:40:55,342 [INFO]     PDF trouvé: قرار فتح باب الترشيح (score: 35)
2026-07-31 10:40:55,343 [INFO]   [EXPIRÉE] لائحة المدعوين لاجتياز اختبار الترشيح ل مناصب المسؤولية ب وز... → 2026-06-11
2026-07-31 10:40:55,343 [INFO]   Détails: https://www.emploi-public.ma/ar/%D8%AA%D9%81%D8%A7%D8%B5%D9%8A%D9%84/%D9%85%D9%86%D8%A7%D8%B5%D8%A8-%D8%A7%D9%84%D9%85%D8%B3%D8%A4%D9%88%D9%84%D9%8A%D8%A9/2901b05e-8b4e-4745-b87d-a8cf158f579f
2026-07-31 10:40:56,347 [INFO]     PDF trouvé: قرار فتح باب الترشيح (score: 35)
2026-07-31 10:40:56,348 [INFO]   [EXPIRÉE] لائحة المدعوين لاجتياز اختبار الترشيح ل مناصب المسؤولية ب وز... → 2026-07-23
2026-07-31 10:40:56,348 [INFO]   Détails: https://www.emploi-public.ma/ar/%D8%AA%D9%81%D8%A7%D8%B5%D9%8A%D9%84/%D9%85%D9%86%D8%A7%D8%B5%D8%A8-%D8%A7%D9%84%D9%85%D8%B3%D8%A4%D9%88%D9%84%D9%8A%D8%A9/f9c21d46-0b87-4c11-af2d-b5305b2fc6ad
2026-07-31 10:40:57,691 [INFO]     PDF trouvé: قرار فتح باب الترشيح (score: 35)
2026-07-31 10:40:57,692 [INFO]   [EN COURS] فتح باب الترشيح ل مناصب المسؤولية ب وزارة الداخلية -عمالة إق... → 2026-08-13
2026-07-31 10:40:57,692 [INFO]   Détails: https://www.emploi-public.ma/ar/%D8%AA%D9%81%D8%A7%D8%B5%D9%8A%D9%84/%D9%85%D9%86%D8%A7%D8%B5%D8%A8-%D8%A7%D9%84%D9%85%D8%B3%D8%A4%D9%88%D9%84%D9%8A%D8%A9/1f0f0446-8044-4bda-a4f1-6e55b963a62f
2026-07-31 10:40:58,747 [INFO]     PDF trouvé: قرار فتح باب الترشيح (score: 35)
2026-07-31 10:40:58,748 [INFO]   [EXPIRÉE] لائحة المدعوين لاجتياز اختبار الترشيح ل مناصب المسؤولية ب وز... → 2026-06-29
2026-07-31 10:40:58,748 [INFO]   Détails: https://www.emploi-public.ma/ar/%D8%AA%D9%81%D8%A7%D8%B5%D9%8A%D9%84/%D9%85%D9%86%D8%A7%D8%B5%D8%A8-%D8%A7%D9%84%D9%85%D8%B3%D8%A4%D9%88%D9%84%D9%8A%D8%A9/716ae71a-4687-466a-ae3c-6f09c68b0175
2026-07-31 10:40:59,978 [INFO]     PDF trouvé: قرار فتح باب الترشيح (score: 35)
2026-07-31 10:40:59,979 [INFO]   [EXPIRÉE] لائحة المدعوين لاجتياز اختبار الترشيح ل مناصب المسؤولية ب وز... → 2026-04-17
2026-07-31 10:40:59,979 [INFO]   Détails: https://www.emploi-public.ma/ar/%D8%AA%D9%81%D8%A7%D8%B5%D9%8A%D9%84/%D9%85%D9%86%D8%A7%D8%B5%D8%A8-%D8%A7%D9%84%D9%85%D8%B3%D8%A4%D9%88%D9%84%D9%8A%D8%A9/f548ced0-fb98-4258-8c04-4e44b5ecd47e
2026-07-31 10:41:00,985 [INFO]     PDF trouvé: قرار فتح باب الترشيح (score: 35)
2026-07-31 10:41:00,986 [INFO]   [EN COURS] رئيس قسم التتبع والتقييم... → 2026-07-31
2026-07-31 10:41:00,986 [INFO]   Détails: https://www.emploi-public.ma/ar/%D8%AA%D9%81%D8%A7%D8%B5%D9%8A%D9%84/%D9%85%D9%86%D8%A7%D8%B5%D8%A8-%D8%A7%D9%84%D9%85%D8%B3%D8%A4%D9%88%D9%84%D9%8A%D8%A9/82a367a4-9e6b-4f24-9501-90cafcd5dfa9
2026-07-31 10:41:02,358 [INFO]     PDF trouvé: قرار فتح باب الترشيح (score: 35)
2026-07-31 10:41:02,359 [INFO]   [EN COURS] مدير المجال الصحي والمنطقة الصحية ومستشفى التخصصات بتطوان ال... → 2026-08-03
2026-07-31 10:41:02,359 [INFO]   Détails: https://www.emploi-public.ma/ar/%D8%AA%D9%81%D8%A7%D8%B5%D9%8A%D9%84/%D9%85%D9%86%D8%A7%D8%B5%D8%A8-%D8%A7%D9%84%D9%85%D8%B3%D8%A4%D9%88%D9%84%D9%8A%D8%A9/3994c0b9-790d-4e5d-b147-c784cf157aab
2026-07-31 10:41:06,236 [INFO]     PDF trouvé: قرار فتح باب الترشيح (score: 35)
2026-07-31 10:41:06,237 [INFO]   [EN COURS] فتح باب الترشيح لمناصب المسؤولية بوزارة الفلاحة والصيد البحر... → 2026-08-03
2026-07-31 10:41:06,237 [INFO]   Détails: https://www.emploi-public.ma/ar/%D8%AA%D9%81%D8%A7%D8%B5%D9%8A%D9%84/%D9%85%D9%86%D8%A7%D8%B5%D8%A8-%D8%A7%D9%84%D9%85%D8%B3%D8%A4%D9%88%D9%84%D9%8A%D8%A9/a465eb2b-2599-42fd-b836-1b381a8ff0b8
2026-07-31 10:41:07,646 [INFO]     PDF trouvé: قرار فتح باب الترشيح (score: 35)
2026-07-31 10:41:07,647 [INFO]   [EN COURS] مدير قطب الشؤون العقارية والقانونية... → 2026-08-03
2026-07-31 10:41:07,647 [INFO] 
--- Catégorie: المناصب العليا ---
2026-07-31 10:41:07,647 [INFO] Page 1/5
2026-07-31 10:41:07,647 [INFO] Scraping page: https://www.emploi-public.ma/ar/قائمة-المناصب-العليا
2026-07-31 10:41:08,699 [INFO]   → 9 annonces trouvées sur cette page
2026-07-31 10:41:08,700 [INFO]   Détails: https://www.emploi-public.ma/ar/%D8%AA%D9%81%D8%A7%D8%B5%D9%8A%D9%84/%D8%A7%D9%84%D9%85%D9%86%D8%A7%D8%B5%D8%A8-%D8%A7%D9%84%D8%B9%D9%84%D9%8A%D8%A7/0caf53e1-867a-4e91-a2d5-4f18a1b80e58
2026-07-31 10:41:10,067 [WARNING] Format de date non reconnu: 30
2026-07-31 10:41:10,068 [INFO]     PDF trouvé: قرار فتح باب الترشيح (score: 35)
2026-07-31 10:41:10,069 [INFO]   [PAS DE DATE] فتح باب الترشيح للمناصب العليا مدير الموارد البشرية والمالية...
2026-07-31 10:41:10,069 [INFO]   Détails: https://www.emploi-public.ma/ar/%D8%AA%D9%81%D8%A7%D8%B5%D9%8A%D9%84/%D8%A7%D9%84%D9%85%D9%86%D8%A7%D8%B5%D8%A8-%D8%A7%D9%84%D8%B9%D9%84%D9%8A%D8%A7/a260f3d6-19bf-4755-87e7-64988bd5d952
2026-07-31 10:41:11,150 [WARNING] Format de date non reconnu: 30
2026-07-31 10:41:11,151 [INFO]     PDF trouvé: قرار فتح باب الترشيح (score: 35)
2026-07-31 10:41:11,152 [INFO]   [PAS DE DATE] فتح باب الترشيح للمناصب العليا مدير الملاحة الجوية المدنية...
2026-07-31 10:41:11,153 [INFO]   Détails: https://www.emploi-public.ma/ar/%D8%AA%D9%81%D8%A7%D8%B5%D9%8A%D9%84/%D8%A7%D9%84%D9%85%D9%86%D8%A7%D8%B5%D8%A8-%D8%A7%D9%84%D8%B9%D9%84%D9%8A%D8%A7/803881f5-f7fa-4f8f-b2cd-d6b1566b7fe5
2026-07-31 10:41:12,053 [WARNING] Format de date non reconnu: 30
2026-07-31 10:41:12,054 [INFO]     PDF trouvé: قرار فتح باب الترشيح (score: 35)
2026-07-31 10:41:12,055 [INFO]   [PAS DE DATE] فتح باب الترشيح للمناصب العليا مدير المعهد العالي للدراسات ا...
2026-07-31 10:41:12,055 [INFO]   Détails: https://www.emploi-public.ma/ar/%D8%AA%D9%81%D8%A7%D8%B5%D9%8A%D9%84/%D8%A7%D9%84%D9%85%D9%86%D8%A7%D8%B5%D8%A8-%D8%A7%D9%84%D8%B9%D9%84%D9%8A%D8%A7/43fe4445-da66-401e-a3c4-2562a221a332
2026-07-31 10:41:12,962 [WARNING] Format de date non reconnu: 30
2026-07-31 10:41:12,963 [INFO]     PDF trouvé: قرار فتح باب الترشيح (score: 35)
2026-07-31 10:41:12,964 [INFO]   [PAS DE DATE] فتح باب الترشيح للمناصب العليا مدير مؤسسة النهوض بالأعمال ال...
2026-07-31 10:41:12,964 [INFO]   Détails: https://www.emploi-public.ma/ar/%D8%AA%D9%81%D8%A7%D8%B5%D9%8A%D9%84/%D8%A7%D9%84%D9%85%D9%86%D8%A7%D8%B5%D8%A8-%D8%A7%D9%84%D8%B9%D9%84%D9%8A%D8%A7/2c16f418-dd0f-4bb2-b66e-f926057114f9
2026-07-31 10:41:13,923 [WARNING] Format de date non reconnu: 30
2026-07-31 10:41:13,924 [INFO]     PDF trouvé: قرار فتح باب الترشيح (score: 35)
2026-07-31 10:41:13,925 [INFO]   [PAS DE DATE] فتح باب الترشيح للمناصب العليا مدير الشباب...
2026-07-31 10:41:13,925 [INFO]   Détails: https://www.emploi-public.ma/ar/%D8%AA%D9%81%D8%A7%D8%B5%D9%8A%D9%84/%D8%A7%D9%84%D9%85%D9%86%D8%A7%D8%B5%D8%A8-%D8%A7%D9%84%D8%B9%D9%84%D9%8A%D8%A7/30d00bcd-df71-43f3-945e-2204e61cb425
2026-07-31 10:41:15,058 [WARNING] Format de date non reconnu: 30
2026-07-31 10:41:15,060 [INFO]     PDF trouvé: قرار فتح باب الترشيح (score: 35)
2026-07-31 10:41:15,061 [INFO]   [PAS DE DATE] فتح باب الترشيح للمناصب العليا مدير المعهد الوطني لكتابة الض...
2026-07-31 10:41:15,061 [INFO]   Détails: https://www.emploi-public.ma/ar/%D8%AA%D9%81%D8%A7%D8%B5%D9%8A%D9%84/%D8%A7%D9%84%D9%85%D9%86%D8%A7%D8%B5%D8%A8-%D8%A7%D9%84%D8%B9%D9%84%D9%8A%D8%A7/fb33496a-b3e4-46d5-a556-86d0223b04f8
2026-07-31 10:41:15,994 [WARNING] Format de date non reconnu: 30
2026-07-31 10:41:15,995 [INFO]     PDF trouvé: قرار فتح باب الترشيح (score: 35)
2026-07-31 10:41:15,996 [INFO]   [PAS DE DATE] فتح باب الترشيح للمناصب العليا مدير(ة) الشؤون العامة...
2026-07-31 10:41:15,996 [INFO]   Détails: https://www.emploi-public.ma/ar/%D8%AA%D9%81%D8%A7%D8%B5%D9%8A%D9%84/%D8%A7%D9%84%D9%85%D9%86%D8%A7%D8%B5%D8%A8-%D8%A7%D9%84%D8%B9%D9%84%D9%8A%D8%A7/d75f25b8-e1b6-4bba-9bf2-9bcc6a5e913c
2026-07-31 10:41:17,663 [WARNING] Format de date non reconnu: 30
2026-07-31 10:41:17,665 [INFO]     PDF trouvé: قرار فتح باب الترشيح (score: 35)
2026-07-31 10:41:17,665 [INFO]   [PAS DE DATE] فتح باب الترشيح للمناصب العليا مدير الانظمة والدراسات التاري...
2026-07-31 10:41:17,666 [INFO]   Détails: https://www.emploi-public.ma/ar/%D8%AA%D9%81%D8%A7%D8%B5%D9%8A%D9%84/%D8%A7%D9%84%D9%85%D9%86%D8%A7%D8%B5%D8%A8-%D8%A7%D9%84%D8%B9%D9%84%D9%8A%D8%A7/4d6a3c99-2658-4cfd-99b5-bc5c012c8e55
2026-07-31 10:41:20,109 [WARNING] Format de date non reconnu: 30
2026-07-31 10:41:20,110 [INFO]     PDF trouvé: قرار فتح باب الترشيح (score: 35)
2026-07-31 10:41:20,111 [INFO]   [PAS DE DATE] فتح باب الترشيح للمناصب العليا مدير(ة) المركز الوطني للامتحا...
2026-07-31 10:41:20,111 [INFO] Page 2/5
2026-07-31 10:41:20,112 [INFO] Scraping page: https://www.emploi-public.ma/ar/قائمة-المناصب-العليا?page=1
2026-07-31 10:41:21,324 [INFO]   → 9 annonces trouvées sur cette page
2026-07-31 10:41:21,325 [INFO]   Détails: https://www.emploi-public.ma/ar/%D8%AA%D9%81%D8%A7%D8%B5%D9%8A%D9%84/%D8%A7%D9%84%D9%85%D9%86%D8%A7%D8%B5%D8%A8-%D8%A7%D9%84%D8%B9%D9%84%D9%8A%D8%A7/0caf53e1-867a-4e91-a2d5-4f18a1b80e58
2026-07-31 10:41:22,620 [WARNING] Format de date non reconnu: 30
2026-07-31 10:41:22,621 [INFO]     PDF trouvé: قرار فتح باب الترشيح (score: 35)
2026-07-31 10:41:22,622 [INFO]   [PAS DE DATE] فتح باب الترشيح للمناصب العليا مدير الموارد البشرية والمالية...
2026-07-31 10:41:22,622 [INFO]   Détails: https://www.emploi-public.ma/ar/%D8%AA%D9%81%D8%A7%D8%B5%D9%8A%D9%84/%D8%A7%D9%84%D9%85%D9%86%D8%A7%D8%B5%D8%A8-%D8%A7%D9%84%D8%B9%D9%84%D9%8A%D8%A7/a260f3d6-19bf-4755-87e7-64988bd5d952
2026-07-31 10:41:23,562 [WARNING] Format de date non reconnu: 30
2026-07-31 10:41:23,563 [INFO]     PDF trouvé: قرار فتح باب الترشيح (score: 35)
2026-07-31 10:41:23,564 [INFO]   [PAS DE DATE] فتح باب الترشيح للمناصب العليا مدير الملاحة الجوية المدنية...
2026-07-31 10:41:23,564 [INFO]   Détails: https://www.emploi-public.ma/ar/%D8%AA%D9%81%D8%A7%D8%B5%D9%8A%D9%84/%D8%A7%D9%84%D9%85%D9%86%D8%A7%D8%B5%D8%A8-%D8%A7%D9%84%D8%B9%D9%84%D9%8A%D8%A7/803881f5-f7fa-4f8f-b2cd-d6b1566b7fe5
2026-07-31 10:41:25,333 [WARNING] Format de date non reconnu: 30
2026-07-31 10:41:25,334 [INFO]     PDF trouvé: قرار فتح باب الترشيح (score: 35)
2026-07-31 10:41:25,335 [INFO]   [PAS DE DATE] فتح باب الترشيح للمناصب العليا مدير المعهد العالي للدراسات ا...
2026-07-31 10:41:25,335 [INFO]   Détails: https://www.emploi-public.ma/ar/%D8%AA%D9%81%D8%A7%D8%B5%D9%8A%D9%84/%D8%A7%D9%84%D9%85%D9%86%D8%A7%D8%B5%D8%A8-%D8%A7%D9%84%D8%B9%D9%84%D9%8A%D8%A7/43fe4445-da66-401e-a3c4-2562a221a332
2026-07-31 10:41:26,365 [WARNING] Format de date non reconnu: 30
2026-07-31 10:41:26,366 [INFO]     PDF trouvé: قرار فتح باب الترشيح (score: 35)
2026-07-31 10:41:26,367 [INFO]   [PAS DE DATE] فتح باب الترشيح للمناصب العليا مدير مؤسسة النهوض بالأعمال ال...
2026-07-31 10:41:26,367 [INFO]   Détails: https://www.emploi-public.ma/ar/%D8%AA%D9%81%D8%A7%D8%B5%D9%8A%D9%84/%D8%A7%D9%84%D9%85%D9%86%D8%A7%D8%B5%D8%A8-%D8%A7%D9%84%D8%B9%D9%84%D9%8A%D8%A7/2c16f418-dd0f-4bb2-b66e-f926057114f9
2026-07-31 10:41:27,413 [WARNING] Format de date non reconnu: 30
2026-07-31 10:41:27,414 [INFO]     PDF trouvé: قرار فتح باب الترشيح (score: 35)
2026-07-31 10:41:27,415 [INFO]   [PAS DE DATE] فتح باب الترشيح للمناصب العليا مدير الشباب...
2026-07-31 10:41:27,416 [INFO]   Détails: https://www.emploi-public.ma/ar/%D8%AA%D9%81%D8%A7%D8%B5%D9%8A%D9%84/%D8%A7%D9%84%D9%85%D9%86%D8%A7%D8%B5%D8%A8-%D8%A7%D9%84%D8%B9%D9%84%D9%8A%D8%A7/30d00bcd-df71-43f3-945e-2204e61cb425
2026-07-31 10:41:29,082 [WARNING] Format de date non reconnu: 30
2026-07-31 10:41:29,083 [INFO]     PDF trouvé: قرار فتح باب الترشيح (score: 35)
2026-07-31 10:41:29,084 [INFO]   [PAS DE DATE] فتح باب الترشيح للمناصب العليا مدير المعهد الوطني لكتابة الض...
2026-07-31 10:41:29,084 [INFO]   Détails: https://www.emploi-public.ma/ar/%D8%AA%D9%81%D8%A7%D8%B5%D9%8A%D9%84/%D8%A7%D9%84%D9%85%D9%86%D8%A7%D8%B5%D8%A8-%D8%A7%D9%84%D8%B9%D9%84%D9%8A%D8%A7/fb33496a-b3e4-46d5-a556-86d0223b04f8
2026-07-31 10:41:30,080 [WARNING] Format de date non reconnu: 30
2026-07-31 10:41:30,081 [INFO]     PDF trouvé: قرار فتح باب الترشيح (score: 35)
2026-07-31 10:41:30,083 [INFO]   [PAS DE DATE] فتح باب الترشيح للمناصب العليا مدير(ة) الشؤون العامة...
2026-07-31 10:41:30,083 [INFO]   Détails: https://www.emploi-public.ma/ar/%D8%AA%D9%81%D8%A7%D8%B5%D9%8A%D9%84/%D8%A7%D9%84%D9%85%D9%86%D8%A7%D8%B5%D8%A8-%D8%A7%D9%84%D8%B9%D9%84%D9%8A%D8%A7/d75f25b8-e1b6-4bba-9bf2-9bcc6a5e913c
2026-07-31 10:41:31,040 [WARNING] Format de date non reconnu: 30
2026-07-31 10:41:31,041 [INFO]     PDF trouvé: قرار فتح باب الترشيح (score: 35)
2026-07-31 10:41:31,042 [INFO]   [PAS DE DATE] فتح باب الترشيح للمناصب العليا مدير الانظمة والدراسات التاري...
2026-07-31 10:41:31,042 [INFO]   Détails: https://www.emploi-public.ma/ar/%D8%AA%D9%81%D8%A7%D8%B5%D9%8A%D9%84/%D8%A7%D9%84%D9%85%D9%86%D8%A7%D8%B5%D8%A8-%D8%A7%D9%84%D8%B9%D9%84%D9%8A%D8%A7/4d6a3c99-2658-4cfd-99b5-bc5c012c8e55
2026-07-31 10:41:33,373 [WARNING] Format de date non reconnu: 30
2026-07-31 10:41:33,374 [INFO]     PDF trouvé: قرار فتح باب الترشيح (score: 35)
2026-07-31 10:41:33,375 [INFO]   [PAS DE DATE] فتح باب الترشيح للمناصب العليا مدير(ة) المركز الوطني للامتحا...
2026-07-31 10:41:33,375 [INFO] Page 3/5
2026-07-31 10:41:33,375 [INFO] Scraping page: https://www.emploi-public.ma/ar/قائمة-المناصب-العليا?page=2
2026-07-31 10:41:34,438 [INFO]   → 9 annonces trouvées sur cette page
2026-07-31 10:41:34,439 [INFO]   Détails: https://www.emploi-public.ma/ar/%D8%AA%D9%81%D8%A7%D8%B5%D9%8A%D9%84/%D8%A7%D9%84%D9%85%D9%86%D8%A7%D8%B5%D8%A8-%D8%A7%D9%84%D8%B9%D9%84%D9%8A%D8%A7/d5445636-5a56-491e-9305-8cd418b361f8
2026-07-31 10:41:36,085 [WARNING] Format de date non reconnu: 00
2026-07-31 10:41:36,086 [INFO]     PDF trouvé: قرار فتح باب الترشيح (score: 35)
2026-07-31 10:41:36,087 [INFO]   [PAS DE DATE] فتح باب الترشيح للمناصب العليا مدير إعداد التراب الوطني...
2026-07-31 10:41:36,087 [INFO]   Détails: https://www.emploi-public.ma/ar/%D8%AA%D9%81%D8%A7%D8%B5%D9%8A%D9%84/%D8%A7%D9%84%D9%85%D9%86%D8%A7%D8%B5%D8%A8-%D8%A7%D9%84%D8%B9%D9%84%D9%8A%D8%A7/a19c981f-5e73-4699-978a-3c26f387e76d
2026-07-31 10:41:37,278 [WARNING] Format de date non reconnu: 00
2026-07-31 10:41:37,279 [INFO]     PDF trouvé: قرار فتح باب الترشيح (score: 35)
2026-07-31 10:41:37,280 [INFO]   [PAS DE DATE] فتح باب الترشيح للمناصب العليا مدير الوكالة الحضرية للحسيمة...
2026-07-31 10:41:37,280 [INFO]   Détails: https://www.emploi-public.ma/ar/%D8%AA%D9%81%D8%A7%D8%B5%D9%8A%D9%84/%D8%A7%D9%84%D9%85%D9%86%D8%A7%D8%B5%D8%A8-%D8%A7%D9%84%D8%B9%D9%84%D9%8A%D8%A7/c3eed04a-67b9-4ceb-b4c3-b32e0273c191
2026-07-31 10:41:38,272 [WARNING] Format de date non reconnu: 00
2026-07-31 10:41:38,273 [INFO]     PDF trouvé: قرار فتح باب الترشيح (score: 35)
2026-07-31 10:41:38,274 [INFO]   [PAS DE DATE] فتح باب الترشيح للمناصب العليا مدير الوكالة الحضرية للعرائش...
2026-07-31 10:41:38,275 [INFO]   Détails: https://www.emploi-public.ma/ar/%D8%AA%D9%81%D8%A7%D8%B5%D9%8A%D9%84/%D8%A7%D9%84%D9%85%D9%86%D8%A7%D8%B5%D8%A8-%D8%A7%D9%84%D8%B9%D9%84%D9%8A%D8%A7/6bbca177-c943-4200-991d-4945c7de6c3e
2026-07-31 10:41:39,635 [WARNING] Format de date non reconnu: 30
2026-07-31 10:41:39,637 [INFO]     PDF trouvé: قرار فتح باب الترشيح (score: 35)
2026-07-31 10:41:39,638 [INFO]   [PAS DE DATE] فتح باب الترشيح للمناصب العليا مدير(ة) الشؤون العامة...
2026-07-31 10:41:39,638 [INFO]   Détails: https://www.emploi-public.ma/ar/%D8%AA%D9%81%D8%A7%D8%B5%D9%8A%D9%84/%D8%A7%D9%84%D9%85%D9%86%D8%A7%D8%B5%D8%A8-%D8%A7%D9%84%D8%B9%D9%84%D9%8A%D8%A7/971391f4-c3ed-4054-b39a-d498fdbfba4b
2026-07-31 10:41:40,691 [WARNING] Format de date non reconnu: 30
2026-07-31 10:41:40,692 [INFO]     PDF trouvé: قرار فتح باب الترشيح (score: 35)
2026-07-31 10:41:40,693 [INFO]   [PAS DE DATE] فتح باب الترشيح للمناصب العليا مدير(ة) المعهد الملكي لتكوين ...
2026-07-31 10:41:40,693 [INFO]   Détails: https://www.emploi-public.ma/ar/%D8%AA%D9%81%D8%A7%D8%B5%D9%8A%D9%84/%D8%A7%D9%84%D9%85%D9%86%D8%A7%D8%B5%D8%A8-%D8%A7%D9%84%D8%B9%D9%84%D9%8A%D8%A7/1afa70c8-a02b-457d-98c8-6787ae253f28
2026-07-31 10:41:41,541 [WARNING] Format de date non reconnu: 30
2026-07-31 10:41:41,542 [INFO]     PDF trouvé: قرار فتح باب الترشيح (score: 35)
2026-07-31 10:41:41,543 [INFO]   [PAS DE DATE] فتح باب الترشيح للمناصب العليا مدير مدرسة علوم المعلومات...
2026-07-31 10:41:41,543 [INFO]   Détails: https://www.emploi-public.ma/ar/%D8%AA%D9%81%D8%A7%D8%B5%D9%8A%D9%84/%D8%A7%D9%84%D9%85%D9%86%D8%A7%D8%B5%D8%A8-%D8%A7%D9%84%D8%B9%D9%84%D9%8A%D8%A7/e1c5923d-7307-42c7-90ed-21db5ce34a49
2026-07-31 10:41:42,622 [WARNING] Format de date non reconnu: 30
2026-07-31 10:41:42,623 [INFO]     PDF trouvé: قرار فتح باب الترشيح (score: 35)
2026-07-31 10:41:42,624 [INFO]   [PAS DE DATE] فتح باب الترشيح للمناصب العليا منصب مدير تشريعات البنيات الأ...
2026-07-31 10:41:42,624 [INFO]   Détails: https://www.emploi-public.ma/ar/%D8%AA%D9%81%D8%A7%D8%B5%D9%8A%D9%84/%D8%A7%D9%84%D9%85%D9%86%D8%A7%D8%B5%D8%A8-%D8%A7%D9%84%D8%B9%D9%84%D9%8A%D8%A7/cb431ce3-c104-457a-b464-8ca3b4a5fe55
2026-07-31 10:41:45,070 [WARNING] Format de date non reconnu: 30
2026-07-31 10:41:45,071 [INFO]     PDF trouvé: قرار فتح باب الترشيح (score: 35)
2026-07-31 10:41:45,072 [INFO]   [PAS DE DATE] فتح باب الترشيح للمناصب العليا مدير تشريعات الحكامة والحقوق ...
2026-07-31 10:41:45,073 [INFO]   Détails: https://www.emploi-public.ma/ar/%D8%AA%D9%81%D8%A7%D8%B5%D9%8A%D9%84/%D8%A7%D9%84%D9%85%D9%86%D8%A7%D8%B5%D8%A8-%D8%A7%D9%84%D8%B9%D9%84%D9%8A%D8%A7/83256c4b-36f7-461e-8579-7dbec3b6aae0
2026-07-31 10:41:45,980 [WARNING] Format de date non reconnu: 30
2026-07-31 10:41:45,981 [INFO]     PDF trouvé: قرار فتح باب الترشيح (score: 35)
2026-07-31 10:41:45,982 [INFO]   [PAS DE DATE] فتح باب الترشيح للمناصب العليا عميد كلية الطب والصيدلة بالرب...
2026-07-31 10:41:45,983 [INFO] Page 4/5
2026-07-31 10:41:45,983 [INFO] Scraping page: https://www.emploi-public.ma/ar/قائمة-المناصب-العليا?page=3
2026-07-31 10:41:51,003 [INFO]   → 9 annonces trouvées sur cette page
2026-07-31 10:41:51,004 [INFO]   Détails: https://www.emploi-public.ma/ar/%D8%AA%D9%81%D8%A7%D8%B5%D9%8A%D9%84/%D8%A7%D9%84%D9%85%D9%86%D8%A7%D8%B5%D8%A8-%D8%A7%D9%84%D8%B9%D9%84%D9%8A%D8%A7/e1054489-8a0a-4d64-92ab-55a9dbb52ac5
2026-07-31 10:41:53,242 [WARNING] Format de date non reconnu: 30
2026-07-31 10:41:53,243 [INFO]     PDF trouvé: قرار فتح باب الترشيح (score: 35)
2026-07-31 10:41:53,244 [INFO]   [PAS DE DATE] فتح باب الترشيح للمناصب العليا مدير المدرسة المحمدية للمهندس...
2026-07-31 10:41:53,244 [INFO]   Détails: https://www.emploi-public.ma/ar/%D8%AA%D9%81%D8%A7%D8%B5%D9%8A%D9%84/%D8%A7%D9%84%D9%85%D9%86%D8%A7%D8%B5%D8%A8-%D8%A7%D9%84%D8%B9%D9%84%D9%8A%D8%A7/4276b348-5dae-41c9-b638-6ca89ffaf304
2026-07-31 10:41:54,327 [WARNING] Format de date non reconnu: 30
2026-07-31 10:41:54,328 [INFO]     PDF trouvé: قرار فتح باب الترشيح (score: 35)
2026-07-31 10:41:54,329 [INFO]   [PAS DE DATE] فتح باب الترشيح للمناصب العليا منصب مدير(ة) المركز الجهوي لم...
2026-07-31 10:41:54,329 [INFO]   Détails: https://www.emploi-public.ma/ar/%D8%AA%D9%81%D8%A7%D8%B5%D9%8A%D9%84/%D8%A7%D9%84%D9%85%D9%86%D8%A7%D8%B5%D8%A8-%D8%A7%D9%84%D8%B9%D9%84%D9%8A%D8%A7/0f48ee65-4c13-4056-a870-a38f35f26eee
2026-07-31 10:42:00,256 [WARNING] Format de date non reconnu: 30
2026-07-31 10:42:00,257 [INFO]     PDF trouvé: قرار فتح باب الترشيح (score: 35)
2026-07-31 10:42:00,258 [INFO]   [PAS DE DATE] فتح باب الترشيح للمناصب العليا مدير الانظمة والدراسات التاري...
2026-07-31 10:42:00,259 [INFO]   Détails: https://www.emploi-public.ma/ar/%D8%AA%D9%81%D8%A7%D8%B5%D9%8A%D9%84/%D8%A7%D9%84%D9%85%D9%86%D8%A7%D8%B5%D8%A8-%D8%A7%D9%84%D8%B9%D9%84%D9%8A%D8%A7/17544c4c-7a33-48bd-be97-d4e261c4b1ba
2026-07-31 10:42:07,614 [WARNING] Format de date non reconnu: 30
2026-07-31 10:42:07,615 [INFO]     PDF trouvé: قرار فتح باب الترشيح (score: 35)
2026-07-31 10:42:07,616 [INFO]   [PAS DE DATE] فتح باب الترشيح للمناصب العليا المدير(ة) العام(ة) لتنظيم الح...
2026-07-31 10:42:07,616 [INFO]   Détails: https://www.emploi-public.ma/ar/%D8%AA%D9%81%D8%A7%D8%B5%D9%8A%D9%84/%D8%A7%D9%84%D9%85%D9%86%D8%A7%D8%B5%D8%A8-%D8%A7%D9%84%D8%B9%D9%84%D9%8A%D8%A7/2062be70-06c0-4b02-b143-bb2108a03421
2026-07-31 10:42:09,798 [WARNING] Format de date non reconnu: 30
2026-07-31 10:42:09,799 [INFO]     PDF trouvé: قرار فتح باب الترشيح (score: 35)
2026-07-31 10:42:09,800 [INFO]   [PAS DE DATE] فتح باب الترشيح للمناصب العليا مدير(ة) المركز الوطني للأستاذ...
2026-07-31 10:42:09,800 [INFO]   Détails: https://www.emploi-public.ma/ar/%D8%AA%D9%81%D8%A7%D8%B5%D9%8A%D9%84/%D8%A7%D9%84%D9%85%D9%86%D8%A7%D8%B5%D8%A8-%D8%A7%D9%84%D8%B9%D9%84%D9%8A%D8%A7/5b7e6e30-4777-469d-9fa2-856d4390a35f
2026-07-31 10:42:12,519 [WARNING] Format de date non reconnu: 30
2026-07-31 10:42:12,521 [INFO]     PDF trouvé: قرار فتح باب الترشيح (score: 35)
2026-07-31 10:42:12,521 [INFO]   [PAS DE DATE] فتح باب الترشيح للمناصب العليا مدير الشباب...
2026-07-31 10:42:12,522 [INFO]   Détails: https://www.emploi-public.ma/ar/%D8%AA%D9%81%D8%A7%D8%B5%D9%8A%D9%84/%D8%A7%D9%84%D9%85%D9%86%D8%A7%D8%B5%D8%A8-%D8%A7%D9%84%D8%B9%D9%84%D9%8A%D8%A7/5313b8af-912f-4d82-b328-04c94fbe4562
2026-07-31 10:42:15,228 [WARNING] Format de date non reconnu: 30
2026-07-31 10:42:15,229 [INFO]     PDF trouvé: قرار فتح باب الترشيح (score: 35)
2026-07-31 10:42:15,230 [INFO]   [PAS DE DATE] فتح باب الترشيح للمناصب العليا مدير (ة) التعاون والشراكة...
2026-07-31 10:42:15,231 [INFO]   Détails: https://www.emploi-public.ma/ar/%D8%AA%D9%81%D8%A7%D8%B5%D9%8A%D9%84/%D8%A7%D9%84%D9%85%D9%86%D8%A7%D8%B5%D8%A8-%D8%A7%D9%84%D8%B9%D9%84%D9%8A%D8%A7/52349e85-618a-444c-94ae-a269dcb8ede6
2026-07-31 10:42:16,516 [WARNING] Format de date non reconnu: 30
2026-07-31 10:42:16,517 [INFO]     PDF trouvé: قرار فتح باب الترشيح (score: 35)
2026-07-31 10:42:16,518 [INFO]   [PAS DE DATE] فتح باب الترشيح للمناصب العليا مدير (ة) الموارد البشرية...
2026-07-31 10:42:16,518 [INFO]   Détails: https://www.emploi-public.ma/ar/%D8%AA%D9%81%D8%A7%D8%B5%D9%8A%D9%84/%D8%A7%D9%84%D9%85%D9%86%D8%A7%D8%B5%D8%A8-%D8%A7%D9%84%D8%B9%D9%84%D9%8A%D8%A7/b993993a-7a9f-4f82-a95d-4c705192b5c5
2026-07-31 10:42:17,632 [WARNING] Format de date non reconnu: 30
2026-07-31 10:42:17,633 [INFO]     PDF trouvé: قرار فتح باب الترشيح (score: 35)
2026-07-31 10:42:17,634 [INFO]   [PAS DE DATE] فتح باب الترشيح للمناصب العليا مدير(ة) الأكاديمية الجهوية لل...
2026-07-31 10:42:17,635 [INFO] Page 5/5
2026-07-31 10:42:17,635 [INFO] Scraping page: https://www.emploi-public.ma/ar/قائمة-المناصب-العليا?page=4
2026-07-31 10:42:20,778 [INFO]   → 9 annonces trouvées sur cette page
2026-07-31 10:42:20,779 [INFO]   Détails: https://www.emploi-public.ma/ar/%D8%AA%D9%81%D8%A7%D8%B5%D9%8A%D9%84/%D8%A7%D9%84%D9%85%D9%86%D8%A7%D8%B5%D8%A8-%D8%A7%D9%84%D8%B9%D9%84%D9%8A%D8%A7/a8514544-73e5-48b0-bc95-4e3782a246c4
2026-07-31 10:42:21,962 [WARNING] Format de date non reconnu: 30
2026-07-31 10:42:21,963 [INFO]     PDF trouvé: قرار فتح باب الترشيح (score: 35)
2026-07-31 10:42:21,964 [INFO]   [PAS DE DATE] فتح باب الترشيح للمناصب العليا مدير المكتب الجهوي للاستثمار ...
2026-07-31 10:42:21,964 [INFO]   Détails: https://www.emploi-public.ma/ar/%D8%AA%D9%81%D8%A7%D8%B5%D9%8A%D9%84/%D8%A7%D9%84%D9%85%D9%86%D8%A7%D8%B5%D8%A8-%D8%A7%D9%84%D8%B9%D9%84%D9%8A%D8%A7/34737011-4b34-4d27-a8e4-f96374ce7e3b
2026-07-31 10:42:23,065 [WARNING] Format de date non reconnu: 30
2026-07-31 10:42:23,066 [INFO]     PDF trouvé: قرار فتح باب الترشيح (score: 35)
2026-07-31 10:42:23,067 [INFO]   [PAS DE DATE] فتح باب الترشيح للمناصب العليا مدير المركز الجهوي للإستثمار ...
2026-07-31 10:42:23,067 [INFO]   Détails: https://www.emploi-public.ma/ar/%D8%AA%D9%81%D8%A7%D8%B5%D9%8A%D9%84/%D8%A7%D9%84%D9%85%D9%86%D8%A7%D8%B5%D8%A8-%D8%A7%D9%84%D8%B9%D9%84%D9%8A%D8%A7/3848b51d-1643-4c8a-9d0a-0001f3ec1eb6
2026-07-31 10:42:24,150 [WARNING] Format de date non reconnu: 30
2026-07-31 10:42:24,151 [INFO]     PDF trouvé: قرار فتح باب الترشيح (score: 35)
2026-07-31 10:42:24,152 [INFO]   [PAS DE DATE] فتح باب الترشيح للمناصب العليا مدير الإحصائيات والدراسات وال...
2026-07-31 10:42:24,152 [INFO]   Détails: https://www.emploi-public.ma/ar/%D8%AA%D9%81%D8%A7%D8%B5%D9%8A%D9%84/%D8%A7%D9%84%D9%85%D9%86%D8%A7%D8%B5%D8%A8-%D8%A7%D9%84%D8%B9%D9%84%D9%8A%D8%A7/f762f1b5-8e54-4277-9ceb-b77512a40379
2026-07-31 10:42:25,455 [WARNING] Format de date non reconnu: 30
2026-07-31 10:42:25,456 [INFO]     PDF trouvé: قرار فتح باب الترشيح (score: 35)
2026-07-31 10:42:25,457 [INFO]   [PAS DE DATE] فتح باب الترشيح للمناصب العليا مدير المعهد الوطني العالي للم...
2026-07-31 10:42:25,457 [INFO]   Détails: https://www.emploi-public.ma/ar/%D8%AA%D9%81%D8%A7%D8%B5%D9%8A%D9%84/%D8%A7%D9%84%D9%85%D9%86%D8%A7%D8%B5%D8%A8-%D8%A7%D9%84%D8%B9%D9%84%D9%8A%D8%A7/f398a7c1-f047-4cb7-95a2-e63106086337
2026-07-31 10:42:26,372 [WARNING] Format de date non reconnu: 30
2026-07-31 10:42:26,373 [INFO]     PDF trouvé: قرار فتح باب الترشيح (score: 35)
2026-07-31 10:42:26,374 [INFO]   [PAS DE DATE] فتح باب الترشيح للمناصب العليا مدير (ة) التعليم العالي والتن...
2026-07-31 10:42:26,375 [INFO]   Détails: https://www.emploi-public.ma/ar/%D8%AA%D9%81%D8%A7%D8%B5%D9%8A%D9%84/%D8%A7%D9%84%D9%85%D9%86%D8%A7%D8%B5%D8%A8-%D8%A7%D9%84%D8%B9%D9%84%D9%8A%D8%A7/b93e0027-1954-4712-8bb1-c6c3715e916c
2026-07-31 10:42:27,259 [INFO]     PDF trouvé: قرار فتح باب الترشيح (score: 35)
2026-07-31 10:42:27,260 [INFO]   [EXPIRÉE] فتح باب الترشيح للمناصب العليا مدير وكالة الحوض المائي لسوس ... → 2026-05-14
2026-07-31 10:42:27,260 [INFO]   Détails: https://www.emploi-public.ma/ar/%D8%AA%D9%81%D8%A7%D8%B5%D9%8A%D9%84/%D8%A7%D9%84%D9%85%D9%86%D8%A7%D8%B5%D8%A8-%D8%A7%D9%84%D8%B9%D9%84%D9%8A%D8%A7/50a4fceb-7a2a-4dfc-9d54-27d5969d8c20
2026-07-31 10:42:28,500 [WARNING] Format de date non reconnu: 30
2026-07-31 10:42:28,502 [INFO]     PDF trouvé: قرار فتح باب الترشيح (score: 35)
2026-07-31 10:42:28,503 [INFO]   [PAS DE DATE] فتح باب الترشيح للمناصب العليا مدير العلاقات مع المجتمع المد...
2026-07-31 10:42:28,503 [INFO]   Détails: https://www.emploi-public.ma/ar/%D8%AA%D9%81%D8%A7%D8%B5%D9%8A%D9%84/%D8%A7%D9%84%D9%85%D9%86%D8%A7%D8%B5%D8%A8-%D8%A7%D9%84%D8%B9%D9%84%D9%8A%D8%A7/79e56e61-79b1-4b12-b93a-174e15b76e74
2026-07-31 10:42:29,390 [WARNING] Format de date non reconnu: 30
2026-07-31 10:42:29,391 [INFO]     PDF trouvé: قرار فتح باب الترشيح (score: 35)
2026-07-31 10:42:29,392 [INFO]   [PAS DE DATE] فتح باب الترشيح للمناصب العليا مدير المعهد العالي الدولي للس...
2026-07-31 10:42:29,393 [INFO]   Détails: https://www.emploi-public.ma/ar/%D8%AA%D9%81%D8%A7%D8%B5%D9%8A%D9%84/%D8%A7%D9%84%D9%85%D9%86%D8%A7%D8%B5%D8%A8-%D8%A7%D9%84%D8%B9%D9%84%D9%8A%D8%A7/cd433a5b-75fc-4eb0-b5d7-0a520ca6c2ab
2026-07-31 10:42:33,985 [WARNING] Format de date non reconnu: 30
2026-07-31 10:42:33,986 [INFO]     PDF trouvé: قرار فتح باب الترشيح (score: 35)
2026-07-31 10:42:33,987 [INFO]   [PAS DE DATE] فتح باب الترشيح للمناصب العليا كاتب عام لوزارة إصلاح الإدارة...
2026-07-31 10:42:33,987 [INFO] 
--- Catégorie: المباريات ---
2026-07-31 10:42:33,987 [INFO] Page 1/5
2026-07-31 10:42:33,987 [INFO] Scraping page: https://www.emploi-public.ma/ar/قائمة-المباريات
2026-07-31 10:42:35,637 [INFO]   → 9 annonces trouvées sur cette page
2026-07-31 10:42:35,638 [INFO]   Détails: https://www.emploi-public.ma/ar/%D8%AA%D9%81%D8%A7%D8%B5%D9%8A%D9%84/%D8%A7%D9%84%D9%85%D8%A8%D8%A7%D8%B1%D9%8A%D8%A7%D8%AA/72ed0218-c625-44ef-ad36-0ddf1450d8b7
2026-07-31 10:42:39,486 [INFO]     PDF trouvé: قرار فتح المباراة (score: 25)
2026-07-31 10:42:39,487 [INFO]   [EN COURS] مباراة لتوظيف مهندس دولة من الدرجة الأولى - سلم 11... → 2026-08-14
2026-07-31 10:42:39,487 [INFO]   Détails: https://www.emploi-public.ma/ar/%D8%AA%D9%81%D8%A7%D8%B5%D9%8A%D9%84/%D8%A7%D9%84%D9%85%D8%A8%D8%A7%D8%B1%D9%8A%D8%A7%D8%AA/1d56279d-bec7-4467-906d-4003286e1a05
2026-07-31 10:42:42,276 [INFO]     PDF trouvé: قرار فتح المباراة (score: 25)
2026-07-31 10:42:42,277 [INFO]   [EN COURS] مباراة لتوظيف مهندس معماري من الدرجة الأولى - سلم 11... → 2026-08-13
2026-07-31 10:42:42,277 [INFO]   Détails: https://www.emploi-public.ma/ar/%D8%AA%D9%81%D8%A7%D8%B5%D9%8A%D9%84/%D8%A7%D9%84%D9%85%D8%A8%D8%A7%D8%B1%D9%8A%D8%A7%D8%AA/1874ae4c-94d6-4af0-9575-a39ede5189ff
2026-07-31 10:42:43,246 [INFO]     PDF trouvé: قرار فتح المباراة (score: 25)
2026-07-31 10:42:43,247 [INFO]   [EN COURS] مباراة لتوظيف متصرف من الدرجة الثانية - سلم 11... → 2026-08-31
2026-07-31 10:42:43,248 [INFO]   Détails: https://www.emploi-public.ma/ar/%D8%AA%D9%81%D8%A7%D8%B5%D9%8A%D9%84/%D8%A7%D9%84%D9%85%D8%A8%D8%A7%D8%B1%D9%8A%D8%A7%D8%AA/72d7f4f3-b81d-4f01-b750-c84c9fdb3db1
2026-07-31 10:42:47,386 [INFO]     PDF trouvé: قرار فتح المباراة (score: 25)
2026-07-31 10:42:47,387 [INFO]   [EN COURS] مباراة لتوظيف متصرف من الدرجة الثانية - سلم 11... → 2026-08-31
2026-07-31 10:42:47,388 [INFO]   Détails: https://www.emploi-public.ma/ar/%D8%AA%D9%81%D8%A7%D8%B5%D9%8A%D9%84/%D8%A7%D9%84%D9%85%D8%A8%D8%A7%D8%B1%D9%8A%D8%A7%D8%AA/74fa6128-711a-40b7-b71b-5b4388a2d9d4
2026-07-31 10:42:48,677 [INFO]     PDF trouvé: قرار فتح المباراة (score: 25)
2026-07-31 10:42:48,679 [INFO]   [EN COURS] مباراة لتوظيف مساعد تقني من الدرجة الثانية... → 2026-08-10
2026-07-31 10:42:48,679 [INFO]   Détails: https://www.emploi-public.ma/ar/%D8%AA%D9%81%D8%A7%D8%B5%D9%8A%D9%84/%D8%A7%D9%84%D9%85%D8%A8%D8%A7%D8%B1%D9%8A%D8%A7%D8%AA/3d99718c-9c89-43ed-92b5-ec76b2c038b3
2026-07-31 10:42:50,228 [INFO]     PDF trouvé: قرار فتح المباراة (score: 25)
2026-07-31 10:42:50,229 [INFO]   [EN COURS] مباراة لتوظيف تقني من الدرجة الرابعة - سلم 8... → 2026-08-10
2026-07-31 10:42:50,229 [INFO]   Détails: https://www.emploi-public.ma/ar/%D8%AA%D9%81%D8%A7%D8%B5%D9%8A%D9%84/%D8%A7%D9%84%D9%85%D8%A8%D8%A7%D8%B1%D9%8A%D8%A7%D8%AA/4e64e78f-621d-4e95-a829-a8b22986502a
2026-07-31 10:42:51,181 [INFO]     PDF trouvé: قرار فتح المباراة (score: 25)
2026-07-31 10:42:51,182 [INFO]   [EN COURS] مباراة لتوظيف تقني من الدرجة الثالثة - سلم 9... → 2026-08-10
2026-07-31 10:42:51,182 [INFO]   Détails: https://www.emploi-public.ma/ar/%D8%AA%D9%81%D8%A7%D8%B5%D9%8A%D9%84/%D8%A7%D9%84%D9%85%D8%A8%D8%A7%D8%B1%D9%8A%D8%A7%D8%AA/bacf792b-04bc-4a4b-a73b-cc69eab17a49
2026-07-31 10:42:52,488 [INFO]     PDF trouvé: قرار فتح المباراة (score: 25)
2026-07-31 10:42:52,489 [INFO]   [EN COURS] مباراة لتوظيف مهندس دولة من الدرجة الأولى - سلم 11... → 2026-08-10
2026-07-31 10:42:52,490 [INFO]   Détails: https://www.emploi-public.ma/ar/%D8%AA%D9%81%D8%A7%D8%B5%D9%8A%D9%84/%D8%A7%D9%84%D9%85%D8%A8%D8%A7%D8%B1%D9%8A%D8%A7%D8%AA/3d6e4275-fe42-4fa4-b135-22595857f77b
2026-07-31 10:42:54,633 [INFO]     PDF trouvé: قرار فتح المباراة (score: 25)
2026-07-31 10:42:54,634 [INFO]   [EN COURS] مباراة لتوظيف كاتب الشؤون الخارجية - سلم 10... → 2026-08-10
2026-07-31 10:42:54,634 [INFO] Page 2/5
2026-07-31 10:42:54,634 [INFO] Scraping page: https://www.emploi-public.ma/ar/قائمة-المباريات?page=1
2026-07-31 10:42:56,296 [INFO]   → 9 annonces trouvées sur cette page
2026-07-31 10:42:56,297 [INFO]   Détails: https://www.emploi-public.ma/ar/%D8%AA%D9%81%D8%A7%D8%B5%D9%8A%D9%84/%D8%A7%D9%84%D9%85%D8%A8%D8%A7%D8%B1%D9%8A%D8%A7%D8%AA/72ed0218-c625-44ef-ad36-0ddf1450d8b7
2026-07-31 10:42:57,331 [INFO]     PDF trouvé: قرار فتح المباراة (score: 25)
2026-07-31 10:42:57,332 [INFO]   [EN COURS] مباراة لتوظيف مهندس دولة من الدرجة الأولى - سلم 11... → 2026-08-14
2026-07-31 10:42:57,332 [INFO]   Détails: https://www.emploi-public.ma/ar/%D8%AA%D9%81%D8%A7%D8%B5%D9%8A%D9%84/%D8%A7%D9%84%D9%85%D8%A8%D8%A7%D8%B1%D9%8A%D8%A7%D8%AA/1d56279d-bec7-4467-906d-4003286e1a05
2026-07-31 10:43:01,141 [INFO]     PDF trouvé: قرار فتح المباراة (score: 25)
2026-07-31 10:43:01,142 [INFO]   [EN COURS] مباراة لتوظيف مهندس معماري من الدرجة الأولى - سلم 11... → 2026-08-13
2026-07-31 10:43:01,142 [INFO]   Détails: https://www.emploi-public.ma/ar/%D8%AA%D9%81%D8%A7%D8%B5%D9%8A%D9%84/%D8%A7%D9%84%D9%85%D8%A8%D8%A7%D8%B1%D9%8A%D8%A7%D8%AA/1874ae4c-94d6-4af0-9575-a39ede5189ff
2026-07-31 10:43:03,894 [INFO]     PDF trouvé: قرار فتح المباراة (score: 25)
2026-07-31 10:43:03,895 [INFO]   [EN COURS] مباراة لتوظيف متصرف من الدرجة الثانية - سلم 11... → 2026-08-31
2026-07-31 10:43:03,895 [INFO]   Détails: https://www.emploi-public.ma/ar/%D8%AA%D9%81%D8%A7%D8%B5%D9%8A%D9%84/%D8%A7%D9%84%D9%85%D8%A8%D8%A7%D8%B1%D9%8A%D8%A7%D8%AA/72d7f4f3-b81d-4f01-b750-c84c9fdb3db1
2026-07-31 10:43:04,861 [INFO]     PDF trouvé: قرار فتح المباراة (score: 25)
2026-07-31 10:43:04,862 [INFO]   [EN COURS] مباراة لتوظيف متصرف من الدرجة الثانية - سلم 11... → 2026-08-31
2026-07-31 10:43:04,862 [INFO]   Détails: https://www.emploi-public.ma/ar/%D8%AA%D9%81%D8%A7%D8%B5%D9%8A%D9%84/%D8%A7%D9%84%D9%85%D8%A8%D8%A7%D8%B1%D9%8A%D8%A7%D8%AA/74fa6128-711a-40b7-b71b-5b4388a2d9d4
2026-07-31 10:43:06,002 [INFO]     PDF trouvé: قرار فتح المباراة (score: 25)
2026-07-31 10:43:06,003 [INFO]   [EN COURS] مباراة لتوظيف مساعد تقني من الدرجة الثانية... → 2026-08-10
2026-07-31 10:43:06,003 [INFO]   Détails: https://www.emploi-public.ma/ar/%D8%AA%D9%81%D8%A7%D8%B5%D9%8A%D9%84/%D8%A7%D9%84%D9%85%D8%A8%D8%A7%D8%B1%D9%8A%D8%A7%D8%AA/3d99718c-9c89-43ed-92b5-ec76b2c038b3
2026-07-31 10:43:07,171 [INFO]     PDF trouvé: قرار فتح المباراة (score: 25)
2026-07-31 10:43:07,172 [INFO]   [EN COURS] مباراة لتوظيف تقني من الدرجة الرابعة - سلم 8... → 2026-08-10
2026-07-31 10:43:07,172 [INFO]   Détails: https://www.emploi-public.ma/ar/%D8%AA%D9%81%D8%A7%D8%B5%D9%8A%D9%84/%D8%A7%D9%84%D9%85%D8%A8%D8%A7%D8%B1%D9%8A%D8%A7%D8%AA/4e64e78f-621d-4e95-a829-a8b22986502a
2026-07-31 10:43:08,224 [INFO]     PDF trouvé: قرار فتح المباراة (score: 25)
2026-07-31 10:43:08,225 [INFO]   [EN COURS] مباراة لتوظيف تقني من الدرجة الثالثة - سلم 9... → 2026-08-10
2026-07-31 10:43:08,225 [INFO]   Détails: https://www.emploi-public.ma/ar/%D8%AA%D9%81%D8%A7%D8%B5%D9%8A%D9%84/%D8%A7%D9%84%D9%85%D8%A8%D8%A7%D8%B1%D9%8A%D8%A7%D8%AA/bacf792b-04bc-4a4b-a73b-cc69eab17a49
2026-07-31 10:43:10,699 [INFO]     PDF trouvé: قرار فتح المباراة (score: 25)
2026-07-31 10:43:10,701 [INFO]   [EN COURS] مباراة لتوظيف مهندس دولة من الدرجة الأولى - سلم 11... → 2026-08-10
2026-07-31 10:43:10,701 [INFO]   Détails: https://www.emploi-public.ma/ar/%D8%AA%D9%81%D8%A7%D8%B5%D9%8A%D9%84/%D8%A7%D9%84%D9%85%D8%A8%D8%A7%D8%B1%D9%8A%D8%A7%D8%AA/3d6e4275-fe42-4fa4-b135-22595857f77b
2026-07-31 10:43:11,717 [INFO]     PDF trouvé: قرار فتح المباراة (score: 25)
2026-07-31 10:43:11,718 [INFO]   [EN COURS] مباراة لتوظيف كاتب الشؤون الخارجية - سلم 10... → 2026-08-10
2026-07-31 10:43:11,719 [INFO] Page 3/5
2026-07-31 10:43:11,719 [INFO] Scraping page: https://www.emploi-public.ma/ar/قائمة-المباريات?page=2
2026-07-31 10:43:13,088 [INFO]   → 9 annonces trouvées sur cette page
2026-07-31 10:43:13,089 [INFO]   Détails: https://www.emploi-public.ma/ar/%D8%AA%D9%81%D8%A7%D8%B5%D9%8A%D9%84/%D8%A7%D9%84%D9%85%D8%A8%D8%A7%D8%B1%D9%8A%D8%A7%D8%AA/f8fd2d0d-5d98-42d7-8229-9924acf1c303
2026-07-31 10:43:15,808 [INFO]     PDF trouvé: قرار فتح المباراة (score: 25)
2026-07-31 10:43:15,810 [INFO]   [EN COURS] مباراة لتوظيف مستشار الشؤون الخارجية - سلم 11... → 2026-08-10
2026-07-31 10:43:15,810 [INFO]   Détails: https://www.emploi-public.ma/ar/%D8%AA%D9%81%D8%A7%D8%B5%D9%8A%D9%84/%D8%A7%D9%84%D9%85%D8%A8%D8%A7%D8%B1%D9%8A%D8%A7%D8%AA/0d14767d-7b8a-4282-b397-96709c297e37
2026-07-31 10:43:16,990 [INFO]     PDF trouvé: قرار فتح المباراة (score: 25)
2026-07-31 10:43:16,991 [INFO]   [EN COURS] مباراة لتوظيف مفتش الجمارك من الدرجة الثانية... → 2026-08-10
2026-07-31 10:43:16,991 [INFO]   Détails: https://www.emploi-public.ma/ar/%D8%AA%D9%81%D8%A7%D8%B5%D9%8A%D9%84/%D8%A7%D9%84%D9%85%D8%A8%D8%A7%D8%B1%D9%8A%D8%A7%D8%AA/ab562af5-0ec1-4fe8-99a3-48cd82b59676
2026-07-31 10:43:18,778 [INFO]     PDF trouvé: قرار فتح المباراة (score: 25)
2026-07-31 10:43:18,779 [INFO]   [EN COURS] مباراة لتوظيف مهندس الدولة للجمارك من الدرجة الأولى... → 2026-08-10
2026-07-31 10:43:18,779 [INFO]   Détails: https://www.emploi-public.ma/ar/%D8%AA%D9%81%D8%A7%D8%B5%D9%8A%D9%84/%D8%A7%D9%84%D9%85%D8%A8%D8%A7%D8%B1%D9%8A%D8%A7%D8%AA/e9c0bb85-e735-4886-acf1-b3309ba4a205
2026-07-31 10:43:20,178 [INFO]     PDF trouvé: قرار فتح المباراة (score: 25)
2026-07-31 10:43:20,180 [INFO]   [EN COURS] مباراة لتوظيف مهندس دولة من الدرجة الأولى - سلم 11... → 2026-08-10
2026-07-31 10:43:20,180 [INFO]   Détails: https://www.emploi-public.ma/ar/%D8%AA%D9%81%D8%A7%D8%B5%D9%8A%D9%84/%D8%A7%D9%84%D9%85%D8%A8%D8%A7%D8%B1%D9%8A%D8%A7%D8%AA/d91438ac-a7df-48aa-a29d-ea568c52b32e
2026-07-31 10:43:21,251 [INFO]     PDF trouvé: قرار فتح المباراة (score: 25)
2026-07-31 10:43:21,252 [INFO]   [EN COURS] مباراة لتوظيف تقني من الدرجة الثالثة - سلم 9... → 2026-08-07
2026-07-31 10:43:21,253 [INFO]   Détails: https://www.emploi-public.ma/ar/%D8%AA%D9%81%D8%A7%D8%B5%D9%8A%D9%84/%D8%A7%D9%84%D9%85%D8%A8%D8%A7%D8%B1%D9%8A%D8%A7%D8%AA/6aa579ad-7abb-44f1-b036-56e9fbafced8
2026-07-31 10:43:22,689 [INFO]     PDF trouvé: قرار فتح المباراة (score: 25)
2026-07-31 10:43:22,690 [INFO]   [EN COURS] مباراة لتوظيف متصرف من الدرجة الثانية - سلم 11... → 2026-08-07
2026-07-31 10:43:22,690 [INFO]   Détails: https://www.emploi-public.ma/ar/%D8%AA%D9%81%D8%A7%D8%B5%D9%8A%D9%84/%D8%A7%D9%84%D9%85%D8%A8%D8%A7%D8%B1%D9%8A%D8%A7%D8%AA/c27ac1df-953a-4b58-a2e2-e273271f18b1
2026-07-31 10:43:23,605 [INFO]     PDF trouvé: قرار فتح المباراة (score: 25)
2026-07-31 10:43:23,607 [INFO]   [EN COURS] مباراة لتوظيف مساعد تقني من الدرجة الثانية... → 2026-08-05
2026-07-31 10:43:23,607 [INFO]   Détails: https://www.emploi-public.ma/ar/%D8%AA%D9%81%D8%A7%D8%B5%D9%8A%D9%84/%D8%A7%D9%84%D9%85%D8%A8%D8%A7%D8%B1%D9%8A%D8%A7%D8%AA/7faff0fb-2922-485a-853e-20b4d81cbc7a
2026-07-31 10:43:25,166 [INFO]     PDF trouvé: قرار فتح المباراة (score: 25)
2026-07-31 10:43:25,167 [INFO]   [EN COURS] مباراة لتوظيف أستاذ محاضر من الدرجة أ - سلم 11... → 2026-08-03
2026-07-31 10:43:25,167 [INFO]   Détails: https://www.emploi-public.ma/ar/%D8%AA%D9%81%D8%A7%D8%B5%D9%8A%D9%84/%D8%A7%D9%84%D9%85%D8%A8%D8%A7%D8%B1%D9%8A%D8%A7%D8%AA/2c15e888-7029-4082-9334-eef194ee5586
2026-07-31 10:43:27,072 [INFO]     PDF trouvé: قرار فتح المباراة (score: 25)
2026-07-31 10:43:27,073 [INFO]   [EN COURS] مباراة لتوظيف متصرف من الدرجة الثانية - سلم 11... → 2026-08-03
2026-07-31 10:43:27,073 [INFO] Page 4/5
2026-07-31 10:43:27,073 [INFO] Scraping page: https://www.emploi-public.ma/ar/قائمة-المباريات?page=3
2026-07-31 10:43:29,048 [INFO]   → 9 annonces trouvées sur cette page
2026-07-31 10:43:29,049 [INFO]   Détails: https://www.emploi-public.ma/ar/%D8%AA%D9%81%D8%A7%D8%B5%D9%8A%D9%84/%D8%A7%D9%84%D9%85%D8%A8%D8%A7%D8%B1%D9%8A%D8%A7%D8%AA/d543668b-c808-4ac0-933b-4301237f9f67
2026-07-31 10:43:31,423 [INFO]     PDF trouvé: قرار فتح المباراة (score: 25)
2026-07-31 10:43:31,424 [INFO]   [EN COURS] مباراة لتوظيف متصرف من الدرجة الثالثة - سلم 10... → 2026-07-31
2026-07-31 10:43:31,424 [INFO]   Détails: https://www.emploi-public.ma/ar/%D8%AA%D9%81%D8%A7%D8%B5%D9%8A%D9%84/%D8%A7%D9%84%D9%85%D8%A8%D8%A7%D8%B1%D9%8A%D8%A7%D8%AA/78699344-c4d1-4204-ad40-9749cc0563aa
2026-07-31 10:43:35,845 [INFO]     PDF trouvé: قرار فتح المباراة (score: 25)
2026-07-31 10:43:35,846 [INFO]   [EXPIRÉE] لائحة المدعوين لإجراء الاختبار الكتابي لمباراة توظيف طبيب من... → 2026-07-23
2026-07-31 10:43:35,847 [INFO]   Détails: https://www.emploi-public.ma/ar/%D8%AA%D9%81%D8%A7%D8%B5%D9%8A%D9%84/%D8%A7%D9%84%D9%85%D8%A8%D8%A7%D8%B1%D9%8A%D8%A7%D8%AA/b62a7d1c-c399-48cd-ab9f-adca105db22f
2026-07-31 10:43:39,966 [INFO]     PDF trouvé: قرار فتح المباراة (score: 25)
2026-07-31 10:43:39,967 [INFO]   [EXPIRÉE] لائحة المدعوين لإجراء الاختبار الكتابي لمباراة توظيف أستاذ م... → 2026-07-21
2026-07-31 10:43:39,967 [INFO]   Détails: https://www.emploi-public.ma/ar/%D8%AA%D9%81%D8%A7%D8%B5%D9%8A%D9%84/%D8%A7%D9%84%D9%85%D8%A8%D8%A7%D8%B1%D9%8A%D8%A7%D8%AA/dc6005fa-8f1f-418f-baed-64e9caca12f6
2026-07-31 10:43:42,079 [INFO]     PDF trouvé: قرار فتح المباراة (score: 25)
2026-07-31 10:43:42,080 [INFO]   [EXPIRÉE] لائحة المدعوين لإجراء الاختبار الكتابي لمباراة توظيف تقني من... → 2026-07-21
2026-07-31 10:43:42,080 [INFO]   Détails: https://www.emploi-public.ma/ar/%D8%AA%D9%81%D8%A7%D8%B5%D9%8A%D9%84/%D8%A7%D9%84%D9%85%D8%A8%D8%A7%D8%B1%D9%8A%D8%A7%D8%AA/7d4f66b4-2f8c-4dbf-94ea-99d5943a7378
2026-07-31 10:43:44,587 [INFO]     PDF trouvé: قرار فتح المباراة (score: 25)
2026-07-31 10:43:44,588 [INFO]   [EXPIRÉE] لائحة المدعوين لإجراء الاختبار الكتابي لمباراة توظيف متصرف م... → 2026-07-21
2026-07-31 10:43:44,589 [INFO]   Détails: https://www.emploi-public.ma/ar/%D8%AA%D9%81%D8%A7%D8%B5%D9%8A%D9%84/%D8%A7%D9%84%D9%85%D8%A8%D8%A7%D8%B1%D9%8A%D8%A7%D8%AA/e372c384-b595-401d-bfa7-77c67af01fbe
2026-07-31 10:43:46,465 [INFO]     PDF trouvé: قرار فتح المباراة (score: 25)
2026-07-31 10:43:46,466 [INFO]   [EXPIRÉE] لائحة المدعوين لإجراء الاختبار الكتابي لمباراة توظيف متصرف م... → 2026-07-21
2026-07-31 10:43:46,467 [INFO]   Détails: https://www.emploi-public.ma/ar/%D8%AA%D9%81%D8%A7%D8%B5%D9%8A%D9%84/%D8%A7%D9%84%D9%85%D8%A8%D8%A7%D8%B1%D9%8A%D8%A7%D8%AA/606d3ff2-2e7a-4174-9d74-713c58402b8a
2026-07-31 10:43:47,700 [INFO]     PDF trouvé: قرار فتح المباراة (score: 25)
2026-07-31 10:43:47,701 [INFO]   [EXPIRÉE] لائحة الناجحين في مباراة التوظيف طبيب من الدرجة الأولى - سلم... → 2026-07-21
2026-07-31 10:43:47,702 [INFO]   Détails: https://www.emploi-public.ma/ar/%D8%AA%D9%81%D8%A7%D8%B5%D9%8A%D9%84/%D8%A7%D9%84%D9%85%D8%A8%D8%A7%D8%B1%D9%8A%D8%A7%D8%AA/9740d64c-8b1b-47b8-abe8-00b3575d4aa9
2026-07-31 10:43:48,696 [INFO]     PDF trouvé: قرار فتح المباراة (score: 25)
2026-07-31 10:43:48,697 [INFO]   [EXPIRÉE] لائحة المدعوين لإجراء الاختبار الكتابي لمباراة توظيف مهندس د... → 2026-07-20
2026-07-31 10:43:48,698 [INFO]   Détails: https://www.emploi-public.ma/ar/%D8%AA%D9%81%D8%A7%D8%B5%D9%8A%D9%84/%D8%A7%D9%84%D9%85%D8%A8%D8%A7%D8%B1%D9%8A%D8%A7%D8%AA/b89b6b38-795f-49af-9d00-910305760e85
2026-07-31 10:43:49,920 [INFO]     PDF trouvé: قرار فتح المباراة (score: 25)
2026-07-31 10:43:49,921 [INFO]   [EXPIRÉE] لائحة المدعوين لإجراء الاختبار الكتابي لمباراة توظيف متصرف م... → 2026-07-20
2026-07-31 10:43:49,921 [INFO] Page 5/5
2026-07-31 10:43:49,921 [INFO] Scraping page: https://www.emploi-public.ma/ar/قائمة-المباريات?page=4
2026-07-31 10:43:51,491 [INFO]   → 9 annonces trouvées sur cette page
2026-07-31 10:43:51,492 [INFO]   Détails: https://www.emploi-public.ma/ar/%D8%AA%D9%81%D8%A7%D8%B5%D9%8A%D9%84/%D8%A7%D9%84%D9%85%D8%A8%D8%A7%D8%B1%D9%8A%D8%A7%D8%AA/f33919ef-c4a4-41c0-9927-744882ec1140
2026-07-31 10:43:52,584 [INFO]     PDF trouvé: قرار فتح المباراة (score: 25)
2026-07-31 10:43:52,585 [INFO]   [EXPIRÉE] لائحة المدعوين لإجراء الاختبار الكتابي لمباراة توظيف تقني من... → 2026-07-20
2026-07-31 10:43:52,585 [INFO]   Détails: https://www.emploi-public.ma/ar/%D8%AA%D9%81%D8%A7%D8%B5%D9%8A%D9%84/%D8%A7%D9%84%D9%85%D8%A8%D8%A7%D8%B1%D9%8A%D8%A7%D8%AA/00afdf47-67cd-4c3b-910d-295480956c45
2026-07-31 10:43:56,985 [INFO]     PDF trouvé: قرار فتح المباراة (score: 25)
2026-07-31 10:43:56,986 [INFO]   [EXPIRÉE] لائحة المدعوين لإجراء الاختبار الكتابي لمباراة توظيف متصرف م... → 2026-07-20
2026-07-31 10:43:56,987 [INFO]   Détails: https://www.emploi-public.ma/ar/%D8%AA%D9%81%D8%A7%D8%B5%D9%8A%D9%84/%D8%A7%D9%84%D9%85%D8%A8%D8%A7%D8%B1%D9%8A%D8%A7%D8%AA/0c6baf5e-be9d-4ef5-a8f7-b9044cf640d5
2026-07-31 10:43:58,603 [INFO]     PDF trouvé: قرار فتح المباراة (score: 25)
2026-07-31 10:43:58,604 [INFO]   [EXPIRÉE] لائحة الناجحين في مباراة التوظيف جراح أسنان من الدرجة الأولى... → 2026-07-15
2026-07-31 10:43:58,604 [INFO]   Détails: https://www.emploi-public.ma/ar/%D8%AA%D9%81%D8%A7%D8%B5%D9%8A%D9%84/%D8%A7%D9%84%D9%85%D8%A8%D8%A7%D8%B1%D9%8A%D8%A7%D8%AA/c6303b4c-114c-4b25-b6c5-eca77cba3dad
2026-07-31 10:43:59,678 [INFO]     PDF trouvé: قرار فتح المباراة (score: 25)
2026-07-31 10:43:59,679 [INFO]   [EXPIRÉE] لائحة الناجحين في مباراة التوظيف صيدلي من الدرجة الأولى - سل... → 2026-07-15
2026-07-31 10:43:59,680 [INFO]   Détails: https://www.emploi-public.ma/ar/%D8%AA%D9%81%D8%A7%D8%B5%D9%8A%D9%84/%D8%A7%D9%84%D9%85%D8%A8%D8%A7%D8%B1%D9%8A%D8%A7%D8%AA/1f901e2f-de1d-4110-874d-d5d890119e69
2026-07-31 10:44:00,789 [INFO]     PDF trouvé: قرار فتح المباراة (score: 25)
2026-07-31 10:44:00,790 [INFO]   [EXPIRÉE] لائحة الناجحين في مباراة التوظيف طبيب من الدرجة الأولى - سلم... → 2026-07-15
2026-07-31 10:44:00,790 [INFO]   Détails: https://www.emploi-public.ma/ar/%D8%AA%D9%81%D8%A7%D8%B5%D9%8A%D9%84/%D8%A7%D9%84%D9%85%D8%A8%D8%A7%D8%B1%D9%8A%D8%A7%D8%AA/c83d70e2-ec18-4f3b-b97f-03d080ad762a
2026-07-31 10:44:02,487 [INFO]     PDF trouvé: قرار فتح المباراة (score: 25)
2026-07-31 10:44:02,488 [INFO]   [EXPIRÉE] لائحة الناجحين في مباراة التوظيف تقني من الدرجة الرابعة - سل... → 2026-07-14
2026-07-31 10:44:02,488 [INFO]   Détails: https://www.emploi-public.ma/ar/%D8%AA%D9%81%D8%A7%D8%B5%D9%8A%D9%84/%D8%A7%D9%84%D9%85%D8%A8%D8%A7%D8%B1%D9%8A%D8%A7%D8%AA/c3749204-66e1-4485-a631-e7ede10e21ab
2026-07-31 10:44:04,169 [INFO]     PDF trouvé: قرار فتح المباراة (score: 25)
2026-07-31 10:44:04,170 [INFO]   [EXPIRÉE] لائحة الناجحين في مباراة التوظيف تقني من الدرجة الثالثة - سل... → 2026-07-14
2026-07-31 10:44:04,171 [INFO]   Détails: https://www.emploi-public.ma/ar/%D8%AA%D9%81%D8%A7%D8%B5%D9%8A%D9%84/%D8%A7%D9%84%D9%85%D8%A8%D8%A7%D8%B1%D9%8A%D8%A7%D8%AA/26ae2262-926d-4bfb-9614-069a15e9bd9a
2026-07-31 10:44:06,584 [INFO]     PDF trouvé: قرار فتح المباراة (score: 25)
2026-07-31 10:44:06,585 [INFO]   [EXPIRÉE] لائحة المدعوين لإجراء الاختبار الكتابي لمباراة توظيف متصرف م... → 2026-07-10
2026-07-31 10:44:06,585 [INFO]   Détails: https://www.emploi-public.ma/ar/%D8%AA%D9%81%D8%A7%D8%B5%D9%8A%D9%84/%D8%A7%D9%84%D9%85%D8%A8%D8%A7%D8%B1%D9%8A%D8%A7%D8%AA/2c92d6ee-4fbb-4b59-a9ad-4e38969b0090
2026-07-31 10:44:07,562 [INFO]     PDF trouvé: قرار فتح المباراة (score: 25)
2026-07-31 10:44:07,563 [INFO]   [EXPIRÉE] لائحة المدعوين لإجراء الاختبار الكتابي لمباراة توظيف تقني من... → 2026-07-10
2026-07-31 10:44:07,563 [INFO] 
--- Catégorie: تشغيل الخبراء ---
2026-07-31 10:44:07,563 [INFO] Page 1/5
2026-07-31 10:44:07,563 [INFO] Scraping page: https://www.emploi-public.ma/ar/قائمة-تشغيل-الخبراء
2026-07-31 10:44:11,127 [INFO]   → 9 annonces trouvées sur cette page
2026-07-31 10:44:11,128 [INFO]   Détails: https://www.emploi-public.ma/ar/%D8%AA%D9%81%D8%A7%D8%B5%D9%8A%D9%84/%D8%AA%D8%B4%D8%BA%D9%8A%D9%84-%D8%A7%D9%84%D8%AE%D8%A8%D8%B1%D8%A7%D8%A1/4854b58c-c09e-4edd-9a39-c01a0c414425
2026-07-31 10:44:12,026 [INFO]     PDF trouvé: قرار فتح باب الترشيح (score: 35)
2026-07-31 10:44:12,028 [INFO]   [EXPIRÉE] لائحة الناجحين لمنصب خبير في مجال الملاحة التجارية... → 2026-04-12
2026-07-31 10:44:12,028 [INFO]   Détails: https://www.emploi-public.ma/ar/%D8%AA%D9%81%D8%A7%D8%B5%D9%8A%D9%84/%D8%AA%D8%B4%D8%BA%D9%8A%D9%84-%D8%A7%D9%84%D8%AE%D8%A8%D8%B1%D8%A7%D8%A1/ff8d6494-748d-4698-8ef0-676cbd5b1951
2026-07-31 10:44:13,573 [INFO]     PDF trouvé: قرار فتح باب الترشيح (score: 35)
2026-07-31 10:44:13,574 [INFO]   [EXPIRÉE] فتح باب الترشيح لمنصب خبير في الشؤون القانونية... → 2026-06-25
2026-07-31 10:44:13,575 [INFO]   Détails: https://www.emploi-public.ma/ar/%D8%AA%D9%81%D8%A7%D8%B5%D9%8A%D9%84/%D8%AA%D8%B4%D8%BA%D9%8A%D9%84-%D8%A7%D9%84%D8%AE%D8%A8%D8%B1%D8%A7%D8%A1/abce4b98-a1d8-48f9-a84c-053f53697154
2026-07-31 10:44:14,470 [INFO]     PDF trouvé: قرار فتح باب الترشيح (score: 35)
2026-07-31 10:44:14,471 [INFO]   [EXPIRÉE] فتح باب الترشيح لمنصب خبير... → 2026-06-15
2026-07-31 10:44:14,471 [INFO]   Détails: https://www.emploi-public.ma/ar/%D8%AA%D9%81%D8%A7%D8%B5%D9%8A%D9%84/%D8%AA%D8%B4%D8%BA%D9%8A%D9%84-%D8%A7%D9%84%D8%AE%D8%A8%D8%B1%D8%A7%D8%A1/5030f678-19f4-4bc0-96c6-f5462b134c1c
2026-07-31 10:44:15,478 [INFO]     PDF trouvé: قرار فتح باب الترشيح (score: 35)
2026-07-31 10:44:15,479 [INFO]   [EXPIRÉE] فتح باب الترشيح لمنصب خبير... → 2026-06-08
2026-07-31 10:44:15,479 [INFO]   Détails: https://www.emploi-public.ma/ar/%D8%AA%D9%81%D8%A7%D8%B5%D9%8A%D9%84/%D8%AA%D8%B4%D8%BA%D9%8A%D9%84-%D8%A7%D9%84%D8%AE%D8%A8%D8%B1%D8%A7%D8%A1/b0a97522-0c72-4a26-8b32-da0c02e79891
2026-07-31 10:44:16,396 [INFO]     PDF trouvé: قرار فتح باب الترشيح (score: 35)
2026-07-31 10:44:16,397 [INFO]   [EXPIRÉE] فتح باب الترشيح لمنصب خبير متعاقد... → 2026-06-03
2026-07-31 10:44:16,397 [INFO]   Détails: https://www.emploi-public.ma/ar/%D8%AA%D9%81%D8%A7%D8%B5%D9%8A%D9%84/%D8%AA%D8%B4%D8%BA%D9%8A%D9%84-%D8%A7%D9%84%D8%AE%D8%A8%D8%B1%D8%A7%D8%A1/b3f7145b-9f2a-4cb4-aef7-1d917c679a65
2026-07-31 10:44:17,803 [INFO]     PDF trouvé: قرار فتح باب الترشيح (score: 35)
2026-07-31 10:44:17,804 [INFO]   [EXPIRÉE] فتح باب الترشيح لمنصب خبير... → 2026-05-29
2026-07-31 10:44:17,805 [INFO]   Détails: https://www.emploi-public.ma/ar/%D8%AA%D9%81%D8%A7%D8%B5%D9%8A%D9%84/%D8%AA%D8%B4%D8%BA%D9%8A%D9%84-%D8%A7%D9%84%D8%AE%D8%A8%D8%B1%D8%A7%D8%A1/d9255cd9-fe2e-4248-8eba-adf58b668823
2026-07-31 10:44:19,357 [INFO]     PDF trouvé: قرار فتح باب الترشيح (score: 35)
2026-07-31 10:44:19,358 [INFO]   [EXPIRÉE] فتح باب الترشيح لمنصب خبير في مجال التفاوض والسياسة التجارية... → 2026-04-03
2026-07-31 10:44:19,358 [INFO]   Détails: https://www.emploi-public.ma/ar/%D8%AA%D9%81%D8%A7%D8%B5%D9%8A%D9%84/%D8%AA%D8%B4%D8%BA%D9%8A%D9%84-%D8%A7%D9%84%D8%AE%D8%A8%D8%B1%D8%A7%D8%A1/0236914d-e17c-41c5-a5be-e632ad35f838
2026-07-31 10:44:20,253 [INFO]     PDF trouvé: قرار فتح باب الترشيح (score: 35)
2026-07-31 10:44:20,254 [INFO]   [EXPIRÉE] فتح باب الترشيح لمنصب خبير... → 2026-03-17
2026-07-31 10:44:20,255 [INFO]   Détails: https://www.emploi-public.ma/ar/%D8%AA%D9%81%D8%A7%D8%B5%D9%8A%D9%84/%D8%AA%D8%B4%D8%BA%D9%8A%D9%84-%D8%A7%D9%84%D8%AE%D8%A8%D8%B1%D8%A7%D8%A1/2a449c40-1832-450d-9eae-a70607bcac07
2026-07-31 10:44:21,629 [INFO]     PDF trouvé: قرار فتح باب الترشيح (score: 35)
2026-07-31 10:44:21,630 [INFO]   [EXPIRÉE] فتح باب الترشيح لمنصب خبير... → 2026-03-16
2026-07-31 10:44:21,630 [INFO] Page 2/5
2026-07-31 10:44:21,630 [INFO] Scraping page: https://www.emploi-public.ma/ar/قائمة-تشغيل-الخبراء?page=1
2026-07-31 10:44:22,585 [INFO]   → 9 annonces trouvées sur cette page
2026-07-31 10:44:22,586 [INFO]   Détails: https://www.emploi-public.ma/ar/%D8%AA%D9%81%D8%A7%D8%B5%D9%8A%D9%84/%D8%AA%D8%B4%D8%BA%D9%8A%D9%84-%D8%A7%D9%84%D8%AE%D8%A8%D8%B1%D8%A7%D8%A1/4854b58c-c09e-4edd-9a39-c01a0c414425
2026-07-31 10:44:23,946 [INFO]     PDF trouvé: قرار فتح باب الترشيح (score: 35)
2026-07-31 10:44:23,947 [INFO]   [EXPIRÉE] لائحة الناجحين لمنصب خبير في مجال الملاحة التجارية... → 2026-04-12
2026-07-31 10:44:23,947 [INFO]   Détails: https://www.emploi-public.ma/ar/%D8%AA%D9%81%D8%A7%D8%B5%D9%8A%D9%84/%D8%AA%D8%B4%D8%BA%D9%8A%D9%84-%D8%A7%D9%84%D8%AE%D8%A8%D8%B1%D8%A7%D8%A1/ff8d6494-748d-4698-8ef0-676cbd5b1951
2026-07-31 10:44:25,511 [INFO]     PDF trouvé: قرار فتح باب الترشيح (score: 35)
2026-07-31 10:44:25,512 [INFO]   [EXPIRÉE] فتح باب الترشيح لمنصب خبير في الشؤون القانونية... → 2026-06-25
2026-07-31 10:44:25,513 [INFO]   Détails: https://www.emploi-public.ma/ar/%D8%AA%D9%81%D8%A7%D8%B5%D9%8A%D9%84/%D8%AA%D8%B4%D8%BA%D9%8A%D9%84-%D8%A7%D9%84%D8%AE%D8%A8%D8%B1%D8%A7%D8%A1/abce4b98-a1d8-48f9-a84c-053f53697154
2026-07-31 10:44:26,691 [INFO]     PDF trouvé: قرار فتح باب الترشيح (score: 35)
2026-07-31 10:44:26,692 [INFO]   [EXPIRÉE] فتح باب الترشيح لمنصب خبير... → 2026-06-15
2026-07-31 10:44:26,692 [INFO]   Détails: https://www.emploi-public.ma/ar/%D8%AA%D9%81%D8%A7%D8%B5%D9%8A%D9%84/%D8%AA%D8%B4%D8%BA%D9%8A%D9%84-%D8%A7%D9%84%D8%AE%D8%A8%D8%B1%D8%A7%D8%A1/5030f678-19f4-4bc0-96c6-f5462b134c1c
2026-07-31 10:44:28,869 [INFO]     PDF trouvé: قرار فتح باب الترشيح (score: 35)
2026-07-31 10:44:28,870 [INFO]   [EXPIRÉE] فتح باب الترشيح لمنصب خبير... → 2026-06-08
2026-07-31 10:44:28,870 [INFO]   Détails: https://www.emploi-public.ma/ar/%D8%AA%D9%81%D8%A7%D8%B5%D9%8A%D9%84/%D8%AA%D8%B4%D8%BA%D9%8A%D9%84-%D8%A7%D9%84%D8%AE%D8%A8%D8%B1%D8%A7%D8%A1/b0a97522-0c72-4a26-8b32-da0c02e79891
2026-07-31 10:44:30,260 [INFO]     PDF trouvé: قرار فتح باب الترشيح (score: 35)
2026-07-31 10:44:30,262 [INFO]   [EXPIRÉE] فتح باب الترشيح لمنصب خبير متعاقد... → 2026-06-03
2026-07-31 10:44:30,262 [INFO]   Détails: https://www.emploi-public.ma/ar/%D8%AA%D9%81%D8%A7%D8%B5%D9%8A%D9%84/%D8%AA%D8%B4%D8%BA%D9%8A%D9%84-%D8%A7%D9%84%D8%AE%D8%A8%D8%B1%D8%A7%D8%A1/b3f7145b-9f2a-4cb4-aef7-1d917c679a65
2026-07-31 10:44:31,171 [INFO]     PDF trouvé: قرار فتح باب الترشيح (score: 35)
2026-07-31 10:44:31,172 [INFO]   [EXPIRÉE] فتح باب الترشيح لمنصب خبير... → 2026-05-29
2026-07-31 10:44:31,172 [INFO]   Détails: https://www.emploi-public.ma/ar/%D8%AA%D9%81%D8%A7%D8%B5%D9%8A%D9%84/%D8%AA%D8%B4%D8%BA%D9%8A%D9%84-%D8%A7%D9%84%D8%AE%D8%A8%D8%B1%D8%A7%D8%A1/d9255cd9-fe2e-4248-8eba-adf58b668823
2026-07-31 10:44:32,072 [INFO]     PDF trouvé: قرار فتح باب الترشيح (score: 35)
2026-07-31 10:44:32,073 [INFO]   [EXPIRÉE] فتح باب الترشيح لمنصب خبير في مجال التفاوض والسياسة التجارية... → 2026-04-03
2026-07-31 10:44:32,073 [INFO]   Détails: https://www.emploi-public.ma/ar/%D8%AA%D9%81%D8%A7%D8%B5%D9%8A%D9%84/%D8%AA%D8%B4%D8%BA%D9%8A%D9%84-%D8%A7%D9%84%D8%AE%D8%A8%D8%B1%D8%A7%D8%A1/0236914d-e17c-41c5-a5be-e632ad35f838
2026-07-31 10:44:32,962 [INFO]     PDF trouvé: قرار فتح باب الترشيح (score: 35)
2026-07-31 10:44:32,963 [INFO]   [EXPIRÉE] فتح باب الترشيح لمنصب خبير... → 2026-03-17
2026-07-31 10:44:32,963 [INFO]   Détails: https://www.emploi-public.ma/ar/%D8%AA%D9%81%D8%A7%D8%B5%D9%8A%D9%84/%D8%AA%D8%B4%D8%BA%D9%8A%D9%84-%D8%A7%D9%84%D8%AE%D8%A8%D8%B1%D8%A7%D8%A1/2a449c40-1832-450d-9eae-a70607bcac07
2026-07-31 10:44:34,525 [INFO]     PDF trouvé: قرار فتح باب الترشيح (score: 35)
2026-07-31 10:44:34,526 [INFO]   [EXPIRÉE] فتح باب الترشيح لمنصب خبير... → 2026-03-16
2026-07-31 10:44:34,526 [INFO] Page 3/5
2026-07-31 10:44:34,526 [INFO] Scraping page: https://www.emploi-public.ma/ar/قائمة-تشغيل-الخبراء?page=2
2026-07-31 10:44:35,771 [INFO]   → 9 annonces trouvées sur cette page
2026-07-31 10:44:35,772 [INFO]   Détails: https://www.emploi-public.ma/ar/%D8%AA%D9%81%D8%A7%D8%B5%D9%8A%D9%84/%D8%AA%D8%B4%D8%BA%D9%8A%D9%84-%D8%A7%D9%84%D8%AE%D8%A8%D8%B1%D8%A7%D8%A1/1f2e38a5-0fe9-4f17-89fb-d23ab9140242
2026-07-31 10:44:36,721 [INFO]     PDF trouvé: قرار فتح باب الترشيح (score: 35)
2026-07-31 10:44:36,722 [INFO]   [EXPIRÉE] فتح باب الترشيح لمنصب خبير في المجالات المرتبطة بتطوير آليات... → 2026-03-12
2026-07-31 10:44:36,722 [INFO]   Détails: https://www.emploi-public.ma/ar/%D8%AA%D9%81%D8%A7%D8%B5%D9%8A%D9%84/%D8%AA%D8%B4%D8%BA%D9%8A%D9%84-%D8%A7%D9%84%D8%AE%D8%A8%D8%B1%D8%A7%D8%A1/2401abad-8177-4fdc-8c76-354d03f61cd3
2026-07-31 10:44:37,809 [INFO]     PDF trouvé: قرار فتح باب الترشيح (score: 35)
2026-07-31 10:44:37,810 [INFO]   [EXPIRÉE] فتح باب الترشيح لمنصب خبير... → 2026-02-18
2026-07-31 10:44:37,810 [INFO]   Détails: https://www.emploi-public.ma/ar/%D8%AA%D9%81%D8%A7%D8%B5%D9%8A%D9%84/%D8%AA%D8%B4%D8%BA%D9%8A%D9%84-%D8%A7%D9%84%D8%AE%D8%A8%D8%B1%D8%A7%D8%A1/ad16f9e2-25eb-4a06-9a7a-572410c14d55
2026-07-31 10:44:40,207 [INFO]     PDF trouvé: قرار فتح باب الترشيح (score: 35)
2026-07-31 10:44:40,208 [INFO]   [EXPIRÉE] فتح باب الترشيح لمنصب خبير في مجال حكامة المؤسسات والمنشآت ا... → 2025-12-23
2026-07-31 10:44:40,208 [INFO]   Détails: https://www.emploi-public.ma/ar/%D8%AA%D9%81%D8%A7%D8%B5%D9%8A%D9%84/%D8%AA%D8%B4%D8%BA%D9%8A%D9%84-%D8%A7%D9%84%D8%AE%D8%A8%D8%B1%D8%A7%D8%A1/302ab5a1-fa28-4ec1-9341-8ba50b6bf810
2026-07-31 10:44:41,107 [INFO]     PDF trouvé: قرار فتح باب الترشيح (score: 35)
2026-07-31 10:44:41,108 [INFO]   [EXPIRÉE] فتح باب الترشيح لمنصب خبير بموجب عقد... → 2025-12-21
2026-07-31 10:44:41,108 [INFO]   Détails: https://www.emploi-public.ma/ar/%D8%AA%D9%81%D8%A7%D8%B5%D9%8A%D9%84/%D8%AA%D8%B4%D8%BA%D9%8A%D9%84-%D8%A7%D9%84%D8%AE%D8%A8%D8%B1%D8%A7%D8%A1/f9f74e66-af9e-4c4a-9cec-491e7d25fbbb
2026-07-31 10:44:42,023 [INFO]     PDF trouvé: قرار فتح باب الترشيح (score: 35)
2026-07-31 10:44:42,024 [INFO]   [EXPIRÉE] لائحة الناجحين لمنصب خبير في مجال التقييم ومنح التراخيص... → 2025-12-06
2026-07-31 10:44:42,025 [INFO]   Détails: https://www.emploi-public.ma/ar/%D8%AA%D9%81%D8%A7%D8%B5%D9%8A%D9%84/%D8%AA%D8%B4%D8%BA%D9%8A%D9%84-%D8%A7%D9%84%D8%AE%D8%A8%D8%B1%D8%A7%D8%A1/99f49e97-4b0e-4897-b1c6-a1a811d179d9
2026-07-31 10:44:42,958 [INFO]     PDF trouvé: قرار فتح باب الترشيح (score: 35)
2026-07-31 10:44:42,959 [INFO]   [EXPIRÉE] لائحة الناجحين لمنصب خبيرفي مجال مراقبة الجودة الدوائية... → 2025-12-06
2026-07-31 10:44:42,959 [INFO]   Détails: https://www.emploi-public.ma/ar/%D8%AA%D9%81%D8%A7%D8%B5%D9%8A%D9%84/%D8%AA%D8%B4%D8%BA%D9%8A%D9%84-%D8%A7%D9%84%D8%AE%D8%A8%D8%B1%D8%A7%D8%A1/121493c9-78d8-44bf-b408-e42f8bf43d27
2026-07-31 10:44:43,866 [INFO]     PDF trouvé: قرار فتح باب الترشيح (score: 35)
2026-07-31 10:44:43,867 [INFO]   [EXPIRÉE] فتح باب الترشيح لمنصب خبير في التنسيق المؤسساتي والتعاون الد... → 2025-12-05
2026-07-31 10:44:43,867 [INFO]   Détails: https://www.emploi-public.ma/ar/%D8%AA%D9%81%D8%A7%D8%B5%D9%8A%D9%84/%D8%AA%D8%B4%D8%BA%D9%8A%D9%84-%D8%A7%D9%84%D8%AE%D8%A8%D8%B1%D8%A7%D8%A1/336eb4a9-c147-4981-94da-c636a748f7a0
2026-07-31 10:44:45,037 [INFO]     PDF trouvé: قرار فتح باب الترشيح (score: 35)
2026-07-31 10:44:45,038 [INFO]   [EXPIRÉE] لائحة الناجحين لمنصب خبير مكلف بقيادة إنجاز دراسات وأشغال مل... → 2025-09-30
2026-07-31 10:44:45,039 [INFO]   Détails: https://www.emploi-public.ma/ar/%D8%AA%D9%81%D8%A7%D8%B5%D9%8A%D9%84/%D8%AA%D8%B4%D8%BA%D9%8A%D9%84-%D8%A7%D9%84%D8%AE%D8%A8%D8%B1%D8%A7%D8%A1/0917753f-ac81-4229-b8d4-5292cae1510a
2026-07-31 10:44:46,303 [INFO]     PDF trouvé: قرار فتح باب الترشيح (score: 35)
2026-07-31 10:44:46,304 [INFO]   [EXPIRÉE] فتح باب الترشيح لمنصب خبير بموجب عقد... → 2025-06-11
2026-07-31 10:44:46,305 [INFO] Page 4/5
2026-07-31 10:44:46,305 [INFO] Scraping page: https://www.emploi-public.ma/ar/قائمة-تشغيل-الخبراء?page=3
2026-07-31 10:44:47,337 [INFO]   → 9 annonces trouvées sur cette page
2026-07-31 10:44:47,338 [INFO]   Détails: https://www.emploi-public.ma/ar/%D8%AA%D9%81%D8%A7%D8%B5%D9%8A%D9%84/%D8%AA%D8%B4%D8%BA%D9%8A%D9%84-%D8%A7%D9%84%D8%AE%D8%A8%D8%B1%D8%A7%D8%A1/1e6a6ce8-141e-4fe3-b660-097a9342e904
2026-07-31 10:44:49,529 [INFO]     PDF trouvé: قرار فتح باب الترشيح (score: 35)
2026-07-31 10:44:49,530 [INFO]   [EXPIRÉE] فتح باب الترشيح لمنصب خبير في مجال الشؤون القانونية... → 2025-06-09
2026-07-31 10:44:49,530 [INFO]   Détails: https://www.emploi-public.ma/ar/%D8%AA%D9%81%D8%A7%D8%B5%D9%8A%D9%84/%D8%AA%D8%B4%D8%BA%D9%8A%D9%84-%D8%A7%D9%84%D8%AE%D8%A8%D8%B1%D8%A7%D8%A1/9973e98f-4e11-40f1-aeae-194d055be60c
2026-07-31 10:44:51,357 [INFO]     PDF trouvé: قرار فتح باب الترشيح (score: 35)
2026-07-31 10:44:51,358 [INFO]   [EXPIRÉE] فتح باب الترشيح لمنصب خبير في مجال علوم المحيطات و البيئة ال... → 2025-06-06
2026-07-31 10:44:51,358 [INFO]   Détails: https://www.emploi-public.ma/ar/%D8%AA%D9%81%D8%A7%D8%B5%D9%8A%D9%84/%D8%AA%D8%B4%D8%BA%D9%8A%D9%84-%D8%A7%D9%84%D8%AE%D8%A8%D8%B1%D8%A7%D8%A1/c4333ade-5b69-4a9b-b1d6-23858dca3e02
2026-07-31 10:44:52,403 [INFO]     PDF trouvé: قرار فتح باب الترشيح (score: 35)
2026-07-31 10:44:52,404 [INFO]   [EXPIRÉE] فتح باب الترشيح لمنصب 4 خبراء في المجالات المبينة في بطائق ا... → 2025-05-14
2026-07-31 10:44:52,404 [INFO]   Détails: https://www.emploi-public.ma/ar/%D8%AA%D9%81%D8%A7%D8%B5%D9%8A%D9%84/%D8%AA%D8%B4%D8%BA%D9%8A%D9%84-%D8%A7%D9%84%D8%AE%D8%A8%D8%B1%D8%A7%D8%A1/3d556890-d88a-4b78-aa10-b953f3a04785
2026-07-31 10:44:56,788 [INFO]     PDF trouvé: قرار فتح باب الترشيح (score: 35)
2026-07-31 10:44:56,789 [INFO]   [EXPIRÉE] فتح باب الترشيح لمنصب خبير في الشؤون القانونية... → 2025-05-02
2026-07-31 10:44:56,789 [INFO]   Détails: https://www.emploi-public.ma/ar/%D8%AA%D9%81%D8%A7%D8%B5%D9%8A%D9%84/%D8%AA%D8%B4%D8%BA%D9%8A%D9%84-%D8%A7%D9%84%D8%AE%D8%A8%D8%B1%D8%A7%D8%A1/1d5f52e9-1b4b-423d-bf9b-935a34d3caf2
2026-07-31 10:44:57,792 [INFO]     PDF trouvé: قرار فتح باب الترشيح (score: 35)
2026-07-31 10:44:57,793 [INFO]   [EXPIRÉE] فتح باب الترشيح لمنصب خبير بعقد... → 2025-04-18
2026-07-31 10:44:57,793 [INFO]   Détails: https://www.emploi-public.ma/ar/%D8%AA%D9%81%D8%A7%D8%B5%D9%8A%D9%84/%D8%AA%D8%B4%D8%BA%D9%8A%D9%84-%D8%A7%D9%84%D8%AE%D8%A8%D8%B1%D8%A7%D8%A1/ee7b273d-5714-41aa-9489-a47d37eb618e
2026-07-31 10:45:00,664 [INFO]     PDF trouvé: قرار فتح باب الترشيح (score: 35)
2026-07-31 10:45:00,666 [INFO]   [EXPIRÉE] فتح باب الترشيح لمنصب خبيرفي مجال السياسة المائية و الري... → 2025-04-07
2026-07-31 10:45:00,666 [INFO]   Détails: https://www.emploi-public.ma/ar/%D8%AA%D9%81%D8%A7%D8%B5%D9%8A%D9%84/%D8%AA%D8%B4%D8%BA%D9%8A%D9%84-%D8%A7%D9%84%D8%AE%D8%A8%D8%B1%D8%A7%D8%A1/74c6b2c0-7af0-4688-937b-1881caa843f0
2026-07-31 10:45:02,604 [INFO]     PDF trouvé: قرار فتح باب الترشيح (score: 35)
2026-07-31 10:45:02,605 [INFO]   [EXPIRÉE] فتح باب الترشيح لمنصب خبير في مجال السمعي البصري و السينما... → 2025-03-31
2026-07-31 10:45:02,606 [INFO]   Détails: https://www.emploi-public.ma/ar/%D8%AA%D9%81%D8%A7%D8%B5%D9%8A%D9%84/%D8%AA%D8%B4%D8%BA%D9%8A%D9%84-%D8%A7%D9%84%D8%AE%D8%A8%D8%B1%D8%A7%D8%A1/efe61f8c-79ae-41bf-851e-67e779047d6a
2026-07-31 10:45:10,439 [INFO]     PDF trouvé: قرار فتح باب الترشيح (score: 35)
2026-07-31 10:45:10,440 [INFO]   [EXPIRÉE] فتح باب الترشيح لمنصب منصب خبير في المجال المرتبط بمجال الهن... → 2025-03-27
2026-07-31 10:45:10,440 [INFO]   Détails: https://www.emploi-public.ma/ar/%D8%AA%D9%81%D8%A7%D8%B5%D9%8A%D9%84/%D8%AA%D8%B4%D8%BA%D9%8A%D9%84-%D8%A7%D9%84%D8%AE%D8%A8%D8%B1%D8%A7%D8%A1/c8ffa879-6f01-46df-9beb-eb9ae0a6f554
2026-07-31 10:45:11,438 [INFO]     PDF trouvé: قرار فتح باب الترشيح (score: 35)
2026-07-31 10:45:11,439 [INFO]   [EXPIRÉE] فتح باب الترشيح لمنصب خبير في مجال صياغة إستراتيجية شاملة و ... → 2025-03-21
2026-07-31 10:45:11,439 [INFO] Page 5/5
2026-07-31 10:45:11,439 [INFO] Scraping page: https://www.emploi-public.ma/ar/قائمة-تشغيل-الخبراء?page=4
2026-07-31 10:45:12,794 [INFO]   → 9 annonces trouvées sur cette page
2026-07-31 10:45:12,795 [INFO]   Détails: https://www.emploi-public.ma/ar/%D8%AA%D9%81%D8%A7%D8%B5%D9%8A%D9%84/%D8%AA%D8%B4%D8%BA%D9%8A%D9%84-%D8%A7%D9%84%D8%AE%D8%A8%D8%B1%D8%A7%D8%A1/a538c27d-7e09-4441-9551-b22fe9e9d017
2026-07-31 10:45:15,416 [INFO]     PDF trouvé: قرار فتح باب الترشيح (score: 35)
2026-07-31 10:45:15,417 [INFO]   [EXPIRÉE] فتح باب الترشيح لمنصب خبير في مجال إستراتيجية منظومة التعليم... → 2025-03-21
2026-07-31 10:45:15,418 [INFO]   Détails: https://www.emploi-public.ma/ar/%D8%AA%D9%81%D8%A7%D8%B5%D9%8A%D9%84/%D8%AA%D8%B4%D8%BA%D9%8A%D9%84-%D8%A7%D9%84%D8%AE%D8%A8%D8%B1%D8%A7%D8%A1/cf3172d1-8c15-4404-b1ff-21c154c7da2f
2026-07-31 10:45:18,397 [INFO]     PDF trouvé: قرار فتح باب الترشيح (score: 35)
2026-07-31 10:45:18,398 [INFO]   [EXPIRÉE] فتح باب الترشيح لمنصب خبير في مجال تطوير التعاون... → 2025-03-21
2026-07-31 10:45:18,398 [INFO]   Détails: https://www.emploi-public.ma/ar/%D8%AA%D9%81%D8%A7%D8%B5%D9%8A%D9%84/%D8%AA%D8%B4%D8%BA%D9%8A%D9%84-%D8%A7%D9%84%D8%AE%D8%A8%D8%B1%D8%A7%D8%A1/55bfa14b-dac1-4967-b1b6-8983cea09ed9
2026-07-31 10:45:19,372 [INFO]     PDF trouvé: قرار فتح باب الترشيح (score: 35)
2026-07-31 10:45:19,373 [INFO]   [EXPIRÉE] فتح باب الترشيح لمنصب خبير في مجال نظم المعلوميات... → 2025-03-21
2026-07-31 10:45:19,373 [INFO]   Détails: https://www.emploi-public.ma/ar/%D8%AA%D9%81%D8%A7%D8%B5%D9%8A%D9%84/%D8%AA%D8%B4%D8%BA%D9%8A%D9%84-%D8%A7%D9%84%D8%AE%D8%A8%D8%B1%D8%A7%D8%A1/9ebae75d-f857-4c4d-9e16-0108b872c04f
2026-07-31 10:45:23,622 [INFO]     PDF trouvé: قرار فتح باب الترشيح (score: 35)
2026-07-31 10:45:23,623 [INFO]   [EXPIRÉE] فتح باب الترشيح لمنصب إدارة المشاريع و التدبير الإداري و الم... → 2025-03-19
2026-07-31 10:45:23,623 [INFO]   Détails: https://www.emploi-public.ma/ar/%D8%AA%D9%81%D8%A7%D8%B5%D9%8A%D9%84/%D8%AA%D8%B4%D8%BA%D9%8A%D9%84-%D8%A7%D9%84%D8%AE%D8%A8%D8%B1%D8%A7%D8%A1/0608bdd0-0a58-4c90-a1d5-bd3483116452
2026-07-31 10:45:24,850 [INFO]     PDF trouvé: قرار فتح باب الترشيح (score: 35)
2026-07-31 10:45:24,851 [INFO]   [EXPIRÉE] فتح باب الترشيح لمنصب منصب خبير في مجال البحوث والتجارب العل... → 2025-02-03
2026-07-31 10:45:24,852 [INFO]   Détails: https://www.emploi-public.ma/ar/%D8%AA%D9%81%D8%A7%D8%B5%D9%8A%D9%84/%D8%AA%D8%B4%D8%BA%D9%8A%D9%84-%D8%A7%D9%84%D8%AE%D8%A8%D8%B1%D8%A7%D8%A1/0cff84fa-82b2-4363-93e0-a88e5063ef0b
2026-07-31 10:45:26,058 [INFO]     PDF trouvé: قرار فتح باب الترشيح (score: 35)
2026-07-31 10:45:26,059 [INFO]   [EXPIRÉE] فتح باب الترشيح لمنصب خبير في مجال تدبير وتسيير أسواق الحبوب... → 2025-01-27
2026-07-31 10:45:26,060 [INFO]   Détails: https://www.emploi-public.ma/ar/%D8%AA%D9%81%D8%A7%D8%B5%D9%8A%D9%84/%D8%AA%D8%B4%D8%BA%D9%8A%D9%84-%D8%A7%D9%84%D8%AE%D8%A8%D8%B1%D8%A7%D8%A1/74373088-bc5e-4908-985b-9b0086ffaed3
2026-07-31 10:45:29,682 [INFO]     PDF trouvé: قرار فتح باب الترشيح (score: 35)
2026-07-31 10:45:29,683 [INFO]   [EXPIRÉE] فتح باب الترشيح لمنصب خبير... → 2025-01-24
2026-07-31 10:45:29,683 [INFO]   Détails: https://www.emploi-public.ma/ar/%D8%AA%D9%81%D8%A7%D8%B5%D9%8A%D9%84/%D8%AA%D8%B4%D8%BA%D9%8A%D9%84-%D8%A7%D9%84%D8%AE%D8%A8%D8%B1%D8%A7%D8%A1/c14080a7-f964-4481-923d-668331b39671
2026-07-31 10:45:31,170 [INFO]     PDF trouvé: قرار فتح باب الترشيح (score: 35)
2026-07-31 10:45:31,171 [INFO]   [EXPIRÉE] فتح باب الترشيح لمنصب خبير... → 2025-01-24
2026-07-31 10:45:31,171 [INFO]   Détails: https://www.emploi-public.ma/ar/%D8%AA%D9%81%D8%A7%D8%B5%D9%8A%D9%84/%D8%AA%D8%B4%D8%BA%D9%8A%D9%84-%D8%A7%D9%84%D8%AE%D8%A8%D8%B1%D8%A7%D8%A1/728ebc5b-6b53-4539-b18a-620011be8614
2026-07-31 10:45:32,117 [INFO]     PDF trouvé: قرار فتح باب الترشيح (score: 35)
2026-07-31 10:45:32,119 [INFO]   [EXPIRÉE] فتح باب الترشيح لمنصب خبير... → 2025-01-24
2026-07-31 10:45:32,122 [INFO] 
============================================================
2026-07-31 10:45:32,122 [INFO] RÉSUMÉ
2026-07-31 10:45:32,122 [INFO] ============================================================
2026-07-31 10:45:32,122 [INFO] Annonces traitées: 200
2026-07-31 10:45:32,122 [INFO] Dates en cours: 67
2026-07-31 10:45:32,122 [INFO] Dates expirées: 89
2026-07-31 10:45:32,123 [INFO] Total résultats en base: 228
2026-07-31 10:45:34,158 [INFO] Email envoyé à cavalkhalid@gmail.com
2026-07-31 10:45:34,159 [INFO] 
Scraper terminé.
2026-08-01 09:59:40,536 [INFO] ============================================================
2026-08-01 09:59:40,536 [INFO] DÉMARRAGE DU SCRAPER emploi-public.ma (AR)
2026-08-01 09:59:40,536 [INFO] Date: 2026-08-01 09:59:40
2026-08-01 09:59:40,536 [INFO] ============================================================
2026-08-01 09:59:40,537 [INFO] 
--- Catégorie: مناصب المسؤولية ---
2026-08-01 09:59:40,537 [INFO] Page 1/5
2026-08-01 09:59:40,537 [INFO] Scraping page: https://www.emploi-public.ma/ar/قائمة-مناصب-المسؤولية
2026-08-01 09:59:41,821 [INFO]   → 13 annonces trouvées sur cette page
2026-08-01 09:59:41,821 [INFO]   Détails: https://www.emploi-public.ma/ar/%D8%AA%D9%81%D8%A7%D8%B5%D9%8A%D9%84/%D9%85%D9%86%D8%A7%D8%B5%D8%A8-%D8%A7%D9%84%D9%85%D8%B3%D8%A4%D9%88%D9%84%D9%8A%D8%A9/b349c2e5-0e5e-42d2-bf1d-d96f5da31081
2026-08-01 09:59:42,921 [INFO]     PDF trouvé: قرار فتح باب الترشيح (score: 35)
2026-08-01 09:59:42,921 [INFO]   [EXPIRÉE] فتح باب الترشيح ل مناصب المسؤولية ب وزارة الداخلية -عمالة إق... → 2026-07-31
2026-08-01 09:59:42,922 [INFO]   Détails: https://www.emploi-public.ma/ar/%D8%AA%D9%81%D8%A7%D8%B5%D9%8A%D9%84/%D9%85%D9%86%D8%A7%D8%B5%D8%A8-%D8%A7%D9%84%D9%85%D8%B3%D8%A4%D9%88%D9%84%D9%8A%D8%A9/65bb098d-84db-4eea-a26f-408d847c19d6
2026-08-01 09:59:44,074 [INFO]     PDF trouvé: قرار فتح باب الترشيح (score: 35)
2026-08-01 09:59:44,075 [INFO]   [EXPIRÉE] لائحة الناجحين في مناصب المسؤولية ب وزارة الداخلية -عمالة إق... → 2026-06-11
2026-08-01 09:59:44,076 [INFO]   Détails: https://www.emploi-public.ma/ar/%D8%AA%D9%81%D8%A7%D8%B5%D9%8A%D9%84/%D9%85%D9%86%D8%A7%D8%B5%D8%A8-%D8%A7%D9%84%D9%85%D8%B3%D8%A4%D9%88%D9%84%D9%8A%D8%A9/4634f231-1c41-439b-9e77-a5c74ee289d4
2026-08-01 09:59:45,828 [INFO]     PDF trouvé: قرار فتح باب الترشيح (score: 35)
2026-08-01 09:59:45,829 [INFO]   [EXPIRÉE] لائحة الناجحين في مناصب المسؤولية ب وزارة الداخلية -عمالة إق... → 2026-06-11
2026-08-01 09:59:45,829 [INFO]   Détails: https://www.emploi-public.ma/ar/%D8%AA%D9%81%D8%A7%D8%B5%D9%8A%D9%84/%D9%85%D9%86%D8%A7%D8%B5%D8%A8-%D8%A7%D9%84%D9%85%D8%B3%D8%A4%D9%88%D9%84%D9%8A%D8%A9/36fa2f7f-c1b1-4034-9c58-493276fbf647
2026-08-01 09:59:46,776 [INFO]     PDF trouvé: قرار فتح باب الترشيح (score: 35)
2026-08-01 09:59:46,776 [INFO]   [EXPIRÉE] لائحة الناجحين في مناصب المسؤولية ب وزارة الداخلية -عمالة إق... → 2026-06-11
2026-08-01 09:59:46,777 [INFO]   Détails: https://www.emploi-public.ma/ar/%D8%AA%D9%81%D8%A7%D8%B5%D9%8A%D9%84/%D9%85%D9%86%D8%A7%D8%B5%D8%A8-%D8%A7%D9%84%D9%85%D8%B3%D8%A4%D9%88%D9%84%D9%8A%D8%A9/506cdea9-bd57-40fd-8470-b783d8301a02
2026-08-01 09:59:49,188 [INFO]     PDF trouvé: قرار فتح باب الترشيح (score: 35)
2026-08-01 09:59:49,189 [INFO]   [EXPIRÉE] لائحة الناجحين في مناصب المسؤولية ب وزارة الداخلية -عمالة إق... → 2026-06-11
2026-08-01 09:59:49,189 [INFO]   Détails: https://www.emploi-public.ma/ar/%D8%AA%D9%81%D8%A7%D8%B5%D9%8A%D9%84/%D9%85%D9%86%D8%A7%D8%B5%D8%A8-%D8%A7%D9%84%D9%85%D8%B3%D8%A4%D9%88%D9%84%D9%8A%D8%A9/2d35329b-1cad-4415-adf4-37f8ccdc54bc
2026-08-01 09:59:50,252 [INFO]     PDF trouvé: قرار فتح باب الترشيح (score: 35)
2026-08-01 09:59:50,254 [INFO]   [EN COURS] فتح باب الترشيح ل مناصب المسؤولية ب وزارة الاقتصاد والمالية... → 2026-08-24
2026-08-01 09:59:50,254 [INFO]   Détails: https://www.emploi-public.ma/ar/%D8%AA%D9%81%D8%A7%D8%B5%D9%8A%D9%84/%D9%85%D9%86%D8%A7%D8%B5%D8%A8-%D8%A7%D9%84%D9%85%D8%B3%D8%A4%D9%88%D9%84%D9%8A%D8%A9/285038bc-37a7-4968-9df1-c4814ae91a9d
2026-08-01 09:59:51,343 [INFO]     PDF trouvé: قرار فتح باب الترشيح (score: 35)
2026-08-01 09:59:51,344 [INFO]   [EN COURS] فتح باب الترشيح ل مناصب المسؤولية ب وزارة الاقتصاد والمالية... → 2026-08-18
2026-08-01 09:59:51,344 [INFO]   Détails: https://www.emploi-public.ma/ar/%D8%AA%D9%81%D8%A7%D8%B5%D9%8A%D9%84/%D9%85%D9%86%D8%A7%D8%B5%D8%A8-%D8%A7%D9%84%D9%85%D8%B3%D8%A4%D9%88%D9%84%D9%8A%D8%A9/5a13f04d-51f3-490a-8d5f-e8129d1b81cd
2026-08-01 09:59:52,258 [INFO]     PDF trouvé: قرار فتح باب الترشيح (score: 35)
2026-08-01 09:59:52,259 [INFO]   [EXPIRÉE] لائحة الناجحين في مناصب المسؤولية ب وزارة الداخلية -عمالة إق... → 2025-10-23
2026-08-01 09:59:52,259 [INFO]   Détails: https://www.emploi-public.ma/ar/%D8%AA%D9%81%D8%A7%D8%B5%D9%8A%D9%84/%D9%85%D9%86%D8%A7%D8%B5%D8%A8-%D8%A7%D9%84%D9%85%D8%B3%D8%A4%D9%88%D9%84%D9%8A%D8%A9/262a482b-c213-4b4a-a4bd-760b53f42418
2026-08-01 09:59:53,542 [INFO]     PDF trouvé: قرار فتح باب الترشيح (score: 35)
2026-08-01 09:59:53,543 [INFO]   [EXPIRÉE] فتح باب الترشيح ل مناصب المسؤولية ب وزارة الداخلية... → 2026-07-29
2026-08-01 09:59:53,543 [INFO]   Détails: https://www.emploi-public.ma/ar/%D8%AA%D9%81%D8%A7%D8%B5%D9%8A%D9%84/%D9%85%D9%86%D8%A7%D8%B5%D8%A8-%D8%A7%D9%84%D9%85%D8%B3%D8%A4%D9%88%D9%84%D9%8A%D8%A9/82a367a4-9e6b-4f24-9501-90cafcd5dfa9
2026-08-01 09:59:54,772 [INFO]     PDF trouvé: قرار فتح باب الترشيح (score: 35)
2026-08-01 09:59:54,773 [INFO]   [EN COURS] مدير المجال الصحي والمنطقة الصحية ومستشفى التخصصات بتطوان ال... → 2026-08-03
2026-08-01 09:59:54,773 [INFO]   Détails: https://www.emploi-public.ma/ar/%D8%AA%D9%81%D8%A7%D8%B5%D9%8A%D9%84/%D9%85%D9%86%D8%A7%D8%B5%D8%A8-%D8%A7%D9%84%D9%85%D8%B3%D8%A4%D9%88%D9%84%D9%8A%D8%A9/3994c0b9-790d-4e5d-b147-c784cf157aab
2026-08-01 09:59:55,669 [INFO]     PDF trouvé: قرار فتح باب الترشيح (score: 35)
2026-08-01 09:59:55,670 [INFO]   [EN COURS] فتح باب الترشيح لمناصب المسؤولية بوزارة الفلاحة والصيد البحر... → 2026-08-03
2026-08-01 09:59:55,670 [INFO]   Détails: https://www.emploi-public.ma/ar/%D8%AA%D9%81%D8%A7%D8%B5%D9%8A%D9%84/%D9%85%D9%86%D8%A7%D8%B5%D8%A8-%D8%A7%D9%84%D9%85%D8%B3%D8%A4%D9%88%D9%84%D9%8A%D8%A9/a465eb2b-2599-42fd-b836-1b381a8ff0b8
2026-08-01 09:59:56,584 [INFO]     PDF trouvé: قرار فتح باب الترشيح (score: 35)
2026-08-01 09:59:56,585 [INFO]   [EN COURS] مدير قطب الشؤون العقارية والقانونية... → 2026-08-03
2026-08-01 09:59:56,585 [INFO]   Détails: https://www.emploi-public.ma/ar/%D8%AA%D9%81%D8%A7%D8%B5%D9%8A%D9%84/%D9%85%D9%86%D8%A7%D8%B5%D8%A8-%D8%A7%D9%84%D9%85%D8%B3%D8%A4%D9%88%D9%84%D9%8A%D8%A9/9dcfad78-b01c-461d-9cf6-d4c88f3c8b6c
2026-08-01 09:59:57,494 [INFO]     PDF trouvé: قرار فتح باب الترشيح (score: 35)
2026-08-01 09:59:57,495 [INFO]   [EN COURS] رئيس قسم القياس التصويري... → 2026-08-03
2026-08-01 09:59:57,495 [INFO] Page 2/5
2026-08-01 09:59:57,495 [INFO] Scraping page: https://www.emploi-public.ma/ar/قائمة-مناصب-المسؤولية?page=1
2026-08-01 09:59:58,820 [INFO]   → 13 annonces trouvées sur cette page
2026-08-01 09:59:58,821 [INFO]   Détails: https://www.emploi-public.ma/ar/%D8%AA%D9%81%D8%A7%D8%B5%D9%8A%D9%84/%D9%85%D9%86%D8%A7%D8%B5%D8%A8-%D8%A7%D9%84%D9%85%D8%B3%D8%A4%D9%88%D9%84%D9%8A%D8%A9/b349c2e5-0e5e-42d2-bf1d-d96f5da31081
2026-08-01 09:59:59,716 [INFO]     PDF trouvé: قرار فتح باب الترشيح (score: 35)
2026-08-01 09:59:59,717 [INFO]   [EXPIRÉE] فتح باب الترشيح ل مناصب المسؤولية ب وزارة الداخلية -عمالة إق... → 2026-07-31
2026-08-01 09:59:59,717 [INFO]   Détails: https://www.emploi-public.ma/ar/%D8%AA%D9%81%D8%A7%D8%B5%D9%8A%D9%84/%D9%85%D9%86%D8%A7%D8%B5%D8%A8-%D8%A7%D9%84%D9%85%D8%B3%D8%A4%D9%88%D9%84%D9%8A%D8%A9/65bb098d-84db-4eea-a26f-408d847c19d6
2026-08-01 10:00:00,619 [INFO]     PDF trouvé: قرار فتح باب الترشيح (score: 35)
2026-08-01 10:00:00,620 [INFO]   [EXPIRÉE] لائحة الناجحين في مناصب المسؤولية ب وزارة الداخلية -عمالة إق... → 2026-06-11
2026-08-01 10:00:00,621 [INFO]   Détails: https://www.emploi-public.ma/ar/%D8%AA%D9%81%D8%A7%D8%B5%D9%8A%D9%84/%D9%85%D9%86%D8%A7%D8%B5%D8%A8-%D8%A7%D9%84%D9%85%D8%B3%D8%A4%D9%88%D9%84%D9%8A%D8%A9/4634f231-1c41-439b-9e77-a5c74ee289d4
2026-08-01 10:00:01,835 [INFO]     PDF trouvé: قرار فتح باب الترشيح (score: 35)
2026-08-01 10:00:01,836 [INFO]   [EXPIRÉE] لائحة الناجحين في مناصب المسؤولية ب وزارة الداخلية -عمالة إق... → 2026-06-11
2026-08-01 10:00:01,836 [INFO]   Détails: https://www.emploi-public.ma/ar/%D8%AA%D9%81%D8%A7%D8%B5%D9%8A%D9%84/%D9%85%D9%86%D8%A7%D8%B5%D8%A8-%D8%A7%D9%84%D9%85%D8%B3%D8%A4%D9%88%D9%84%D9%8A%D8%A9/36fa2f7f-c1b1-4034-9c58-493276fbf647
2026-08-01 10:00:02,790 [INFO]     PDF trouvé: قرار فتح باب الترشيح (score: 35)
2026-08-01 10:00:02,791 [INFO]   [EXPIRÉE] لائحة الناجحين في مناصب المسؤولية ب وزارة الداخلية -عمالة إق... → 2026-06-11
2026-08-01 10:00:02,792 [INFO]   Détails: https://www.emploi-public.ma/ar/%D8%AA%D9%81%D8%A7%D8%B5%D9%8A%D9%84/%D9%85%D9%86%D8%A7%D8%B5%D8%A8-%D8%A7%D9%84%D9%85%D8%B3%D8%A4%D9%88%D9%84%D9%8A%D8%A9/506cdea9-bd57-40fd-8470-b783d8301a02
2026-08-01 10:00:03,702 [INFO]     PDF trouvé: قرار فتح باب الترشيح (score: 35)
2026-08-01 10:00:03,703 [INFO]   [EXPIRÉE] لائحة الناجحين في مناصب المسؤولية ب وزارة الداخلية -عمالة إق... → 2026-06-11
2026-08-01 10:00:03,703 [INFO]   Détails: https://www.emploi-public.ma/ar/%D8%AA%D9%81%D8%A7%D8%B5%D9%8A%D9%84/%D9%85%D9%86%D8%A7%D8%B5%D8%A8-%D8%A7%D9%84%D9%85%D8%B3%D8%A4%D9%88%D9%84%D9%8A%D8%A9/2d35329b-1cad-4415-adf4-37f8ccdc54bc
2026-08-01 10:00:04,789 [INFO]     PDF trouvé: قرار فتح باب الترشيح (score: 35)
2026-08-01 10:00:04,790 [INFO]   [EN COURS] فتح باب الترشيح ل مناصب المسؤولية ب وزارة الاقتصاد والمالية... → 2026-08-24
2026-08-01 10:00:04,790 [INFO]   Détails: https://www.emploi-public.ma/ar/%D8%AA%D9%81%D8%A7%D8%B5%D9%8A%D9%84/%D9%85%D9%86%D8%A7%D8%B5%D8%A8-%D8%A7%D9%84%D9%85%D8%B3%D8%A4%D9%88%D9%84%D9%8A%D8%A9/285038bc-37a7-4968-9df1-c4814ae91a9d
2026-08-01 10:00:05,735 [INFO]     PDF trouvé: قرار فتح باب الترشيح (score: 35)
2026-08-01 10:00:05,736 [INFO]   [EN COURS] فتح باب الترشيح ل مناصب المسؤولية ب وزارة الاقتصاد والمالية... → 2026-08-18
2026-08-01 10:00:05,737 [INFO]   Détails: https://www.emploi-public.ma/ar/%D8%AA%D9%81%D8%A7%D8%B5%D9%8A%D9%84/%D9%85%D9%86%D8%A7%D8%B5%D8%A8-%D8%A7%D9%84%D9%85%D8%B3%D8%A4%D9%88%D9%84%D9%8A%D8%A9/5a13f04d-51f3-490a-8d5f-e8129d1b81cd
2026-08-01 10:00:06,773 [INFO]     PDF trouvé: قرار فتح باب الترشيح (score: 35)
2026-08-01 10:00:06,773 [INFO]   [EXPIRÉE] لائحة الناجحين في مناصب المسؤولية ب وزارة الداخلية -عمالة إق... → 2025-10-23
2026-08-01 10:00:06,774 [INFO]   Détails: https://www.emploi-public.ma/ar/%D8%AA%D9%81%D8%A7%D8%B5%D9%8A%D9%84/%D9%85%D9%86%D8%A7%D8%B5%D8%A8-%D8%A7%D9%84%D9%85%D8%B3%D8%A4%D9%88%D9%84%D9%8A%D8%A9/262a482b-c213-4b4a-a4bd-760b53f42418
2026-08-01 10:00:07,702 [INFO]     PDF trouvé: قرار فتح باب الترشيح (score: 35)
2026-08-01 10:00:07,703 [INFO]   [EXPIRÉE] فتح باب الترشيح ل مناصب المسؤولية ب وزارة الداخلية... → 2026-07-29
2026-08-01 10:00:07,703 [INFO]   Détails: https://www.emploi-public.ma/ar/%D8%AA%D9%81%D8%A7%D8%B5%D9%8A%D9%84/%D9%85%D9%86%D8%A7%D8%B5%D8%A8-%D8%A7%D9%84%D9%85%D8%B3%D8%A4%D9%88%D9%84%D9%8A%D8%A9/82a367a4-9e6b-4f24-9501-90cafcd5dfa9
2026-08-01 10:00:08,925 [INFO]     PDF trouvé: قرار فتح باب الترشيح (score: 35)
2026-08-01 10:00:08,926 [INFO]   [EN COURS] مدير المجال الصحي والمنطقة الصحية ومستشفى التخصصات بتطوان ال... → 2026-08-03
2026-08-01 10:00:08,926 [INFO]   Détails: https://www.emploi-public.ma/ar/%D8%AA%D9%81%D8%A7%D8%B5%D9%8A%D9%84/%D9%85%D9%86%D8%A7%D8%B5%D8%A8-%D8%A7%D9%84%D9%85%D8%B3%D8%A4%D9%88%D9%84%D9%8A%D8%A9/3994c0b9-790d-4e5d-b147-c784cf157aab
2026-08-01 10:00:09,847 [INFO]     PDF trouvé: قرار فتح باب الترشيح (score: 35)
2026-08-01 10:00:09,848 [INFO]   [EN COURS] فتح باب الترشيح لمناصب المسؤولية بوزارة الفلاحة والصيد البحر... → 2026-08-03
2026-08-01 10:00:09,849 [INFO]   Détails: https://www.emploi-public.ma/ar/%D8%AA%D9%81%D8%A7%D8%B5%D9%8A%D9%84/%D9%85%D9%86%D8%A7%D8%B5%D8%A8-%D8%A7%D9%84%D9%85%D8%B3%D8%A4%D9%88%D9%84%D9%8A%D8%A9/a465eb2b-2599-42fd-b836-1b381a8ff0b8
2026-08-01 10:00:11,154 [INFO]     PDF trouvé: قرار فتح باب الترشيح (score: 35)
2026-08-01 10:00:11,155 [INFO]   [EN COURS] مدير قطب الشؤون العقارية والقانونية... → 2026-08-03
2026-08-01 10:00:11,155 [INFO]   Détails: https://www.emploi-public.ma/ar/%D8%AA%D9%81%D8%A7%D8%B5%D9%8A%D9%84/%D9%85%D9%86%D8%A7%D8%B5%D8%A8-%D8%A7%D9%84%D9%85%D8%B3%D8%A4%D9%88%D9%84%D9%8A%D8%A9/9dcfad78-b01c-461d-9cf6-d4c88f3c8b6c
2026-08-01 10:00:12,052 [INFO]     PDF trouvé: قرار فتح باب الترشيح (score: 35)
2026-08-01 10:00:12,053 [INFO]   [EN COURS] رئيس قسم القياس التصويري... → 2026-08-03
2026-08-01 10:00:12,053 [INFO] Page 3/5
2026-08-01 10:00:12,053 [INFO] Scraping page: https://www.emploi-public.ma/ar/قائمة-مناصب-المسؤولية?page=2
2026-08-01 10:00:13,100 [INFO]   → 13 annonces trouvées sur cette page
2026-08-01 10:00:13,101 [INFO]   Détails: https://www.emploi-public.ma/ar/%D8%AA%D9%81%D8%A7%D8%B5%D9%8A%D9%84/%D9%85%D9%86%D8%A7%D8%B5%D8%A8-%D8%A7%D9%84%D9%85%D8%B3%D8%A4%D9%88%D9%84%D9%8A%D8%A9/bbf54236-0cc0-46f5-9846-687214970426
2026-08-01 10:00:14,023 [INFO]     PDF trouvé: قرار فتح باب الترشيح (score: 35)
2026-08-01 10:00:14,025 [INFO]   [EN COURS] فتح باب الترشيح ل مناصب المسؤولية ب وزارة الإدماج الاقتصادي ... → 2026-08-17
2026-08-01 10:00:14,025 [INFO]   Détails: https://www.emploi-public.ma/ar/%D8%AA%D9%81%D8%A7%D8%B5%D9%8A%D9%84/%D9%85%D9%86%D8%A7%D8%B5%D8%A8-%D8%A7%D9%84%D9%85%D8%B3%D8%A4%D9%88%D9%84%D9%8A%D8%A9/18e6ba17-b540-42c6-8238-9aa9e7466107
2026-08-01 10:00:14,942 [INFO]     PDF trouvé: قرار فتح باب الترشيح (score: 35)
2026-08-01 10:00:14,943 [INFO]   [EN COURS] فتح باب الترشيح ل مناصب المسؤولية ب وزارة الإدماج الاقتصادي ... → 2026-08-17
2026-08-01 10:00:14,943 [INFO]   Détails: https://www.emploi-public.ma/ar/%D8%AA%D9%81%D8%A7%D8%B5%D9%8A%D9%84/%D9%85%D9%86%D8%A7%D8%B5%D8%A8-%D8%A7%D9%84%D9%85%D8%B3%D8%A4%D9%88%D9%84%D9%8A%D8%A9/27397f57-ce50-41fe-8f91-52dbdbcd606f
2026-08-01 10:00:15,858 [INFO]     PDF trouvé: قرار فتح باب الترشيح (score: 35)
2026-08-01 10:00:15,859 [INFO]   [EN COURS] فتح باب الترشيح ل مناصب المسؤولية ب وزارة الإدماج الاقتصادي ... → 2026-08-17
2026-08-01 10:00:15,860 [INFO]   Détails: https://www.emploi-public.ma/ar/%D8%AA%D9%81%D8%A7%D8%B5%D9%8A%D9%84/%D9%85%D9%86%D8%A7%D8%B5%D8%A8-%D8%A7%D9%84%D9%85%D8%B3%D8%A4%D9%88%D9%84%D9%8A%D8%A9/3efa0379-8999-4eb9-9e12-51aabb9fcb7a
2026-08-01 10:00:16,774 [INFO]     PDF trouvé: قرار فتح باب الترشيح (score: 35)
2026-08-01 10:00:16,774 [INFO]   [EN COURS] فتح باب الترشيح ل مناصب المسؤولية ب وزارة الإدماج الاقتصادي ... → 2026-08-17
2026-08-01 10:00:16,775 [INFO]   Détails: https://www.emploi-public.ma/ar/%D8%AA%D9%81%D8%A7%D8%B5%D9%8A%D9%84/%D9%85%D9%86%D8%A7%D8%B5%D8%A8-%D8%A7%D9%84%D9%85%D8%B3%D8%A4%D9%88%D9%84%D9%8A%D8%A9/6bf72bad-f1df-449e-b7f2-7bf6242b2d85
2026-08-01 10:00:19,259 [INFO]     PDF trouvé: قرار فتح باب الترشيح (score: 35)
2026-08-01 10:00:19,260 [INFO]   [EXPIRÉE] لائحة المدعوين لاجتياز اختبار الترشيح ل مناصب المسؤولية ب ال... → 2026-07-28
2026-08-01 10:00:19,260 [INFO]   Détails: https://www.emploi-public.ma/ar/%D8%AA%D9%81%D8%A7%D8%B5%D9%8A%D9%84/%D9%85%D9%86%D8%A7%D8%B5%D8%A8-%D8%A7%D9%84%D9%85%D8%B3%D8%A4%D9%88%D9%84%D9%8A%D8%A9/88a3c177-a5a5-42cb-bd48-b9bd40b4dd9c
2026-08-01 10:00:20,069 [INFO]     PDF trouvé: قرار فتح باب الترشيح (score: 35)
2026-08-01 10:00:20,070 [INFO]   [EN COURS] فتح باب الترشيح ل مناصب المسؤولية ب وزارة الاستثمار والتقائي... → 2026-08-13
2026-08-01 10:00:20,071 [INFO]   Détails: https://www.emploi-public.ma/ar/%D8%AA%D9%81%D8%A7%D8%B5%D9%8A%D9%84/%D9%85%D9%86%D8%A7%D8%B5%D8%A8-%D8%A7%D9%84%D9%85%D8%B3%D8%A4%D9%88%D9%84%D9%8A%D8%A9/3e173e9a-b44a-4437-8833-cc9f01098518
2026-08-01 10:00:21,132 [INFO]     PDF trouvé: قرار فتح باب الترشيح (score: 35)
2026-08-01 10:00:21,132 [INFO]   [EN COURS] فتح باب الترشيح ل مناصب المسؤولية ب وزارة الاستثمار والتقائي... → 2026-09-02
2026-08-01 10:00:21,133 [INFO]   Détails: https://www.emploi-public.ma/ar/%D8%AA%D9%81%D8%A7%D8%B5%D9%8A%D9%84/%D9%85%D9%86%D8%A7%D8%B5%D8%A8-%D8%A7%D9%84%D9%85%D8%B3%D8%A4%D9%88%D9%84%D9%8A%D8%A9/8c9ac269-4b96-49e3-8f6b-b0dceb95333a
2026-08-01 10:00:22,049 [INFO]     PDF trouvé: قرار فتح باب الترشيح (score: 35)
2026-08-01 10:00:22,050 [INFO]   [EXPIRÉE] لائحة الناجحين في  الهيئة الوطنية للنزاهة والوقاية من الرشوة... → 2026-05-11
2026-08-01 10:00:22,050 [INFO]   Détails: https://www.emploi-public.ma/ar/%D8%AA%D9%81%D8%A7%D8%B5%D9%8A%D9%84/%D9%85%D9%86%D8%A7%D8%B5%D8%A8-%D8%A7%D9%84%D9%85%D8%B3%D8%A4%D9%88%D9%84%D9%8A%D8%A9/7aaef45a-4894-4434-a9fa-ea2f02e5fe60
2026-08-01 10:00:22,979 [INFO]     PDF trouvé: قرار فتح باب الترشيح (score: 35)
2026-08-01 10:00:22,980 [INFO]   [EN COURS] فتح باب الترشيح ل مناصب المسؤولية ب الوزارة المنتدبة لدى رئي... → 2026-08-21
2026-08-01 10:00:22,980 [INFO]   Détails: https://www.emploi-public.ma/ar/%D8%AA%D9%81%D8%A7%D8%B5%D9%8A%D9%84/%D9%85%D9%86%D8%A7%D8%B5%D8%A8-%D8%A7%D9%84%D9%85%D8%B3%D8%A4%D9%88%D9%84%D9%8A%D8%A9/82a367a4-9e6b-4f24-9501-90cafcd5dfa9
2026-08-01 10:00:23,882 [INFO]     PDF trouvé: قرار فتح باب الترشيح (score: 35)
2026-08-01 10:00:23,883 [INFO]   [EN COURS] مدير المجال الصحي والمنطقة الصحية ومستشفى التخصصات بتطوان ال... → 2026-08-03
2026-08-01 10:00:23,883 [INFO]   Détails: https://www.emploi-public.ma/ar/%D8%AA%D9%81%D8%A7%D8%B5%D9%8A%D9%84/%D9%85%D9%86%D8%A7%D8%B5%D8%A8-%D8%A7%D9%84%D9%85%D8%B3%D8%A4%D9%88%D9%84%D9%8A%D8%A9/3994c0b9-790d-4e5d-b147-c784cf157aab
2026-08-01 10:00:25,194 [INFO]     PDF trouvé: قرار فتح باب الترشيح (score: 35)
2026-08-01 10:00:25,194 [INFO]   [EN COURS] فتح باب الترشيح لمناصب المسؤولية بوزارة الفلاحة والصيد البحر... → 2026-08-03
2026-08-01 10:00:25,195 [INFO]   Détails: https://www.emploi-public.ma/ar/%D8%AA%D9%81%D8%A7%D8%B5%D9%8A%D9%84/%D9%85%D9%86%D8%A7%D8%B5%D8%A8-%D8%A7%D9%84%D9%85%D8%B3%D8%A4%D9%88%D9%84%D9%8A%D8%A9/a465eb2b-2599-42fd-b836-1b381a8ff0b8
2026-08-01 10:00:26,299 [INFO]     PDF trouvé: قرار فتح باب الترشيح (score: 35)
2026-08-01 10:00:26,300 [INFO]   [EN COURS] مدير قطب الشؤون العقارية والقانونية... → 2026-08-03
2026-08-01 10:00:26,301 [INFO]   Détails: https://www.emploi-public.ma/ar/%D8%AA%D9%81%D8%A7%D8%B5%D9%8A%D9%84/%D9%85%D9%86%D8%A7%D8%B5%D8%A8-%D8%A7%D9%84%D9%85%D8%B3%D8%A4%D9%88%D9%84%D9%8A%D8%A9/9dcfad78-b01c-461d-9cf6-d4c88f3c8b6c
2026-08-01 10:00:27,545 [INFO]     PDF trouvé: قرار فتح باب الترشيح (score: 35)
2026-08-01 10:00:27,546 [INFO]   [EN COURS] رئيس قسم القياس التصويري... → 2026-08-03
2026-08-01 10:00:27,546 [INFO] Page 4/5
2026-08-01 10:00:27,546 [INFO] Scraping page: https://www.emploi-public.ma/ar/قائمة-مناصب-المسؤولية?page=3
2026-08-01 10:00:29,089 [INFO]   → 13 annonces trouvées sur cette page
2026-08-01 10:00:29,090 [INFO]   Détails: https://www.emploi-public.ma/ar/%D8%AA%D9%81%D8%A7%D8%B5%D9%8A%D9%84/%D9%85%D9%86%D8%A7%D8%B5%D8%A8-%D8%A7%D9%84%D9%85%D8%B3%D8%A4%D9%88%D9%84%D9%8A%D8%A9/1bdf85ad-c948-4784-b473-af98b5a2bdc4
2026-08-01 10:00:30,008 [INFO]     PDF trouvé: قرار فتح باب الترشيح (score: 35)
2026-08-01 10:00:30,009 [INFO]   [EXPIRÉE] لائحة الناجحين في مناصب المسؤولية ب المندوبية السامية للتخطي... → 2026-05-25
2026-08-01 10:00:30,009 [INFO]   Détails: https://www.emploi-public.ma/ar/%D8%AA%D9%81%D8%A7%D8%B5%D9%8A%D9%84/%D9%85%D9%86%D8%A7%D8%B5%D8%A8-%D8%A7%D9%84%D9%85%D8%B3%D8%A4%D9%88%D9%84%D9%8A%D8%A9/3b6918d1-3c36-4588-a26b-fbe714b6e52d
2026-08-01 10:00:30,897 [INFO]     PDF trouvé: قرار فتح باب الترشيح (score: 35)
2026-08-01 10:00:30,898 [INFO]   [EXPIRÉE] لائحة الناجحين في مناصب المسؤولية ب وزارة النقل واللوجيستيك... → 2026-06-24
2026-08-01 10:00:30,898 [INFO]   Détails: https://www.emploi-public.ma/ar/%D8%AA%D9%81%D8%A7%D8%B5%D9%8A%D9%84/%D9%85%D9%86%D8%A7%D8%B5%D8%A8-%D8%A7%D9%84%D9%85%D8%B3%D8%A4%D9%88%D9%84%D9%8A%D8%A9/0980a243-6477-4507-adfd-9b6f8101454e
2026-08-01 10:00:31,782 [INFO]     PDF trouvé: قرار فتح باب الترشيح (score: 35)
2026-08-01 10:00:31,783 [INFO]   [EXPIRÉE] لائحة الناجحين في مناصب المسؤولية ب وزارة الاستثمار والتقائي... → 2026-07-13
2026-08-01 10:00:31,783 [INFO]   Détails: https://www.emploi-public.ma/ar/%D8%AA%D9%81%D8%A7%D8%B5%D9%8A%D9%84/%D9%85%D9%86%D8%A7%D8%B5%D8%A8-%D8%A7%D9%84%D9%85%D8%B3%D8%A4%D9%88%D9%84%D9%8A%D8%A9/a8f3b666-0ba4-4912-9600-c46c7e32dece
2026-08-01 10:00:32,932 [INFO]     PDF trouvé: قرار فتح باب الترشيح (score: 35)
2026-08-01 10:00:32,933 [INFO]   [EXPIRÉE] لائحة الناجحين في مناصب المسؤولية ب وزارة النقل واللوجيستيك... → 2026-06-17
2026-08-01 10:00:32,933 [INFO]   Détails: https://www.emploi-public.ma/ar/%D8%AA%D9%81%D8%A7%D8%B5%D9%8A%D9%84/%D9%85%D9%86%D8%A7%D8%B5%D8%A8-%D8%A7%D9%84%D9%85%D8%B3%D8%A4%D9%88%D9%84%D9%8A%D8%A9/881fad78-1510-43dd-a038-743c67dd20f8
2026-08-01 10:00:33,810 [INFO]     PDF trouvé: قرار فتح باب الترشيح (score: 35)
2026-08-01 10:00:33,811 [INFO]   [EXPIRÉE] لائحة الناجحين في مناصب المسؤولية ب وزارة الداخلية... → 2026-04-24
2026-08-01 10:00:33,811 [INFO]   Détails: https://www.emploi-public.ma/ar/%D8%AA%D9%81%D8%A7%D8%B5%D9%8A%D9%84/%D9%85%D9%86%D8%A7%D8%B5%D8%A8-%D8%A7%D9%84%D9%85%D8%B3%D8%A4%D9%88%D9%84%D9%8A%D8%A9/f9c3410a-a7c1-4545-a915-6bb6f06b4d81
2026-08-01 10:00:34,708 [INFO]     PDF trouvé: قرار فتح باب الترشيح (score: 35)
2026-08-01 10:00:34,709 [INFO]   [EXPIRÉE] فتح باب الترشيح ل مناصب المسؤولية ب وزارة الشباب والثقافة وا... → 2026-07-27
2026-08-01 10:00:34,710 [INFO]   Détails: https://www.emploi-public.ma/ar/%D8%AA%D9%81%D8%A7%D8%B5%D9%8A%D9%84/%D9%85%D9%86%D8%A7%D8%B5%D8%A8-%D8%A7%D9%84%D9%85%D8%B3%D8%A4%D9%88%D9%84%D9%8A%D8%A9/612573a1-79ab-4881-8d6d-9f2c884be589
2026-08-01 10:00:35,838 [INFO]     PDF trouvé: قرار فتح باب الترشيح (score: 35)
2026-08-01 10:00:35,839 [INFO]   [EXPIRÉE] لائحة الناجحين في مناصب المسؤولية ب وزارة الشباب والثقافة وا... → 2026-07-10
2026-08-01 10:00:35,840 [INFO]   Détails: https://www.emploi-public.ma/ar/%D8%AA%D9%81%D8%A7%D8%B5%D9%8A%D9%84/%D9%85%D9%86%D8%A7%D8%B5%D8%A8-%D8%A7%D9%84%D9%85%D8%B3%D8%A4%D9%88%D9%84%D9%8A%D8%A9/558f23e7-7989-4f9c-92e0-0a469e30efd4
2026-08-01 10:00:36,737 [INFO]     PDF trouvé: قرار فتح باب الترشيح (score: 35)
2026-08-01 10:00:36,738 [INFO]   [EN COURS] فتح باب الترشيح ل مناصب المسؤولية ب وزارة الداخلية -إقليم ال... → 2026-08-07
2026-08-01 10:00:36,738 [INFO]   Détails: https://www.emploi-public.ma/ar/%D8%AA%D9%81%D8%A7%D8%B5%D9%8A%D9%84/%D9%85%D9%86%D8%A7%D8%B5%D8%A8-%D8%A7%D9%84%D9%85%D8%B3%D8%A4%D9%88%D9%84%D9%8A%D8%A9/4b74dd44-e60b-4bf9-b229-9cbbd8da67fe
2026-08-01 10:00:37,727 [INFO]     PDF trouvé: قرار فتح باب الترشيح (score: 35)
2026-08-01 10:00:37,728 [INFO]   [EXPIRÉE] لائحة المدعوين لاجتياز اختبار الترشيح ل مناصب المسؤولية ب وز... → 2026-01-23
2026-08-01 10:00:37,728 [INFO]   Détails: https://www.emploi-public.ma/ar/%D8%AA%D9%81%D8%A7%D8%B5%D9%8A%D9%84/%D9%85%D9%86%D8%A7%D8%B5%D8%A8-%D8%A7%D9%84%D9%85%D8%B3%D8%A4%D9%88%D9%84%D9%8A%D8%A9/82a367a4-9e6b-4f24-9501-90cafcd5dfa9
2026-08-01 10:00:38,625 [INFO]     PDF trouvé: قرار فتح باب الترشيح (score: 35)
2026-08-01 10:00:38,626 [INFO]   [EN COURS] مدير المجال الصحي والمنطقة الصحية ومستشفى التخصصات بتطوان ال... → 2026-08-03
2026-08-01 10:00:38,627 [INFO]   Détails: https://www.emploi-public.ma/ar/%D8%AA%D9%81%D8%A7%D8%B5%D9%8A%D9%84/%D9%85%D9%86%D8%A7%D8%B5%D8%A8-%D8%A7%D9%84%D9%85%D8%B3%D8%A4%D9%88%D9%84%D9%8A%D8%A9/3994c0b9-790d-4e5d-b147-c784cf157aab
2026-08-01 10:00:39,524 [INFO]     PDF trouvé: قرار فتح باب الترشيح (score: 35)
2026-08-01 10:00:39,525 [INFO]   [EN COURS] فتح باب الترشيح لمناصب المسؤولية بوزارة الفلاحة والصيد البحر... → 2026-08-03
2026-08-01 10:00:39,525 [INFO]   Détails: https://www.emploi-public.ma/ar/%D8%AA%D9%81%D8%A7%D8%B5%D9%8A%D9%84/%D9%85%D9%86%D8%A7%D8%B5%D8%A8-%D8%A7%D9%84%D9%85%D8%B3%D8%A4%D9%88%D9%84%D9%8A%D8%A9/a465eb2b-2599-42fd-b836-1b381a8ff0b8
2026-08-01 10:00:40,427 [INFO]     PDF trouvé: قرار فتح باب الترشيح (score: 35)
2026-08-01 10:00:40,428 [INFO]   [EN COURS] مدير قطب الشؤون العقارية والقانونية... → 2026-08-03
2026-08-01 10:00:40,429 [INFO]   Détails: https://www.emploi-public.ma/ar/%D8%AA%D9%81%D8%A7%D8%B5%D9%8A%D9%84/%D9%85%D9%86%D8%A7%D8%B5%D8%A8-%D8%A7%D9%84%D9%85%D8%B3%D8%A4%D9%88%D9%84%D9%8A%D8%A9/9dcfad78-b01c-461d-9cf6-d4c88f3c8b6c
2026-08-01 10:00:41,365 [INFO]     PDF trouvé: قرار فتح باب الترشيح (score: 35)
2026-08-01 10:00:41,367 [INFO]   [EN COURS] رئيس قسم القياس التصويري... → 2026-08-03
2026-08-01 10:00:41,367 [INFO] Page 5/5
2026-08-01 10:00:41,367 [INFO] Scraping page: https://www.emploi-public.ma/ar/قائمة-مناصب-المسؤولية?page=4
2026-08-01 10:00:42,349 [INFO]   → 13 annonces trouvées sur cette page
2026-08-01 10:00:42,350 [INFO]   Détails: https://www.emploi-public.ma/ar/%D8%AA%D9%81%D8%A7%D8%B5%D9%8A%D9%84/%D9%85%D9%86%D8%A7%D8%B5%D8%A8-%D8%A7%D9%84%D9%85%D8%B3%D8%A4%D9%88%D9%84%D9%8A%D8%A9/0980a32b-6d19-43fe-9a78-fed5be8e0263
2026-08-01 10:00:43,242 [INFO]     PDF trouvé: قرار فتح باب الترشيح (score: 35)
2026-08-01 10:00:43,243 [INFO]   [EXPIRÉE] فتح باب الترشيح ل مناصب المسؤولية ب وزارة الداخلية -عمالة إق... → 2026-07-24
2026-08-01 10:00:43,243 [INFO]   Détails: https://www.emploi-public.ma/ar/%D8%AA%D9%81%D8%A7%D8%B5%D9%8A%D9%84/%D9%85%D9%86%D8%A7%D8%B5%D8%A8-%D8%A7%D9%84%D9%85%D8%B3%D8%A4%D9%88%D9%84%D9%8A%D8%A9/e22ab9f5-ac8e-4159-ba33-da0d5a040314
2026-08-01 10:00:44,294 [INFO]     PDF trouvé: قرار فتح باب الترشيح (score: 35)
2026-08-01 10:00:44,295 [INFO]   [EXPIRÉE] فتح باب الترشيح ل مناصب المسؤولية ب وزارة السياحة والصناعة ا... → 2026-07-24
2026-08-01 10:00:44,295 [INFO]   Détails: https://www.emploi-public.ma/ar/%D8%AA%D9%81%D8%A7%D8%B5%D9%8A%D9%84/%D9%85%D9%86%D8%A7%D8%B5%D8%A8-%D8%A7%D9%84%D9%85%D8%B3%D8%A4%D9%88%D9%84%D9%8A%D8%A9/8de5030f-7a8e-4e77-b6df-4d8be658c7e7
2026-08-01 10:00:45,229 [INFO]     PDF trouvé: قرار فتح باب الترشيح (score: 35)
2026-08-01 10:00:45,230 [INFO]   [EXPIRÉE] لائحة المدعوين لاجتياز اختبار الترشيح ل مناصب المسؤولية ب وز... → 2026-04-05
2026-08-01 10:00:45,230 [INFO]   Détails: https://www.emploi-public.ma/ar/%D8%AA%D9%81%D8%A7%D8%B5%D9%8A%D9%84/%D9%85%D9%86%D8%A7%D8%B5%D8%A8-%D8%A7%D9%84%D9%85%D8%B3%D8%A4%D9%88%D9%84%D9%8A%D8%A9/a3ff8765-f34b-4a36-9023-7ae112e77594
2026-08-01 10:00:46,130 [INFO]     PDF trouvé: قرار فتح باب الترشيح (score: 35)
2026-08-01 10:00:46,131 [INFO]   [EN COURS] فتح باب الترشيح ل مناصب المسؤولية ب وزارة الشباب والثقافة وا... → 2026-08-07
2026-08-01 10:00:46,131 [INFO]   Détails: https://www.emploi-public.ma/ar/%D8%AA%D9%81%D8%A7%D8%B5%D9%8A%D9%84/%D9%85%D9%86%D8%A7%D8%B5%D8%A8-%D8%A7%D9%84%D9%85%D8%B3%D8%A4%D9%88%D9%84%D9%8A%D8%A9/c84a5637-77c0-4679-baa9-d49417d7e832
2026-08-01 10:00:47,089 [INFO]     PDF trouvé: قرار فتح باب الترشيح (score: 35)
2026-08-01 10:00:47,090 [INFO]   [EN COURS] فتح باب الترشيح ل مناصب المسؤولية ب وزارة الشباب والثقافة وا... → 2026-08-07
2026-08-01 10:00:47,090 [INFO]   Détails: https://www.emploi-public.ma/ar/%D8%AA%D9%81%D8%A7%D8%B5%D9%8A%D9%84/%D9%85%D9%86%D8%A7%D8%B5%D8%A8-%D8%A7%D9%84%D9%85%D8%B3%D8%A4%D9%88%D9%84%D9%8A%D8%A9/c4ac2878-050a-4908-86bc-a0f7ae46e4f4
2026-08-01 10:00:47,985 [INFO]     PDF trouvé: قرار فتح باب الترشيح (score: 35)
2026-08-01 10:00:47,986 [INFO]   [EXPIRÉE] لائحة الناجحين في مناصب المسؤولية ب وزارة الفلاحة والصيد الب... → 2026-07-07
2026-08-01 10:00:47,986 [INFO]   Détails: https://www.emploi-public.ma/ar/%D8%AA%D9%81%D8%A7%D8%B5%D9%8A%D9%84/%D9%85%D9%86%D8%A7%D8%B5%D8%A8-%D8%A7%D9%84%D9%85%D8%B3%D8%A4%D9%88%D9%84%D9%8A%D8%A9/2901b05e-8b4e-4745-b87d-a8cf158f579f
2026-08-01 10:00:48,861 [INFO]     PDF trouvé: قرار فتح باب الترشيح (score: 35)
2026-08-01 10:00:48,862 [INFO]   [EXPIRÉE] لائحة المدعوين لاجتياز اختبار الترشيح ل مناصب المسؤولية ب وز... → 2026-07-23
2026-08-01 10:00:48,862 [INFO]   Détails: https://www.emploi-public.ma/ar/%D8%AA%D9%81%D8%A7%D8%B5%D9%8A%D9%84/%D9%85%D9%86%D8%A7%D8%B5%D8%A8-%D8%A7%D9%84%D9%85%D8%B3%D8%A4%D9%88%D9%84%D9%8A%D8%A9/f9c21d46-0b87-4c11-af2d-b5305b2fc6ad
2026-08-01 10:00:49,891 [INFO]     PDF trouvé: قرار فتح باب الترشيح (score: 35)
2026-08-01 10:00:49,892 [INFO]   [EN COURS] فتح باب الترشيح ل مناصب المسؤولية ب وزارة الداخلية -عمالة إق... → 2026-08-13
2026-08-01 10:00:49,892 [INFO]   Détails: https://www.emploi-public.ma/ar/%D8%AA%D9%81%D8%A7%D8%B5%D9%8A%D9%84/%D9%85%D9%86%D8%A7%D8%B5%D8%A8-%D8%A7%D9%84%D9%85%D8%B3%D8%A4%D9%88%D9%84%D9%8A%D8%A9/1f0f0446-8044-4bda-a4f1-6e55b963a62f
2026-08-01 10:00:51,380 [INFO]     PDF trouvé: قرار فتح باب الترشيح (score: 35)
2026-08-01 10:00:51,381 [INFO]   [EXPIRÉE] لائحة المدعوين لاجتياز اختبار الترشيح ل مناصب المسؤولية ب وز... → 2026-06-29
2026-08-01 10:00:51,381 [INFO]   Détails: https://www.emploi-public.ma/ar/%D8%AA%D9%81%D8%A7%D8%B5%D9%8A%D9%84/%D9%85%D9%86%D8%A7%D8%B5%D8%A8-%D8%A7%D9%84%D9%85%D8%B3%D8%A4%D9%88%D9%84%D9%8A%D8%A9/82a367a4-9e6b-4f24-9501-90cafcd5dfa9
2026-08-01 10:00:52,617 [INFO]     PDF trouvé: قرار فتح باب الترشيح (score: 35)
2026-08-01 10:00:52,619 [INFO]   [EN COURS] مدير المجال الصحي والمنطقة الصحية ومستشفى التخصصات بتطوان ال... → 2026-08-03
2026-08-01 10:00:52,619 [INFO]   Détails: https://www.emploi-public.ma/ar/%D8%AA%D9%81%D8%A7%D8%B5%D9%8A%D9%84/%D9%85%D9%86%D8%A7%D8%B5%D8%A8-%D8%A7%D9%84%D9%85%D8%B3%D8%A4%D9%88%D9%84%D9%8A%D8%A9/3994c0b9-790d-4e5d-b147-c784cf157aab
2026-08-01 10:00:53,789 [INFO]     PDF trouvé: قرار فتح باب الترشيح (score: 35)
2026-08-01 10:00:53,790 [INFO]   [EN COURS] فتح باب الترشيح لمناصب المسؤولية بوزارة الفلاحة والصيد البحر... → 2026-08-03
2026-08-01 10:00:53,790 [INFO]   Détails: https://www.emploi-public.ma/ar/%D8%AA%D9%81%D8%A7%D8%B5%D9%8A%D9%84/%D9%85%D9%86%D8%A7%D8%B5%D8%A8-%D8%A7%D9%84%D9%85%D8%B3%D8%A4%D9%88%D9%84%D9%8A%D8%A9/a465eb2b-2599-42fd-b836-1b381a8ff0b8
2026-08-01 10:00:54,776 [INFO]     PDF trouvé: قرار فتح باب الترشيح (score: 35)
2026-08-01 10:00:54,777 [INFO]   [EN COURS] مدير قطب الشؤون العقارية والقانونية... → 2026-08-03
2026-08-01 10:00:54,777 [INFO]   Détails: https://www.emploi-public.ma/ar/%D8%AA%D9%81%D8%A7%D8%B5%D9%8A%D9%84/%D9%85%D9%86%D8%A7%D8%B5%D8%A8-%D8%A7%D9%84%D9%85%D8%B3%D8%A4%D9%88%D9%84%D9%8A%D8%A9/9dcfad78-b01c-461d-9cf6-d4c88f3c8b6c
2026-08-01 10:00:56,094 [INFO]     PDF trouvé: قرار فتح باب الترشيح (score: 35)
2026-08-01 10:00:56,095 [INFO]   [EN COURS] رئيس قسم القياس التصويري... → 2026-08-03
2026-08-01 10:00:56,095 [INFO] 
--- Catégorie: المناصب العليا ---
2026-08-01 10:00:56,095 [INFO] Page 1/5
2026-08-01 10:00:56,095 [INFO] Scraping page: https://www.emploi-public.ma/ar/قائمة-المناصب-العليا
2026-08-01 10:00:56,959 [INFO]   → 9 annonces trouvées sur cette page
2026-08-01 10:00:56,960 [INFO]   Détails: https://www.emploi-public.ma/ar/%D8%AA%D9%81%D8%A7%D8%B5%D9%8A%D9%84/%D8%A7%D9%84%D9%85%D9%86%D8%A7%D8%B5%D8%A8-%D8%A7%D9%84%D8%B9%D9%84%D9%8A%D8%A7/0caf53e1-867a-4e91-a2d5-4f18a1b80e58
2026-08-01 10:00:57,932 [WARNING] Format de date non reconnu: 30
2026-08-01 10:00:57,933 [INFO]     PDF trouvé: قرار فتح باب الترشيح (score: 35)
2026-08-01 10:00:57,933 [INFO]   [PAS DE DATE] فتح باب الترشيح للمناصب العليا مدير الموارد البشرية والمالية...
2026-08-01 10:00:57,934 [INFO]   Détails: https://www.emploi-public.ma/ar/%D8%AA%D9%81%D8%A7%D8%B5%D9%8A%D9%84/%D8%A7%D9%84%D9%85%D9%86%D8%A7%D8%B5%D8%A8-%D8%A7%D9%84%D8%B9%D9%84%D9%8A%D8%A7/a260f3d6-19bf-4755-87e7-64988bd5d952
2026-08-01 10:00:58,760 [WARNING] Format de date non reconnu: 30
2026-08-01 10:00:58,760 [INFO]     PDF trouvé: قرار فتح باب الترشيح (score: 35)
2026-08-01 10:00:58,761 [INFO]   [PAS DE DATE] فتح باب الترشيح للمناصب العليا مدير الملاحة الجوية المدنية...
2026-08-01 10:00:58,761 [INFO]   Détails: https://www.emploi-public.ma/ar/%D8%AA%D9%81%D8%A7%D8%B5%D9%8A%D9%84/%D8%A7%D9%84%D9%85%D9%86%D8%A7%D8%B5%D8%A8-%D8%A7%D9%84%D8%B9%D9%84%D9%8A%D8%A7/803881f5-f7fa-4f8f-b2cd-d6b1566b7fe5
2026-08-01 10:00:59,551 [WARNING] Format de date non reconnu: 30
2026-08-01 10:00:59,552 [INFO]     PDF trouvé: قرار فتح باب الترشيح (score: 35)
2026-08-01 10:00:59,553 [INFO]   [PAS DE DATE] فتح باب الترشيح للمناصب العليا مدير المعهد العالي للدراسات ا...
2026-08-01 10:00:59,553 [INFO]   Détails: https://www.emploi-public.ma/ar/%D8%AA%D9%81%D8%A7%D8%B5%D9%8A%D9%84/%D8%A7%D9%84%D9%85%D9%86%D8%A7%D8%B5%D8%A8-%D8%A7%D9%84%D8%B9%D9%84%D9%8A%D8%A7/43fe4445-da66-401e-a3c4-2562a221a332
2026-08-01 10:01:00,365 [WARNING] Format de date non reconnu: 30
2026-08-01 10:01:00,366 [INFO]     PDF trouvé: قرار فتح باب الترشيح (score: 35)
2026-08-01 10:01:00,367 [INFO]   [PAS DE DATE] فتح باب الترشيح للمناصب العليا مدير مؤسسة النهوض بالأعمال ال...
2026-08-01 10:01:00,367 [INFO]   Détails: https://www.emploi-public.ma/ar/%D8%AA%D9%81%D8%A7%D8%B5%D9%8A%D9%84/%D8%A7%D9%84%D9%85%D9%86%D8%A7%D8%B5%D8%A8-%D8%A7%D9%84%D8%B9%D9%84%D9%8A%D8%A7/2c16f418-dd0f-4bb2-b66e-f926057114f9
2026-08-01 10:01:01,156 [WARNING] Format de date non reconnu: 30
2026-08-01 10:01:01,157 [INFO]     PDF trouvé: قرار فتح باب الترشيح (score: 35)
2026-08-01 10:01:01,158 [INFO]   [PAS DE DATE] فتح باب الترشيح للمناصب العليا مدير الشباب...
2026-08-01 10:01:01,158 [INFO]   Détails: https://www.emploi-public.ma/ar/%D8%AA%D9%81%D8%A7%D8%B5%D9%8A%D9%84/%D8%A7%D9%84%D9%85%D9%86%D8%A7%D8%B5%D8%A8-%D8%A7%D9%84%D8%B9%D9%84%D9%8A%D8%A7/30d00bcd-df71-43f3-945e-2204e61cb425
2026-08-01 10:01:01,953 [WARNING] Format de date non reconnu: 30
2026-08-01 10:01:01,954 [INFO]     PDF trouvé: قرار فتح باب الترشيح (score: 35)
2026-08-01 10:01:01,955 [INFO]   [PAS DE DATE] فتح باب الترشيح للمناصب العليا مدير المعهد الوطني لكتابة الض...
2026-08-01 10:01:01,955 [INFO]   Détails: https://www.emploi-public.ma/ar/%D8%AA%D9%81%D8%A7%D8%B5%D9%8A%D9%84/%D8%A7%D9%84%D9%85%D9%86%D8%A7%D8%B5%D8%A8-%D8%A7%D9%84%D8%B9%D9%84%D9%8A%D8%A7/fb33496a-b3e4-46d5-a556-86d0223b04f8
2026-08-01 10:01:02,781 [WARNING] Format de date non reconnu: 30
2026-08-01 10:01:02,782 [INFO]     PDF trouvé: قرار فتح باب الترشيح (score: 35)
2026-08-01 10:01:02,782 [INFO]   [PAS DE DATE] فتح باب الترشيح للمناصب العليا مدير(ة) الشؤون العامة...
2026-08-01 10:01:02,783 [INFO]   Détails: https://www.emploi-public.ma/ar/%D8%AA%D9%81%D8%A7%D8%B5%D9%8A%D9%84/%D8%A7%D9%84%D9%85%D9%86%D8%A7%D8%B5%D8%A8-%D8%A7%D9%84%D8%B9%D9%84%D9%8A%D8%A7/d75f25b8-e1b6-4bba-9bf2-9bcc6a5e913c
2026-08-01 10:01:03,832 [WARNING] Format de date non reconnu: 30
2026-08-01 10:01:03,833 [INFO]     PDF trouvé: قرار فتح باب الترشيح (score: 35)
2026-08-01 10:01:03,834 [INFO]   [PAS DE DATE] فتح باب الترشيح للمناصب العليا مدير الانظمة والدراسات التاري...
2026-08-01 10:01:03,834 [INFO]   Détails: https://www.emploi-public.ma/ar/%D8%AA%D9%81%D8%A7%D8%B5%D9%8A%D9%84/%D8%A7%D9%84%D9%85%D9%86%D8%A7%D8%B5%D8%A8-%D8%A7%D9%84%D8%B9%D9%84%D9%8A%D8%A7/4d6a3c99-2658-4cfd-99b5-bc5c012c8e55
2026-08-01 10:01:04,640 [WARNING] Format de date non reconnu: 30
2026-08-01 10:01:04,641 [INFO]     PDF trouvé: قرار فتح باب الترشيح (score: 35)
2026-08-01 10:01:04,641 [INFO]   [PAS DE DATE] فتح باب الترشيح للمناصب العليا مدير(ة) المركز الوطني للامتحا...
2026-08-01 10:01:04,642 [INFO] Page 2/5
2026-08-01 10:01:04,642 [INFO] Scraping page: https://www.emploi-public.ma/ar/قائمة-المناصب-العليا?page=1
2026-08-01 10:01:06,086 [INFO]   → 9 annonces trouvées sur cette page
2026-08-01 10:01:06,087 [INFO]   Détails: https://www.emploi-public.ma/ar/%D8%AA%D9%81%D8%A7%D8%B5%D9%8A%D9%84/%D8%A7%D9%84%D9%85%D9%86%D8%A7%D8%B5%D8%A8-%D8%A7%D9%84%D8%B9%D9%84%D9%8A%D8%A7/0caf53e1-867a-4e91-a2d5-4f18a1b80e58
2026-08-01 10:01:09,616 [WARNING] Format de date non reconnu: 30
2026-08-01 10:01:09,616 [INFO]     PDF trouvé: قرار فتح باب الترشيح (score: 35)
2026-08-01 10:01:09,617 [INFO]   [PAS DE DATE] فتح باب الترشيح للمناصب العليا مدير الموارد البشرية والمالية...
2026-08-01 10:01:09,618 [INFO]   Détails: https://www.emploi-public.ma/ar/%D8%AA%D9%81%D8%A7%D8%B5%D9%8A%D9%84/%D8%A7%D9%84%D9%85%D9%86%D8%A7%D8%B5%D8%A8-%D8%A7%D9%84%D8%B9%D9%84%D9%8A%D8%A7/a260f3d6-19bf-4755-87e7-64988bd5d952
2026-08-01 10:01:10,421 [WARNING] Format de date non reconnu: 30
2026-08-01 10:01:10,421 [INFO]     PDF trouvé: قرار فتح باب الترشيح (score: 35)
2026-08-01 10:01:10,423 [INFO]   [PAS DE DATE] فتح باب الترشيح للمناصب العليا مدير الملاحة الجوية المدنية...
2026-08-01 10:01:10,423 [INFO]   Détails: https://www.emploi-public.ma/ar/%D8%AA%D9%81%D8%A7%D8%B5%D9%8A%D9%84/%D8%A7%D9%84%D9%85%D9%86%D8%A7%D8%B5%D8%A8-%D8%A7%D9%84%D8%B9%D9%84%D9%8A%D8%A7/803881f5-f7fa-4f8f-b2cd-d6b1566b7fe5
2026-08-01 10:01:11,320 [WARNING] Format de date non reconnu: 30
2026-08-01 10:01:11,321 [INFO]     PDF trouvé: قرار فتح باب الترشيح (score: 35)
2026-08-01 10:01:11,322 [INFO]   [PAS DE DATE] فتح باب الترشيح للمناصب العليا مدير المعهد العالي للدراسات ا...
2026-08-01 10:01:11,322 [INFO]   Détails: https://www.emploi-public.ma/ar/%D8%AA%D9%81%D8%A7%D8%B5%D9%8A%D9%84/%D8%A7%D9%84%D9%85%D9%86%D8%A7%D8%B5%D8%A8-%D8%A7%D9%84%D8%B9%D9%84%D9%8A%D8%A7/43fe4445-da66-401e-a3c4-2562a221a332
2026-08-01 10:01:12,120 [WARNING] Format de date non reconnu: 30
2026-08-01 10:01:12,121 [INFO]     PDF trouvé: قرار فتح باب الترشيح (score: 35)
2026-08-01 10:01:12,122 [INFO]   [PAS DE DATE] فتح باب الترشيح للمناصب العليا مدير مؤسسة النهوض بالأعمال ال...
2026-08-01 10:01:12,122 [INFO]   Détails: https://www.emploi-public.ma/ar/%D8%AA%D9%81%D8%A7%D8%B5%D9%8A%D9%84/%D8%A7%D9%84%D9%85%D9%86%D8%A7%D8%B5%D8%A8-%D8%A7%D9%84%D8%B9%D9%84%D9%8A%D8%A7/2c16f418-dd0f-4bb2-b66e-f926057114f9
2026-08-01 10:01:12,953 [WARNING] Format de date non reconnu: 30
2026-08-01 10:01:12,954 [INFO]     PDF trouvé: قرار فتح باب الترشيح (score: 35)
2026-08-01 10:01:12,955 [INFO]   [PAS DE DATE] فتح باب الترشيح للمناصب العليا مدير الشباب...
2026-08-01 10:01:12,955 [INFO]   Détails: https://www.emploi-public.ma/ar/%D8%AA%D9%81%D8%A7%D8%B5%D9%8A%D9%84/%D8%A7%D9%84%D9%85%D9%86%D8%A7%D8%B5%D8%A8-%D8%A7%D9%84%D8%B9%D9%84%D9%8A%D8%A7/30d00bcd-df71-43f3-945e-2204e61cb425
2026-08-01 10:01:13,762 [WARNING] Format de date non reconnu: 30
2026-08-01 10:01:13,763 [INFO]     PDF trouvé: قرار فتح باب الترشيح (score: 35)
2026-08-01 10:01:13,764 [INFO]   [PAS DE DATE] فتح باب الترشيح للمناصب العليا مدير المعهد الوطني لكتابة الض...
2026-08-01 10:01:13,764 [INFO]   Détails: https://www.emploi-public.ma/ar/%D8%AA%D9%81%D8%A7%D8%B5%D9%8A%D9%84/%D8%A7%D9%84%D9%85%D9%86%D8%A7%D8%B5%D8%A8-%D8%A7%D9%84%D8%B9%D9%84%D9%8A%D8%A7/fb33496a-b3e4-46d5-a556-86d0223b04f8
2026-08-01 10:01:14,735 [WARNING] Format de date non reconnu: 30
2026-08-01 10:01:14,736 [INFO]     PDF trouvé: قرار فتح باب الترشيح (score: 35)
2026-08-01 10:01:14,737 [INFO]   [PAS DE DATE] فتح باب الترشيح للمناصب العليا مدير(ة) الشؤون العامة...
2026-08-01 10:01:14,737 [INFO]   Détails: https://www.emploi-public.ma/ar/%D8%AA%D9%81%D8%A7%D8%B5%D9%8A%D9%84/%D8%A7%D9%84%D9%85%D9%86%D8%A7%D8%B5%D8%A8-%D8%A7%D9%84%D8%B9%D9%84%D9%8A%D8%A7/d75f25b8-e1b6-4bba-9bf2-9bcc6a5e913c
2026-08-01 10:01:15,674 [WARNING] Format de date non reconnu: 30
2026-08-01 10:01:15,674 [INFO]     PDF trouvé: قرار فتح باب الترشيح (score: 35)
2026-08-01 10:01:15,675 [INFO]   [PAS DE DATE] فتح باب الترشيح للمناصب العليا مدير الانظمة والدراسات التاري...
2026-08-01 10:01:15,676 [INFO]   Détails: https://www.emploi-public.ma/ar/%D8%AA%D9%81%D8%A7%D8%B5%D9%8A%D9%84/%D8%A7%D9%84%D9%85%D9%86%D8%A7%D8%B5%D8%A8-%D8%A7%D9%84%D8%B9%D9%84%D9%8A%D8%A7/4d6a3c99-2658-4cfd-99b5-bc5c012c8e55
2026-08-01 10:01:16,670 [WARNING] Format de date non reconnu: 30
2026-08-01 10:01:16,671 [INFO]     PDF trouvé: قرار فتح باب الترشيح (score: 35)
2026-08-01 10:01:16,672 [INFO]   [PAS DE DATE] فتح باب الترشيح للمناصب العليا مدير(ة) المركز الوطني للامتحا...
2026-08-01 10:01:16,672 [INFO] Page 3/5
2026-08-01 10:01:16,672 [INFO] Scraping page: https://www.emploi-public.ma/ar/قائمة-المناصب-العليا?page=2
2026-08-01 10:01:17,682 [INFO]   → 9 annonces trouvées sur cette page
2026-08-01 10:01:17,683 [INFO]   Détails: https://www.emploi-public.ma/ar/%D8%AA%D9%81%D8%A7%D8%B5%D9%8A%D9%84/%D8%A7%D9%84%D9%85%D9%86%D8%A7%D8%B5%D8%A8-%D8%A7%D9%84%D8%B9%D9%84%D9%8A%D8%A7/d5445636-5a56-491e-9305-8cd418b361f8
2026-08-01 10:01:18,652 [WARNING] Format de date non reconnu: 00
2026-08-01 10:01:18,653 [INFO]     PDF trouvé: قرار فتح باب الترشيح (score: 35)
2026-08-01 10:01:18,654 [INFO]   [PAS DE DATE] فتح باب الترشيح للمناصب العليا مدير إعداد التراب الوطني...
2026-08-01 10:01:18,654 [INFO]   Détails: https://www.emploi-public.ma/ar/%D8%AA%D9%81%D8%A7%D8%B5%D9%8A%D9%84/%D8%A7%D9%84%D9%85%D9%86%D8%A7%D8%B5%D8%A8-%D8%A7%D9%84%D8%B9%D9%84%D9%8A%D8%A7/a19c981f-5e73-4699-978a-3c26f387e76d
2026-08-01 10:01:19,628 [WARNING] Format de date non reconnu: 00
2026-08-01 10:01:19,629 [INFO]     PDF trouvé: قرار فتح باب الترشيح (score: 35)
2026-08-01 10:01:19,630 [INFO]   [PAS DE DATE] فتح باب الترشيح للمناصب العليا مدير الوكالة الحضرية للحسيمة...
2026-08-01 10:01:19,630 [INFO]   Détails: https://www.emploi-public.ma/ar/%D8%AA%D9%81%D8%A7%D8%B5%D9%8A%D9%84/%D8%A7%D9%84%D9%85%D9%86%D8%A7%D8%B5%D8%A8-%D8%A7%D9%84%D8%B9%D9%84%D9%8A%D8%A7/c3eed04a-67b9-4ceb-b4c3-b32e0273c191
2026-08-01 10:01:20,480 [WARNING] Format de date non reconnu: 00
2026-08-01 10:01:20,481 [INFO]     PDF trouvé: قرار فتح باب الترشيح (score: 35)
2026-08-01 10:01:20,482 [INFO]   [PAS DE DATE] فتح باب الترشيح للمناصب العليا مدير الوكالة الحضرية للعرائش...
2026-08-01 10:01:20,482 [INFO]   Détails: https://www.emploi-public.ma/ar/%D8%AA%D9%81%D8%A7%D8%B5%D9%8A%D9%84/%D8%A7%D9%84%D9%85%D9%86%D8%A7%D8%B5%D8%A8-%D8%A7%D9%84%D8%B9%D9%84%D9%8A%D8%A7/6bbca177-c943-4200-991d-4945c7de6c3e
2026-08-01 10:01:21,283 [WARNING] Format de date non reconnu: 30
2026-08-01 10:01:21,284 [INFO]     PDF trouvé: قرار فتح باب الترشيح (score: 35)
2026-08-01 10:01:21,285 [INFO]   [PAS DE DATE] فتح باب الترشيح للمناصب العليا مدير(ة) الشؤون العامة...
2026-08-01 10:01:21,285 [INFO]   Détails: https://www.emploi-public.ma/ar/%D8%AA%D9%81%D8%A7%D8%B5%D9%8A%D9%84/%D8%A7%D9%84%D9%85%D9%86%D8%A7%D8%B5%D8%A8-%D8%A7%D9%84%D8%B9%D9%84%D9%8A%D8%A7/971391f4-c3ed-4054-b39a-d498fdbfba4b
2026-08-01 10:01:22,229 [WARNING] Format de date non reconnu: 30
2026-08-01 10:01:22,230 [INFO]     PDF trouvé: قرار فتح باب الترشيح (score: 35)
2026-08-01 10:01:22,231 [INFO]   [PAS DE DATE] فتح باب الترشيح للمناصب العليا مدير(ة) المعهد الملكي لتكوين ...
2026-08-01 10:01:22,231 [INFO]   Détails: https://www.emploi-public.ma/ar/%D8%AA%D9%81%D8%A7%D8%B5%D9%8A%D9%84/%D8%A7%D9%84%D9%85%D9%86%D8%A7%D8%B5%D8%A8-%D8%A7%D9%84%D8%B9%D9%84%D9%8A%D8%A7/1afa70c8-a02b-457d-98c8-6787ae253f28
2026-08-01 10:01:23,238 [WARNING] Format de date non reconnu: 30
2026-08-01 10:01:23,238 [INFO]     PDF trouvé: قرار فتح باب الترشيح (score: 35)
2026-08-01 10:01:23,239 [INFO]   [PAS DE DATE] فتح باب الترشيح للمناصب العليا مدير مدرسة علوم المعلومات...
2026-08-01 10:01:23,239 [INFO]   Détails: https://www.emploi-public.ma/ar/%D8%AA%D9%81%D8%A7%D8%B5%D9%8A%D9%84/%D8%A7%D9%84%D9%85%D9%86%D8%A7%D8%B5%D8%A8-%D8%A7%D9%84%D8%B9%D9%84%D9%8A%D8%A7/e1c5923d-7307-42c7-90ed-21db5ce34a49
2026-08-01 10:01:24,189 [WARNING] Format de date non reconnu: 30
2026-08-01 10:01:24,190 [INFO]     PDF trouvé: قرار فتح باب الترشيح (score: 35)
2026-08-01 10:01:24,191 [INFO]   [PAS DE DATE] فتح باب الترشيح للمناصب العليا منصب مدير تشريعات البنيات الأ...
2026-08-01 10:01:24,191 [INFO]   Détails: https://www.emploi-public.ma/ar/%D8%AA%D9%81%D8%A7%D8%B5%D9%8A%D9%84/%D8%A7%D9%84%D9%85%D9%86%D8%A7%D8%B5%D8%A8-%D8%A7%D9%84%D8%B9%D9%84%D9%8A%D8%A7/cb431ce3-c104-457a-b464-8ca3b4a5fe55
2026-08-01 10:01:24,993 [WARNING] Format de date non reconnu: 30
2026-08-01 10:01:24,993 [INFO]     PDF trouvé: قرار فتح باب الترشيح (score: 35)
2026-08-01 10:01:24,994 [INFO]   [PAS DE DATE] فتح باب الترشيح للمناصب العليا مدير تشريعات الحكامة والحقوق ...
2026-08-01 10:01:24,995 [INFO]   Détails: https://www.emploi-public.ma/ar/%D8%AA%D9%81%D8%A7%D8%B5%D9%8A%D9%84/%D8%A7%D9%84%D9%85%D9%86%D8%A7%D8%B5%D8%A8-%D8%A7%D9%84%D8%B9%D9%84%D9%8A%D8%A7/83256c4b-36f7-461e-8579-7dbec3b6aae0
2026-08-01 10:01:26,142 [WARNING] Format de date non reconnu: 30
2026-08-01 10:01:26,143 [INFO]     PDF trouvé: قرار فتح باب الترشيح (score: 35)
2026-08-01 10:01:26,144 [INFO]   [PAS DE DATE] فتح باب الترشيح للمناصب العليا عميد كلية الطب والصيدلة بالرب...
2026-08-01 10:01:26,144 [INFO] Page 4/5
2026-08-01 10:01:26,144 [INFO] Scraping page: https://www.emploi-public.ma/ar/قائمة-المناصب-العليا?page=3
2026-08-01 10:01:27,115 [INFO]   → 9 annonces trouvées sur cette page
2026-08-01 10:01:27,116 [INFO]   Détails: https://www.emploi-public.ma/ar/%D8%AA%D9%81%D8%A7%D8%B5%D9%8A%D9%84/%D8%A7%D9%84%D9%85%D9%86%D8%A7%D8%B5%D8%A8-%D8%A7%D9%84%D8%B9%D9%84%D9%8A%D8%A7/e1054489-8a0a-4d64-92ab-55a9dbb52ac5
2026-08-01 10:01:27,957 [WARNING] Format de date non reconnu: 30
2026-08-01 10:01:27,958 [INFO]     PDF trouvé: قرار فتح باب الترشيح (score: 35)
2026-08-01 10:01:27,958 [INFO]   [PAS DE DATE] فتح باب الترشيح للمناصب العليا مدير المدرسة المحمدية للمهندس...
2026-08-01 10:01:27,959 [INFO]   Détails: https://www.emploi-public.ma/ar/%D8%AA%D9%81%D8%A7%D8%B5%D9%8A%D9%84/%D8%A7%D9%84%D9%85%D9%86%D8%A7%D8%B5%D8%A8-%D8%A7%D9%84%D8%B9%D9%84%D9%8A%D8%A7/4276b348-5dae-41c9-b638-6ca89ffaf304
2026-08-01 10:01:32,201 [WARNING] Format de date non reconnu: 30
2026-08-01 10:01:32,202 [INFO]     PDF trouvé: قرار فتح باب الترشيح (score: 35)
2026-08-01 10:01:32,202 [INFO]   [PAS DE DATE] فتح باب الترشيح للمناصب العليا منصب مدير(ة) المركز الجهوي لم...
2026-08-01 10:01:32,203 [INFO]   Détails: https://www.emploi-public.ma/ar/%D8%AA%D9%81%D8%A7%D8%B5%D9%8A%D9%84/%D8%A7%D9%84%D9%85%D9%86%D8%A7%D8%B5%D8%A8-%D8%A7%D9%84%D8%B9%D9%84%D9%8A%D8%A7/0f48ee65-4c13-4056-a870-a38f35f26eee
2026-08-01 10:01:33,058 [WARNING] Format de date non reconnu: 30
2026-08-01 10:01:33,058 [INFO]     PDF trouvé: قرار فتح باب الترشيح (score: 35)
2026-08-01 10:01:33,059 [INFO]   [PAS DE DATE] فتح باب الترشيح للمناصب العليا مدير الانظمة والدراسات التاري...
2026-08-01 10:01:33,060 [INFO]   Détails: https://www.emploi-public.ma/ar/%D8%AA%D9%81%D8%A7%D8%B5%D9%8A%D9%84/%D8%A7%D9%84%D9%85%D9%86%D8%A7%D8%B5%D8%A8-%D8%A7%D9%84%D8%B9%D9%84%D9%8A%D8%A7/17544c4c-7a33-48bd-be97-d4e261c4b1ba
2026-08-01 10:01:34,095 [WARNING] Format de date non reconnu: 30
2026-08-01 10:01:34,096 [INFO]     PDF trouvé: قرار فتح باب الترشيح (score: 35)
2026-08-01 10:01:34,097 [INFO]   [PAS DE DATE] فتح باب الترشيح للمناصب العليا المدير(ة) العام(ة) لتنظيم الح...
2026-08-01 10:01:34,097 [INFO]   Détails: https://www.emploi-public.ma/ar/%D8%AA%D9%81%D8%A7%D8%B5%D9%8A%D9%84/%D8%A7%D9%84%D9%85%D9%86%D8%A7%D8%B5%D8%A8-%D8%A7%D9%84%D8%B9%D9%84%D9%8A%D8%A7/2062be70-06c0-4b02-b143-bb2108a03421
2026-08-01 10:01:35,076 [WARNING] Format de date non reconnu: 30
2026-08-01 10:01:35,077 [INFO]     PDF trouvé: قرار فتح باب الترشيح (score: 35)
2026-08-01 10:01:35,078 [INFO]   [PAS DE DATE] فتح باب الترشيح للمناصب العليا مدير(ة) المركز الوطني للأستاذ...
2026-08-01 10:01:35,078 [INFO]   Détails: https://www.emploi-public.ma/ar/%D8%AA%D9%81%D8%A7%D8%B5%D9%8A%D9%84/%D8%A7%D9%84%D9%85%D9%86%D8%A7%D8%B5%D8%A8-%D8%A7%D9%84%D8%B9%D9%84%D9%8A%D8%A7/5b7e6e30-4777-469d-9fa2-856d4390a35f
2026-08-01 10:01:35,879 [WARNING] Format de date non reconnu: 30
2026-08-01 10:01:35,880 [INFO]     PDF trouvé: قرار فتح باب الترشيح (score: 35)
2026-08-01 10:01:35,881 [INFO]   [PAS DE DATE] فتح باب الترشيح للمناصب العليا مدير الشباب...
2026-08-01 10:01:35,881 [INFO]   Détails: https://www.emploi-public.ma/ar/%D8%AA%D9%81%D8%A7%D8%B5%D9%8A%D9%84/%D8%A7%D9%84%D9%85%D9%86%D8%A7%D8%B5%D8%A8-%D8%A7%D9%84%D8%B9%D9%84%D9%8A%D8%A7/5313b8af-912f-4d82-b328-04c94fbe4562
2026-08-01 10:01:37,022 [WARNING] Format de date non reconnu: 30
2026-08-01 10:01:37,022 [INFO]     PDF trouvé: قرار فتح باب الترشيح (score: 35)
2026-08-01 10:01:37,023 [INFO]   [PAS DE DATE] فتح باب الترشيح للمناصب العليا مدير (ة) التعاون والشراكة...
2026-08-01 10:01:37,023 [INFO]   Détails: https://www.emploi-public.ma/ar/%D8%AA%D9%81%D8%A7%D8%B5%D9%8A%D9%84/%D8%A7%D9%84%D9%85%D9%86%D8%A7%D8%B5%D8%A8-%D8%A7%D9%84%D8%B9%D9%84%D9%8A%D8%A7/52349e85-618a-444c-94ae-a269dcb8ede6
2026-08-01 10:01:38,534 [WARNING] Format de date non reconnu: 30
2026-08-01 10:01:38,535 [INFO]     PDF trouvé: قرار فتح باب الترشيح (score: 35)
2026-08-01 10:01:38,536 [INFO]   [PAS DE DATE] فتح باب الترشيح للمناصب العليا مدير (ة) الموارد البشرية...
2026-08-01 10:01:38,536 [INFO]   Détails: https://www.emploi-public.ma/ar/%D8%AA%D9%81%D8%A7%D8%B5%D9%8A%D9%84/%D8%A7%D9%84%D9%85%D9%86%D8%A7%D8%B5%D8%A8-%D8%A7%D9%84%D8%B9%D9%84%D9%8A%D8%A7/b993993a-7a9f-4f82-a95d-4c705192b5c5
2026-08-01 10:01:39,336 [WARNING] Format de date non reconnu: 30
2026-08-01 10:01:39,337 [INFO]     PDF trouvé: قرار فتح باب الترشيح (score: 35)
2026-08-01 10:01:39,338 [INFO]   [PAS DE DATE] فتح باب الترشيح للمناصب العليا مدير(ة) الأكاديمية الجهوية لل...
2026-08-01 10:01:39,338 [INFO] Page 5/5
2026-08-01 10:01:39,338 [INFO] Scraping page: https://www.emploi-public.ma/ar/قائمة-المناصب-العليا?page=4
2026-08-01 10:01:40,197 [INFO]   → 9 annonces trouvées sur cette page
2026-08-01 10:01:40,198 [INFO]   Détails: https://www.emploi-public.ma/ar/%D8%AA%D9%81%D8%A7%D8%B5%D9%8A%D9%84/%D8%A7%D9%84%D9%85%D9%86%D8%A7%D8%B5%D8%A8-%D8%A7%D9%84%D8%B9%D9%84%D9%8A%D8%A7/a8514544-73e5-48b0-bc95-4e3782a246c4
2026-08-01 10:01:41,010 [WARNING] Format de date non reconnu: 30
2026-08-01 10:01:41,010 [INFO]     PDF trouvé: قرار فتح باب الترشيح (score: 35)
2026-08-01 10:01:41,011 [INFO]   [PAS DE DATE] فتح باب الترشيح للمناصب العليا مدير المكتب الجهوي للاستثمار ...
2026-08-01 10:01:41,012 [INFO]   Détails: https://www.emploi-public.ma/ar/%D8%AA%D9%81%D8%A7%D8%B5%D9%8A%D9%84/%D8%A7%D9%84%D9%85%D9%86%D8%A7%D8%B5%D8%A8-%D8%A7%D9%84%D8%B9%D9%84%D9%8A%D8%A7/34737011-4b34-4d27-a8e4-f96374ce7e3b
2026-08-01 10:01:42,057 [WARNING] Format de date non reconnu: 30
2026-08-01 10:01:42,058 [INFO]     PDF trouvé: قرار فتح باب الترشيح (score: 35)
2026-08-01 10:01:42,059 [INFO]   [PAS DE DATE] فتح باب الترشيح للمناصب العليا مدير المركز الجهوي للإستثمار ...
2026-08-01 10:01:42,059 [INFO]   Détails: https://www.emploi-public.ma/ar/%D8%AA%D9%81%D8%A7%D8%B5%D9%8A%D9%84/%D8%A7%D9%84%D9%85%D9%86%D8%A7%D8%B5%D8%A8-%D8%A7%D9%84%D8%B9%D9%84%D9%8A%D8%A7/3848b51d-1643-4c8a-9d0a-0001f3ec1eb6
2026-08-01 10:01:42,911 [WARNING] Format de date non reconnu: 30
2026-08-01 10:01:42,912 [INFO]     PDF trouvé: قرار فتح باب الترشيح (score: 35)
2026-08-01 10:01:42,913 [INFO]   [PAS DE DATE] فتح باب الترشيح للمناصب العليا مدير الإحصائيات والدراسات وال...
2026-08-01 10:01:42,913 [INFO]   Détails: https://www.emploi-public.ma/ar/%D8%AA%D9%81%D8%A7%D8%B5%D9%8A%D9%84/%D8%A7%D9%84%D9%85%D9%86%D8%A7%D8%B5%D8%A8-%D8%A7%D9%84%D8%B9%D9%84%D9%8A%D8%A7/f762f1b5-8e54-4277-9ceb-b77512a40379
2026-08-01 10:01:43,705 [WARNING] Format de date non reconnu: 30
2026-08-01 10:01:43,706 [INFO]     PDF trouvé: قرار فتح باب الترشيح (score: 35)
2026-08-01 10:01:43,707 [INFO]   [PAS DE DATE] فتح باب الترشيح للمناصب العليا مدير المعهد الوطني العالي للم...
2026-08-01 10:01:43,707 [INFO]   Détails: https://www.emploi-public.ma/ar/%D8%AA%D9%81%D8%A7%D8%B5%D9%8A%D9%84/%D8%A7%D9%84%D9%85%D9%86%D8%A7%D8%B5%D8%A8-%D8%A7%D9%84%D8%B9%D9%84%D9%8A%D8%A7/f398a7c1-f047-4cb7-95a2-e63106086337
2026-08-01 10:01:45,068 [WARNING] Format de date non reconnu: 30
2026-08-01 10:01:45,069 [INFO]     PDF trouvé: قرار فتح باب الترشيح (score: 35)
2026-08-01 10:01:45,069 [INFO]   [PAS DE DATE] فتح باب الترشيح للمناصب العليا مدير (ة) التعليم العالي والتن...
2026-08-01 10:01:45,070 [INFO]   Détails: https://www.emploi-public.ma/ar/%D8%AA%D9%81%D8%A7%D8%B5%D9%8A%D9%84/%D8%A7%D9%84%D9%85%D9%86%D8%A7%D8%B5%D8%A8-%D8%A7%D9%84%D8%B9%D9%84%D9%8A%D8%A7/b93e0027-1954-4712-8bb1-c6c3715e916c
2026-08-01 10:01:45,903 [INFO]     PDF trouvé: قرار فتح باب الترشيح (score: 35)
2026-08-01 10:01:45,904 [INFO]   [EXPIRÉE] فتح باب الترشيح للمناصب العليا مدير وكالة الحوض المائي لسوس ... → 2026-05-14
2026-08-01 10:01:45,904 [INFO]   Détails: https://www.emploi-public.ma/ar/%D8%AA%D9%81%D8%A7%D8%B5%D9%8A%D9%84/%D8%A7%D9%84%D9%85%D9%86%D8%A7%D8%B5%D8%A8-%D8%A7%D9%84%D8%B9%D9%84%D9%8A%D8%A7/50a4fceb-7a2a-4dfc-9d54-27d5969d8c20
2026-08-01 10:01:46,707 [WARNING] Format de date non reconnu: 30
2026-08-01 10:01:46,708 [INFO]     PDF trouvé: قرار فتح باب الترشيح (score: 35)
2026-08-01 10:01:46,709 [INFO]   [PAS DE DATE] فتح باب الترشيح للمناصب العليا مدير العلاقات مع المجتمع المد...
2026-08-01 10:01:46,709 [INFO]   Détails: https://www.emploi-public.ma/ar/%D8%AA%D9%81%D8%A7%D8%B5%D9%8A%D9%84/%D8%A7%D9%84%D9%85%D9%86%D8%A7%D8%B5%D8%A8-%D8%A7%D9%84%D8%B9%D9%84%D9%8A%D8%A7/79e56e61-79b1-4b12-b93a-174e15b76e74
2026-08-01 10:01:47,761 [WARNING] Format de date non reconnu: 30
2026-08-01 10:01:47,762 [INFO]     PDF trouvé: قرار فتح باب الترشيح (score: 35)
2026-08-01 10:01:47,763 [INFO]   [PAS DE DATE] فتح باب الترشيح للمناصب العليا مدير المعهد العالي الدولي للس...
2026-08-01 10:01:47,763 [INFO]   Détails: https://www.emploi-public.ma/ar/%D8%AA%D9%81%D8%A7%D8%B5%D9%8A%D9%84/%D8%A7%D9%84%D9%85%D9%86%D8%A7%D8%B5%D8%A8-%D8%A7%D9%84%D8%B9%D9%84%D9%8A%D8%A7/cd433a5b-75fc-4eb0-b5d7-0a520ca6c2ab
2026-08-01 10:01:48,567 [WARNING] Format de date non reconnu: 30
2026-08-01 10:01:48,568 [INFO]     PDF trouvé: قرار فتح باب الترشيح (score: 35)
2026-08-01 10:01:48,569 [INFO]   [PAS DE DATE] فتح باب الترشيح للمناصب العليا كاتب عام لوزارة إصلاح الإدارة...
2026-08-01 10:01:48,569 [INFO] 
--- Catégorie: المباريات ---
2026-08-01 10:01:48,569 [INFO] Page 1/5
2026-08-01 10:01:48,569 [INFO] Scraping page: https://www.emploi-public.ma/ar/قائمة-المباريات
2026-08-01 10:01:49,699 [INFO]   → 9 annonces trouvées sur cette page
2026-08-01 10:01:49,700 [INFO]   Détails: https://www.emploi-public.ma/ar/%D8%AA%D9%81%D8%A7%D8%B5%D9%8A%D9%84/%D8%A7%D9%84%D9%85%D8%A8%D8%A7%D8%B1%D9%8A%D8%A7%D8%AA/8cce8ed8-8973-49f6-ae36-f75aef0d9d96
2026-08-01 10:01:50,724 [INFO]     PDF trouvé: قرار فتح المباراة (score: 25)
2026-08-01 10:01:50,725 [INFO]   [EN COURS] مباراة لتوظيف أستاذ محاضر من الدرجة أ - سلم 11... → 2026-08-19
2026-08-01 10:01:50,725 [INFO]   Détails: https://www.emploi-public.ma/ar/%D8%AA%D9%81%D8%A7%D8%B5%D9%8A%D9%84/%D8%A7%D9%84%D9%85%D8%A8%D8%A7%D8%B1%D9%8A%D8%A7%D8%AA/72ed0218-c625-44ef-ad36-0ddf1450d8b7
2026-08-01 10:01:51,880 [INFO]     PDF trouvé: قرار فتح المباراة (score: 25)
2026-08-01 10:01:51,881 [INFO]   [EN COURS] مباراة لتوظيف مهندس دولة من الدرجة الأولى - سلم 11... → 2026-08-14
2026-08-01 10:01:51,881 [INFO]   Détails: https://www.emploi-public.ma/ar/%D8%AA%D9%81%D8%A7%D8%B5%D9%8A%D9%84/%D8%A7%D9%84%D9%85%D8%A8%D8%A7%D8%B1%D9%8A%D8%A7%D8%AA/1d56279d-bec7-4467-906d-4003286e1a05
2026-08-01 10:01:52,793 [INFO]     PDF trouvé: قرار فتح المباراة (score: 25)
2026-08-01 10:01:52,794 [INFO]   [EN COURS] مباراة لتوظيف مهندس معماري من الدرجة الأولى - سلم 11... → 2026-08-13
2026-08-01 10:01:52,794 [INFO]   Détails: https://www.emploi-public.ma/ar/%D8%AA%D9%81%D8%A7%D8%B5%D9%8A%D9%84/%D8%A7%D9%84%D9%85%D8%A8%D8%A7%D8%B1%D9%8A%D8%A7%D8%AA/1874ae4c-94d6-4af0-9575-a39ede5189ff
2026-08-01 10:01:53,610 [INFO]     PDF trouvé: قرار فتح المباراة (score: 25)
2026-08-01 10:01:53,611 [INFO]   [EN COURS] مباراة لتوظيف متصرف من الدرجة الثانية - سلم 11... → 2026-08-31
2026-08-01 10:01:53,611 [INFO]   Détails: https://www.emploi-public.ma/ar/%D8%AA%D9%81%D8%A7%D8%B5%D9%8A%D9%84/%D8%A7%D9%84%D9%85%D8%A8%D8%A7%D8%B1%D9%8A%D8%A7%D8%AA/72d7f4f3-b81d-4f01-b750-c84c9fdb3db1
2026-08-01 10:01:54,456 [INFO]     PDF trouvé: قرار فتح المباراة (score: 25)
2026-08-01 10:01:54,457 [INFO]   [EN COURS] مباراة لتوظيف متصرف من الدرجة الثانية - سلم 11... → 2026-08-31
2026-08-01 10:01:54,457 [INFO]   Détails: https://www.emploi-public.ma/ar/%D8%AA%D9%81%D8%A7%D8%B5%D9%8A%D9%84/%D8%A7%D9%84%D9%85%D8%A8%D8%A7%D8%B1%D9%8A%D8%A7%D8%AA/74fa6128-711a-40b7-b71b-5b4388a2d9d4
2026-08-01 10:01:55,470 [INFO]     PDF trouvé: قرار فتح المباراة (score: 25)
2026-08-01 10:01:55,471 [INFO]   [EN COURS] مباراة لتوظيف مساعد تقني من الدرجة الثانية... → 2026-08-10
2026-08-01 10:01:55,471 [INFO]   Détails: https://www.emploi-public.ma/ar/%D8%AA%D9%81%D8%A7%D8%B5%D9%8A%D9%84/%D8%A7%D9%84%D9%85%D8%A8%D8%A7%D8%B1%D9%8A%D8%A7%D8%AA/3d99718c-9c89-43ed-92b5-ec76b2c038b3
2026-08-01 10:01:56,282 [INFO]     PDF trouvé: قرار فتح المباراة (score: 25)
2026-08-01 10:01:56,283 [INFO]   [EN COURS] مباراة لتوظيف تقني من الدرجة الرابعة - سلم 8... → 2026-08-10
2026-08-01 10:01:56,283 [INFO]   Détails: https://www.emploi-public.ma/ar/%D8%AA%D9%81%D8%A7%D8%B5%D9%8A%D9%84/%D8%A7%D9%84%D9%85%D8%A8%D8%A7%D8%B1%D9%8A%D8%A7%D8%AA/4e64e78f-621d-4e95-a829-a8b22986502a
2026-08-01 10:01:57,124 [INFO]     PDF trouvé: قرار فتح المباراة (score: 25)
2026-08-01 10:01:57,125 [INFO]   [EN COURS] مباراة لتوظيف تقني من الدرجة الثالثة - سلم 9... → 2026-08-10
2026-08-01 10:01:57,125 [INFO]   Détails: https://www.emploi-public.ma/ar/%D8%AA%D9%81%D8%A7%D8%B5%D9%8A%D9%84/%D8%A7%D9%84%D9%85%D8%A8%D8%A7%D8%B1%D9%8A%D8%A7%D8%AA/bacf792b-04bc-4a4b-a73b-cc69eab17a49
2026-08-01 10:01:58,000 [INFO]     PDF trouvé: قرار فتح المباراة (score: 25)
2026-08-01 10:01:58,001 [INFO]   [EN COURS] مباراة لتوظيف مهندس دولة من الدرجة الأولى - سلم 11... → 2026-08-10
2026-08-01 10:01:58,002 [INFO] Page 2/5
2026-08-01 10:01:58,002 [INFO] Scraping page: https://www.emploi-public.ma/ar/قائمة-المباريات?page=1
2026-08-01 10:01:59,102 [INFO]   → 9 annonces trouvées sur cette page
2026-08-01 10:01:59,103 [INFO]   Détails: https://www.emploi-public.ma/ar/%D8%AA%D9%81%D8%A7%D8%B5%D9%8A%D9%84/%D8%A7%D9%84%D9%85%D8%A8%D8%A7%D8%B1%D9%8A%D8%A7%D8%AA/8cce8ed8-8973-49f6-ae36-f75aef0d9d96
2026-08-01 10:02:00,035 [INFO]     PDF trouvé: قرار فتح المباراة (score: 25)
2026-08-01 10:02:00,036 [INFO]   [EN COURS] مباراة لتوظيف أستاذ محاضر من الدرجة أ - سلم 11... → 2026-08-19
2026-08-01 10:02:00,036 [INFO]   Détails: https://www.emploi-public.ma/ar/%D8%AA%D9%81%D8%A7%D8%B5%D9%8A%D9%84/%D8%A7%D9%84%D9%85%D8%A8%D8%A7%D8%B1%D9%8A%D8%A7%D8%AA/72ed0218-c625-44ef-ad36-0ddf1450d8b7
2026-08-01 10:02:00,883 [INFO]     PDF trouvé: قرار فتح المباراة (score: 25)
2026-08-01 10:02:00,883 [INFO]   [EN COURS] مباراة لتوظيف مهندس دولة من الدرجة الأولى - سلم 11... → 2026-08-14
2026-08-01 10:02:00,884 [INFO]   Détails: https://www.emploi-public.ma/ar/%D8%AA%D9%81%D8%A7%D8%B5%D9%8A%D9%84/%D8%A7%D9%84%D9%85%D8%A8%D8%A7%D8%B1%D9%8A%D8%A7%D8%AA/1d56279d-bec7-4467-906d-4003286e1a05
2026-08-01 10:02:01,799 [INFO]     PDF trouvé: قرار فتح المباراة (score: 25)
2026-08-01 10:02:01,800 [INFO]   [EN COURS] مباراة لتوظيف مهندس معماري من الدرجة الأولى - سلم 11... → 2026-08-13
2026-08-01 10:02:01,800 [INFO]   Détails: https://www.emploi-public.ma/ar/%D8%AA%D9%81%D8%A7%D8%B5%D9%8A%D9%84/%D8%A7%D9%84%D9%85%D8%A8%D8%A7%D8%B1%D9%8A%D8%A7%D8%AA/1874ae4c-94d6-4af0-9575-a39ede5189ff
2026-08-01 10:02:02,601 [INFO]     PDF trouvé: قرار فتح المباراة (score: 25)
2026-08-01 10:02:02,602 [INFO]   [EN COURS] مباراة لتوظيف متصرف من الدرجة الثانية - سلم 11... → 2026-08-31
2026-08-01 10:02:02,602 [INFO]   Détails: https://www.emploi-public.ma/ar/%D8%AA%D9%81%D8%A7%D8%B5%D9%8A%D9%84/%D8%A7%D9%84%D9%85%D8%A8%D8%A7%D8%B1%D9%8A%D8%A7%D8%AA/72d7f4f3-b81d-4f01-b750-c84c9fdb3db1
2026-08-01 10:02:03,422 [INFO]     PDF trouvé: قرار فتح المباراة (score: 25)
2026-08-01 10:02:03,423 [INFO]   [EN COURS] مباراة لتوظيف متصرف من الدرجة الثانية - سلم 11... → 2026-08-31
2026-08-01 10:02:03,423 [INFO]   Détails: https://www.emploi-public.ma/ar/%D8%AA%D9%81%D8%A7%D8%B5%D9%8A%D9%84/%D8%A7%D9%84%D9%85%D8%A8%D8%A7%D8%B1%D9%8A%D8%A7%D8%AA/74fa6128-711a-40b7-b71b-5b4388a2d9d4
2026-08-01 10:02:04,309 [INFO]     PDF trouvé: قرار فتح المباراة (score: 25)
2026-08-01 10:02:04,310 [INFO]   [EN COURS] مباراة لتوظيف مساعد تقني من الدرجة الثانية... → 2026-08-10
2026-08-01 10:02:04,311 [INFO]   Détails: https://www.emploi-public.ma/ar/%D8%AA%D9%81%D8%A7%D8%B5%D9%8A%D9%84/%D8%A7%D9%84%D9%85%D8%A8%D8%A7%D8%B1%D9%8A%D8%A7%D8%AA/3d99718c-9c89-43ed-92b5-ec76b2c038b3
2026-08-01 10:02:05,121 [INFO]     PDF trouvé: قرار فتح المباراة (score: 25)
2026-08-01 10:02:05,122 [INFO]   [EN COURS] مباراة لتوظيف تقني من الدرجة الرابعة - سلم 8... → 2026-08-10
2026-08-01 10:02:05,122 [INFO]   Détails: https://www.emploi-public.ma/ar/%D8%AA%D9%81%D8%A7%D8%B5%D9%8A%D9%84/%D8%A7%D9%84%D9%85%D8%A8%D8%A7%D8%B1%D9%8A%D8%A7%D8%AA/4e64e78f-621d-4e95-a829-a8b22986502a
2026-08-01 10:02:06,474 [INFO]     PDF trouvé: قرار فتح المباراة (score: 25)
2026-08-01 10:02:06,475 [INFO]   [EN COURS] مباراة لتوظيف تقني من الدرجة الثالثة - سلم 9... → 2026-08-10
2026-08-01 10:02:06,476 [INFO]   Détails: https://www.emploi-public.ma/ar/%D8%AA%D9%81%D8%A7%D8%B5%D9%8A%D9%84/%D8%A7%D9%84%D9%85%D8%A8%D8%A7%D8%B1%D9%8A%D8%A7%D8%AA/bacf792b-04bc-4a4b-a73b-cc69eab17a49
2026-08-01 10:02:07,312 [INFO]     PDF trouvé: قرار فتح المباراة (score: 25)
2026-08-01 10:02:07,313 [INFO]   [EN COURS] مباراة لتوظيف مهندس دولة من الدرجة الأولى - سلم 11... → 2026-08-10
2026-08-01 10:02:07,313 [INFO] Page 3/5
2026-08-01 10:02:07,313 [INFO] Scraping page: https://www.emploi-public.ma/ar/قائمة-المباريات?page=2
2026-08-01 10:02:08,437 [INFO]   → 9 annonces trouvées sur cette page
2026-08-01 10:02:08,438 [INFO]   Détails: https://www.emploi-public.ma/ar/%D8%AA%D9%81%D8%A7%D8%B5%D9%8A%D9%84/%D8%A7%D9%84%D9%85%D8%A8%D8%A7%D8%B1%D9%8A%D8%A7%D8%AA/3d6e4275-fe42-4fa4-b135-22595857f77b
2026-08-01 10:02:09,225 [INFO]     PDF trouvé: قرار فتح المباراة (score: 25)
2026-08-01 10:02:09,226 [INFO]   [EN COURS] مباراة لتوظيف كاتب الشؤون الخارجية - سلم 10... → 2026-08-10
2026-08-01 10:02:09,226 [INFO]   Détails: https://www.emploi-public.ma/ar/%D8%AA%D9%81%D8%A7%D8%B5%D9%8A%D9%84/%D8%A7%D9%84%D9%85%D8%A8%D8%A7%D8%B1%D9%8A%D8%A7%D8%AA/f8fd2d0d-5d98-42d7-8229-9924acf1c303
2026-08-01 10:02:10,043 [INFO]     PDF trouvé: قرار فتح المباراة (score: 25)
2026-08-01 10:02:10,044 [INFO]   [EN COURS] مباراة لتوظيف مستشار الشؤون الخارجية - سلم 11... → 2026-08-10
2026-08-01 10:02:10,044 [INFO]   Détails: https://www.emploi-public.ma/ar/%D8%AA%D9%81%D8%A7%D8%B5%D9%8A%D9%84/%D8%A7%D9%84%D9%85%D8%A8%D8%A7%D8%B1%D9%8A%D8%A7%D8%AA/0d14767d-7b8a-4282-b397-96709c297e37
2026-08-01 10:02:10,959 [INFO]     PDF trouvé: قرار فتح المباراة (score: 25)
2026-08-01 10:02:10,959 [INFO]   [EN COURS] مباراة لتوظيف مفتش الجمارك من الدرجة الثانية... → 2026-08-10
2026-08-01 10:02:10,960 [INFO]   Détails: https://www.emploi-public.ma/ar/%D8%AA%D9%81%D8%A7%D8%B5%D9%8A%D9%84/%D8%A7%D9%84%D9%85%D8%A8%D8%A7%D8%B1%D9%8A%D8%A7%D8%AA/ab562af5-0ec1-4fe8-99a3-48cd82b59676
2026-08-01 10:02:11,829 [INFO]     PDF trouvé: قرار فتح المباراة (score: 25)
2026-08-01 10:02:11,830 [INFO]   [EN COURS] مباراة لتوظيف مهندس الدولة للجمارك من الدرجة الأولى... → 2026-08-10
2026-08-01 10:02:11,830 [INFO]   Détails: https://www.emploi-public.ma/ar/%D8%AA%D9%81%D8%A7%D8%B5%D9%8A%D9%84/%D8%A7%D9%84%D9%85%D8%A8%D8%A7%D8%B1%D9%8A%D8%A7%D8%AA/e9c0bb85-e735-4886-acf1-b3309ba4a205
2026-08-01 10:02:12,723 [INFO]     PDF trouvé: قرار فتح المباراة (score: 25)
2026-08-01 10:02:12,724 [INFO]   [EN COURS] مباراة لتوظيف مهندس دولة من الدرجة الأولى - سلم 11... → 2026-08-10
2026-08-01 10:02:12,724 [INFO]   Détails: https://www.emploi-public.ma/ar/%D8%AA%D9%81%D8%A7%D8%B5%D9%8A%D9%84/%D8%A7%D9%84%D9%85%D8%A8%D8%A7%D8%B1%D9%8A%D8%A7%D8%AA/d91438ac-a7df-48aa-a29d-ea568c52b32e
2026-08-01 10:02:13,689 [INFO]     PDF trouvé: قرار فتح المباراة (score: 25)
2026-08-01 10:02:13,690 [INFO]   [EN COURS] مباراة لتوظيف تقني من الدرجة الثالثة - سلم 9... → 2026-08-07
2026-08-01 10:02:13,690 [INFO]   Détails: https://www.emploi-public.ma/ar/%D8%AA%D9%81%D8%A7%D8%B5%D9%8A%D9%84/%D8%A7%D9%84%D9%85%D8%A8%D8%A7%D8%B1%D9%8A%D8%A7%D8%AA/6aa579ad-7abb-44f1-b036-56e9fbafced8
2026-08-01 10:02:14,685 [INFO]     PDF trouvé: قرار فتح المباراة (score: 25)
2026-08-01 10:02:14,685 [INFO]   [EN COURS] مباراة لتوظيف متصرف من الدرجة الثانية - سلم 11... → 2026-08-07
2026-08-01 10:02:14,686 [INFO]   Détails: https://www.emploi-public.ma/ar/%D8%AA%D9%81%D8%A7%D8%B5%D9%8A%D9%84/%D8%A7%D9%84%D9%85%D8%A8%D8%A7%D8%B1%D9%8A%D8%A7%D8%AA/c27ac1df-953a-4b58-a2e2-e273271f18b1
2026-08-01 10:02:15,536 [INFO]     PDF trouvé: قرار فتح المباراة (score: 25)
2026-08-01 10:02:15,537 [INFO]   [EN COURS] مباراة لتوظيف مساعد تقني من الدرجة الثانية... → 2026-08-05
2026-08-01 10:02:15,537 [INFO]   Détails: https://www.emploi-public.ma/ar/%D8%AA%D9%81%D8%A7%D8%B5%D9%8A%D9%84/%D8%A7%D9%84%D9%85%D8%A8%D8%A7%D8%B1%D9%8A%D8%A7%D8%AA/7faff0fb-2922-485a-853e-20b4d81cbc7a
2026-08-01 10:02:16,341 [INFO]     PDF trouvé: قرار فتح المباراة (score: 25)
2026-08-01 10:02:16,342 [INFO]   [EN COURS] مباراة لتوظيف أستاذ محاضر من الدرجة أ - سلم 11... → 2026-08-03
2026-08-01 10:02:16,342 [INFO] Page 4/5
2026-08-01 10:02:16,342 [INFO] Scraping page: https://www.emploi-public.ma/ar/قائمة-المباريات?page=3
2026-08-01 10:02:17,443 [INFO]   → 9 annonces trouvées sur cette page
2026-08-01 10:02:17,444 [INFO]   Détails: https://www.emploi-public.ma/ar/%D8%AA%D9%81%D8%A7%D8%B5%D9%8A%D9%84/%D8%A7%D9%84%D9%85%D8%A8%D8%A7%D8%B1%D9%8A%D8%A7%D8%AA/2c15e888-7029-4082-9334-eef194ee5586
2026-08-01 10:02:18,418 [INFO]     PDF trouvé: قرار فتح المباراة (score: 25)
2026-08-01 10:02:18,419 [INFO]   [EN COURS] مباراة لتوظيف متصرف من الدرجة الثانية - سلم 11... → 2026-08-03
2026-08-01 10:02:18,420 [INFO]   Détails: https://www.emploi-public.ma/ar/%D8%AA%D9%81%D8%A7%D8%B5%D9%8A%D9%84/%D8%A7%D9%84%D9%85%D8%A8%D8%A7%D8%B1%D9%8A%D8%A7%D8%AA/d543668b-c808-4ac0-933b-4301237f9f67
2026-08-01 10:02:19,712 [INFO]     PDF trouvé: قرار فتح المباراة (score: 25)
2026-08-01 10:02:19,713 [INFO]   [EXPIRÉE] مباراة لتوظيف متصرف من الدرجة الثالثة - سلم 10... → 2026-07-31
2026-08-01 10:02:19,713 [INFO]   Détails: https://www.emploi-public.ma/ar/%D8%AA%D9%81%D8%A7%D8%B5%D9%8A%D9%84/%D8%A7%D9%84%D9%85%D8%A8%D8%A7%D8%B1%D9%8A%D8%A7%D8%AA/78699344-c4d1-4204-ad40-9749cc0563aa
2026-08-01 10:02:20,725 [INFO]     PDF trouvé: قرار فتح المباراة (score: 25)
2026-08-01 10:02:20,726 [INFO]   [EXPIRÉE] لائحة المدعوين لإجراء الاختبار الكتابي لمباراة توظيف طبيب من... → 2026-07-23
2026-08-01 10:02:20,726 [INFO]   Détails: https://www.emploi-public.ma/ar/%D8%AA%D9%81%D8%A7%D8%B5%D9%8A%D9%84/%D8%A7%D9%84%D9%85%D8%A8%D8%A7%D8%B1%D9%8A%D8%A7%D8%AA/b62a7d1c-c399-48cd-ab9f-adca105db22f
2026-08-01 10:02:23,392 [INFO]     PDF trouvé: قرار فتح المباراة (score: 25)
2026-08-01 10:02:23,393 [INFO]   [EXPIRÉE] لائحة المدعوين لإجراء الاختبار الكتابي لمباراة توظيف أستاذ م... → 2026-07-21
2026-08-01 10:02:23,393 [INFO]   Détails: https://www.emploi-public.ma/ar/%D8%AA%D9%81%D8%A7%D8%B5%D9%8A%D9%84/%D8%A7%D9%84%D9%85%D8%A8%D8%A7%D8%B1%D9%8A%D8%A7%D8%AA/dc6005fa-8f1f-418f-baed-64e9caca12f6
2026-08-01 10:02:24,501 [INFO]     PDF trouvé: قرار فتح المباراة (score: 25)
2026-08-01 10:02:24,502 [INFO]   [EXPIRÉE] لائحة المدعوين لإجراء الاختبار الكتابي لمباراة توظيف تقني من... → 2026-07-21
2026-08-01 10:02:24,502 [INFO]   Détails: https://www.emploi-public.ma/ar/%D8%AA%D9%81%D8%A7%D8%B5%D9%8A%D9%84/%D8%A7%D9%84%D9%85%D8%A8%D8%A7%D8%B1%D9%8A%D8%A7%D8%AA/7d4f66b4-2f8c-4dbf-94ea-99d5943a7378
2026-08-01 10:02:25,552 [INFO]     PDF trouvé: قرار فتح المباراة (score: 25)
2026-08-01 10:02:25,553 [INFO]   [EXPIRÉE] لائحة المدعوين لإجراء الاختبار الكتابي لمباراة توظيف متصرف م... → 2026-07-21
2026-08-01 10:02:25,553 [INFO]   Détails: https://www.emploi-public.ma/ar/%D8%AA%D9%81%D8%A7%D8%B5%D9%8A%D9%84/%D8%A7%D9%84%D9%85%D8%A8%D8%A7%D8%B1%D9%8A%D8%A7%D8%AA/e372c384-b595-401d-bfa7-77c67af01fbe
2026-08-01 10:02:26,679 [INFO]     PDF trouvé: قرار فتح المباراة (score: 25)
2026-08-01 10:02:26,680 [INFO]   [EXPIRÉE] لائحة المدعوين لإجراء الاختبار الكتابي لمباراة توظيف متصرف م... → 2026-07-21
2026-08-01 10:02:26,680 [INFO]   Détails: https://www.emploi-public.ma/ar/%D8%AA%D9%81%D8%A7%D8%B5%D9%8A%D9%84/%D8%A7%D9%84%D9%85%D8%A8%D8%A7%D8%B1%D9%8A%D8%A7%D8%AA/606d3ff2-2e7a-4174-9d74-713c58402b8a
2026-08-01 10:02:27,636 [INFO]     PDF trouvé: قرار فتح المباراة (score: 25)
2026-08-01 10:02:27,637 [INFO]   [EXPIRÉE] لائحة الناجحين في مباراة التوظيف طبيب من الدرجة الأولى - سلم... → 2026-07-21
2026-08-01 10:02:27,637 [INFO]   Détails: https://www.emploi-public.ma/ar/%D8%AA%D9%81%D8%A7%D8%B5%D9%8A%D9%84/%D8%A7%D9%84%D9%85%D8%A8%D8%A7%D8%B1%D9%8A%D8%A7%D8%AA/9740d64c-8b1b-47b8-abe8-00b3575d4aa9
2026-08-01 10:02:28,553 [INFO]     PDF trouvé: قرار فتح المباراة (score: 25)
2026-08-01 10:02:28,554 [INFO]   [EXPIRÉE] لائحة المدعوين لإجراء الاختبار الكتابي لمباراة توظيف مهندس د... → 2026-07-20
2026-08-01 10:02:28,554 [INFO] Page 5/5
2026-08-01 10:02:28,554 [INFO] Scraping page: https://www.emploi-public.ma/ar/قائمة-المباريات?page=4
2026-08-01 10:02:29,769 [INFO]   → 9 annonces trouvées sur cette page
2026-08-01 10:02:29,770 [INFO]   Détails: https://www.emploi-public.ma/ar/%D8%AA%D9%81%D8%A7%D8%B5%D9%8A%D9%84/%D8%A7%D9%84%D9%85%D8%A8%D8%A7%D8%B1%D9%8A%D8%A7%D8%AA/b89b6b38-795f-49af-9d00-910305760e85
2026-08-01 10:02:30,723 [INFO]     PDF trouvé: قرار فتح المباراة (score: 25)
2026-08-01 10:02:30,723 [INFO]   [EXPIRÉE] لائحة المدعوين لإجراء الاختبار الكتابي لمباراة توظيف متصرف م... → 2026-07-20
2026-08-01 10:02:30,724 [INFO]   Détails: https://www.emploi-public.ma/ar/%D8%AA%D9%81%D8%A7%D8%B5%D9%8A%D9%84/%D8%A7%D9%84%D9%85%D8%A8%D8%A7%D8%B1%D9%8A%D8%A7%D8%AA/f33919ef-c4a4-41c0-9927-744882ec1140
2026-08-01 10:02:31,626 [INFO]     PDF trouvé: قرار فتح المباراة (score: 25)
2026-08-01 10:02:31,627 [INFO]   [EXPIRÉE] لائحة المدعوين لإجراء الاختبار الكتابي لمباراة توظيف تقني من... → 2026-07-20
2026-08-01 10:02:31,627 [INFO]   Détails: https://www.emploi-public.ma/ar/%D8%AA%D9%81%D8%A7%D8%B5%D9%8A%D9%84/%D8%A7%D9%84%D9%85%D8%A8%D8%A7%D8%B1%D9%8A%D8%A7%D8%AA/00afdf47-67cd-4c3b-910d-295480956c45
2026-08-01 10:02:32,431 [INFO]     PDF trouvé: قرار فتح المباراة (score: 25)
2026-08-01 10:02:32,432 [INFO]   [EXPIRÉE] لائحة المدعوين لإجراء الاختبار الكتابي لمباراة توظيف متصرف م... → 2026-07-20
2026-08-01 10:02:32,432 [INFO]   Détails: https://www.emploi-public.ma/ar/%D8%AA%D9%81%D8%A7%D8%B5%D9%8A%D9%84/%D8%A7%D9%84%D9%85%D8%A8%D8%A7%D8%B1%D9%8A%D8%A7%D8%AA/0c6baf5e-be9d-4ef5-a8f7-b9044cf640d5
2026-08-01 10:02:33,346 [INFO]     PDF trouvé: قرار فتح المباراة (score: 25)
2026-08-01 10:02:33,347 [INFO]   [EXPIRÉE] لائحة الناجحين في مباراة التوظيف جراح أسنان من الدرجة الأولى... → 2026-07-15
2026-08-01 10:02:33,347 [INFO]   Détails: https://www.emploi-public.ma/ar/%D8%AA%D9%81%D8%A7%D8%B5%D9%8A%D9%84/%D8%A7%D9%84%D9%85%D8%A8%D8%A7%D8%B1%D9%8A%D8%A7%D8%AA/c6303b4c-114c-4b25-b6c5-eca77cba3dad
2026-08-01 10:02:34,245 [INFO]     PDF trouvé: قرار فتح المباراة (score: 25)
2026-08-01 10:02:34,246 [INFO]   [EXPIRÉE] لائحة الناجحين في مباراة التوظيف صيدلي من الدرجة الأولى - سل... → 2026-07-15
2026-08-01 10:02:34,246 [INFO]   Détails: https://www.emploi-public.ma/ar/%D8%AA%D9%81%D8%A7%D8%B5%D9%8A%D9%84/%D8%A7%D9%84%D9%85%D8%A8%D8%A7%D8%B1%D9%8A%D8%A7%D8%AA/1f901e2f-de1d-4110-874d-d5d890119e69
2026-08-01 10:02:35,241 [INFO]     PDF trouvé: قرار فتح المباراة (score: 25)
2026-08-01 10:02:35,242 [INFO]   [EXPIRÉE] لائحة الناجحين في مباراة التوظيف طبيب من الدرجة الأولى - سلم... → 2026-07-15
2026-08-01 10:02:35,242 [INFO]   Détails: https://www.emploi-public.ma/ar/%D8%AA%D9%81%D8%A7%D8%B5%D9%8A%D9%84/%D8%A7%D9%84%D9%85%D8%A8%D8%A7%D8%B1%D9%8A%D8%A7%D8%AA/c83d70e2-ec18-4f3b-b97f-03d080ad762a
2026-08-01 10:02:36,160 [INFO]     PDF trouvé: قرار فتح المباراة (score: 25)
2026-08-01 10:02:36,161 [INFO]   [EXPIRÉE] لائحة الناجحين في مباراة التوظيف تقني من الدرجة الرابعة - سل... → 2026-07-14
2026-08-01 10:02:36,161 [INFO]   Détails: https://www.emploi-public.ma/ar/%D8%AA%D9%81%D8%A7%D8%B5%D9%8A%D9%84/%D8%A7%D9%84%D9%85%D8%A8%D8%A7%D8%B1%D9%8A%D8%A7%D8%AA/c3749204-66e1-4485-a631-e7ede10e21ab
2026-08-01 10:02:37,078 [INFO]     PDF trouvé: قرار فتح المباراة (score: 25)
2026-08-01 10:02:37,079 [INFO]   [EXPIRÉE] لائحة الناجحين في مباراة التوظيف تقني من الدرجة الثالثة - سل... → 2026-07-14
2026-08-01 10:02:37,079 [INFO]   Détails: https://www.emploi-public.ma/ar/%D8%AA%D9%81%D8%A7%D8%B5%D9%8A%D9%84/%D8%A7%D9%84%D9%85%D8%A8%D8%A7%D8%B1%D9%8A%D8%A7%D8%AA/26ae2262-926d-4bfb-9614-069a15e9bd9a
2026-08-01 10:02:37,898 [INFO]     PDF trouvé: قرار فتح المباراة (score: 25)
2026-08-01 10:02:37,899 [INFO]   [EXPIRÉE] لائحة المدعوين لإجراء الاختبار الكتابي لمباراة توظيف متصرف م... → 2026-07-10
2026-08-01 10:02:37,899 [INFO] 
--- Catégorie: تشغيل الخبراء ---
2026-08-01 10:02:37,899 [INFO] Page 1/5
2026-08-01 10:02:37,899 [INFO] Scraping page: https://www.emploi-public.ma/ar/قائمة-تشغيل-الخبراء
2026-08-01 10:02:38,734 [INFO]   → 9 annonces trouvées sur cette page
2026-08-01 10:02:38,735 [INFO]   Détails: https://www.emploi-public.ma/ar/%D8%AA%D9%81%D8%A7%D8%B5%D9%8A%D9%84/%D8%AA%D8%B4%D8%BA%D9%8A%D9%84-%D8%A7%D9%84%D8%AE%D8%A8%D8%B1%D8%A7%D8%A1/4854b58c-c09e-4edd-9a39-c01a0c414425
2026-08-01 10:02:39,393 [INFO]     PDF trouvé: قرار فتح باب الترشيح (score: 35)
2026-08-01 10:02:39,394 [INFO]   [EXPIRÉE] لائحة الناجحين لمنصب خبير في مجال الملاحة التجارية... → 2026-04-12
2026-08-01 10:02:39,394 [INFO]   Détails: https://www.emploi-public.ma/ar/%D8%AA%D9%81%D8%A7%D8%B5%D9%8A%D9%84/%D8%AA%D8%B4%D8%BA%D9%8A%D9%84-%D8%A7%D9%84%D8%AE%D8%A8%D8%B1%D8%A7%D8%A1/ff8d6494-748d-4698-8ef0-676cbd5b1951
2026-08-01 10:02:40,223 [INFO]     PDF trouvé: قرار فتح باب الترشيح (score: 35)
2026-08-01 10:02:40,224 [INFO]   [EXPIRÉE] فتح باب الترشيح لمنصب خبير في الشؤون القانونية... → 2026-06-25
2026-08-01 10:02:40,224 [INFO]   Détails: https://www.emploi-public.ma/ar/%D8%AA%D9%81%D8%A7%D8%B5%D9%8A%D9%84/%D8%AA%D8%B4%D8%BA%D9%8A%D9%84-%D8%A7%D9%84%D8%AE%D8%A8%D8%B1%D8%A7%D8%A1/abce4b98-a1d8-48f9-a84c-053f53697154
2026-08-01 10:02:41,038 [INFO]     PDF trouvé: قرار فتح باب الترشيح (score: 35)
2026-08-01 10:02:41,039 [INFO]   [EXPIRÉE] فتح باب الترشيح لمنصب خبير... → 2026-06-15
2026-08-01 10:02:41,039 [INFO]   Détails: https://www.emploi-public.ma/ar/%D8%AA%D9%81%D8%A7%D8%B5%D9%8A%D9%84/%D8%AA%D8%B4%D8%BA%D9%8A%D9%84-%D8%A7%D9%84%D8%AE%D8%A8%D8%B1%D8%A7%D8%A1/5030f678-19f4-4bc0-96c6-f5462b134c1c
2026-08-01 10:02:41,853 [INFO]     PDF trouvé: قرار فتح باب الترشيح (score: 35)
2026-08-01 10:02:41,854 [INFO]   [EXPIRÉE] فتح باب الترشيح لمنصب خبير... → 2026-06-08
2026-08-01 10:02:41,854 [INFO]   Détails: https://www.emploi-public.ma/ar/%D8%AA%D9%81%D8%A7%D8%B5%D9%8A%D9%84/%D8%AA%D8%B4%D8%BA%D9%8A%D9%84-%D8%A7%D9%84%D8%AE%D8%A8%D8%B1%D8%A7%D8%A1/b0a97522-0c72-4a26-8b32-da0c02e79891
2026-08-01 10:02:42,778 [INFO]     PDF trouvé: قرار فتح باب الترشيح (score: 35)
2026-08-01 10:02:42,779 [INFO]   [EXPIRÉE] فتح باب الترشيح لمنصب خبير متعاقد... → 2026-06-03
2026-08-01 10:02:42,779 [INFO]   Détails: https://www.emploi-public.ma/ar/%D8%AA%D9%81%D8%A7%D8%B5%D9%8A%D9%84/%D8%AA%D8%B4%D8%BA%D9%8A%D9%84-%D8%A7%D9%84%D8%AE%D8%A8%D8%B1%D8%A7%D8%A1/b3f7145b-9f2a-4cb4-aef7-1d917c679a65
2026-08-01 10:02:44,085 [INFO]     PDF trouvé: قرار فتح باب الترشيح (score: 35)
2026-08-01 10:02:44,086 [INFO]   [EXPIRÉE] فتح باب الترشيح لمنصب خبير... → 2026-05-29
2026-08-01 10:02:44,086 [INFO]   Détails: https://www.emploi-public.ma/ar/%D8%AA%D9%81%D8%A7%D8%B5%D9%8A%D9%84/%D8%AA%D8%B4%D8%BA%D9%8A%D9%84-%D8%A7%D9%84%D8%AE%D8%A8%D8%B1%D8%A7%D8%A1/d9255cd9-fe2e-4248-8eba-adf58b668823
2026-08-01 10:02:45,049 [INFO]     PDF trouvé: قرار فتح باب الترشيح (score: 35)
2026-08-01 10:02:45,050 [INFO]   [EXPIRÉE] فتح باب الترشيح لمنصب خبير في مجال التفاوض والسياسة التجارية... → 2026-04-03
2026-08-01 10:02:45,050 [INFO]   Détails: https://www.emploi-public.ma/ar/%D8%AA%D9%81%D8%A7%D8%B5%D9%8A%D9%84/%D8%AA%D8%B4%D8%BA%D9%8A%D9%84-%D8%A7%D9%84%D8%AE%D8%A8%D8%B1%D8%A7%D8%A1/0236914d-e17c-41c5-a5be-e632ad35f838
2026-08-01 10:02:45,843 [INFO]     PDF trouvé: قرار فتح باب الترشيح (score: 35)
2026-08-01 10:02:45,844 [INFO]   [EXPIRÉE] فتح باب الترشيح لمنصب خبير... → 2026-03-17
2026-08-01 10:02:45,844 [INFO]   Détails: https://www.emploi-public.ma/ar/%D8%AA%D9%81%D8%A7%D8%B5%D9%8A%D9%84/%D8%AA%D8%B4%D8%BA%D9%8A%D9%84-%D8%A7%D9%84%D8%AE%D8%A8%D8%B1%D8%A7%D8%A1/2a449c40-1832-450d-9eae-a70607bcac07
2026-08-01 10:02:46,634 [INFO]     PDF trouvé: قرار فتح باب الترشيح (score: 35)
2026-08-01 10:02:46,635 [INFO]   [EXPIRÉE] فتح باب الترشيح لمنصب خبير... → 2026-03-16
2026-08-01 10:02:46,635 [INFO] Page 2/5
2026-08-01 10:02:46,635 [INFO] Scraping page: https://www.emploi-public.ma/ar/قائمة-تشغيل-الخبراء?page=1
2026-08-01 10:02:47,439 [INFO]   → 9 annonces trouvées sur cette page
2026-08-01 10:02:47,440 [INFO]   Détails: https://www.emploi-public.ma/ar/%D8%AA%D9%81%D8%A7%D8%B5%D9%8A%D9%84/%D8%AA%D8%B4%D8%BA%D9%8A%D9%84-%D8%A7%D9%84%D8%AE%D8%A8%D8%B1%D8%A7%D8%A1/4854b58c-c09e-4edd-9a39-c01a0c414425
2026-08-01 10:02:48,244 [INFO]     PDF trouvé: قرار فتح باب الترشيح (score: 35)
2026-08-01 10:02:48,245 [INFO]   [EXPIRÉE] لائحة الناجحين لمنصب خبير في مجال الملاحة التجارية... → 2026-04-12
2026-08-01 10:02:48,245 [INFO]   Détails: https://www.emploi-public.ma/ar/%D8%AA%D9%81%D8%A7%D8%B5%D9%8A%D9%84/%D8%AA%D8%B4%D8%BA%D9%8A%D9%84-%D8%A7%D9%84%D8%AE%D8%A8%D8%B1%D8%A7%D8%A1/ff8d6494-748d-4698-8ef0-676cbd5b1951
2026-08-01 10:02:49,735 [INFO]     PDF trouvé: قرار فتح باب الترشيح (score: 35)
2026-08-01 10:02:49,736 [INFO]   [EXPIRÉE] فتح باب الترشيح لمنصب خبير في الشؤون القانونية... → 2026-06-25
2026-08-01 10:02:49,736 [INFO]   Détails: https://www.emploi-public.ma/ar/%D8%AA%D9%81%D8%A7%D8%B5%D9%8A%D9%84/%D8%AA%D8%B4%D8%BA%D9%8A%D9%84-%D8%A7%D9%84%D8%AE%D8%A8%D8%B1%D8%A7%D8%A1/abce4b98-a1d8-48f9-a84c-053f53697154
2026-08-01 10:02:50,563 [INFO]     PDF trouvé: قرار فتح باب الترشيح (score: 35)
2026-08-01 10:02:50,564 [INFO]   [EXPIRÉE] فتح باب الترشيح لمنصب خبير... → 2026-06-15
2026-08-01 10:02:50,564 [INFO]   Détails: https://www.emploi-public.ma/ar/%D8%AA%D9%81%D8%A7%D8%B5%D9%8A%D9%84/%D8%AA%D8%B4%D8%BA%D9%8A%D9%84-%D8%A7%D9%84%D8%AE%D8%A8%D8%B1%D8%A7%D8%A1/5030f678-19f4-4bc0-96c6-f5462b134c1c
2026-08-01 10:02:51,402 [INFO]     PDF trouvé: قرار فتح باب الترشيح (score: 35)
2026-08-01 10:02:51,403 [INFO]   [EXPIRÉE] فتح باب الترشيح لمنصب خبير... → 2026-06-08
2026-08-01 10:02:51,403 [INFO]   Détails: https://www.emploi-public.ma/ar/%D8%AA%D9%81%D8%A7%D8%B5%D9%8A%D9%84/%D8%AA%D8%B4%D8%BA%D9%8A%D9%84-%D8%A7%D9%84%D8%AE%D8%A8%D8%B1%D8%A7%D8%A1/b0a97522-0c72-4a26-8b32-da0c02e79891
2026-08-01 10:02:52,299 [INFO]     PDF trouvé: قرار فتح باب الترشيح (score: 35)
2026-08-01 10:02:52,300 [INFO]   [EXPIRÉE] فتح باب الترشيح لمنصب خبير متعاقد... → 2026-06-03
2026-08-01 10:02:52,300 [INFO]   Détails: https://www.emploi-public.ma/ar/%D8%AA%D9%81%D8%A7%D8%B5%D9%8A%D9%84/%D8%AA%D8%B4%D8%BA%D9%8A%D9%84-%D8%A7%D9%84%D8%AE%D8%A8%D8%B1%D8%A7%D8%A1/b3f7145b-9f2a-4cb4-aef7-1d917c679a65
2026-08-01 10:02:53,131 [INFO]     PDF trouvé: قرار فتح باب الترشيح (score: 35)
2026-08-01 10:02:53,132 [INFO]   [EXPIRÉE] فتح باب الترشيح لمنصب خبير... → 2026-05-29
2026-08-01 10:02:53,132 [INFO]   Détails: https://www.emploi-public.ma/ar/%D8%AA%D9%81%D8%A7%D8%B5%D9%8A%D9%84/%D8%AA%D8%B4%D8%BA%D9%8A%D9%84-%D8%A7%D9%84%D8%AE%D8%A8%D8%B1%D8%A7%D8%A1/d9255cd9-fe2e-4248-8eba-adf58b668823
2026-08-01 10:02:53,935 [INFO]     PDF trouvé: قرار فتح باب الترشيح (score: 35)
2026-08-01 10:02:53,936 [INFO]   [EXPIRÉE] فتح باب الترشيح لمنصب خبير في مجال التفاوض والسياسة التجارية... → 2026-04-03
2026-08-01 10:02:53,936 [INFO]   Détails: https://www.emploi-public.ma/ar/%D8%AA%D9%81%D8%A7%D8%B5%D9%8A%D9%84/%D8%AA%D8%B4%D8%BA%D9%8A%D9%84-%D8%A7%D9%84%D8%AE%D8%A8%D8%B1%D8%A7%D8%A1/0236914d-e17c-41c5-a5be-e632ad35f838
2026-08-01 10:02:55,101 [INFO]     PDF trouvé: قرار فتح باب الترشيح (score: 35)
2026-08-01 10:02:55,102 [INFO]   [EXPIRÉE] فتح باب الترشيح لمنصب خبير... → 2026-03-17
2026-08-01 10:02:55,102 [INFO]   Détails: https://www.emploi-public.ma/ar/%D8%AA%D9%81%D8%A7%D8%B5%D9%8A%D9%84/%D8%AA%D8%B4%D8%BA%D9%8A%D9%84-%D8%A7%D9%84%D8%AE%D8%A8%D8%B1%D8%A7%D8%A1/2a449c40-1832-450d-9eae-a70607bcac07
2026-08-01 10:02:55,912 [INFO]     PDF trouvé: قرار فتح باب الترشيح (score: 35)
2026-08-01 10:02:55,913 [INFO]   [EXPIRÉE] فتح باب الترشيح لمنصب خبير... → 2026-03-16
2026-08-01 10:02:55,913 [INFO] Page 3/5
2026-08-01 10:02:55,913 [INFO] Scraping page: https://www.emploi-public.ma/ar/قائمة-تشغيل-الخبراء?page=2
2026-08-01 10:02:56,726 [INFO]   → 9 annonces trouvées sur cette page
2026-08-01 10:02:56,727 [INFO]   Détails: https://www.emploi-public.ma/ar/%D8%AA%D9%81%D8%A7%D8%B5%D9%8A%D9%84/%D8%AA%D8%B4%D8%BA%D9%8A%D9%84-%D8%A7%D9%84%D8%AE%D8%A8%D8%B1%D8%A7%D8%A1/1f2e38a5-0fe9-4f17-89fb-d23ab9140242
2026-08-01 10:02:57,612 [INFO]     PDF trouvé: قرار فتح باب الترشيح (score: 35)
2026-08-01 10:02:57,613 [INFO]   [EXPIRÉE] فتح باب الترشيح لمنصب خبير في المجالات المرتبطة بتطوير آليات... → 2026-03-12
2026-08-01 10:02:57,613 [INFO]   Détails: https://www.emploi-public.ma/ar/%D8%AA%D9%81%D8%A7%D8%B5%D9%8A%D9%84/%D8%AA%D8%B4%D8%BA%D9%8A%D9%84-%D8%A7%D9%84%D8%AE%D8%A8%D8%B1%D8%A7%D8%A1/2401abad-8177-4fdc-8c76-354d03f61cd3
2026-08-01 10:02:58,438 [INFO]     PDF trouvé: قرار فتح باب الترشيح (score: 35)
2026-08-01 10:02:58,439 [INFO]   [EXPIRÉE] فتح باب الترشيح لمنصب خبير... → 2026-02-18
2026-08-01 10:02:58,439 [INFO]   Détails: https://www.emploi-public.ma/ar/%D8%AA%D9%81%D8%A7%D8%B5%D9%8A%D9%84/%D8%AA%D8%B4%D8%BA%D9%8A%D9%84-%D8%A7%D9%84%D8%AE%D8%A8%D8%B1%D8%A7%D8%A1/ad16f9e2-25eb-4a06-9a7a-572410c14d55
2026-08-01 10:02:59,235 [INFO]     PDF trouvé: قرار فتح باب الترشيح (score: 35)
2026-08-01 10:02:59,236 [INFO]   [EXPIRÉE] فتح باب الترشيح لمنصب خبير في مجال حكامة المؤسسات والمنشآت ا... → 2025-12-23
2026-08-01 10:02:59,237 [INFO]   Détails: https://www.emploi-public.ma/ar/%D8%AA%D9%81%D8%A7%D8%B5%D9%8A%D9%84/%D8%AA%D8%B4%D8%BA%D9%8A%D9%84-%D8%A7%D9%84%D8%AE%D8%A8%D8%B1%D8%A7%D8%A1/302ab5a1-fa28-4ec1-9341-8ba50b6bf810
2026-08-01 10:03:00,254 [INFO]     PDF trouvé: قرار فتح باب الترشيح (score: 35)
2026-08-01 10:03:00,255 [INFO]   [EXPIRÉE] فتح باب الترشيح لمنصب خبير بموجب عقد... → 2025-12-21
2026-08-01 10:03:00,255 [INFO]   Détails: https://www.emploi-public.ma/ar/%D8%AA%D9%81%D8%A7%D8%B5%D9%8A%D9%84/%D8%AA%D8%B4%D8%BA%D9%8A%D9%84-%D8%A7%D9%84%D8%AE%D8%A8%D8%B1%D8%A7%D8%A1/f9f74e66-af9e-4c4a-9cec-491e7d25fbbb
2026-08-01 10:03:01,071 [INFO]     PDF trouvé: قرار فتح باب الترشيح (score: 35)
2026-08-01 10:03:01,072 [INFO]   [EXPIRÉE] لائحة الناجحين لمنصب خبير في مجال التقييم ومنح التراخيص... → 2025-12-06
2026-08-01 10:03:01,072 [INFO]   Détails: https://www.emploi-public.ma/ar/%D8%AA%D9%81%D8%A7%D8%B5%D9%8A%D9%84/%D8%AA%D8%B4%D8%BA%D9%8A%D9%84-%D8%A7%D9%84%D8%AE%D8%A8%D8%B1%D8%A7%D8%A1/99f49e97-4b0e-4897-b1c6-a1a811d179d9
2026-08-01 10:03:01,862 [INFO]     PDF trouvé: قرار فتح باب الترشيح (score: 35)
2026-08-01 10:03:01,863 [INFO]   [EXPIRÉE] لائحة الناجحين لمنصب خبيرفي مجال مراقبة الجودة الدوائية... → 2025-12-06
2026-08-01 10:03:01,863 [INFO]   Détails: https://www.emploi-public.ma/ar/%D8%AA%D9%81%D8%A7%D8%B5%D9%8A%D9%84/%D8%AA%D8%B4%D8%BA%D9%8A%D9%84-%D8%A7%D9%84%D8%AE%D8%A8%D8%B1%D8%A7%D8%A1/121493c9-78d8-44bf-b408-e42f8bf43d27
2026-08-01 10:03:02,666 [INFO]     PDF trouvé: قرار فتح باب الترشيح (score: 35)
2026-08-01 10:03:02,667 [INFO]   [EXPIRÉE] فتح باب الترشيح لمنصب خبير في التنسيق المؤسساتي والتعاون الد... → 2025-12-05
2026-08-01 10:03:02,667 [INFO]   Détails: https://www.emploi-public.ma/ar/%D8%AA%D9%81%D8%A7%D8%B5%D9%8A%D9%84/%D8%AA%D8%B4%D8%BA%D9%8A%D9%84-%D8%A7%D9%84%D8%AE%D8%A8%D8%B1%D8%A7%D8%A1/336eb4a9-c147-4981-94da-c636a748f7a0
2026-08-01 10:03:03,487 [INFO]     PDF trouvé: قرار فتح باب الترشيح (score: 35)
2026-08-01 10:03:03,488 [INFO]   [EXPIRÉE] لائحة الناجحين لمنصب خبير مكلف بقيادة إنجاز دراسات وأشغال مل... → 2025-09-30
2026-08-01 10:03:03,488 [INFO]   Détails: https://www.emploi-public.ma/ar/%D8%AA%D9%81%D8%A7%D8%B5%D9%8A%D9%84/%D8%AA%D8%B4%D8%BA%D9%8A%D9%84-%D8%A7%D9%84%D8%AE%D8%A8%D8%B1%D8%A7%D8%A1/0917753f-ac81-4229-b8d4-5292cae1510a
2026-08-01 10:03:04,323 [INFO]     PDF trouvé: قرار فتح باب الترشيح (score: 35)
2026-08-01 10:03:04,324 [INFO]   [EXPIRÉE] فتح باب الترشيح لمنصب خبير بموجب عقد... → 2025-06-11
2026-08-01 10:03:04,324 [INFO] Page 4/5
2026-08-01 10:03:04,324 [INFO] Scraping page: https://www.emploi-public.ma/ar/قائمة-تشغيل-الخبراء?page=3
2026-08-01 10:03:06,416 [INFO]   → 9 annonces trouvées sur cette page
2026-08-01 10:03:06,417 [INFO]   Détails: https://www.emploi-public.ma/ar/%D8%AA%D9%81%D8%A7%D8%B5%D9%8A%D9%84/%D8%AA%D8%B4%D8%BA%D9%8A%D9%84-%D8%A7%D9%84%D8%AE%D8%A8%D8%B1%D8%A7%D8%A1/1e6a6ce8-141e-4fe3-b660-097a9342e904
2026-08-01 10:03:07,212 [INFO]     PDF trouvé: قرار فتح باب الترشيح (score: 35)
2026-08-01 10:03:07,213 [INFO]   [EXPIRÉE] فتح باب الترشيح لمنصب خبير في مجال الشؤون القانونية... → 2025-06-09
2026-08-01 10:03:07,213 [INFO]   Détails: https://www.emploi-public.ma/ar/%D8%AA%D9%81%D8%A7%D8%B5%D9%8A%D9%84/%D8%AA%D8%B4%D8%BA%D9%8A%D9%84-%D8%A7%D9%84%D8%AE%D8%A8%D8%B1%D8%A7%D8%A1/9973e98f-4e11-40f1-aeae-194d055be60c
2026-08-01 10:03:08,030 [INFO]     PDF trouvé: قرار فتح باب الترشيح (score: 35)
2026-08-01 10:03:08,031 [INFO]   [EXPIRÉE] فتح باب الترشيح لمنصب خبير في مجال علوم المحيطات و البيئة ال... → 2025-06-06
2026-08-01 10:03:08,031 [INFO]   Détails: https://www.emploi-public.ma/ar/%D8%AA%D9%81%D8%A7%D8%B5%D9%8A%D9%84/%D8%AA%D8%B4%D8%BA%D9%8A%D9%84-%D8%A7%D9%84%D8%AE%D8%A8%D8%B1%D8%A7%D8%A1/c4333ade-5b69-4a9b-b1d6-23858dca3e02
2026-08-01 10:03:08,849 [INFO]     PDF trouvé: قرار فتح باب الترشيح (score: 35)
2026-08-01 10:03:08,850 [INFO]   [EXPIRÉE] فتح باب الترشيح لمنصب 4 خبراء في المجالات المبينة في بطائق ا... → 2025-05-14
2026-08-01 10:03:08,850 [INFO]   Détails: https://www.emploi-public.ma/ar/%D8%AA%D9%81%D8%A7%D8%B5%D9%8A%D9%84/%D8%AA%D8%B4%D8%BA%D9%8A%D9%84-%D8%A7%D9%84%D8%AE%D8%A8%D8%B1%D8%A7%D8%A1/3d556890-d88a-4b78-aa10-b953f3a04785
2026-08-01 10:03:09,795 [INFO]     PDF trouvé: قرار فتح باب الترشيح (score: 35)
2026-08-01 10:03:09,796 [INFO]   [EXPIRÉE] فتح باب الترشيح لمنصب خبير في الشؤون القانونية... → 2025-05-02
2026-08-01 10:03:09,796 [INFO]   Détails: https://www.emploi-public.ma/ar/%D8%AA%D9%81%D8%A7%D8%B5%D9%8A%D9%84/%D8%AA%D8%B4%D8%BA%D9%8A%D9%84-%D8%A7%D9%84%D8%AE%D8%A8%D8%B1%D8%A7%D8%A1/1d5f52e9-1b4b-423d-bf9b-935a34d3caf2
2026-08-01 10:03:10,696 [INFO]     PDF trouvé: قرار فتح باب الترشيح (score: 35)
2026-08-01 10:03:10,697 [INFO]   [EXPIRÉE] فتح باب الترشيح لمنصب خبير بعقد... → 2025-04-18
2026-08-01 10:03:10,697 [INFO]   Détails: https://www.emploi-public.ma/ar/%D8%AA%D9%81%D8%A7%D8%B5%D9%8A%D9%84/%D8%AA%D8%B4%D8%BA%D9%8A%D9%84-%D8%A7%D9%84%D8%AE%D8%A8%D8%B1%D8%A7%D8%A1/ee7b273d-5714-41aa-9489-a47d37eb618e
2026-08-01 10:03:12,739 [INFO]     PDF trouvé: قرار فتح باب الترشيح (score: 35)
2026-08-01 10:03:12,739 [INFO]   [EXPIRÉE] فتح باب الترشيح لمنصب خبيرفي مجال السياسة المائية و الري... → 2025-04-07
2026-08-01 10:03:12,740 [INFO]   Détails: https://www.emploi-public.ma/ar/%D8%AA%D9%81%D8%A7%D8%B5%D9%8A%D9%84/%D8%AA%D8%B4%D8%BA%D9%8A%D9%84-%D8%A7%D9%84%D8%AE%D8%A8%D8%B1%D8%A7%D8%A1/74c6b2c0-7af0-4688-937b-1881caa843f0
2026-08-01 10:03:13,613 [INFO]     PDF trouvé: قرار فتح باب الترشيح (score: 35)
2026-08-01 10:03:13,614 [INFO]   [EXPIRÉE] فتح باب الترشيح لمنصب خبير في مجال السمعي البصري و السينما... → 2025-03-31
2026-08-01 10:03:13,614 [INFO]   Détails: https://www.emploi-public.ma/ar/%D8%AA%D9%81%D8%A7%D8%B5%D9%8A%D9%84/%D8%AA%D8%B4%D8%BA%D9%8A%D9%84-%D8%A7%D9%84%D8%AE%D8%A8%D8%B1%D8%A7%D8%A1/efe61f8c-79ae-41bf-851e-67e779047d6a
2026-08-01 10:03:14,925 [INFO]     PDF trouvé: قرار فتح باب الترشيح (score: 35)
2026-08-01 10:03:14,926 [INFO]   [EXPIRÉE] فتح باب الترشيح لمنصب منصب خبير في المجال المرتبط بمجال الهن... → 2025-03-27
2026-08-01 10:03:14,926 [INFO]   Détails: https://www.emploi-public.ma/ar/%D8%AA%D9%81%D8%A7%D8%B5%D9%8A%D9%84/%D8%AA%D8%B4%D8%BA%D9%8A%D9%84-%D8%A7%D9%84%D8%AE%D8%A8%D8%B1%D8%A7%D8%A1/c8ffa879-6f01-46df-9beb-eb9ae0a6f554
2026-08-01 10:03:15,874 [INFO]     PDF trouvé: قرار فتح باب الترشيح (score: 35)
2026-08-01 10:03:15,875 [INFO]   [EXPIRÉE] فتح باب الترشيح لمنصب خبير في مجال صياغة إستراتيجية شاملة و ... → 2025-03-21
2026-08-01 10:03:15,875 [INFO] Page 5/5
2026-08-01 10:03:15,875 [INFO] Scraping page: https://www.emploi-public.ma/ar/قائمة-تشغيل-الخبراء?page=4
2026-08-01 10:03:16,697 [INFO]   → 9 annonces trouvées sur cette page
2026-08-01 10:03:16,698 [INFO]   Détails: https://www.emploi-public.ma/ar/%D8%AA%D9%81%D8%A7%D8%B5%D9%8A%D9%84/%D8%AA%D8%B4%D8%BA%D9%8A%D9%84-%D8%A7%D9%84%D8%AE%D8%A8%D8%B1%D8%A7%D8%A1/a538c27d-7e09-4441-9551-b22fe9e9d017
2026-08-01 10:03:17,535 [INFO]     PDF trouvé: قرار فتح باب الترشيح (score: 35)
2026-08-01 10:03:17,536 [INFO]   [EXPIRÉE] فتح باب الترشيح لمنصب خبير في مجال إستراتيجية منظومة التعليم... → 2025-03-21
2026-08-01 10:03:17,536 [INFO]   Détails: https://www.emploi-public.ma/ar/%D8%AA%D9%81%D8%A7%D8%B5%D9%8A%D9%84/%D8%AA%D8%B4%D8%BA%D9%8A%D9%84-%D8%A7%D9%84%D8%AE%D8%A8%D8%B1%D8%A7%D8%A1/cf3172d1-8c15-4404-b1ff-21c154c7da2f
2026-08-01 10:03:18,398 [INFO]     PDF trouvé: قرار فتح باب الترشيح (score: 35)
2026-08-01 10:03:18,399 [INFO]   [EXPIRÉE] فتح باب الترشيح لمنصب خبير في مجال تطوير التعاون... → 2025-03-21
2026-08-01 10:03:18,399 [INFO]   Détails: https://www.emploi-public.ma/ar/%D8%AA%D9%81%D8%A7%D8%B5%D9%8A%D9%84/%D8%AA%D8%B4%D8%BA%D9%8A%D9%84-%D8%A7%D9%84%D8%AE%D8%A8%D8%B1%D8%A7%D8%A1/55bfa14b-dac1-4967-b1b6-8983cea09ed9
2026-08-01 10:03:19,181 [INFO]     PDF trouvé: قرار فتح باب الترشيح (score: 35)
2026-08-01 10:03:19,182 [INFO]   [EXPIRÉE] فتح باب الترشيح لمنصب خبير في مجال نظم المعلوميات... → 2025-03-21
2026-08-01 10:03:19,183 [INFO]   Détails: https://www.emploi-public.ma/ar/%D8%AA%D9%81%D8%A7%D8%B5%D9%8A%D9%84/%D8%AA%D8%B4%D8%BA%D9%8A%D9%84-%D8%A7%D9%84%D8%AE%D8%A8%D8%B1%D8%A7%D8%A1/9ebae75d-f857-4c4d-9e16-0108b872c04f
2026-08-01 10:03:19,966 [INFO]     PDF trouvé: قرار فتح باب الترشيح (score: 35)
2026-08-01 10:03:19,967 [INFO]   [EXPIRÉE] فتح باب الترشيح لمنصب إدارة المشاريع و التدبير الإداري و الم... → 2025-03-19
2026-08-01 10:03:19,967 [INFO]   Détails: https://www.emploi-public.ma/ar/%D8%AA%D9%81%D8%A7%D8%B5%D9%8A%D9%84/%D8%AA%D8%B4%D8%BA%D9%8A%D9%84-%D8%A7%D9%84%D8%AE%D8%A8%D8%B1%D8%A7%D8%A1/0608bdd0-0a58-4c90-a1d5-bd3483116452
2026-08-01 10:03:20,897 [INFO]     PDF trouvé: قرار فتح باب الترشيح (score: 35)
2026-08-01 10:03:20,898 [INFO]   [EXPIRÉE] فتح باب الترشيح لمنصب منصب خبير في مجال البحوث والتجارب العل... → 2025-02-03
2026-08-01 10:03:20,898 [INFO]   Détails: https://www.emploi-public.ma/ar/%D8%AA%D9%81%D8%A7%D8%B5%D9%8A%D9%84/%D8%AA%D8%B4%D8%BA%D9%8A%D9%84-%D8%A7%D9%84%D8%AE%D8%A8%D8%B1%D8%A7%D8%A1/0cff84fa-82b2-4363-93e0-a88e5063ef0b
2026-08-01 10:03:21,798 [INFO]     PDF trouvé: قرار فتح باب الترشيح (score: 35)
2026-08-01 10:03:21,799 [INFO]   [EXPIRÉE] فتح باب الترشيح لمنصب خبير في مجال تدبير وتسيير أسواق الحبوب... → 2025-01-27
2026-08-01 10:03:21,799 [INFO]   Détails: https://www.emploi-public.ma/ar/%D8%AA%D9%81%D8%A7%D8%B5%D9%8A%D9%84/%D8%AA%D8%B4%D8%BA%D9%8A%D9%84-%D8%A7%D9%84%D8%AE%D8%A8%D8%B1%D8%A7%D8%A1/74373088-bc5e-4908-985b-9b0086ffaed3
2026-08-01 10:03:22,614 [INFO]     PDF trouvé: قرار فتح باب الترشيح (score: 35)
2026-08-01 10:03:22,615 [INFO]   [EXPIRÉE] فتح باب الترشيح لمنصب خبير... → 2025-01-24
2026-08-01 10:03:22,615 [INFO]   Détails: https://www.emploi-public.ma/ar/%D8%AA%D9%81%D8%A7%D8%B5%D9%8A%D9%84/%D8%AA%D8%B4%D8%BA%D9%8A%D9%84-%D8%A7%D9%84%D8%AE%D8%A8%D8%B1%D8%A7%D8%A1/c14080a7-f964-4481-923d-668331b39671
2026-08-01 10:03:23,469 [INFO]     PDF trouvé: قرار فتح باب الترشيح (score: 35)
2026-08-01 10:03:23,470 [INFO]   [EXPIRÉE] فتح باب الترشيح لمنصب خبير... → 2025-01-24
2026-08-01 10:03:23,470 [INFO]   Détails: https://www.emploi-public.ma/ar/%D8%AA%D9%81%D8%A7%D8%B5%D9%8A%D9%84/%D8%AA%D8%B4%D8%BA%D9%8A%D9%84-%D8%A7%D9%84%D8%AE%D8%A8%D8%B1%D8%A7%D8%A1/728ebc5b-6b53-4539-b18a-620011be8614
2026-08-01 10:03:24,269 [INFO]     PDF trouvé: قرار فتح باب الترشيح (score: 35)
2026-08-01 10:03:24,270 [INFO]   [EXPIRÉE] فتح باب الترشيح لمنصب خبير... → 2025-01-24
2026-08-01 10:03:24,273 [INFO] 
============================================================
2026-08-01 10:03:24,273 [INFO] RÉSUMÉ
2026-08-01 10:03:24,273 [INFO] ============================================================
2026-08-01 10:03:24,273 [INFO] Annonces traitées: 200
2026-08-01 10:03:24,273 [INFO] Dates en cours: 63
2026-08-01 10:03:24,273 [INFO] Dates expirées: 93
2026-08-01 10:03:24,273 [INFO] Total résultats en base: 291
2026-08-01 10:03:25,839 [INFO] Email envoyé à cavalkhalid@gmail.com
2026-08-01 10:03:25,839 [INFO] 
Scraper terminé.
2026-08-04 10:39:29,972 [INFO] ============================================================
2026-08-04 10:39:29,972 [INFO] DÉMARRAGE DU SCRAPER emploi-public.ma (AR)
2026-08-04 10:39:29,972 [INFO] Date: 2026-08-04 10:39:29
2026-08-04 10:39:29,972 [INFO] ============================================================
2026-08-04 10:39:29,974 [INFO] 
--- Catégorie: مناصب المسؤولية ---
2026-08-04 10:39:29,974 [INFO] Page 1/5
2026-08-04 10:39:29,974 [INFO] Scraping page: https://www.emploi-public.ma/ar/قائمة-مناصب-المسؤولية
2026-08-04 10:39:35,307 [INFO]   → 13 annonces trouvées sur cette page
2026-08-04 10:39:35,308 [INFO]   Détails: https://www.emploi-public.ma/ar/%D8%AA%D9%81%D8%A7%D8%B5%D9%8A%D9%84/%D9%85%D9%86%D8%A7%D8%B5%D8%A8-%D8%A7%D9%84%D9%85%D8%B3%D8%A4%D9%88%D9%84%D9%8A%D8%A9/bb476430-77cb-414d-ba1f-13c627c55c66
2026-08-04 10:39:43,700 [INFO]     PDF trouvé: قرار فتح باب الترشيح (score: 35)
2026-08-04 10:39:43,701 [INFO]   [EN COURS] فتح باب الترشيح ل مناصب المسؤولية ب المندوبية الوزارية المكل... → 2026-08-24
2026-08-04 10:39:43,701 [INFO]   Détails: https://www.emploi-public.ma/ar/%D8%AA%D9%81%D8%A7%D8%B5%D9%8A%D9%84/%D9%85%D9%86%D8%A7%D8%B5%D8%A8-%D8%A7%D9%84%D9%85%D8%B3%D8%A4%D9%88%D9%84%D9%8A%D8%A9/3994c0b9-790d-4e5d-b147-c784cf157aab
2026-08-04 10:39:45,890 [INFO]     PDF trouvé: قرار فتح باب الترشيح (score: 35)
2026-08-04 10:39:45,891 [INFO]   [EXPIRÉE] فتح باب الترشيح ل مناصب المسؤولية ب وزارة الفلاحة والصيد الب... → 2026-08-03
2026-08-04 10:39:45,891 [INFO]   Détails: https://www.emploi-public.ma/ar/%D8%AA%D9%81%D8%A7%D8%B5%D9%8A%D9%84/%D9%85%D9%86%D8%A7%D8%B5%D8%A8-%D8%A7%D9%84%D9%85%D8%B3%D8%A4%D9%88%D9%84%D9%8A%D8%A9/f8baf400-d3be-464c-a9cd-a75fc5d8a8bc
2026-08-04 10:39:46,914 [INFO]     PDF trouvé: قرار فتح باب الترشيح (score: 35)
2026-08-04 10:39:46,915 [INFO]   [EXPIRÉE] فتح باب الترشيح ل مناصب المسؤولية ب وزارة الشباب والثقافة وا... → 2026-08-03
2026-08-04 10:39:46,915 [INFO]   Détails: https://www.emploi-public.ma/ar/%D8%AA%D9%81%D8%A7%D8%B5%D9%8A%D9%84/%D9%85%D9%86%D8%A7%D8%B5%D8%A8-%D8%A7%D9%84%D9%85%D8%B3%D8%A4%D9%88%D9%84%D9%8A%D8%A9/17642040-c2de-4150-bf47-0523cb6a6615
2026-08-04 10:39:48,602 [INFO]     PDF trouvé: قرار فتح باب الترشيح (score: 35)
2026-08-04 10:39:48,603 [INFO]   [EXPIRÉE] فتح باب الترشيح ل مناصب المسؤولية ب وزارة الشباب والثقافة وا... → 2026-08-03
2026-08-04 10:39:48,604 [INFO]   Détails: https://www.emploi-public.ma/ar/%D8%AA%D9%81%D8%A7%D8%B5%D9%8A%D9%84/%D9%85%D9%86%D8%A7%D8%B5%D8%A8-%D8%A7%D9%84%D9%85%D8%B3%D8%A4%D9%88%D9%84%D9%8A%D8%A9/33fadd95-e7a3-48e9-9532-58ab3fef908c
2026-08-04 10:39:50,273 [INFO]     PDF trouvé: قرار فتح باب الترشيح (score: 35)
2026-08-04 10:39:50,275 [INFO]   [EXPIRÉE] فتح باب الترشيح ل مناصب المسؤولية ب وزارة الشباب والثقافة وا... → 2026-08-03
2026-08-04 10:39:50,275 [INFO]   Détails: https://www.emploi-public.ma/ar/%D8%AA%D9%81%D8%A7%D8%B5%D9%8A%D9%84/%D9%85%D9%86%D8%A7%D8%B5%D8%A8-%D8%A7%D9%84%D9%85%D8%B3%D8%A4%D9%88%D9%84%D9%8A%D8%A9/f6181909-9d0e-4bf9-aa98-7c5bb916b755
2026-08-04 10:39:55,075 [INFO]     PDF trouvé: قرار فتح باب الترشيح (score: 35)
2026-08-04 10:39:55,076 [INFO]   [EXPIRÉE] فتح باب الترشيح ل مناصب المسؤولية ب وزارة الشباب والثقافة وا... → 2026-08-03
2026-08-04 10:39:55,076 [INFO]   Détails: https://www.emploi-public.ma/ar/%D8%AA%D9%81%D8%A7%D8%B5%D9%8A%D9%84/%D9%85%D9%86%D8%A7%D8%B5%D8%A8-%D8%A7%D9%84%D9%85%D8%B3%D8%A4%D9%88%D9%84%D9%8A%D8%A9/5d665ecc-2ba0-419a-81e1-a402431adc16
2026-08-04 10:40:02,595 [INFO]     PDF trouvé: قرار فتح باب الترشيح (score: 35)
2026-08-04 10:40:02,596 [INFO]   [EXPIRÉE] فتح باب الترشيح ل مناصب المسؤولية ب وزارة الشباب والثقافة وا... → 2026-08-03
2026-08-04 10:40:02,597 [INFO]   Détails: https://www.emploi-public.ma/ar/%D8%AA%D9%81%D8%A7%D8%B5%D9%8A%D9%84/%D9%85%D9%86%D8%A7%D8%B5%D8%A8-%D8%A7%D9%84%D9%85%D8%B3%D8%A4%D9%88%D9%84%D9%8A%D8%A9/dd4ef999-edb7-4d73-a51f-f94527df58d6
2026-08-04 10:40:03,777 [INFO]     PDF trouvé: قرار فتح باب الترشيح (score: 35)
2026-08-04 10:40:03,778 [INFO]   [EXPIRÉE] فتح باب الترشيح ل مناصب المسؤولية ب وزارة الفلاحة والصيد الب... → 2026-08-03
2026-08-04 10:40:03,779 [INFO]   Détails: https://www.emploi-public.ma/ar/%D8%AA%D9%81%D8%A7%D8%B5%D9%8A%D9%84/%D9%85%D9%86%D8%A7%D8%B5%D8%A8-%D8%A7%D9%84%D9%85%D8%B3%D8%A4%D9%88%D9%84%D9%8A%D8%A9/716ae71a-4687-466a-ae3c-6f09c68b0175
2026-08-04 10:40:05,388 [INFO]     PDF trouvé: قرار فتح باب الترشيح (score: 35)
2026-08-04 10:40:05,389 [INFO]   [EXPIRÉE] لائحة الناجحين في مناصب المسؤولية ب وزارة الداخلية -عمالة ال... → 2026-04-17
2026-08-04 10:40:05,389 [INFO]   Détails: https://www.emploi-public.ma/ar/%D8%AA%D9%81%D8%A7%D8%B5%D9%8A%D9%84/%D9%85%D9%86%D8%A7%D8%B5%D8%A8-%D8%A7%D9%84%D9%85%D8%B3%D8%A4%D9%88%D9%84%D9%8A%D8%A9/134197c5-bebc-489e-8c74-fb7576ad2e8a
2026-08-04 10:40:11,034 [INFO]     PDF trouvé: قرار فتح باب الترشيح (score: 35)
2026-08-04 10:40:11,035 [INFO]   [EN COURS] مدير(ة) مساعد(ة)  مكلف(ة)  بسلك تحضير مباريات التبريز بالمرك... → 2026-08-05
2026-08-04 10:40:11,036 [INFO]   Détails: https://www.emploi-public.ma/ar/%D8%AA%D9%81%D8%A7%D8%B5%D9%8A%D9%84/%D9%85%D9%86%D8%A7%D8%B5%D8%A8-%D8%A7%D9%84%D9%85%D8%B3%D8%A4%D9%88%D9%84%D9%8A%D8%A9/19cf5e66-9675-4021-ab42-b1b0b537132c
2026-08-04 10:40:14,118 [INFO]     PDF trouvé: قرار فتح باب الترشيح (score: 35)
2026-08-04 10:40:14,119 [INFO]   [EN COURS] فتح باب الترشيح لمناصب المسؤولية بوزارة الشباب والثقافة والت... → 2026-08-05
2026-08-04 10:40:14,120 [INFO]   Détails: https://www.emploi-public.ma/ar/%D8%AA%D9%81%D8%A7%D8%B5%D9%8A%D9%84/%D9%85%D9%86%D8%A7%D8%B5%D8%A8-%D8%A7%D9%84%D9%85%D8%B3%D8%A4%D9%88%D9%84%D9%8A%D8%A9/eb11c5f5-5e0a-4093-be4a-be951ac1d902
2026-08-04 10:40:20,782 [INFO]     PDF trouvé: قرار فتح باب الترشيح (score: 35)
2026-08-04 10:40:20,783 [INFO]   [EN COURS] فتح باب الترشيح لمناصب المسؤولية بوزارة الشباب والثقافة والت... → 2026-08-05
2026-08-04 10:40:20,783 [INFO]   Détails: https://www.emploi-public.ma/ar/%D8%AA%D9%81%D8%A7%D8%B5%D9%8A%D9%84/%D9%85%D9%86%D8%A7%D8%B5%D8%A8-%D8%A7%D9%84%D9%85%D8%B3%D8%A4%D9%88%D9%84%D9%8A%D8%A9/dc1249f8-278c-4a42-a436-f20b30029b97
2026-08-04 10:40:21,941 [INFO]     PDF trouvé: قرار فتح باب الترشيح (score: 35)
2026-08-04 10:40:21,942 [INFO]   [EN COURS] رئيس قسم(DAJ-Patrimoine)... → 2026-08-06
2026-08-04 10:40:21,942 [INFO] Page 2/5
2026-08-04 10:40:21,942 [INFO] Scraping page: https://www.emploi-public.ma/ar/قائمة-مناصب-المسؤولية?page=1
2026-08-04 10:40:23,683 [INFO]   → 13 annonces trouvées sur cette page
2026-08-04 10:40:23,684 [INFO]   Détails: https://www.emploi-public.ma/ar/%D8%AA%D9%81%D8%A7%D8%B5%D9%8A%D9%84/%D9%85%D9%86%D8%A7%D8%B5%D8%A8-%D8%A7%D9%84%D9%85%D8%B3%D8%A4%D9%88%D9%84%D9%8A%D8%A9/bb476430-77cb-414d-ba1f-13c627c55c66
2026-08-04 10:40:28,800 [INFO]     PDF trouvé: قرار فتح باب الترشيح (score: 35)
2026-08-04 10:40:28,801 [INFO]   [EN COURS] فتح باب الترشيح ل مناصب المسؤولية ب المندوبية الوزارية المكل... → 2026-08-24
2026-08-04 10:40:28,801 [INFO]   Détails: https://www.emploi-public.ma/ar/%D8%AA%D9%81%D8%A7%D8%B5%D9%8A%D9%84/%D9%85%D9%86%D8%A7%D8%B5%D8%A8-%D8%A7%D9%84%D9%85%D8%B3%D8%A4%D9%88%D9%84%D9%8A%D8%A9/3994c0b9-790d-4e5d-b147-c784cf157aab
2026-08-04 10:40:33,478 [INFO]     PDF trouvé: قرار فتح باب الترشيح (score: 35)
2026-08-04 10:40:33,480 [INFO]   [EXPIRÉE] فتح باب الترشيح ل مناصب المسؤولية ب وزارة الفلاحة والصيد الب... → 2026-08-03
2026-08-04 10:40:33,480 [INFO]   Détails: https://www.emploi-public.ma/ar/%D8%AA%D9%81%D8%A7%D8%B5%D9%8A%D9%84/%D9%85%D9%86%D8%A7%D8%B5%D8%A8-%D8%A7%D9%84%D9%85%D8%B3%D8%A4%D9%88%D9%84%D9%8A%D8%A9/f8baf400-d3be-464c-a9cd-a75fc5d8a8bc
2026-08-04 10:40:34,469 [INFO]     PDF trouvé: قرار فتح باب الترشيح (score: 35)
2026-08-04 10:40:34,471 [INFO]   [EXPIRÉE] فتح باب الترشيح ل مناصب المسؤولية ب وزارة الشباب والثقافة وا... → 2026-08-03
2026-08-04 10:40:34,471 [INFO]   Détails: https://www.emploi-public.ma/ar/%D8%AA%D9%81%D8%A7%D8%B5%D9%8A%D9%84/%D9%85%D9%86%D8%A7%D8%B5%D8%A8-%D8%A7%D9%84%D9%85%D8%B3%D8%A4%D9%88%D9%84%D9%8A%D8%A9/17642040-c2de-4150-bf47-0523cb6a6615
2026-08-04 10:40:38,297 [INFO]     PDF trouvé: قرار فتح باب الترشيح (score: 35)
2026-08-04 10:40:38,298 [INFO]   [EXPIRÉE] فتح باب الترشيح ل مناصب المسؤولية ب وزارة الشباب والثقافة وا... → 2026-08-03
2026-08-04 10:40:38,298 [INFO]   Détails: https://www.emploi-public.ma/ar/%D8%AA%D9%81%D8%A7%D8%B5%D9%8A%D9%84/%D9%85%D9%86%D8%A7%D8%B5%D8%A8-%D8%A7%D9%84%D9%85%D8%B3%D8%A4%D9%88%D9%84%D9%8A%D8%A9/33fadd95-e7a3-48e9-9532-58ab3fef908c
2026-08-04 10:40:39,821 [INFO]     PDF trouvé: قرار فتح باب الترشيح (score: 35)
2026-08-04 10:40:39,822 [INFO]   [EXPIRÉE] فتح باب الترشيح ل مناصب المسؤولية ب وزارة الشباب والثقافة وا... → 2026-08-03
2026-08-04 10:40:39,822 [INFO]   Détails: https://www.emploi-public.ma/ar/%D8%AA%D9%81%D8%A7%D8%B5%D9%8A%D9%84/%D9%85%D9%86%D8%A7%D8%B5%D8%A8-%D8%A7%D9%84%D9%85%D8%B3%D8%A4%D9%88%D9%84%D9%8A%D8%A9/f6181909-9d0e-4bf9-aa98-7c5bb916b755
2026-08-04 10:40:41,057 [INFO]     PDF trouvé: قرار فتح باب الترشيح (score: 35)
2026-08-04 10:40:41,058 [INFO]   [EXPIRÉE] فتح باب الترشيح ل مناصب المسؤولية ب وزارة الشباب والثقافة وا... → 2026-08-03
2026-08-04 10:40:41,058 [INFO]   Détails: https://www.emploi-public.ma/ar/%D8%AA%D9%81%D8%A7%D8%B5%D9%8A%D9%84/%D9%85%D9%86%D8%A7%D8%B5%D8%A8-%D8%A7%D9%84%D9%85%D8%B3%D8%A4%D9%88%D9%84%D9%8A%D8%A9/5d665ecc-2ba0-419a-81e1-a402431adc16
2026-08-04 10:40:49,698 [INFO]     PDF trouvé: قرار فتح باب الترشيح (score: 35)
2026-08-04 10:40:49,699 [INFO]   [EXPIRÉE] فتح باب الترشيح ل مناصب المسؤولية ب وزارة الشباب والثقافة وا... → 2026-08-03
2026-08-04 10:40:49,700 [INFO]   Détails: https://www.emploi-public.ma/ar/%D8%AA%D9%81%D8%A7%D8%B5%D9%8A%D9%84/%D9%85%D9%86%D8%A7%D8%B5%D8%A8-%D8%A7%D9%84%D9%85%D8%B3%D8%A4%D9%88%D9%84%D9%8A%D8%A9/dd4ef999-edb7-4d73-a51f-f94527df58d6
2026-08-04 10:40:50,791 [INFO]     PDF trouvé: قرار فتح باب الترشيح (score: 35)
2026-08-04 10:40:50,793 [INFO]   [EXPIRÉE] فتح باب الترشيح ل مناصب المسؤولية ب وزارة الفلاحة والصيد الب... → 2026-08-03
2026-08-04 10:40:50,793 [INFO]   Détails: https://www.emploi-public.ma/ar/%D8%AA%D9%81%D8%A7%D8%B5%D9%8A%D9%84/%D9%85%D9%86%D8%A7%D8%B5%D8%A8-%D8%A7%D9%84%D9%85%D8%B3%D8%A4%D9%88%D9%84%D9%8A%D8%A9/716ae71a-4687-466a-ae3c-6f09c68b0175
2026-08-04 10:40:57,564 [INFO]     PDF trouvé: قرار فتح باب الترشيح (score: 35)
2026-08-04 10:40:57,566 [INFO]   [EXPIRÉE] لائحة الناجحين في مناصب المسؤولية ب وزارة الداخلية -عمالة ال... → 2026-04-17
2026-08-04 10:40:57,566 [INFO]   Détails: https://www.emploi-public.ma/ar/%D8%AA%D9%81%D8%A7%D8%B5%D9%8A%D9%84/%D9%85%D9%86%D8%A7%D8%B5%D8%A8-%D8%A7%D9%84%D9%85%D8%B3%D8%A4%D9%88%D9%84%D9%8A%D8%A9/134197c5-bebc-489e-8c74-fb7576ad2e8a
2026-08-04 10:41:07,484 [INFO]     PDF trouvé: قرار فتح باب الترشيح (score: 35)
2026-08-04 10:41:07,485 [INFO]   [EN COURS] مدير(ة) مساعد(ة)  مكلف(ة)  بسلك تحضير مباريات التبريز بالمرك... → 2026-08-05
2026-08-04 10:41:07,485 [INFO]   Détails: https://www.emploi-public.ma/ar/%D8%AA%D9%81%D8%A7%D8%B5%D9%8A%D9%84/%D9%85%D9%86%D8%A7%D8%B5%D8%A8-%D8%A7%D9%84%D9%85%D8%B3%D8%A4%D9%88%D9%84%D9%8A%D8%A9/19cf5e66-9675-4021-ab42-b1b0b537132c
2026-08-04 10:41:09,131 [INFO]     PDF trouvé: قرار فتح باب الترشيح (score: 35)
2026-08-04 10:41:09,132 [INFO]   [EN COURS] فتح باب الترشيح لمناصب المسؤولية بوزارة الشباب والثقافة والت... → 2026-08-05
2026-08-04 10:41:09,132 [INFO]   Détails: https://www.emploi-public.ma/ar/%D8%AA%D9%81%D8%A7%D8%B5%D9%8A%D9%84/%D9%85%D9%86%D8%A7%D8%B5%D8%A8-%D8%A7%D9%84%D9%85%D8%B3%D8%A4%D9%88%D9%84%D9%8A%D8%A9/eb11c5f5-5e0a-4093-be4a-be951ac1d902
2026-08-04 10:41:10,516 [INFO]     PDF trouvé: قرار فتح باب الترشيح (score: 35)
2026-08-04 10:41:10,517 [INFO]   [EN COURS] فتح باب الترشيح لمناصب المسؤولية بوزارة الشباب والثقافة والت... → 2026-08-05
2026-08-04 10:41:10,517 [INFO]   Détails: https://www.emploi-public.ma/ar/%D8%AA%D9%81%D8%A7%D8%B5%D9%8A%D9%84/%D9%85%D9%86%D8%A7%D8%B5%D8%A8-%D8%A7%D9%84%D9%85%D8%B3%D8%A4%D9%88%D9%84%D9%8A%D8%A9/dc1249f8-278c-4a42-a436-f20b30029b97
2026-08-04 10:41:12,434 [INFO]     PDF trouvé: قرار فتح باب الترشيح (score: 35)
2026-08-04 10:41:12,435 [INFO]   [EN COURS] رئيس قسم(DAJ-Patrimoine)... → 2026-08-06
2026-08-04 10:41:12,435 [INFO] Page 3/5
2026-08-04 10:41:12,435 [INFO] Scraping page: https://www.emploi-public.ma/ar/قائمة-مناصب-المسؤولية?page=2
2026-08-04 10:41:14,355 [INFO]   → 13 annonces trouvées sur cette page
2026-08-04 10:41:14,356 [INFO]   Détails: https://www.emploi-public.ma/ar/%D8%AA%D9%81%D8%A7%D8%B5%D9%8A%D9%84/%D9%85%D9%86%D8%A7%D8%B5%D8%A8-%D8%A7%D9%84%D9%85%D8%B3%D8%A4%D9%88%D9%84%D9%8A%D8%A9/b349c2e5-0e5e-42d2-bf1d-d96f5da31081
2026-08-04 10:41:17,714 [INFO]     PDF trouvé: قرار فتح باب الترشيح (score: 35)
2026-08-04 10:41:17,715 [INFO]   [EXPIRÉE] فتح باب الترشيح ل مناصب المسؤولية ب وزارة الداخلية -عمالة إق... → 2026-07-31
2026-08-04 10:41:17,716 [INFO]   Détails: https://www.emploi-public.ma/ar/%D8%AA%D9%81%D8%A7%D8%B5%D9%8A%D9%84/%D9%85%D9%86%D8%A7%D8%B5%D8%A8-%D8%A7%D9%84%D9%85%D8%B3%D8%A4%D9%88%D9%84%D9%8A%D8%A9/65bb098d-84db-4eea-a26f-408d847c19d6
2026-08-04 10:41:18,929 [INFO]     PDF trouvé: قرار فتح باب الترشيح (score: 35)
2026-08-04 10:41:18,930 [INFO]   [EXPIRÉE] لائحة الناجحين في مناصب المسؤولية ب وزارة الداخلية -عمالة إق... → 2026-06-11
2026-08-04 10:41:18,930 [INFO]   Détails: https://www.emploi-public.ma/ar/%D8%AA%D9%81%D8%A7%D8%B5%D9%8A%D9%84/%D9%85%D9%86%D8%A7%D8%B5%D8%A8-%D8%A7%D9%84%D9%85%D8%B3%D8%A4%D9%88%D9%84%D9%8A%D8%A9/4634f231-1c41-439b-9e77-a5c74ee289d4
2026-08-04 10:41:20,806 [INFO]     PDF trouvé: قرار فتح باب الترشيح (score: 35)
2026-08-04 10:41:20,807 [INFO]   [EXPIRÉE] لائحة الناجحين في مناصب المسؤولية ب وزارة الداخلية -عمالة إق... → 2026-06-11
2026-08-04 10:41:20,807 [INFO]   Détails: https://www.emploi-public.ma/ar/%D8%AA%D9%81%D8%A7%D8%B5%D9%8A%D9%84/%D9%85%D9%86%D8%A7%D8%B5%D8%A8-%D8%A7%D9%84%D9%85%D8%B3%D8%A4%D9%88%D9%84%D9%8A%D8%A9/36fa2f7f-c1b1-4034-9c58-493276fbf647
2026-08-04 10:41:23,206 [INFO]     PDF trouvé: قرار فتح باب الترشيح (score: 35)
2026-08-04 10:41:23,207 [INFO]   [EXPIRÉE] لائحة الناجحين في مناصب المسؤولية ب وزارة الداخلية -عمالة إق... → 2026-06-11
2026-08-04 10:41:23,208 [INFO]   Détails: https://www.emploi-public.ma/ar/%D8%AA%D9%81%D8%A7%D8%B5%D9%8A%D9%84/%D9%85%D9%86%D8%A7%D8%B5%D8%A8-%D8%A7%D9%84%D9%85%D8%B3%D8%A4%D9%88%D9%84%D9%8A%D8%A9/506cdea9-bd57-40fd-8470-b783d8301a02
2026-08-04 10:41:24,313 [INFO]     PDF trouvé: قرار فتح باب الترشيح (score: 35)
2026-08-04 10:41:24,314 [INFO]   [EXPIRÉE] لائحة الناجحين في مناصب المسؤولية ب وزارة الداخلية -عمالة إق... → 2026-06-11
2026-08-04 10:41:24,314 [INFO]   Détails: https://www.emploi-public.ma/ar/%D8%AA%D9%81%D8%A7%D8%B5%D9%8A%D9%84/%D9%85%D9%86%D8%A7%D8%B5%D8%A8-%D8%A7%D9%84%D9%85%D8%B3%D8%A4%D9%88%D9%84%D9%8A%D8%A9/2d35329b-1cad-4415-adf4-37f8ccdc54bc
2026-08-04 10:41:26,466 [INFO]     PDF trouvé: قرار فتح باب الترشيح (score: 35)
2026-08-04 10:41:26,467 [INFO]   [EN COURS] فتح باب الترشيح ل مناصب المسؤولية ب وزارة الاقتصاد والمالية... → 2026-08-24
2026-08-04 10:41:26,467 [INFO]   Détails: https://www.emploi-public.ma/ar/%D8%AA%D9%81%D8%A7%D8%B5%D9%8A%D9%84/%D9%85%D9%86%D8%A7%D8%B5%D8%A8-%D8%A7%D9%84%D9%85%D8%B3%D8%A4%D9%88%D9%84%D9%8A%D8%A9/285038bc-37a7-4968-9df1-c4814ae91a9d
2026-08-04 10:41:27,918 [INFO]     PDF trouvé: قرار فتح باب الترشيح (score: 35)
2026-08-04 10:41:27,919 [INFO]   [EN COURS] فتح باب الترشيح ل مناصب المسؤولية ب وزارة الاقتصاد والمالية... → 2026-08-18
2026-08-04 10:41:27,919 [INFO]   Détails: https://www.emploi-public.ma/ar/%D8%AA%D9%81%D8%A7%D8%B5%D9%8A%D9%84/%D9%85%D9%86%D8%A7%D8%B5%D8%A8-%D8%A7%D9%84%D9%85%D8%B3%D8%A4%D9%88%D9%84%D9%8A%D8%A9/5a13f04d-51f3-490a-8d5f-e8129d1b81cd
2026-08-04 10:41:29,643 [INFO]     PDF trouvé: قرار فتح باب الترشيح (score: 35)
2026-08-04 10:41:29,644 [INFO]   [EXPIRÉE] لائحة الناجحين في مناصب المسؤولية ب وزارة الداخلية -عمالة إق... → 2025-10-23
2026-08-04 10:41:29,644 [INFO]   Détails: https://www.emploi-public.ma/ar/%D8%AA%D9%81%D8%A7%D8%B5%D9%8A%D9%84/%D9%85%D9%86%D8%A7%D8%B5%D8%A8-%D8%A7%D9%84%D9%85%D8%B3%D8%A4%D9%88%D9%84%D9%8A%D8%A9/262a482b-c213-4b4a-a4bd-760b53f42418
2026-08-04 10:41:30,708 [INFO]     PDF trouvé: قرار فتح باب الترشيح (score: 35)
2026-08-04 10:41:30,709 [INFO]   [EXPIRÉE] فتح باب الترشيح ل مناصب المسؤولية ب وزارة الداخلية... → 2026-07-29
2026-08-04 10:41:30,710 [INFO]   Détails: https://www.emploi-public.ma/ar/%D8%AA%D9%81%D8%A7%D8%B5%D9%8A%D9%84/%D9%85%D9%86%D8%A7%D8%B5%D8%A8-%D8%A7%D9%84%D9%85%D8%B3%D8%A4%D9%88%D9%84%D9%8A%D8%A9/134197c5-bebc-489e-8c74-fb7576ad2e8a
2026-08-04 10:41:32,517 [INFO]     PDF trouvé: قرار فتح باب الترشيح (score: 35)
2026-08-04 10:41:32,518 [INFO]   [EN COURS] مدير(ة) مساعد(ة)  مكلف(ة)  بسلك تحضير مباريات التبريز بالمرك... → 2026-08-05
2026-08-04 10:41:32,518 [INFO]   Détails: https://www.emploi-public.ma/ar/%D8%AA%D9%81%D8%A7%D8%B5%D9%8A%D9%84/%D9%85%D9%86%D8%A7%D8%B5%D8%A8-%D8%A7%D9%84%D9%85%D8%B3%D8%A4%D9%88%D9%84%D9%8A%D8%A9/19cf5e66-9675-4021-ab42-b1b0b537132c
2026-08-04 10:41:41,067 [INFO]     PDF trouvé: قرار فتح باب الترشيح (score: 35)
2026-08-04 10:41:41,068 [INFO]   [EN COURS] فتح باب الترشيح لمناصب المسؤولية بوزارة الشباب والثقافة والت... → 2026-08-05
2026-08-04 10:41:41,068 [INFO]   Détails: https://www.emploi-public.ma/ar/%D8%AA%D9%81%D8%A7%D8%B5%D9%8A%D9%84/%D9%85%D9%86%D8%A7%D8%B5%D8%A8-%D8%A7%D9%84%D9%85%D8%B3%D8%A4%D9%88%D9%84%D9%8A%D8%A9/eb11c5f5-5e0a-4093-be4a-be951ac1d902
2026-08-04 10:41:43,488 [INFO]     PDF trouvé: قرار فتح باب الترشيح (score: 35)
2026-08-04 10:41:43,489 [INFO]   [EN COURS] فتح باب الترشيح لمناصب المسؤولية بوزارة الشباب والثقافة والت... → 2026-08-05
2026-08-04 10:41:43,489 [INFO]   Détails: https://www.emploi-public.ma/ar/%D8%AA%D9%81%D8%A7%D8%B5%D9%8A%D9%84/%D9%85%D9%86%D8%A7%D8%B5%D8%A8-%D8%A7%D9%84%D9%85%D8%B3%D8%A4%D9%88%D9%84%D9%8A%D8%A9/dc1249f8-278c-4a42-a436-f20b30029b97
2026-08-04 10:41:45,776 [INFO]     PDF trouvé: قرار فتح باب الترشيح (score: 35)
2026-08-04 10:41:45,777 [INFO]   [EN COURS] رئيس قسم(DAJ-Patrimoine)... → 2026-08-06
2026-08-04 10:41:45,777 [INFO] Page 4/5
2026-08-04 10:41:45,778 [INFO] Scraping page: https://www.emploi-public.ma/ar/قائمة-مناصب-المسؤولية?page=3
2026-08-04 10:41:48,509 [INFO]   → 13 annonces trouvées sur cette page
2026-08-04 10:41:48,511 [INFO]   Détails: https://www.emploi-public.ma/ar/%D8%AA%D9%81%D8%A7%D8%B5%D9%8A%D9%84/%D9%85%D9%86%D8%A7%D8%B5%D8%A8-%D8%A7%D9%84%D9%85%D8%B3%D8%A4%D9%88%D9%84%D9%8A%D8%A9/bbf54236-0cc0-46f5-9846-687214970426
2026-08-04 10:41:51,464 [INFO]     PDF trouvé: قرار فتح باب الترشيح (score: 35)
2026-08-04 10:41:51,465 [INFO]   [EN COURS] فتح باب الترشيح ل مناصب المسؤولية ب وزارة الإدماج الاقتصادي ... → 2026-08-17
2026-08-04 10:41:51,465 [INFO]   Détails: https://www.emploi-public.ma/ar/%D8%AA%D9%81%D8%A7%D8%B5%D9%8A%D9%84/%D9%85%D9%86%D8%A7%D8%B5%D8%A8-%D8%A7%D9%84%D9%85%D8%B3%D8%A4%D9%88%D9%84%D9%8A%D8%A9/18e6ba17-b540-42c6-8238-9aa9e7466107
2026-08-04 10:41:52,649 [INFO]     PDF trouvé: قرار فتح باب الترشيح (score: 35)
2026-08-04 10:41:52,650 [INFO]   [EN COURS] فتح باب الترشيح ل مناصب المسؤولية ب وزارة الإدماج الاقتصادي ... → 2026-08-17
2026-08-04 10:41:52,650 [INFO]   Détails: https://www.emploi-public.ma/ar/%D8%AA%D9%81%D8%A7%D8%B5%D9%8A%D9%84/%D9%85%D9%86%D8%A7%D8%B5%D8%A8-%D8%A7%D9%84%D9%85%D8%B3%D8%A4%D9%88%D9%84%D9%8A%D8%A9/27397f57-ce50-41fe-8f91-52dbdbcd606f
2026-08-04 10:41:53,693 [INFO]     PDF trouvé: قرار فتح باب الترشيح (score: 35)
2026-08-04 10:41:53,694 [INFO]   [EN COURS] فتح باب الترشيح ل مناصب المسؤولية ب وزارة الإدماج الاقتصادي ... → 2026-08-17
2026-08-04 10:41:53,695 [INFO]   Détails: https://www.emploi-public.ma/ar/%D8%AA%D9%81%D8%A7%D8%B5%D9%8A%D9%84/%D9%85%D9%86%D8%A7%D8%B5%D8%A8-%D8%A7%D9%84%D9%85%D8%B3%D8%A4%D9%88%D9%84%D9%8A%D8%A9/3efa0379-8999-4eb9-9e12-51aabb9fcb7a
2026-08-04 10:41:55,040 [INFO]     PDF trouvé: قرار فتح باب الترشيح (score: 35)
2026-08-04 10:41:55,041 [INFO]   [EN COURS] فتح باب الترشيح ل مناصب المسؤولية ب وزارة الإدماج الاقتصادي ... → 2026-08-17
2026-08-04 10:41:55,041 [INFO]   Détails: https://www.emploi-public.ma/ar/%D8%AA%D9%81%D8%A7%D8%B5%D9%8A%D9%84/%D9%85%D9%86%D8%A7%D8%B5%D8%A8-%D8%A7%D9%84%D9%85%D8%B3%D8%A4%D9%88%D9%84%D9%8A%D8%A9/6bf72bad-f1df-449e-b7f2-7bf6242b2d85
2026-08-04 10:41:56,168 [INFO]     PDF trouvé: قرار فتح باب الترشيح (score: 35)
2026-08-04 10:41:56,169 [INFO]   [EXPIRÉE] لائحة المدعوين لاجتياز اختبار الترشيح ل مناصب المسؤولية ب ال... → 2026-07-28
2026-08-04 10:41:56,169 [INFO]   Détails: https://www.emploi-public.ma/ar/%D8%AA%D9%81%D8%A7%D8%B5%D9%8A%D9%84/%D9%85%D9%86%D8%A7%D8%B5%D8%A8-%D8%A7%D9%84%D9%85%D8%B3%D8%A4%D9%88%D9%84%D9%8A%D8%A9/88a3c177-a5a5-42cb-bd48-b9bd40b4dd9c
2026-08-04 10:41:57,201 [INFO]     PDF trouvé: قرار فتح باب الترشيح (score: 35)
2026-08-04 10:41:57,202 [INFO]   [EN COURS] فتح باب الترشيح ل مناصب المسؤولية ب وزارة الاستثمار والتقائي... → 2026-08-13
2026-08-04 10:41:57,203 [INFO]   Détails: https://www.emploi-public.ma/ar/%D8%AA%D9%81%D8%A7%D8%B5%D9%8A%D9%84/%D9%85%D9%86%D8%A7%D8%B5%D8%A8-%D8%A7%D9%84%D9%85%D8%B3%D8%A4%D9%88%D9%84%D9%8A%D8%A9/3e173e9a-b44a-4437-8833-cc9f01098518
2026-08-04 10:41:59,465 [INFO]     PDF trouvé: قرار فتح باب الترشيح (score: 35)
2026-08-04 10:41:59,466 [INFO]   [EN COURS] فتح باب الترشيح ل مناصب المسؤولية ب وزارة الاستثمار والتقائي... → 2026-09-02
2026-08-04 10:41:59,466 [INFO]   Détails: https://www.emploi-public.ma/ar/%D8%AA%D9%81%D8%A7%D8%B5%D9%8A%D9%84/%D9%85%D9%86%D8%A7%D8%B5%D8%A8-%D8%A7%D9%84%D9%85%D8%B3%D8%A4%D9%88%D9%84%D9%8A%D8%A9/8c9ac269-4b96-49e3-8f6b-b0dceb95333a
2026-08-04 10:42:01,066 [INFO]     PDF trouvé: قرار فتح باب الترشيح (score: 35)
2026-08-04 10:42:01,067 [INFO]   [EXPIRÉE] لائحة الناجحين في  الهيئة الوطنية للنزاهة والوقاية من الرشوة... → 2026-05-11
2026-08-04 10:42:01,068 [INFO]   Détails: https://www.emploi-public.ma/ar/%D8%AA%D9%81%D8%A7%D8%B5%D9%8A%D9%84/%D9%85%D9%86%D8%A7%D8%B5%D8%A8-%D8%A7%D9%84%D9%85%D8%B3%D8%A4%D9%88%D9%84%D9%8A%D8%A9/7aaef45a-4894-4434-a9fa-ea2f02e5fe60
2026-08-04 10:42:02,651 [INFO]     PDF trouvé: قرار فتح باب الترشيح (score: 35)
2026-08-04 10:42:02,652 [INFO]   [EN COURS] فتح باب الترشيح ل مناصب المسؤولية ب الوزارة المنتدبة لدى رئي... → 2026-08-21
2026-08-04 10:42:02,653 [INFO]   Détails: https://www.emploi-public.ma/ar/%D8%AA%D9%81%D8%A7%D8%B5%D9%8A%D9%84/%D9%85%D9%86%D8%A7%D8%B5%D8%A8-%D8%A7%D9%84%D9%85%D8%B3%D8%A4%D9%88%D9%84%D9%8A%D8%A9/134197c5-bebc-489e-8c74-fb7576ad2e8a
2026-08-04 10:42:03,802 [INFO]     PDF trouvé: قرار فتح باب الترشيح (score: 35)
2026-08-04 10:42:03,804 [INFO]   [EN COURS] مدير(ة) مساعد(ة)  مكلف(ة)  بسلك تحضير مباريات التبريز بالمرك... → 2026-08-05
2026-08-04 10:42:03,804 [INFO]   Détails: https://www.emploi-public.ma/ar/%D8%AA%D9%81%D8%A7%D8%B5%D9%8A%D9%84/%D9%85%D9%86%D8%A7%D8%B5%D8%A8-%D8%A7%D9%84%D9%85%D8%B3%D8%A4%D9%88%D9%84%D9%8A%D8%A9/19cf5e66-9675-4021-ab42-b1b0b537132c
2026-08-04 10:42:05,933 [INFO]     PDF trouvé: قرار فتح باب الترشيح (score: 35)
2026-08-04 10:42:05,934 [INFO]   [EN COURS] فتح باب الترشيح لمناصب المسؤولية بوزارة الشباب والثقافة والت... → 2026-08-05
2026-08-04 10:42:05,934 [INFO]   Détails: https://www.emploi-public.ma/ar/%D8%AA%D9%81%D8%A7%D8%B5%D9%8A%D9%84/%D9%85%D9%86%D8%A7%D8%B5%D8%A8-%D8%A7%D9%84%D9%85%D8%B3%D8%A4%D9%88%D9%84%D9%8A%D8%A9/eb11c5f5-5e0a-4093-be4a-be951ac1d902
2026-08-04 10:42:07,000 [INFO]     PDF trouvé: قرار فتح باب الترشيح (score: 35)
2026-08-04 10:42:07,002 [INFO]   [EN COURS] فتح باب الترشيح لمناصب المسؤولية بوزارة الشباب والثقافة والت... → 2026-08-05
2026-08-04 10:42:07,002 [INFO]   Détails: https://www.emploi-public.ma/ar/%D8%AA%D9%81%D8%A7%D8%B5%D9%8A%D9%84/%D9%85%D9%86%D8%A7%D8%B5%D8%A8-%D8%A7%D9%84%D9%85%D8%B3%D8%A4%D9%88%D9%84%D9%8A%D8%A9/dc1249f8-278c-4a42-a436-f20b30029b97
2026-08-04 10:42:08,254 [INFO]     PDF trouvé: قرار فتح باب الترشيح (score: 35)
2026-08-04 10:42:08,255 [INFO]   [EN COURS] رئيس قسم(DAJ-Patrimoine)... → 2026-08-06
2026-08-04 10:42:08,255 [INFO] Page 5/5
2026-08-04 10:42:08,255 [INFO] Scraping page: https://www.emploi-public.ma/ar/قائمة-مناصب-المسؤولية?page=4
2026-08-04 10:42:09,412 [INFO]   → 13 annonces trouvées sur cette page
2026-08-04 10:42:09,413 [INFO]   Détails: https://www.emploi-public.ma/ar/%D8%AA%D9%81%D8%A7%D8%B5%D9%8A%D9%84/%D9%85%D9%86%D8%A7%D8%B5%D8%A8-%D8%A7%D9%84%D9%85%D8%B3%D8%A4%D9%88%D9%84%D9%8A%D8%A9/1bdf85ad-c948-4784-b473-af98b5a2bdc4
2026-08-04 10:42:10,611 [INFO]     PDF trouvé: قرار فتح باب الترشيح (score: 35)
2026-08-04 10:42:10,613 [INFO]   [EXPIRÉE] لائحة الناجحين في مناصب المسؤولية ب المندوبية السامية للتخطي... → 2026-05-25
2026-08-04 10:42:10,613 [INFO]   Détails: https://www.emploi-public.ma/ar/%D8%AA%D9%81%D8%A7%D8%B5%D9%8A%D9%84/%D9%85%D9%86%D8%A7%D8%B5%D8%A8-%D8%A7%D9%84%D9%85%D8%B3%D8%A4%D9%88%D9%84%D9%8A%D8%A9/3b6918d1-3c36-4588-a26b-fbe714b6e52d
2026-08-04 10:42:11,647 [INFO]     PDF trouvé: قرار فتح باب الترشيح (score: 35)
2026-08-04 10:42:11,648 [INFO]   [EXPIRÉE] لائحة الناجحين في مناصب المسؤولية ب وزارة النقل واللوجيستيك... → 2026-06-24
2026-08-04 10:42:11,649 [INFO]   Détails: https://www.emploi-public.ma/ar/%D8%AA%D9%81%D8%A7%D8%B5%D9%8A%D9%84/%D9%85%D9%86%D8%A7%D8%B5%D8%A8-%D8%A7%D9%84%D9%85%D8%B3%D8%A4%D9%88%D9%84%D9%8A%D8%A9/0980a243-6477-4507-adfd-9b6f8101454e
2026-08-04 10:42:14,768 [INFO]     PDF trouvé: قرار فتح باب الترشيح (score: 35)
2026-08-04 10:42:14,770 [INFO]   [EXPIRÉE] لائحة الناجحين في مناصب المسؤولية ب وزارة الاستثمار والتقائي... → 2026-07-13
2026-08-04 10:42:14,770 [INFO]   Détails: https://www.emploi-public.ma/ar/%D8%AA%D9%81%D8%A7%D8%B5%D9%8A%D9%84/%D9%85%D9%86%D8%A7%D8%B5%D8%A8-%D8%A7%D9%84%D9%85%D8%B3%D8%A4%D9%88%D9%84%D9%8A%D8%A9/a8f3b666-0ba4-4912-9600-c46c7e32dece
2026-08-04 10:42:16,371 [INFO]     PDF trouvé: قرار فتح باب الترشيح (score: 35)
2026-08-04 10:42:16,372 [INFO]   [EXPIRÉE] لائحة الناجحين في مناصب المسؤولية ب وزارة النقل واللوجيستيك... → 2026-06-17
2026-08-04 10:42:16,372 [INFO]   Détails: https://www.emploi-public.ma/ar/%D8%AA%D9%81%D8%A7%D8%B5%D9%8A%D9%84/%D9%85%D9%86%D8%A7%D8%B5%D8%A8-%D8%A7%D9%84%D9%85%D8%B3%D8%A4%D9%88%D9%84%D9%8A%D8%A9/881fad78-1510-43dd-a038-743c67dd20f8
2026-08-04 10:42:18,023 [INFO]     PDF trouvé: قرار فتح باب الترشيح (score: 35)
2026-08-04 10:42:18,024 [INFO]   [EXPIRÉE] لائحة الناجحين في مناصب المسؤولية ب وزارة الداخلية... → 2026-04-24
2026-08-04 10:42:18,024 [INFO]   Détails: https://www.emploi-public.ma/ar/%D8%AA%D9%81%D8%A7%D8%B5%D9%8A%D9%84/%D9%85%D9%86%D8%A7%D8%B5%D8%A8-%D8%A7%D9%84%D9%85%D8%B3%D8%A4%D9%88%D9%84%D9%8A%D8%A9/f9c3410a-a7c1-4545-a915-6bb6f06b4d81
2026-08-04 10:42:27,046 [INFO]     PDF trouvé: قرار فتح باب الترشيح (score: 35)
2026-08-04 10:42:27,048 [INFO]   [EXPIRÉE] فتح باب الترشيح ل مناصب المسؤولية ب وزارة الشباب والثقافة وا... → 2026-07-27
2026-08-04 10:42:27,048 [INFO]   Détails: https://www.emploi-public.ma/ar/%D8%AA%D9%81%D8%A7%D8%B5%D9%8A%D9%84/%D9%85%D9%86%D8%A7%D8%B5%D8%A8-%D8%A7%D9%84%D9%85%D8%B3%D8%A4%D9%88%D9%84%D9%8A%D8%A9/612573a1-79ab-4881-8d6d-9f2c884be589
2026-08-04 10:42:29,476 [INFO]     PDF trouvé: قرار فتح باب الترشيح (score: 35)
2026-08-04 10:42:29,477 [INFO]   [EXPIRÉE] لائحة الناجحين في مناصب المسؤولية ب وزارة الشباب والثقافة وا... → 2026-07-10
2026-08-04 10:42:29,478 [INFO]   Détails: https://www.emploi-public.ma/ar/%D8%AA%D9%81%D8%A7%D8%B5%D9%8A%D9%84/%D9%85%D9%86%D8%A7%D8%B5%D8%A8-%D8%A7%D9%84%D9%85%D8%B3%D8%A4%D9%88%D9%84%D9%8A%D8%A9/558f23e7-7989-4f9c-92e0-0a469e30efd4
2026-08-04 10:42:30,568 [INFO]     PDF trouvé: قرار فتح باب الترشيح (score: 35)
2026-08-04 10:42:30,570 [INFO]   [EN COURS] فتح باب الترشيح ل مناصب المسؤولية ب وزارة الداخلية -إقليم ال... → 2026-08-07
2026-08-04 10:42:30,570 [INFO]   Détails: https://www.emploi-public.ma/ar/%D8%AA%D9%81%D8%A7%D8%B5%D9%8A%D9%84/%D9%85%D9%86%D8%A7%D8%B5%D8%A8-%D8%A7%D9%84%D9%85%D8%B3%D8%A4%D9%88%D9%84%D9%8A%D8%A9/4b74dd44-e60b-4bf9-b229-9cbbd8da67fe
2026-08-04 10:42:38,873 [INFO]     PDF trouvé: قرار فتح باب الترشيح (score: 35)
2026-08-04 10:42:38,875 [INFO]   [EXPIRÉE] لائحة المدعوين لاجتياز اختبار الترشيح ل مناصب المسؤولية ب وز... → 2026-01-23
2026-08-04 10:42:38,875 [INFO]   Détails: https://www.emploi-public.ma/ar/%D8%AA%D9%81%D8%A7%D8%B5%D9%8A%D9%84/%D9%85%D9%86%D8%A7%D8%B5%D8%A8-%D8%A7%D9%84%D9%85%D8%B3%D8%A4%D9%88%D9%84%D9%8A%D8%A9/134197c5-bebc-489e-8c74-fb7576ad2e8a
2026-08-04 10:42:40,073 [INFO]     PDF trouvé: قرار فتح باب الترشيح (score: 35)
2026-08-04 10:42:40,074 [INFO]   [EN COURS] مدير(ة) مساعد(ة)  مكلف(ة)  بسلك تحضير مباريات التبريز بالمرك... → 2026-08-05
2026-08-04 10:42:40,074 [INFO]   Détails: https://www.emploi-public.ma/ar/%D8%AA%D9%81%D8%A7%D8%B5%D9%8A%D9%84/%D9%85%D9%86%D8%A7%D8%B5%D8%A8-%D8%A7%D9%84%D9%85%D8%B3%D8%A4%D9%88%D9%84%D9%8A%D8%A9/19cf5e66-9675-4021-ab42-b1b0b537132c
2026-08-04 10:42:41,829 [INFO]     PDF trouvé: قرار فتح باب الترشيح (score: 35)
2026-08-04 10:42:41,830 [INFO]   [EN COURS] فتح باب الترشيح لمناصب المسؤولية بوزارة الشباب والثقافة والت... → 2026-08-05
2026-08-04 10:42:41,831 [INFO]   Détails: https://www.emploi-public.ma/ar/%D8%AA%D9%81%D8%A7%D8%B5%D9%8A%D9%84/%D9%85%D9%86%D8%A7%D8%B5%D8%A8-%D8%A7%D9%84%D9%85%D8%B3%D8%A4%D9%88%D9%84%D9%8A%D8%A9/eb11c5f5-5e0a-4093-be4a-be951ac1d902
2026-08-04 10:42:42,917 [INFO]     PDF trouvé: قرار فتح باب الترشيح (score: 35)
2026-08-04 10:42:42,918 [INFO]   [EN COURS] فتح باب الترشيح لمناصب المسؤولية بوزارة الشباب والثقافة والت... → 2026-08-05
2026-08-04 10:42:42,918 [INFO]   Détails: https://www.emploi-public.ma/ar/%D8%AA%D9%81%D8%A7%D8%B5%D9%8A%D9%84/%D9%85%D9%86%D8%A7%D8%B5%D8%A8-%D8%A7%D9%84%D9%85%D8%B3%D8%A4%D9%88%D9%84%D9%8A%D8%A9/dc1249f8-278c-4a42-a436-f20b30029b97
2026-08-04 10:42:44,618 [INFO]     PDF trouvé: قرار فتح باب الترشيح (score: 35)
2026-08-04 10:42:44,619 [INFO]   [EN COURS] رئيس قسم(DAJ-Patrimoine)... → 2026-08-06
2026-08-04 10:42:44,619 [INFO] 
--- Catégorie: المناصب العليا ---
2026-08-04 10:42:44,619 [INFO] Page 1/5
2026-08-04 10:42:44,619 [INFO] Scraping page: https://www.emploi-public.ma/ar/قائمة-المناصب-العليا
2026-08-04 10:42:46,386 [INFO]   → 9 annonces trouvées sur cette page
2026-08-04 10:42:46,387 [INFO]   Détails: https://www.emploi-public.ma/ar/%D8%AA%D9%81%D8%A7%D8%B5%D9%8A%D9%84/%D8%A7%D9%84%D9%85%D9%86%D8%A7%D8%B5%D8%A8-%D8%A7%D9%84%D8%B9%D9%84%D9%8A%D8%A7/0caf53e1-867a-4e91-a2d5-4f18a1b80e58
2026-08-04 10:42:47,912 [WARNING] Format de date non reconnu: 30
2026-08-04 10:42:47,913 [INFO]     PDF trouvé: قرار فتح باب الترشيح (score: 35)
2026-08-04 10:42:47,915 [INFO]   [PAS DE DATE] فتح باب الترشيح للمناصب العليا مدير الموارد البشرية والمالية...
2026-08-04 10:42:47,915 [INFO]   Détails: https://www.emploi-public.ma/ar/%D8%AA%D9%81%D8%A7%D8%B5%D9%8A%D9%84/%D8%A7%D9%84%D9%85%D9%86%D8%A7%D8%B5%D8%A8-%D8%A7%D9%84%D8%B9%D9%84%D9%8A%D8%A7/a260f3d6-19bf-4755-87e7-64988bd5d952
2026-08-04 10:42:49,523 [WARNING] Format de date non reconnu: 30
2026-08-04 10:42:49,524 [INFO]     PDF trouvé: قرار فتح باب الترشيح (score: 35)
2026-08-04 10:42:49,525 [INFO]   [PAS DE DATE] فتح باب الترشيح للمناصب العليا مدير الملاحة الجوية المدنية...
2026-08-04 10:42:49,526 [INFO]   Détails: https://www.emploi-public.ma/ar/%D8%AA%D9%81%D8%A7%D8%B5%D9%8A%D9%84/%D8%A7%D9%84%D9%85%D9%86%D8%A7%D8%B5%D8%A8-%D8%A7%D9%84%D8%B9%D9%84%D9%8A%D8%A7/803881f5-f7fa-4f8f-b2cd-d6b1566b7fe5
2026-08-04 10:42:50,991 [WARNING] Format de date non reconnu: 30
2026-08-04 10:42:50,992 [INFO]     PDF trouvé: قرار فتح باب الترشيح (score: 35)
2026-08-04 10:42:50,994 [INFO]   [PAS DE DATE] فتح باب الترشيح للمناصب العليا مدير المعهد العالي للدراسات ا...
2026-08-04 10:42:50,994 [INFO]   Détails: https://www.emploi-public.ma/ar/%D8%AA%D9%81%D8%A7%D8%B5%D9%8A%D9%84/%D8%A7%D9%84%D9%85%D9%86%D8%A7%D8%B5%D8%A8-%D8%A7%D9%84%D8%B9%D9%84%D9%8A%D8%A7/43fe4445-da66-401e-a3c4-2562a221a332
2026-08-04 10:42:51,950 [WARNING] Format de date non reconnu: 30
2026-08-04 10:42:51,951 [INFO]     PDF trouvé: قرار فتح باب الترشيح (score: 35)
2026-08-04 10:42:51,952 [INFO]   [PAS DE DATE] فتح باب الترشيح للمناصب العليا مدير مؤسسة النهوض بالأعمال ال...
2026-08-04 10:42:51,952 [INFO]   Détails: https://www.emploi-public.ma/ar/%D8%AA%D9%81%D8%A7%D8%B5%D9%8A%D9%84/%D8%A7%D9%84%D9%85%D9%86%D8%A7%D8%B5%D8%A8-%D8%A7%D9%84%D8%B9%D9%84%D9%8A%D8%A7/2c16f418-dd0f-4bb2-b66e-f926057114f9
2026-08-04 10:42:52,961 [WARNING] Format de date non reconnu: 30
2026-08-04 10:42:52,962 [INFO]     PDF trouvé: قرار فتح باب الترشيح (score: 35)
2026-08-04 10:42:52,963 [INFO]   [PAS DE DATE] فتح باب الترشيح للمناصب العليا مدير الشباب...
2026-08-04 10:42:52,964 [INFO]   Détails: https://www.emploi-public.ma/ar/%D8%AA%D9%81%D8%A7%D8%B5%D9%8A%D9%84/%D8%A7%D9%84%D9%85%D9%86%D8%A7%D8%B5%D8%A8-%D8%A7%D9%84%D8%B9%D9%84%D9%8A%D8%A7/30d00bcd-df71-43f3-945e-2204e61cb425
2026-08-04 10:42:55,645 [WARNING] Format de date non reconnu: 30
2026-08-04 10:42:55,646 [INFO]     PDF trouvé: قرار فتح باب الترشيح (score: 35)
2026-08-04 10:42:55,647 [INFO]   [PAS DE DATE] فتح باب الترشيح للمناصب العليا مدير المعهد الوطني لكتابة الض...
2026-08-04 10:42:55,647 [INFO]   Détails: https://www.emploi-public.ma/ar/%D8%AA%D9%81%D8%A7%D8%B5%D9%8A%D9%84/%D8%A7%D9%84%D9%85%D9%86%D8%A7%D8%B5%D8%A8-%D8%A7%D9%84%D8%B9%D9%84%D9%8A%D8%A7/fb33496a-b3e4-46d5-a556-86d0223b04f8
2026-08-04 10:43:01,318 [WARNING] Format de date non reconnu: 30
2026-08-04 10:43:01,319 [INFO]     PDF trouvé: قرار فتح باب الترشيح (score: 35)
2026-08-04 10:43:01,320 [INFO]   [PAS DE DATE] فتح باب الترشيح للمناصب العليا مدير(ة) الشؤون العامة...
2026-08-04 10:43:01,320 [INFO]   Détails: https://www.emploi-public.ma/ar/%D8%AA%D9%81%D8%A7%D8%B5%D9%8A%D9%84/%D8%A7%D9%84%D9%85%D9%86%D8%A7%D8%B5%D8%A8-%D8%A7%D9%84%D8%B9%D9%84%D9%8A%D8%A7/d75f25b8-e1b6-4bba-9bf2-9bcc6a5e913c
2026-08-04 10:43:02,829 [WARNING] Format de date non reconnu: 30
2026-08-04 10:43:02,830 [INFO]     PDF trouvé: قرار فتح باب الترشيح (score: 35)
2026-08-04 10:43:02,831 [INFO]   [PAS DE DATE] فتح باب الترشيح للمناصب العليا مدير الانظمة والدراسات التاري...
2026-08-04 10:43:02,832 [INFO]   Détails: https://www.emploi-public.ma/ar/%D8%AA%D9%81%D8%A7%D8%B5%D9%8A%D9%84/%D8%A7%D9%84%D9%85%D9%86%D8%A7%D8%B5%D8%A8-%D8%A7%D9%84%D8%B9%D9%84%D9%8A%D8%A7/4d6a3c99-2658-4cfd-99b5-bc5c012c8e55
2026-08-04 10:43:12,438 [WARNING] Format de date non reconnu: 30
2026-08-04 10:43:12,440 [INFO]     PDF trouvé: قرار فتح باب الترشيح (score: 35)
2026-08-04 10:43:12,441 [INFO]   [PAS DE DATE] فتح باب الترشيح للمناصب العليا مدير(ة) المركز الوطني للامتحا...
2026-08-04 10:43:12,441 [INFO] Page 2/5
2026-08-04 10:43:12,441 [INFO] Scraping page: https://www.emploi-public.ma/ar/قائمة-المناصب-العليا?page=1
2026-08-04 10:43:13,680 [INFO]   → 9 annonces trouvées sur cette page
2026-08-04 10:43:13,681 [INFO]   Détails: https://www.emploi-public.ma/ar/%D8%AA%D9%81%D8%A7%D8%B5%D9%8A%D9%84/%D8%A7%D9%84%D9%85%D9%86%D8%A7%D8%B5%D8%A8-%D8%A7%D9%84%D8%B9%D9%84%D9%8A%D8%A7/0caf53e1-867a-4e91-a2d5-4f18a1b80e58
2026-08-04 10:43:16,244 [WARNING] Format de date non reconnu: 30
2026-08-04 10:43:16,245 [INFO]     PDF trouvé: قرار فتح باب الترشيح (score: 35)
2026-08-04 10:43:16,246 [INFO]   [PAS DE DATE] فتح باب الترشيح للمناصب العليا مدير الموارد البشرية والمالية...
2026-08-04 10:43:16,246 [INFO]   Détails: https://www.emploi-public.ma/ar/%D8%AA%D9%81%D8%A7%D8%B5%D9%8A%D9%84/%D8%A7%D9%84%D9%85%D9%86%D8%A7%D8%B5%D8%A8-%D8%A7%D9%84%D8%B9%D9%84%D9%8A%D8%A7/a260f3d6-19bf-4755-87e7-64988bd5d952
2026-08-04 10:43:17,216 [WARNING] Format de date non reconnu: 30
2026-08-04 10:43:17,217 [INFO]     PDF trouvé: قرار فتح باب الترشيح (score: 35)
2026-08-04 10:43:17,218 [INFO]   [PAS DE DATE] فتح باب الترشيح للمناصب العليا مدير الملاحة الجوية المدنية...
2026-08-04 10:43:17,218 [INFO]   Détails: https://www.emploi-public.ma/ar/%D8%AA%D9%81%D8%A7%D8%B5%D9%8A%D9%84/%D8%A7%D9%84%D9%85%D9%86%D8%A7%D8%B5%D8%A8-%D8%A7%D9%84%D8%B9%D9%84%D9%8A%D8%A7/803881f5-f7fa-4f8f-b2cd-d6b1566b7fe5
2026-08-04 10:43:19,216 [WARNING] Format de date non reconnu: 30
2026-08-04 10:43:19,217 [INFO]     PDF trouvé: قرار فتح باب الترشيح (score: 35)
2026-08-04 10:43:19,218 [INFO]   [PAS DE DATE] فتح باب الترشيح للمناصب العليا مدير المعهد العالي للدراسات ا...
2026-08-04 10:43:19,219 [INFO]   Détails: https://www.emploi-public.ma/ar/%D8%AA%D9%81%D8%A7%D8%B5%D9%8A%D9%84/%D8%A7%D9%84%D9%85%D9%86%D8%A7%D8%B5%D8%A8-%D8%A7%D9%84%D8%B9%D9%84%D9%8A%D8%A7/43fe4445-da66-401e-a3c4-2562a221a332
2026-08-04 10:43:21,540 [WARNING] Format de date non reconnu: 30
2026-08-04 10:43:21,542 [INFO]     PDF trouvé: قرار فتح باب الترشيح (score: 35)
2026-08-04 10:43:21,543 [INFO]   [PAS DE DATE] فتح باب الترشيح للمناصب العليا مدير مؤسسة النهوض بالأعمال ال...
2026-08-04 10:43:21,543 [INFO]   Détails: https://www.emploi-public.ma/ar/%D8%AA%D9%81%D8%A7%D8%B5%D9%8A%D9%84/%D8%A7%D9%84%D9%85%D9%86%D8%A7%D8%B5%D8%A8-%D8%A7%D9%84%D8%B9%D9%84%D9%8A%D8%A7/2c16f418-dd0f-4bb2-b66e-f926057114f9
2026-08-04 10:43:23,026 [WARNING] Format de date non reconnu: 30
2026-08-04 10:43:23,027 [INFO]     PDF trouvé: قرار فتح باب الترشيح (score: 35)
2026-08-04 10:43:23,028 [INFO]   [PAS DE DATE] فتح باب الترشيح للمناصب العليا مدير الشباب...
2026-08-04 10:43:23,029 [INFO]   Détails: https://www.emploi-public.ma/ar/%D8%AA%D9%81%D8%A7%D8%B5%D9%8A%D9%84/%D8%A7%D9%84%D9%85%D9%86%D8%A7%D8%B5%D8%A8-%D8%A7%D9%84%D8%B9%D9%84%D9%8A%D8%A7/30d00bcd-df71-43f3-945e-2204e61cb425
2026-08-04 10:43:24,316 [WARNING] Format de date non reconnu: 30
2026-08-04 10:43:24,317 [INFO]     PDF trouvé: قرار فتح باب الترشيح (score: 35)
2026-08-04 10:43:24,318 [INFO]   [PAS DE DATE] فتح باب الترشيح للمناصب العليا مدير المعهد الوطني لكتابة الض...
2026-08-04 10:43:24,319 [INFO]   Détails: https://www.emploi-public.ma/ar/%D8%AA%D9%81%D8%A7%D8%B5%D9%8A%D9%84/%D8%A7%D9%84%D9%85%D9%86%D8%A7%D8%B5%D8%A8-%D8%A7%D9%84%D8%B9%D9%84%D9%8A%D8%A7/fb33496a-b3e4-46d5-a556-86d0223b04f8
2026-08-04 10:43:25,320 [WARNING] Format de date non reconnu: 30
2026-08-04 10:43:25,321 [INFO]     PDF trouvé: قرار فتح باب الترشيح (score: 35)
2026-08-04 10:43:25,322 [INFO]   [PAS DE DATE] فتح باب الترشيح للمناصب العليا مدير(ة) الشؤون العامة...
2026-08-04 10:43:25,323 [INFO]   Détails: https://www.emploi-public.ma/ar/%D8%AA%D9%81%D8%A7%D8%B5%D9%8A%D9%84/%D8%A7%D9%84%D9%85%D9%86%D8%A7%D8%B5%D8%A8-%D8%A7%D9%84%D8%B9%D9%84%D9%8A%D8%A7/d75f25b8-e1b6-4bba-9bf2-9bcc6a5e913c
2026-08-04 10:43:26,838 [WARNING] Format de date non reconnu: 30
2026-08-04 10:43:26,839 [INFO]     PDF trouvé: قرار فتح باب الترشيح (score: 35)
2026-08-04 10:43:26,840 [INFO]   [PAS DE DATE] فتح باب الترشيح للمناصب العليا مدير الانظمة والدراسات التاري...
2026-08-04 10:43:26,840 [INFO]   Détails: https://www.emploi-public.ma/ar/%D8%AA%D9%81%D8%A7%D8%B5%D9%8A%D9%84/%D8%A7%D9%84%D9%85%D9%86%D8%A7%D8%B5%D8%A8-%D8%A7%D9%84%D8%B9%D9%84%D9%8A%D8%A7/4d6a3c99-2658-4cfd-99b5-bc5c012c8e55
2026-08-04 10:43:28,369 [WARNING] Format de date non reconnu: 30
2026-08-04 10:43:28,371 [INFO]     PDF trouvé: قرار فتح باب الترشيح (score: 35)
2026-08-04 10:43:28,372 [INFO]   [PAS DE DATE] فتح باب الترشيح للمناصب العليا مدير(ة) المركز الوطني للامتحا...
2026-08-04 10:43:28,372 [INFO] Page 3/5
2026-08-04 10:43:28,372 [INFO] Scraping page: https://www.emploi-public.ma/ar/قائمة-المناصب-العليا?page=2
2026-08-04 10:43:29,380 [INFO]   → 9 annonces trouvées sur cette page
2026-08-04 10:43:29,381 [INFO]   Détails: https://www.emploi-public.ma/ar/%D8%AA%D9%81%D8%A7%D8%B5%D9%8A%D9%84/%D8%A7%D9%84%D9%85%D9%86%D8%A7%D8%B5%D8%A8-%D8%A7%D9%84%D8%B9%D9%84%D9%8A%D8%A7/d5445636-5a56-491e-9305-8cd418b361f8
2026-08-04 10:43:30,869 [WARNING] Format de date non reconnu: 00
2026-08-04 10:43:30,870 [INFO]     PDF trouvé: قرار فتح باب الترشيح (score: 35)
2026-08-04 10:43:30,871 [INFO]   [PAS DE DATE] فتح باب الترشيح للمناصب العليا مدير إعداد التراب الوطني...
2026-08-04 10:43:30,871 [INFO]   Détails: https://www.emploi-public.ma/ar/%D8%AA%D9%81%D8%A7%D8%B5%D9%8A%D9%84/%D8%A7%D9%84%D9%85%D9%86%D8%A7%D8%B5%D8%A8-%D8%A7%D9%84%D8%B9%D9%84%D9%8A%D8%A7/a19c981f-5e73-4699-978a-3c26f387e76d
2026-08-04 10:43:32,869 [WARNING] Format de date non reconnu: 00
2026-08-04 10:43:32,870 [INFO]     PDF trouvé: قرار فتح باب الترشيح (score: 35)
2026-08-04 10:43:32,871 [INFO]   [PAS DE DATE] فتح باب الترشيح للمناصب العليا مدير الوكالة الحضرية للحسيمة...
2026-08-04 10:43:32,872 [INFO]   Détails: https://www.emploi-public.ma/ar/%D8%AA%D9%81%D8%A7%D8%B5%D9%8A%D9%84/%D8%A7%D9%84%D9%85%D9%86%D8%A7%D8%B5%D8%A8-%D8%A7%D9%84%D8%B9%D9%84%D9%8A%D8%A7/c3eed04a-67b9-4ceb-b4c3-b32e0273c191
2026-08-04 10:43:34,743 [WARNING] Format de date non reconnu: 00
2026-08-04 10:43:34,744 [INFO]     PDF trouvé: قرار فتح باب الترشيح (score: 35)
2026-08-04 10:43:34,745 [INFO]   [PAS DE DATE] فتح باب الترشيح للمناصب العليا مدير الوكالة الحضرية للعرائش...
2026-08-04 10:43:34,745 [INFO]   Détails: https://www.emploi-public.ma/ar/%D8%AA%D9%81%D8%A7%D8%B5%D9%8A%D9%84/%D8%A7%D9%84%D9%85%D9%86%D8%A7%D8%B5%D8%A8-%D8%A7%D9%84%D8%B9%D9%84%D9%8A%D8%A7/6bbca177-c943-4200-991d-4945c7de6c3e
2026-08-04 10:43:38,176 [WARNING] Format de date non reconnu: 30
2026-08-04 10:43:38,177 [INFO]     PDF trouvé: قرار فتح باب الترشيح (score: 35)
2026-08-04 10:43:38,178 [INFO]   [PAS DE DATE] فتح باب الترشيح للمناصب العليا مدير(ة) الشؤون العامة...
2026-08-04 10:43:38,178 [INFO]   Détails: https://www.emploi-public.ma/ar/%D8%AA%D9%81%D8%A7%D8%B5%D9%8A%D9%84/%D8%A7%D9%84%D9%85%D9%86%D8%A7%D8%B5%D8%A8-%D8%A7%D9%84%D8%B9%D9%84%D9%8A%D8%A7/971391f4-c3ed-4054-b39a-d498fdbfba4b
2026-08-04 10:43:40,261 [WARNING] Format de date non reconnu: 30
2026-08-04 10:43:40,262 [INFO]     PDF trouvé: قرار فتح باب الترشيح (score: 35)
2026-08-04 10:43:40,263 [INFO]   [PAS DE DATE] فتح باب الترشيح للمناصب العليا مدير(ة) المعهد الملكي لتكوين ...
2026-08-04 10:43:40,263 [INFO]   Détails: https://www.emploi-public.ma/ar/%D8%AA%D9%81%D8%A7%D8%B5%D9%8A%D9%84/%D8%A7%D9%84%D9%85%D9%86%D8%A7%D8%B5%D8%A8-%D8%A7%D9%84%D8%B9%D9%84%D9%8A%D8%A7/1afa70c8-a02b-457d-98c8-6787ae253f28
2026-08-04 10:43:41,755 [WARNING] Format de date non reconnu: 30
2026-08-04 10:43:41,756 [INFO]     PDF trouvé: قرار فتح باب الترشيح (score: 35)
2026-08-04 10:43:41,757 [INFO]   [PAS DE DATE] فتح باب الترشيح للمناصب العليا مدير مدرسة علوم المعلومات...
2026-08-04 10:43:41,758 [INFO]   Détails: https://www.emploi-public.ma/ar/%D8%AA%D9%81%D8%A7%D8%B5%D9%8A%D9%84/%D8%A7%D9%84%D9%85%D9%86%D8%A7%D8%B5%D8%A8-%D8%A7%D9%84%D8%B9%D9%84%D9%8A%D8%A7/e1c5923d-7307-42c7-90ed-21db5ce34a49
2026-08-04 10:43:49,959 [WARNING] Format de date non reconnu: 30
2026-08-04 10:43:49,961 [INFO]     PDF trouvé: قرار فتح باب الترشيح (score: 35)
2026-08-04 10:43:49,962 [INFO]   [PAS DE DATE] فتح باب الترشيح للمناصب العليا منصب مدير تشريعات البنيات الأ...
2026-08-04 10:43:49,962 [INFO]   Détails: https://www.emploi-public.ma/ar/%D8%AA%D9%81%D8%A7%D8%B5%D9%8A%D9%84/%D8%A7%D9%84%D9%85%D9%86%D8%A7%D8%B5%D8%A8-%D8%A7%D9%84%D8%B9%D9%84%D9%8A%D8%A7/cb431ce3-c104-457a-b464-8ca3b4a5fe55
2026-08-04 10:43:51,527 [WARNING] Format de date non reconnu: 30
2026-08-04 10:43:51,528 [INFO]     PDF trouvé: قرار فتح باب الترشيح (score: 35)
2026-08-04 10:43:51,529 [INFO]   [PAS DE DATE] فتح باب الترشيح للمناصب العليا مدير تشريعات الحكامة والحقوق ...
2026-08-04 10:43:51,530 [INFO]   Détails: https://www.emploi-public.ma/ar/%D8%AA%D9%81%D8%A7%D8%B5%D9%8A%D9%84/%D8%A7%D9%84%D9%85%D9%86%D8%A7%D8%B5%D8%A8-%D8%A7%D9%84%D8%B9%D9%84%D9%8A%D8%A7/83256c4b-36f7-461e-8579-7dbec3b6aae0
2026-08-04 10:43:54,628 [WARNING] Format de date non reconnu: 30
2026-08-04 10:43:54,629 [INFO]     PDF trouvé: قرار فتح باب الترشيح (score: 35)
2026-08-04 10:43:54,630 [INFO]   [PAS DE DATE] فتح باب الترشيح للمناصب العليا عميد كلية الطب والصيدلة بالرب...
2026-08-04 10:43:54,630 [INFO] Page 4/5
2026-08-04 10:43:54,630 [INFO] Scraping page: https://www.emploi-public.ma/ar/قائمة-المناصب-العليا?page=3
2026-08-04 10:43:57,476 [INFO]   → 9 annonces trouvées sur cette page
2026-08-04 10:43:57,477 [INFO]   Détails: https://www.emploi-public.ma/ar/%D8%AA%D9%81%D8%A7%D8%B5%D9%8A%D9%84/%D8%A7%D9%84%D9%85%D9%86%D8%A7%D8%B5%D8%A8-%D8%A7%D9%84%D8%B9%D9%84%D9%8A%D8%A7/e1054489-8a0a-4d64-92ab-55a9dbb52ac5
2026-08-04 10:43:58,637 [WARNING] Format de date non reconnu: 30
2026-08-04 10:43:58,638 [INFO]     PDF trouvé: قرار فتح باب الترشيح (score: 35)
2026-08-04 10:43:58,639 [INFO]   [PAS DE DATE] فتح باب الترشيح للمناصب العليا مدير المدرسة المحمدية للمهندس...
2026-08-04 10:43:58,639 [INFO]   Détails: https://www.emploi-public.ma/ar/%D8%AA%D9%81%D8%A7%D8%B5%D9%8A%D9%84/%D8%A7%D9%84%D9%85%D9%86%D8%A7%D8%B5%D8%A8-%D8%A7%D9%84%D8%B9%D9%84%D9%8A%D8%A7/4276b348-5dae-41c9-b638-6ca89ffaf304
2026-08-04 10:44:00,324 [WARNING] Format de date non reconnu: 30
2026-08-04 10:44:00,325 [INFO]     PDF trouvé: قرار فتح باب الترشيح (score: 35)
2026-08-04 10:44:00,326 [INFO]   [PAS DE DATE] فتح باب الترشيح للمناصب العليا منصب مدير(ة) المركز الجهوي لم...
2026-08-04 10:44:00,326 [INFO]   Détails: https://www.emploi-public.ma/ar/%D8%AA%D9%81%D8%A7%D8%B5%D9%8A%D9%84/%D8%A7%D9%84%D9%85%D9%86%D8%A7%D8%B5%D8%A8-%D8%A7%D9%84%D8%B9%D9%84%D9%8A%D8%A7/0f48ee65-4c13-4056-a870-a38f35f26eee
2026-08-04 10:44:03,992 [WARNING] Format de date non reconnu: 30
2026-08-04 10:44:03,993 [INFO]     PDF trouvé: قرار فتح باب الترشيح (score: 35)
2026-08-04 10:44:03,994 [INFO]   [PAS DE DATE] فتح باب الترشيح للمناصب العليا مدير الانظمة والدراسات التاري...
2026-08-04 10:44:03,994 [INFO]   Détails: https://www.emploi-public.ma/ar/%D8%AA%D9%81%D8%A7%D8%B5%D9%8A%D9%84/%D8%A7%D9%84%D9%85%D9%86%D8%A7%D8%B5%D8%A8-%D8%A7%D9%84%D8%B9%D9%84%D9%8A%D8%A7/17544c4c-7a33-48bd-be97-d4e261c4b1ba
2026-08-04 10:44:05,554 [WARNING] Format de date non reconnu: 30
2026-08-04 10:44:05,556 [INFO]     PDF trouvé: قرار فتح باب الترشيح (score: 35)
2026-08-04 10:44:05,557 [INFO]   [PAS DE DATE] فتح باب الترشيح للمناصب العليا المدير(ة) العام(ة) لتنظيم الح...
2026-08-04 10:44:05,557 [INFO]   Détails: https://www.emploi-public.ma/ar/%D8%AA%D9%81%D8%A7%D8%B5%D9%8A%D9%84/%D8%A7%D9%84%D9%85%D9%86%D8%A7%D8%B5%D8%A8-%D8%A7%D9%84%D8%B9%D9%84%D9%8A%D8%A7/2062be70-06c0-4b02-b143-bb2108a03421
2026-08-04 10:44:07,496 [WARNING] Format de date non reconnu: 30
2026-08-04 10:44:07,497 [INFO]     PDF trouvé: قرار فتح باب الترشيح (score: 35)
2026-08-04 10:44:07,499 [INFO]   [PAS DE DATE] فتح باب الترشيح للمناصب العليا مدير(ة) المركز الوطني للأستاذ...
2026-08-04 10:44:07,499 [INFO]   Détails: https://www.emploi-public.ma/ar/%D8%AA%D9%81%D8%A7%D8%B5%D9%8A%D9%84/%D8%A7%D9%84%D9%85%D9%86%D8%A7%D8%B5%D8%A8-%D8%A7%D9%84%D8%B9%D9%84%D9%8A%D8%A7/5b7e6e30-4777-469d-9fa2-856d4390a35f
2026-08-04 10:44:10,436 [WARNING] Format de date non reconnu: 30
2026-08-04 10:44:10,437 [INFO]     PDF trouvé: قرار فتح باب الترشيح (score: 35)
2026-08-04 10:44:10,438 [INFO]   [PAS DE DATE] فتح باب الترشيح للمناصب العليا مدير الشباب...
2026-08-04 10:44:10,438 [INFO]   Détails: https://www.emploi-public.ma/ar/%D8%AA%D9%81%D8%A7%D8%B5%D9%8A%D9%84/%D8%A7%D9%84%D9%85%D9%86%D8%A7%D8%B5%D8%A8-%D8%A7%D9%84%D8%B9%D9%84%D9%8A%D8%A7/5313b8af-912f-4d82-b328-04c94fbe4562
2026-08-04 10:44:16,571 [WARNING] Format de date non reconnu: 30
2026-08-04 10:44:16,572 [INFO]     PDF trouvé: قرار فتح باب الترشيح (score: 35)
2026-08-04 10:44:16,573 [INFO]   [PAS DE DATE] فتح باب الترشيح للمناصب العليا مدير (ة) التعاون والشراكة...
2026-08-04 10:44:16,573 [INFO]   Détails: https://www.emploi-public.ma/ar/%D8%AA%D9%81%D8%A7%D8%B5%D9%8A%D9%84/%D8%A7%D9%84%D9%85%D9%86%D8%A7%D8%B5%D8%A8-%D8%A7%D9%84%D8%B9%D9%84%D9%8A%D8%A7/52349e85-618a-444c-94ae-a269dcb8ede6
2026-08-04 10:44:17,587 [WARNING] Format de date non reconnu: 30
2026-08-04 10:44:17,588 [INFO]     PDF trouvé: قرار فتح باب الترشيح (score: 35)
2026-08-04 10:44:17,589 [INFO]   [PAS DE DATE] فتح باب الترشيح للمناصب العليا مدير (ة) الموارد البشرية...
2026-08-04 10:44:17,589 [INFO]   Détails: https://www.emploi-public.ma/ar/%D8%AA%D9%81%D8%A7%D8%B5%D9%8A%D9%84/%D8%A7%D9%84%D9%85%D9%86%D8%A7%D8%B5%D8%A8-%D8%A7%D9%84%D8%B9%D9%84%D9%8A%D8%A7/b993993a-7a9f-4f82-a95d-4c705192b5c5
2026-08-04 10:44:19,142 [WARNING] Format de date non reconnu: 30
2026-08-04 10:44:19,143 [INFO]     PDF trouvé: قرار فتح باب الترشيح (score: 35)
2026-08-04 10:44:19,144 [INFO]   [PAS DE DATE] فتح باب الترشيح للمناصب العليا مدير(ة) الأكاديمية الجهوية لل...
2026-08-04 10:44:19,144 [INFO] Page 5/5
2026-08-04 10:44:19,145 [INFO] Scraping page: https://www.emploi-public.ma/ar/قائمة-المناصب-العليا?page=4
2026-08-04 10:44:20,309 [INFO]   → 9 annonces trouvées sur cette page
2026-08-04 10:44:20,310 [INFO]   Détails: https://www.emploi-public.ma/ar/%D8%AA%D9%81%D8%A7%D8%B5%D9%8A%D9%84/%D8%A7%D9%84%D9%85%D9%86%D8%A7%D8%B5%D8%A8-%D8%A7%D9%84%D8%B9%D9%84%D9%8A%D8%A7/a8514544-73e5-48b0-bc95-4e3782a246c4
2026-08-04 10:44:21,978 [WARNING] Format de date non reconnu: 30
2026-08-04 10:44:21,979 [INFO]     PDF trouvé: قرار فتح باب الترشيح (score: 35)
2026-08-04 10:44:21,981 [INFO]   [PAS DE DATE] فتح باب الترشيح للمناصب العليا مدير المكتب الجهوي للاستثمار ...
2026-08-04 10:44:21,981 [INFO]   Détails: https://www.emploi-public.ma/ar/%D8%AA%D9%81%D8%A7%D8%B5%D9%8A%D9%84/%D8%A7%D9%84%D9%85%D9%86%D8%A7%D8%B5%D8%A8-%D8%A7%D9%84%D8%B9%D9%84%D9%8A%D8%A7/34737011-4b34-4d27-a8e4-f96374ce7e3b
2026-08-04 10:44:23,301 [WARNING] Format de date non reconnu: 30
2026-08-04 10:44:23,302 [INFO]     PDF trouvé: قرار فتح باب الترشيح (score: 35)
2026-08-04 10:44:23,304 [INFO]   [PAS DE DATE] فتح باب الترشيح للمناصب العليا مدير المركز الجهوي للإستثمار ...
2026-08-04 10:44:23,304 [INFO]   Détails: https://www.emploi-public.ma/ar/%D8%AA%D9%81%D8%A7%D8%B5%D9%8A%D9%84/%D8%A7%D9%84%D9%85%D9%86%D8%A7%D8%B5%D8%A8-%D8%A7%D9%84%D8%B9%D9%84%D9%8A%D8%A7/3848b51d-1643-4c8a-9d0a-0001f3ec1eb6
2026-08-04 10:44:26,484 [WARNING] Format de date non reconnu: 30
2026-08-04 10:44:26,485 [INFO]     PDF trouvé: قرار فتح باب الترشيح (score: 35)
2026-08-04 10:44:26,486 [INFO]   [PAS DE DATE] فتح باب الترشيح للمناصب العليا مدير الإحصائيات والدراسات وال...
2026-08-04 10:44:26,487 [INFO]   Détails: https://www.emploi-public.ma/ar/%D8%AA%D9%81%D8%A7%D8%B5%D9%8A%D9%84/%D8%A7%D9%84%D9%85%D9%86%D8%A7%D8%B5%D8%A8-%D8%A7%D9%84%D8%B9%D9%84%D9%8A%D8%A7/f762f1b5-8e54-4277-9ceb-b77512a40379
2026-08-04 10:44:34,186 [WARNING] Format de date non reconnu: 30
2026-08-04 10:44:34,187 [INFO]     PDF trouvé: قرار فتح باب الترشيح (score: 35)
2026-08-04 10:44:34,188 [INFO]   [PAS DE DATE] فتح باب الترشيح للمناصب العليا مدير المعهد الوطني العالي للم...
2026-08-04 10:44:34,188 [INFO]   Détails: https://www.emploi-public.ma/ar/%D8%AA%D9%81%D8%A7%D8%B5%D9%8A%D9%84/%D8%A7%D9%84%D9%85%D9%86%D8%A7%D8%B5%D8%A8-%D8%A7%D9%84%D8%B9%D9%84%D9%8A%D8%A7/f398a7c1-f047-4cb7-95a2-e63106086337
2026-08-04 10:44:36,389 [WARNING] Format de date non reconnu: 30
2026-08-04 10:44:36,390 [INFO]     PDF trouvé: قرار فتح باب الترشيح (score: 35)
2026-08-04 10:44:36,391 [INFO]   [PAS DE DATE] فتح باب الترشيح للمناصب العليا مدير (ة) التعليم العالي والتن...
2026-08-04 10:44:36,392 [INFO]   Détails: https://www.emploi-public.ma/ar/%D8%AA%D9%81%D8%A7%D8%B5%D9%8A%D9%84/%D8%A7%D9%84%D9%85%D9%86%D8%A7%D8%B5%D8%A8-%D8%A7%D9%84%D8%B9%D9%84%D9%8A%D8%A7/b93e0027-1954-4712-8bb1-c6c3715e916c
2026-08-04 10:44:37,527 [INFO]     PDF trouvé: قرار فتح باب الترشيح (score: 35)
2026-08-04 10:44:37,528 [INFO]   [EXPIRÉE] فتح باب الترشيح للمناصب العليا مدير وكالة الحوض المائي لسوس ... → 2026-05-14
2026-08-04 10:44:37,529 [INFO]   Détails: https://www.emploi-public.ma/ar/%D8%AA%D9%81%D8%A7%D8%B5%D9%8A%D9%84/%D8%A7%D9%84%D9%85%D9%86%D8%A7%D8%B5%D8%A8-%D8%A7%D9%84%D8%B9%D9%84%D9%8A%D8%A7/50a4fceb-7a2a-4dfc-9d54-27d5969d8c20
2026-08-04 10:44:39,215 [WARNING] Format de date non reconnu: 30
2026-08-04 10:44:39,217 [INFO]     PDF trouvé: قرار فتح باب الترشيح (score: 35)
2026-08-04 10:44:39,218 [INFO]   [PAS DE DATE] فتح باب الترشيح للمناصب العليا مدير العلاقات مع المجتمع المد...
2026-08-04 10:44:39,218 [INFO]   Détails: https://www.emploi-public.ma/ar/%D8%AA%D9%81%D8%A7%D8%B5%D9%8A%D9%84/%D8%A7%D9%84%D9%85%D9%86%D8%A7%D8%B5%D8%A8-%D8%A7%D9%84%D8%B9%D9%84%D9%8A%D8%A7/79e56e61-79b1-4b12-b93a-174e15b76e74
2026-08-04 10:44:50,372 [WARNING] Format de date non reconnu: 30
2026-08-04 10:44:50,373 [INFO]     PDF trouvé: قرار فتح باب الترشيح (score: 35)
2026-08-04 10:44:50,374 [INFO]   [PAS DE DATE] فتح باب الترشيح للمناصب العليا مدير المعهد العالي الدولي للس...
2026-08-04 10:44:50,375 [INFO]   Détails: https://www.emploi-public.ma/ar/%D8%AA%D9%81%D8%A7%D8%B5%D9%8A%D9%84/%D8%A7%D9%84%D9%85%D9%86%D8%A7%D8%B5%D8%A8-%D8%A7%D9%84%D8%B9%D9%84%D9%8A%D8%A7/cd433a5b-75fc-4eb0-b5d7-0a520ca6c2ab
2026-08-04 10:44:51,807 [WARNING] Format de date non reconnu: 30
2026-08-04 10:44:51,808 [INFO]     PDF trouvé: قرار فتح باب الترشيح (score: 35)
2026-08-04 10:44:51,809 [INFO]   [PAS DE DATE] فتح باب الترشيح للمناصب العليا كاتب عام لوزارة إصلاح الإدارة...
2026-08-04 10:44:51,809 [INFO] 
--- Catégorie: المباريات ---
2026-08-04 10:44:51,809 [INFO] Page 1/5
2026-08-04 10:44:51,809 [INFO] Scraping page: https://www.emploi-public.ma/ar/قائمة-المباريات
2026-08-04 10:44:53,906 [INFO]   → 9 annonces trouvées sur cette page
2026-08-04 10:44:53,907 [INFO]   Détails: https://www.emploi-public.ma/ar/%D8%AA%D9%81%D8%A7%D8%B5%D9%8A%D9%84/%D8%A7%D9%84%D9%85%D8%A8%D8%A7%D8%B1%D9%8A%D8%A7%D8%AA/8cce8ed8-8973-49f6-ae36-f75aef0d9d96
2026-08-04 10:44:55,542 [INFO]     PDF trouvé: قرار فتح المباراة (score: 25)
2026-08-04 10:44:55,543 [INFO]   [EN COURS] مباراة لتوظيف أستاذ محاضر من الدرجة أ - سلم 11... → 2026-08-19
2026-08-04 10:44:55,544 [INFO]   Détails: https://www.emploi-public.ma/ar/%D8%AA%D9%81%D8%A7%D8%B5%D9%8A%D9%84/%D8%A7%D9%84%D9%85%D8%A8%D8%A7%D8%B1%D9%8A%D8%A7%D8%AA/72ed0218-c625-44ef-ad36-0ddf1450d8b7
2026-08-04 10:44:56,461 [INFO]     PDF trouvé: قرار فتح المباراة (score: 25)
2026-08-04 10:44:56,462 [INFO]   [EN COURS] مباراة لتوظيف مهندس دولة من الدرجة الأولى - سلم 11... → 2026-08-14
2026-08-04 10:44:56,463 [INFO]   Détails: https://www.emploi-public.ma/ar/%D8%AA%D9%81%D8%A7%D8%B5%D9%8A%D9%84/%D8%A7%D9%84%D9%85%D8%A8%D8%A7%D8%B1%D9%8A%D8%A7%D8%AA/1d56279d-bec7-4467-906d-4003286e1a05
2026-08-04 10:44:59,281 [INFO]     PDF trouvé: قرار فتح المباراة (score: 25)
2026-08-04 10:44:59,282 [INFO]   [EN COURS] مباراة لتوظيف مهندس معماري من الدرجة الأولى - سلم 11... → 2026-08-13
2026-08-04 10:44:59,282 [INFO]   Détails: https://www.emploi-public.ma/ar/%D8%AA%D9%81%D8%A7%D8%B5%D9%8A%D9%84/%D8%A7%D9%84%D9%85%D8%A8%D8%A7%D8%B1%D9%8A%D8%A7%D8%AA/1874ae4c-94d6-4af0-9575-a39ede5189ff
2026-08-04 10:45:00,420 [INFO]     PDF trouvé: قرار فتح المباراة (score: 25)
2026-08-04 10:45:00,422 [INFO]   [EN COURS] مباراة لتوظيف متصرف من الدرجة الثانية - سلم 11... → 2026-08-31
2026-08-04 10:45:00,422 [INFO]   Détails: https://www.emploi-public.ma/ar/%D8%AA%D9%81%D8%A7%D8%B5%D9%8A%D9%84/%D8%A7%D9%84%D9%85%D8%A8%D8%A7%D8%B1%D9%8A%D8%A7%D8%AA/72d7f4f3-b81d-4f01-b750-c84c9fdb3db1
2026-08-04 10:45:02,418 [INFO]     PDF trouvé: قرار فتح المباراة (score: 25)
2026-08-04 10:45:02,420 [INFO]   [EN COURS] مباراة لتوظيف متصرف من الدرجة الثانية - سلم 11... → 2026-08-31
2026-08-04 10:45:02,420 [INFO]   Détails: https://www.emploi-public.ma/ar/%D8%AA%D9%81%D8%A7%D8%B5%D9%8A%D9%84/%D8%A7%D9%84%D9%85%D8%A8%D8%A7%D8%B1%D9%8A%D8%A7%D8%AA/74fa6128-711a-40b7-b71b-5b4388a2d9d4
2026-08-04 10:45:10,980 [INFO]     PDF trouvé: قرار فتح المباراة (score: 25)
2026-08-04 10:45:10,981 [INFO]   [EN COURS] مباراة لتوظيف مساعد تقني من الدرجة الثانية... → 2026-08-10
2026-08-04 10:45:10,981 [INFO]   Détails: https://www.emploi-public.ma/ar/%D8%AA%D9%81%D8%A7%D8%B5%D9%8A%D9%84/%D8%A7%D9%84%D9%85%D8%A8%D8%A7%D8%B1%D9%8A%D8%A7%D8%AA/3d99718c-9c89-43ed-92b5-ec76b2c038b3
2026-08-04 10:45:14,718 [INFO]     PDF trouvé: قرار فتح المباراة (score: 25)
2026-08-04 10:45:14,720 [INFO]   [EN COURS] مباراة لتوظيف تقني من الدرجة الرابعة - سلم 8... → 2026-08-10
2026-08-04 10:45:14,720 [INFO]   Détails: https://www.emploi-public.ma/ar/%D8%AA%D9%81%D8%A7%D8%B5%D9%8A%D9%84/%D8%A7%D9%84%D9%85%D8%A8%D8%A7%D8%B1%D9%8A%D8%A7%D8%AA/4e64e78f-621d-4e95-a829-a8b22986502a
2026-08-04 10:45:15,787 [INFO]     PDF trouvé: قرار فتح المباراة (score: 25)
2026-08-04 10:45:15,788 [INFO]   [EN COURS] مباراة لتوظيف تقني من الدرجة الثالثة - سلم 9... → 2026-08-10
2026-08-04 10:45:15,788 [INFO]   Détails: https://www.emploi-public.ma/ar/%D8%AA%D9%81%D8%A7%D8%B5%D9%8A%D9%84/%D8%A7%D9%84%D9%85%D8%A8%D8%A7%D8%B1%D9%8A%D8%A7%D8%AA/bacf792b-04bc-4a4b-a73b-cc69eab17a49
2026-08-04 10:45:20,542 [INFO]     PDF trouvé: قرار فتح المباراة (score: 25)
2026-08-04 10:45:20,543 [INFO]   [EN COURS] مباراة لتوظيف مهندس دولة من الدرجة الأولى - سلم 11... → 2026-08-10
2026-08-04 10:45:20,544 [INFO] Page 2/5
2026-08-04 10:45:20,544 [INFO] Scraping page: https://www.emploi-public.ma/ar/قائمة-المباريات?page=1
2026-08-04 10:45:32,910 [INFO]   → 9 annonces trouvées sur cette page
2026-08-04 10:45:32,911 [INFO]   Détails: https://www.emploi-public.ma/ar/%D8%AA%D9%81%D8%A7%D8%B5%D9%8A%D9%84/%D8%A7%D9%84%D9%85%D8%A8%D8%A7%D8%B1%D9%8A%D8%A7%D8%AA/8cce8ed8-8973-49f6-ae36-f75aef0d9d96
2026-08-04 10:45:37,684 [INFO]     PDF trouvé: قرار فتح المباراة (score: 25)
2026-08-04 10:45:37,685 [INFO]   [EN COURS] مباراة لتوظيف أستاذ محاضر من الدرجة أ - سلم 11... → 2026-08-19
2026-08-04 10:45:37,685 [INFO]   Détails: https://www.emploi-public.ma/ar/%D8%AA%D9%81%D8%A7%D8%B5%D9%8A%D9%84/%D8%A7%D9%84%D9%85%D8%A8%D8%A7%D8%B1%D9%8A%D8%A7%D8%AA/72ed0218-c625-44ef-ad36-0ddf1450d8b7
2026-08-04 10:45:38,616 [INFO]     PDF trouvé: قرار فتح المباراة (score: 25)
2026-08-04 10:45:38,617 [INFO]   [EN COURS] مباراة لتوظيف مهندس دولة من الدرجة الأولى - سلم 11... → 2026-08-14
2026-08-04 10:45:38,618 [INFO]   Détails: https://www.emploi-public.ma/ar/%D8%AA%D9%81%D8%A7%D8%B5%D9%8A%D9%84/%D8%A7%D9%84%D9%85%D8%A8%D8%A7%D8%B1%D9%8A%D8%A7%D8%AA/1d56279d-bec7-4467-906d-4003286e1a05
2026-08-04 10:45:39,650 [INFO]     PDF trouvé: قرار فتح المباراة (score: 25)
2026-08-04 10:45:39,652 [INFO]   [EN COURS] مباراة لتوظيف مهندس معماري من الدرجة الأولى - سلم 11... → 2026-08-13
2026-08-04 10:45:39,652 [INFO]   Détails: https://www.emploi-public.ma/ar/%D8%AA%D9%81%D8%A7%D8%B5%D9%8A%D9%84/%D8%A7%D9%84%D9%85%D8%A8%D8%A7%D8%B1%D9%8A%D8%A7%D8%AA/1874ae4c-94d6-4af0-9575-a39ede5189ff
2026-08-04 10:45:41,145 [INFO]     PDF trouvé: قرار فتح المباراة (score: 25)
2026-08-04 10:45:41,146 [INFO]   [EN COURS] مباراة لتوظيف متصرف من الدرجة الثانية - سلم 11... → 2026-08-31
2026-08-04 10:45:41,147 [INFO]   Détails: https://www.emploi-public.ma/ar/%D8%AA%D9%81%D8%A7%D8%B5%D9%8A%D9%84/%D8%A7%D9%84%D9%85%D8%A8%D8%A7%D8%B1%D9%8A%D8%A7%D8%AA/72d7f4f3-b81d-4f01-b750-c84c9fdb3db1
2026-08-04 10:45:43,766 [INFO]     PDF trouvé: قرار فتح المباراة (score: 25)
2026-08-04 10:45:43,767 [INFO]   [EN COURS] مباراة لتوظيف متصرف من الدرجة الثانية - سلم 11... → 2026-08-31
2026-08-04 10:45:43,767 [INFO]   Détails: https://www.emploi-public.ma/ar/%D8%AA%D9%81%D8%A7%D8%B5%D9%8A%D9%84/%D8%A7%D9%84%D9%85%D8%A8%D8%A7%D8%B1%D9%8A%D8%A7%D8%AA/74fa6128-711a-40b7-b71b-5b4388a2d9d4
2026-08-04 10:45:45,148 [INFO]     PDF trouvé: قرار فتح المباراة (score: 25)
2026-08-04 10:45:45,149 [INFO]   [EN COURS] مباراة لتوظيف مساعد تقني من الدرجة الثانية... → 2026-08-10
2026-08-04 10:45:45,149 [INFO]   Détails: https://www.emploi-public.ma/ar/%D8%AA%D9%81%D8%A7%D8%B5%D9%8A%D9%84/%D8%A7%D9%84%D9%85%D8%A8%D8%A7%D8%B1%D9%8A%D8%A7%D8%AA/3d99718c-9c89-43ed-92b5-ec76b2c038b3
2026-08-04 10:45:47,997 [INFO]     PDF trouvé: قرار فتح المباراة (score: 25)
2026-08-04 10:45:47,998 [INFO]   [EN COURS] مباراة لتوظيف تقني من الدرجة الرابعة - سلم 8... → 2026-08-10
2026-08-04 10:45:47,999 [INFO]   Détails: https://www.emploi-public.ma/ar/%D8%AA%D9%81%D8%A7%D8%B5%D9%8A%D9%84/%D8%A7%D9%84%D9%85%D8%A8%D8%A7%D8%B1%D9%8A%D8%A7%D8%AA/4e64e78f-621d-4e95-a829-a8b22986502a
2026-08-04 10:45:51,546 [INFO]     PDF trouvé: قرار فتح المباراة (score: 25)
2026-08-04 10:45:51,547 [INFO]   [EN COURS] مباراة لتوظيف تقني من الدرجة الثالثة - سلم 9... → 2026-08-10
2026-08-04 10:45:51,548 [INFO]   Détails: https://www.emploi-public.ma/ar/%D8%AA%D9%81%D8%A7%D8%B5%D9%8A%D9%84/%D8%A7%D9%84%D9%85%D8%A8%D8%A7%D8%B1%D9%8A%D8%A7%D8%AA/bacf792b-04bc-4a4b-a73b-cc69eab17a49
2026-08-04 10:45:52,603 [INFO]     PDF trouvé: قرار فتح المباراة (score: 25)
2026-08-04 10:45:52,604 [INFO]   [EN COURS] مباراة لتوظيف مهندس دولة من الدرجة الأولى - سلم 11... → 2026-08-10
2026-08-04 10:45:52,604 [INFO] Page 3/5
2026-08-04 10:45:52,604 [INFO] Scraping page: https://www.emploi-public.ma/ar/قائمة-المباريات?page=2
2026-08-04 10:45:54,681 [INFO]   → 9 annonces trouvées sur cette page
2026-08-04 10:45:54,682 [INFO]   Détails: https://www.emploi-public.ma/ar/%D8%AA%D9%81%D8%A7%D8%B5%D9%8A%D9%84/%D8%A7%D9%84%D9%85%D8%A8%D8%A7%D8%B1%D9%8A%D8%A7%D8%AA/3d6e4275-fe42-4fa4-b135-22595857f77b
2026-08-04 10:45:56,228 [INFO]     PDF trouvé: قرار فتح المباراة (score: 25)
2026-08-04 10:45:56,229 [INFO]   [EN COURS] مباراة لتوظيف كاتب الشؤون الخارجية - سلم 10... → 2026-08-10
2026-08-04 10:45:56,229 [INFO]   Détails: https://www.emploi-public.ma/ar/%D8%AA%D9%81%D8%A7%D8%B5%D9%8A%D9%84/%D8%A7%D9%84%D9%85%D8%A8%D8%A7%D8%B1%D9%8A%D8%A7%D8%AA/f8fd2d0d-5d98-42d7-8229-9924acf1c303
2026-08-04 10:46:00,227 [INFO]     PDF trouvé: قرار فتح المباراة (score: 25)
2026-08-04 10:46:00,229 [INFO]   [EN COURS] مباراة لتوظيف مستشار الشؤون الخارجية - سلم 11... → 2026-08-10
2026-08-04 10:46:00,229 [INFO]   Détails: https://www.emploi-public.ma/ar/%D8%AA%D9%81%D8%A7%D8%B5%D9%8A%D9%84/%D8%A7%D9%84%D9%85%D8%A8%D8%A7%D8%B1%D9%8A%D8%A7%D8%AA/0d14767d-7b8a-4282-b397-96709c297e37
2026-08-04 10:46:01,920 [INFO]     PDF trouvé: قرار فتح المباراة (score: 25)
2026-08-04 10:46:01,921 [INFO]   [EN COURS] مباراة لتوظيف مفتش الجمارك من الدرجة الثانية... → 2026-08-10
2026-08-04 10:46:01,922 [INFO]   Détails: https://www.emploi-public.ma/ar/%D8%AA%D9%81%D8%A7%D8%B5%D9%8A%D9%84/%D8%A7%D9%84%D9%85%D8%A8%D8%A7%D8%B1%D9%8A%D8%A7%D8%AA/ab562af5-0ec1-4fe8-99a3-48cd82b59676
2026-08-04 10:46:03,637 [INFO]     PDF trouvé: قرار فتح المباراة (score: 25)
2026-08-04 10:46:03,638 [INFO]   [EN COURS] مباراة لتوظيف مهندس الدولة للجمارك من الدرجة الأولى... → 2026-08-10
2026-08-04 10:46:03,638 [INFO]   Détails: https://www.emploi-public.ma/ar/%D8%AA%D9%81%D8%A7%D8%B5%D9%8A%D9%84/%D8%A7%D9%84%D9%85%D8%A8%D8%A7%D8%B1%D9%8A%D8%A7%D8%AA/e9c0bb85-e735-4886-acf1-b3309ba4a205
2026-08-04 10:46:08,215 [INFO]     PDF trouvé: قرار فتح المباراة (score: 25)
2026-08-04 10:46:08,216 [INFO]   [EN COURS] مباراة لتوظيف مهندس دولة من الدرجة الأولى - سلم 11... → 2026-08-10
2026-08-04 10:46:08,217 [INFO]   Détails: https://www.emploi-public.ma/ar/%D8%AA%D9%81%D8%A7%D8%B5%D9%8A%D9%84/%D8%A7%D9%84%D9%85%D8%A8%D8%A7%D8%B1%D9%8A%D8%A7%D8%AA/d91438ac-a7df-48aa-a29d-ea568c52b32e
2026-08-04 10:46:09,337 [INFO]     PDF trouvé: قرار فتح المباراة (score: 25)
2026-08-04 10:46:09,338 [INFO]   [EN COURS] مباراة لتوظيف تقني من الدرجة الثالثة - سلم 9... → 2026-08-07
2026-08-04 10:46:09,339 [INFO]   Détails: https://www.emploi-public.ma/ar/%D8%AA%D9%81%D8%A7%D8%B5%D9%8A%D9%84/%D8%A7%D9%84%D9%85%D8%A8%D8%A7%D8%B1%D9%8A%D8%A7%D8%AA/6aa579ad-7abb-44f1-b036-56e9fbafced8
2026-08-04 10:46:10,989 [INFO]     PDF trouvé: قرار فتح المباراة (score: 25)
2026-08-04 10:46:10,990 [INFO]   [EN COURS] مباراة لتوظيف متصرف من الدرجة الثانية - سلم 11... → 2026-08-07
2026-08-04 10:46:10,990 [INFO]   Détails: https://www.emploi-public.ma/ar/%D8%AA%D9%81%D8%A7%D8%B5%D9%8A%D9%84/%D8%A7%D9%84%D9%85%D8%A8%D8%A7%D8%B1%D9%8A%D8%A7%D8%AA/c27ac1df-953a-4b58-a2e2-e273271f18b1
2026-08-04 10:46:14,381 [INFO]     PDF trouvé: قرار فتح المباراة (score: 25)
2026-08-04 10:46:14,383 [INFO]   [EN COURS] مباراة لتوظيف مساعد تقني من الدرجة الثانية... → 2026-08-05
2026-08-04 10:46:14,383 [INFO]   Détails: https://www.emploi-public.ma/ar/%D8%AA%D9%81%D8%A7%D8%B5%D9%8A%D9%84/%D8%A7%D9%84%D9%85%D8%A8%D8%A7%D8%B1%D9%8A%D8%A7%D8%AA/7faff0fb-2922-485a-853e-20b4d81cbc7a
2026-08-04 10:46:19,544 [INFO]     PDF trouvé: قرار فتح المباراة (score: 25)
2026-08-04 10:46:19,545 [INFO]   [EXPIRÉE] مباراة لتوظيف أستاذ محاضر من الدرجة أ - سلم 11... → 2026-08-03
2026-08-04 10:46:19,546 [INFO] Page 4/5
2026-08-04 10:46:19,546 [INFO] Scraping page: https://www.emploi-public.ma/ar/قائمة-المباريات?page=3
2026-08-04 10:46:20,791 [INFO]   → 9 annonces trouvées sur cette page
2026-08-04 10:46:20,792 [INFO]   Détails: https://www.emploi-public.ma/ar/%D8%AA%D9%81%D8%A7%D8%B5%D9%8A%D9%84/%D8%A7%D9%84%D9%85%D8%A8%D8%A7%D8%B1%D9%8A%D8%A7%D8%AA/2c15e888-7029-4082-9334-eef194ee5586
2026-08-04 10:46:31,101 [INFO]     PDF trouvé: قرار فتح المباراة (score: 25)
2026-08-04 10:46:31,102 [INFO]   [EXPIRÉE] مباراة لتوظيف متصرف من الدرجة الثانية - سلم 11... → 2026-08-03
2026-08-04 10:46:31,103 [INFO]   Détails: https://www.emploi-public.ma/ar/%D8%AA%D9%81%D8%A7%D8%B5%D9%8A%D9%84/%D8%A7%D9%84%D9%85%D8%A8%D8%A7%D8%B1%D9%8A%D8%A7%D8%AA/d543668b-c808-4ac0-933b-4301237f9f67
2026-08-04 10:46:34,047 [INFO]     PDF trouvé: قرار فتح المباراة (score: 25)
2026-08-04 10:46:34,048 [INFO]   [EXPIRÉE] مباراة لتوظيف متصرف من الدرجة الثالثة - سلم 10... → 2026-07-31
2026-08-04 10:46:34,048 [INFO]   Détails: https://www.emploi-public.ma/ar/%D8%AA%D9%81%D8%A7%D8%B5%D9%8A%D9%84/%D8%A7%D9%84%D9%85%D8%A8%D8%A7%D8%B1%D9%8A%D8%A7%D8%AA/78699344-c4d1-4204-ad40-9749cc0563aa
2026-08-04 10:46:41,564 [INFO]     PDF trouvé: قرار فتح المباراة (score: 25)
2026-08-04 10:46:41,565 [INFO]   [EXPIRÉE] لائحة المدعوين لإجراء الاختبار الكتابي لمباراة توظيف طبيب من... → 2026-07-23
2026-08-04 10:46:41,565 [INFO]   Détails: https://www.emploi-public.ma/ar/%D8%AA%D9%81%D8%A7%D8%B5%D9%8A%D9%84/%D8%A7%D9%84%D9%85%D8%A8%D8%A7%D8%B1%D9%8A%D8%A7%D8%AA/b62a7d1c-c399-48cd-ab9f-adca105db22f
2026-08-04 10:46:43,061 [INFO]     PDF trouvé: قرار فتح المباراة (score: 25)
2026-08-04 10:46:43,063 [INFO]   [EXPIRÉE] لائحة المدعوين لإجراء الاختبار الكتابي لمباراة توظيف أستاذ م... → 2026-07-21
2026-08-04 10:46:43,063 [INFO]   Détails: https://www.emploi-public.ma/ar/%D8%AA%D9%81%D8%A7%D8%B5%D9%8A%D9%84/%D8%A7%D9%84%D9%85%D8%A8%D8%A7%D8%B1%D9%8A%D8%A7%D8%AA/dc6005fa-8f1f-418f-baed-64e9caca12f6
2026-08-04 10:46:49,403 [INFO]     PDF trouvé: قرار فتح المباراة (score: 25)
2026-08-04 10:46:49,404 [INFO]   [EXPIRÉE] لائحة المدعوين لإجراء الاختبار الكتابي لمباراة توظيف تقني من... → 2026-07-21
2026-08-04 10:46:49,404 [INFO]   Détails: https://www.emploi-public.ma/ar/%D8%AA%D9%81%D8%A7%D8%B5%D9%8A%D9%84/%D8%A7%D9%84%D9%85%D8%A8%D8%A7%D8%B1%D9%8A%D8%A7%D8%AA/7d4f66b4-2f8c-4dbf-94ea-99d5943a7378
2026-08-04 10:46:57,496 [INFO]     PDF trouvé: قرار فتح المباراة (score: 25)
2026-08-04 10:46:57,498 [INFO]   [EXPIRÉE] لائحة المدعوين لإجراء الاختبار الكتابي لمباراة توظيف متصرف م... → 2026-07-21
2026-08-04 10:46:57,498 [INFO]   Détails: https://www.emploi-public.ma/ar/%D8%AA%D9%81%D8%A7%D8%B5%D9%8A%D9%84/%D8%A7%D9%84%D9%85%D8%A8%D8%A7%D8%B1%D9%8A%D8%A7%D8%AA/e372c384-b595-401d-bfa7-77c67af01fbe
2026-08-04 10:46:59,517 [INFO]     PDF trouvé: قرار فتح المباراة (score: 25)
2026-08-04 10:46:59,518 [INFO]   [EXPIRÉE] لائحة المدعوين لإجراء الاختبار الكتابي لمباراة توظيف متصرف م... → 2026-07-21
2026-08-04 10:46:59,518 [INFO]   Détails: https://www.emploi-public.ma/ar/%D8%AA%D9%81%D8%A7%D8%B5%D9%8A%D9%84/%D8%A7%D9%84%D9%85%D8%A8%D8%A7%D8%B1%D9%8A%D8%A7%D8%AA/606d3ff2-2e7a-4174-9d74-713c58402b8a
2026-08-04 10:47:05,468 [INFO]     PDF trouvé: قرار فتح المباراة (score: 25)
2026-08-04 10:47:05,470 [INFO]   [EXPIRÉE] لائحة الناجحين في مباراة التوظيف طبيب من الدرجة الأولى - سلم... → 2026-07-21
2026-08-04 10:47:05,470 [INFO]   Détails: https://www.emploi-public.ma/ar/%D8%AA%D9%81%D8%A7%D8%B5%D9%8A%D9%84/%D8%A7%D9%84%D9%85%D8%A8%D8%A7%D8%B1%D9%8A%D8%A7%D8%AA/9740d64c-8b1b-47b8-abe8-00b3575d4aa9
2026-08-04 10:47:16,065 [INFO]     PDF trouvé: قرار فتح المباراة (score: 25)
2026-08-04 10:47:16,066 [INFO]   [EXPIRÉE] لائحة المدعوين لإجراء الاختبار الكتابي لمباراة توظيف مهندس د... → 2026-07-20
2026-08-04 10:47:16,066 [INFO] Page 5/5
2026-08-04 10:47:16,066 [INFO] Scraping page: https://www.emploi-public.ma/ar/قائمة-المباريات?page=4
2026-08-04 10:47:17,293 [INFO]   → 9 annonces trouvées sur cette page
2026-08-04 10:47:17,294 [INFO]   Détails: https://www.emploi-public.ma/ar/%D8%AA%D9%81%D8%A7%D8%B5%D9%8A%D9%84/%D8%A7%D9%84%D9%85%D8%A8%D8%A7%D8%B1%D9%8A%D8%A7%D8%AA/b89b6b38-795f-49af-9d00-910305760e85
2026-08-04 10:47:18,355 [INFO]     PDF trouvé: قرار فتح المباراة (score: 25)
2026-08-04 10:47:18,356 [INFO]   [EXPIRÉE] لائحة المدعوين لإجراء الاختبار الكتابي لمباراة توظيف متصرف م... → 2026-07-20
2026-08-04 10:47:18,356 [INFO]   Détails: https://www.emploi-public.ma/ar/%D8%AA%D9%81%D8%A7%D8%B5%D9%8A%D9%84/%D8%A7%D9%84%D9%85%D8%A8%D8%A7%D8%B1%D9%8A%D8%A7%D8%AA/f33919ef-c4a4-41c0-9927-744882ec1140
2026-08-04 10:47:20,266 [INFO]     PDF trouvé: قرار فتح المباراة (score: 25)
2026-08-04 10:47:20,268 [INFO]   [EXPIRÉE] لائحة المدعوين لإجراء الاختبار الكتابي لمباراة توظيف تقني من... → 2026-07-20
2026-08-04 10:47:20,268 [INFO]   Détails: https://www.emploi-public.ma/ar/%D8%AA%D9%81%D8%A7%D8%B5%D9%8A%D9%84/%D8%A7%D9%84%D9%85%D8%A8%D8%A7%D8%B1%D9%8A%D8%A7%D8%AA/00afdf47-67cd-4c3b-910d-295480956c45
2026-08-04 10:47:21,317 [INFO]     PDF trouvé: قرار فتح المباراة (score: 25)
2026-08-04 10:47:21,318 [INFO]   [EXPIRÉE] لائحة المدعوين لإجراء الاختبار الكتابي لمباراة توظيف متصرف م... → 2026-07-20
2026-08-04 10:47:21,318 [INFO]   Détails: https://www.emploi-public.ma/ar/%D8%AA%D9%81%D8%A7%D8%B5%D9%8A%D9%84/%D8%A7%D9%84%D9%85%D8%A8%D8%A7%D8%B1%D9%8A%D8%A7%D8%AA/0c6baf5e-be9d-4ef5-a8f7-b9044cf640d5
2026-08-04 10:47:29,925 [INFO]     PDF trouvé: قرار فتح المباراة (score: 25)
2026-08-04 10:47:29,926 [INFO]   [EXPIRÉE] لائحة الناجحين في مباراة التوظيف جراح أسنان من الدرجة الأولى... → 2026-07-15
2026-08-04 10:47:29,927 [INFO]   Détails: https://www.emploi-public.ma/ar/%D8%AA%D9%81%D8%A7%D8%B5%D9%8A%D9%84/%D8%A7%D9%84%D9%85%D8%A8%D8%A7%D8%B1%D9%8A%D8%A7%D8%AA/c6303b4c-114c-4b25-b6c5-eca77cba3dad
2026-08-04 10:47:38,872 [INFO]     PDF trouvé: قرار فتح المباراة (score: 25)
2026-08-04 10:47:38,873 [INFO]   [EXPIRÉE] لائحة الناجحين في مباراة التوظيف صيدلي من الدرجة الأولى - سل... → 2026-07-15
2026-08-04 10:47:38,873 [INFO]   Détails: https://www.emploi-public.ma/ar/%D8%AA%D9%81%D8%A7%D8%B5%D9%8A%D9%84/%D8%A7%D9%84%D9%85%D8%A8%D8%A7%D8%B1%D9%8A%D8%A7%D8%AA/1f901e2f-de1d-4110-874d-d5d890119e69
2026-08-04 10:47:40,299 [INFO]     PDF trouvé: قرار فتح المباراة (score: 25)
2026-08-04 10:47:40,300 [INFO]   [EXPIRÉE] لائحة الناجحين في مباراة التوظيف طبيب من الدرجة الأولى - سلم... → 2026-07-15
2026-08-04 10:47:40,300 [INFO]   Détails: https://www.emploi-public.ma/ar/%D8%AA%D9%81%D8%A7%D8%B5%D9%8A%D9%84/%D8%A7%D9%84%D9%85%D8%A8%D8%A7%D8%B1%D9%8A%D8%A7%D8%AA/c83d70e2-ec18-4f3b-b97f-03d080ad762a
2026-08-04 10:47:42,025 [INFO]     PDF trouvé: قرار فتح المباراة (score: 25)
2026-08-04 10:47:42,026 [INFO]   [EXPIRÉE] لائحة الناجحين في مباراة التوظيف تقني من الدرجة الرابعة - سل... → 2026-07-14
2026-08-04 10:47:42,026 [INFO]   Détails: https://www.emploi-public.ma/ar/%D8%AA%D9%81%D8%A7%D8%B5%D9%8A%D9%84/%D8%A7%D9%84%D9%85%D8%A8%D8%A7%D8%B1%D9%8A%D8%A7%D8%AA/c3749204-66e1-4485-a631-e7ede10e21ab
2026-08-04 10:47:43,833 [INFO]     PDF trouvé: قرار فتح المباراة (score: 25)
2026-08-04 10:47:43,834 [INFO]   [EXPIRÉE] لائحة الناجحين في مباراة التوظيف تقني من الدرجة الثالثة - سل... → 2026-07-14
2026-08-04 10:47:43,834 [INFO]   Détails: https://www.emploi-public.ma/ar/%D8%AA%D9%81%D8%A7%D8%B5%D9%8A%D9%84/%D8%A7%D9%84%D9%85%D8%A8%D8%A7%D8%B1%D9%8A%D8%A7%D8%AA/26ae2262-926d-4bfb-9614-069a15e9bd9a
2026-08-04 10:47:45,030 [INFO]     PDF trouvé: قرار فتح المباراة (score: 25)
2026-08-04 10:47:45,031 [INFO]   [EXPIRÉE] لائحة المدعوين لإجراء الاختبار الكتابي لمباراة توظيف متصرف م... → 2026-07-10
2026-08-04 10:47:45,032 [INFO] 
--- Catégorie: تشغيل الخبراء ---
2026-08-04 10:47:45,032 [INFO] Page 1/5
2026-08-04 10:47:45,032 [INFO] Scraping page: https://www.emploi-public.ma/ar/قائمة-تشغيل-الخبراء
2026-08-04 10:47:47,124 [INFO]   → 9 annonces trouvées sur cette page
2026-08-04 10:47:47,125 [INFO]   Détails: https://www.emploi-public.ma/ar/%D8%AA%D9%81%D8%A7%D8%B5%D9%8A%D9%84/%D8%AA%D8%B4%D8%BA%D9%8A%D9%84-%D8%A7%D9%84%D8%AE%D8%A8%D8%B1%D8%A7%D8%A1/4854b58c-c09e-4edd-9a39-c01a0c414425
2026-08-04 10:47:48,900 [INFO]     PDF trouvé: قرار فتح باب الترشيح (score: 35)
2026-08-04 10:47:48,901 [INFO]   [EXPIRÉE] لائحة الناجحين لمنصب خبير في مجال الملاحة التجارية... → 2026-04-12
2026-08-04 10:47:48,901 [INFO]   Détails: https://www.emploi-public.ma/ar/%D8%AA%D9%81%D8%A7%D8%B5%D9%8A%D9%84/%D8%AA%D8%B4%D8%BA%D9%8A%D9%84-%D8%A7%D9%84%D8%AE%D8%A8%D8%B1%D8%A7%D8%A1/ff8d6494-748d-4698-8ef0-676cbd5b1951
2026-08-04 10:47:50,468 [INFO]     PDF trouvé: قرار فتح باب الترشيح (score: 35)
2026-08-04 10:47:50,469 [INFO]   [EXPIRÉE] فتح باب الترشيح لمنصب خبير في الشؤون القانونية... → 2026-06-25
2026-08-04 10:47:50,470 [INFO]   Détails: https://www.emploi-public.ma/ar/%D8%AA%D9%81%D8%A7%D8%B5%D9%8A%D9%84/%D8%AA%D8%B4%D8%BA%D9%8A%D9%84-%D8%A7%D9%84%D8%AE%D8%A8%D8%B1%D8%A7%D8%A1/abce4b98-a1d8-48f9-a84c-053f53697154
2026-08-04 10:47:51,569 [INFO]     PDF trouvé: قرار فتح باب الترشيح (score: 35)
2026-08-04 10:47:51,570 [INFO]   [EXPIRÉE] فتح باب الترشيح لمنصب خبير... → 2026-06-15
2026-08-04 10:47:51,570 [INFO]   Détails: https://www.emploi-public.ma/ar/%D8%AA%D9%81%D8%A7%D8%B5%D9%8A%D9%84/%D8%AA%D8%B4%D8%BA%D9%8A%D9%84-%D8%A7%D9%84%D8%AE%D8%A8%D8%B1%D8%A7%D8%A1/5030f678-19f4-4bc0-96c6-f5462b134c1c
2026-08-04 10:47:52,519 [INFO]     PDF trouvé: قرار فتح باب الترشيح (score: 35)
2026-08-04 10:47:52,520 [INFO]   [EXPIRÉE] فتح باب الترشيح لمنصب خبير... → 2026-06-08
2026-08-04 10:47:52,520 [INFO]   Détails: https://www.emploi-public.ma/ar/%D8%AA%D9%81%D8%A7%D8%B5%D9%8A%D9%84/%D8%AA%D8%B4%D8%BA%D9%8A%D9%84-%D8%A7%D9%84%D8%AE%D8%A8%D8%B1%D8%A7%D8%A1/b0a97522-0c72-4a26-8b32-da0c02e79891
2026-08-04 10:47:54,233 [INFO]     PDF trouvé: قرار فتح باب الترشيح (score: 35)
2026-08-04 10:47:54,234 [INFO]   [EXPIRÉE] فتح باب الترشيح لمنصب خبير متعاقد... → 2026-06-03
2026-08-04 10:47:54,234 [INFO]   Détails: https://www.emploi-public.ma/ar/%D8%AA%D9%81%D8%A7%D8%B5%D9%8A%D9%84/%D8%AA%D8%B4%D8%BA%D9%8A%D9%84-%D8%A7%D9%84%D8%AE%D8%A8%D8%B1%D8%A7%D8%A1/b3f7145b-9f2a-4cb4-aef7-1d917c679a65
2026-08-04 10:47:56,438 [INFO]     PDF trouvé: قرار فتح باب الترشيح (score: 35)
2026-08-04 10:47:56,439 [INFO]   [EXPIRÉE] فتح باب الترشيح لمنصب خبير... → 2026-05-29
2026-08-04 10:47:56,440 [INFO]   Détails: https://www.emploi-public.ma/ar/%D8%AA%D9%81%D8%A7%D8%B5%D9%8A%D9%84/%D8%AA%D8%B4%D8%BA%D9%8A%D9%84-%D8%A7%D9%84%D8%AE%D8%A8%D8%B1%D8%A7%D8%A1/d9255cd9-fe2e-4248-8eba-adf58b668823
2026-08-04 10:48:07,689 [INFO]     PDF trouvé: قرار فتح باب الترشيح (score: 35)
2026-08-04 10:48:07,690 [INFO]   [EXPIRÉE] فتح باب الترشيح لمنصب خبير في مجال التفاوض والسياسة التجارية... → 2026-04-03
2026-08-04 10:48:07,690 [INFO]   Détails: https://www.emploi-public.ma/ar/%D8%AA%D9%81%D8%A7%D8%B5%D9%8A%D9%84/%D8%AA%D8%B4%D8%BA%D9%8A%D9%84-%D8%A7%D9%84%D8%AE%D8%A8%D8%B1%D8%A7%D8%A1/0236914d-e17c-41c5-a5be-e632ad35f838
2026-08-04 10:48:15,306 [INFO]     PDF trouvé: قرار فتح باب الترشيح (score: 35)
2026-08-04 10:48:15,307 [INFO]   [EXPIRÉE] فتح باب الترشيح لمنصب خبير... → 2026-03-17
2026-08-04 10:48:15,307 [INFO]   Détails: https://www.emploi-public.ma/ar/%D8%AA%D9%81%D8%A7%D8%B5%D9%8A%D9%84/%D8%AA%D8%B4%D8%BA%D9%8A%D9%84-%D8%A7%D9%84%D8%AE%D8%A8%D8%B1%D8%A7%D8%A1/2a449c40-1832-450d-9eae-a70607bcac07
2026-08-04 10:48:16,802 [INFO]     PDF trouvé: قرار فتح باب الترشيح (score: 35)
2026-08-04 10:48:16,803 [INFO]   [EXPIRÉE] فتح باب الترشيح لمنصب خبير... → 2026-03-16
2026-08-04 10:48:16,803 [INFO] Page 2/5
2026-08-04 10:48:16,803 [INFO] Scraping page: https://www.emploi-public.ma/ar/قائمة-تشغيل-الخبراء?page=1
2026-08-04 10:48:18,371 [INFO]   → 9 annonces trouvées sur cette page
2026-08-04 10:48:18,372 [INFO]   Détails: https://www.emploi-public.ma/ar/%D8%AA%D9%81%D8%A7%D8%B5%D9%8A%D9%84/%D8%AA%D8%B4%D8%BA%D9%8A%D9%84-%D8%A7%D9%84%D8%AE%D8%A8%D8%B1%D8%A7%D8%A1/4854b58c-c09e-4edd-9a39-c01a0c414425
2026-08-04 10:48:19,297 [INFO]     PDF trouvé: قرار فتح باب الترشيح (score: 35)
2026-08-04 10:48:19,298 [INFO]   [EXPIRÉE] لائحة الناجحين لمنصب خبير في مجال الملاحة التجارية... → 2026-04-12
2026-08-04 10:48:19,298 [INFO]   Détails: https://www.emploi-public.ma/ar/%D8%AA%D9%81%D8%A7%D8%B5%D9%8A%D9%84/%D8%AA%D8%B4%D8%BA%D9%8A%D9%84-%D8%A7%D9%84%D8%AE%D8%A8%D8%B1%D8%A7%D8%A1/ff8d6494-748d-4698-8ef0-676cbd5b1951
2026-08-04 10:48:20,376 [INFO]     PDF trouvé: قرار فتح باب الترشيح (score: 35)
2026-08-04 10:48:20,377 [INFO]   [EXPIRÉE] فتح باب الترشيح لمنصب خبير في الشؤون القانونية... → 2026-06-25
2026-08-04 10:48:20,377 [INFO]   Détails: https://www.emploi-public.ma/ar/%D8%AA%D9%81%D8%A7%D8%B5%D9%8A%D9%84/%D8%AA%D8%B4%D8%BA%D9%8A%D9%84-%D8%A7%D9%84%D8%AE%D8%A8%D8%B1%D8%A7%D8%A1/abce4b98-a1d8-48f9-a84c-053f53697154
2026-08-04 10:48:21,361 [INFO]     PDF trouvé: قرار فتح باب الترشيح (score: 35)
2026-08-04 10:48:21,362 [INFO]   [EXPIRÉE] فتح باب الترشيح لمنصب خبير... → 2026-06-15
2026-08-04 10:48:21,362 [INFO]   Détails: https://www.emploi-public.ma/ar/%D8%AA%D9%81%D8%A7%D8%B5%D9%8A%D9%84/%D8%AA%D8%B4%D8%BA%D9%8A%D9%84-%D8%A7%D9%84%D8%AE%D8%A8%D8%B1%D8%A7%D8%A1/5030f678-19f4-4bc0-96c6-f5462b134c1c
2026-08-04 10:48:23,309 [INFO]     PDF trouvé: قرار فتح باب الترشيح (score: 35)
2026-08-04 10:48:23,310 [INFO]   [EXPIRÉE] فتح باب الترشيح لمنصب خبير... → 2026-06-08
2026-08-04 10:48:23,310 [INFO]   Détails: https://www.emploi-public.ma/ar/%D8%AA%D9%81%D8%A7%D8%B5%D9%8A%D9%84/%D8%AA%D8%B4%D8%BA%D9%8A%D9%84-%D8%A7%D9%84%D8%AE%D8%A8%D8%B1%D8%A7%D8%A1/b0a97522-0c72-4a26-8b32-da0c02e79891
2026-08-04 10:48:30,258 [INFO]     PDF trouvé: قرار فتح باب الترشيح (score: 35)
2026-08-04 10:48:30,259 [INFO]   [EXPIRÉE] فتح باب الترشيح لمنصب خبير متعاقد... → 2026-06-03
2026-08-04 10:48:30,259 [INFO]   Détails: https://www.emploi-public.ma/ar/%D8%AA%D9%81%D8%A7%D8%B5%D9%8A%D9%84/%D8%AA%D8%B4%D8%BA%D9%8A%D9%84-%D8%A7%D9%84%D8%AE%D8%A8%D8%B1%D8%A7%D8%A1/b3f7145b-9f2a-4cb4-aef7-1d917c679a65
2026-08-04 10:48:33,361 [INFO]     PDF trouvé: قرار فتح باب الترشيح (score: 35)
2026-08-04 10:48:33,362 [INFO]   [EXPIRÉE] فتح باب الترشيح لمنصب خبير... → 2026-05-29
2026-08-04 10:48:33,362 [INFO]   Détails: https://www.emploi-public.ma/ar/%D8%AA%D9%81%D8%A7%D8%B5%D9%8A%D9%84/%D8%AA%D8%B4%D8%BA%D9%8A%D9%84-%D8%A7%D9%84%D8%AE%D8%A8%D8%B1%D8%A7%D8%A1/d9255cd9-fe2e-4248-8eba-adf58b668823
2026-08-04 10:48:34,788 [INFO]     PDF trouvé: قرار فتح باب الترشيح (score: 35)
2026-08-04 10:48:34,789 [INFO]   [EXPIRÉE] فتح باب الترشيح لمنصب خبير في مجال التفاوض والسياسة التجارية... → 2026-04-03
2026-08-04 10:48:34,789 [INFO]   Détails: https://www.emploi-public.ma/ar/%D8%AA%D9%81%D8%A7%D8%B5%D9%8A%D9%84/%D8%AA%D8%B4%D8%BA%D9%8A%D9%84-%D8%A7%D9%84%D8%AE%D8%A8%D8%B1%D8%A7%D8%A1/0236914d-e17c-41c5-a5be-e632ad35f838
2026-08-04 10:48:35,799 [INFO]     PDF trouvé: قرار فتح باب الترشيح (score: 35)
2026-08-04 10:48:35,800 [INFO]   [EXPIRÉE] فتح باب الترشيح لمنصب خبير... → 2026-03-17
2026-08-04 10:48:35,801 [INFO]   Détails: https://www.emploi-public.ma/ar/%D8%AA%D9%81%D8%A7%D8%B5%D9%8A%D9%84/%D8%AA%D8%B4%D8%BA%D9%8A%D9%84-%D8%A7%D9%84%D8%AE%D8%A8%D8%B1%D8%A7%D8%A1/2a449c40-1832-450d-9eae-a70607bcac07
2026-08-04 10:48:37,081 [INFO]     PDF trouvé: قرار فتح باب الترشيح (score: 35)
2026-08-04 10:48:37,082 [INFO]   [EXPIRÉE] فتح باب الترشيح لمنصب خبير... → 2026-03-16
2026-08-04 10:48:37,083 [INFO] Page 3/5
2026-08-04 10:48:37,083 [INFO] Scraping page: https://www.emploi-public.ma/ar/قائمة-تشغيل-الخبراء?page=2
2026-08-04 10:48:41,929 [INFO]   → 9 annonces trouvées sur cette page
2026-08-04 10:48:41,930 [INFO]   Détails: https://www.emploi-public.ma/ar/%D8%AA%D9%81%D8%A7%D8%B5%D9%8A%D9%84/%D8%AA%D8%B4%D8%BA%D9%8A%D9%84-%D8%A7%D9%84%D8%AE%D8%A8%D8%B1%D8%A7%D8%A1/1f2e38a5-0fe9-4f17-89fb-d23ab9140242
2026-08-04 10:48:49,949 [INFO]     PDF trouvé: قرار فتح باب الترشيح (score: 35)
2026-08-04 10:48:49,950 [INFO]   [EXPIRÉE] فتح باب الترشيح لمنصب خبير في المجالات المرتبطة بتطوير آليات... → 2026-03-12
2026-08-04 10:48:49,950 [INFO]   Détails: https://www.emploi-public.ma/ar/%D8%AA%D9%81%D8%A7%D8%B5%D9%8A%D9%84/%D8%AA%D8%B4%D8%BA%D9%8A%D9%84-%D8%A7%D9%84%D8%AE%D8%A8%D8%B1%D8%A7%D8%A1/2401abad-8177-4fdc-8c76-354d03f61cd3
2026-08-04 10:48:51,664 [INFO]     PDF trouvé: قرار فتح باب الترشيح (score: 35)
2026-08-04 10:48:51,665 [INFO]   [EXPIRÉE] فتح باب الترشيح لمنصب خبير... → 2026-02-18
2026-08-04 10:48:51,666 [INFO]   Détails: https://www.emploi-public.ma/ar/%D8%AA%D9%81%D8%A7%D8%B5%D9%8A%D9%84/%D8%AA%D8%B4%D8%BA%D9%8A%D9%84-%D8%A7%D9%84%D8%AE%D8%A8%D8%B1%D8%A7%D8%A1/ad16f9e2-25eb-4a06-9a7a-572410c14d55
2026-08-04 10:48:52,766 [INFO]     PDF trouvé: قرار فتح باب الترشيح (score: 35)
2026-08-04 10:48:52,767 [INFO]   [EXPIRÉE] فتح باب الترشيح لمنصب خبير في مجال حكامة المؤسسات والمنشآت ا... → 2025-12-23
2026-08-04 10:48:52,767 [INFO]   Détails: https://www.emploi-public.ma/ar/%D8%AA%D9%81%D8%A7%D8%B5%D9%8A%D9%84/%D8%AA%D8%B4%D8%BA%D9%8A%D9%84-%D8%A7%D9%84%D8%AE%D8%A8%D8%B1%D8%A7%D8%A1/302ab5a1-fa28-4ec1-9341-8ba50b6bf810
2026-08-04 10:48:53,672 [INFO]     PDF trouvé: قرار فتح باب الترشيح (score: 35)
2026-08-04 10:48:53,673 [INFO]   [EXPIRÉE] فتح باب الترشيح لمنصب خبير بموجب عقد... → 2025-12-21
2026-08-04 10:48:53,673 [INFO]   Détails: https://www.emploi-public.ma/ar/%D8%AA%D9%81%D8%A7%D8%B5%D9%8A%D9%84/%D8%AA%D8%B4%D8%BA%D9%8A%D9%84-%D8%A7%D9%84%D8%AE%D8%A8%D8%B1%D8%A7%D8%A1/f9f74e66-af9e-4c4a-9cec-491e7d25fbbb
2026-08-04 10:48:57,454 [INFO]     PDF trouvé: قرار فتح باب الترشيح (score: 35)
2026-08-04 10:48:57,456 [INFO]   [EXPIRÉE] لائحة الناجحين لمنصب خبير في مجال التقييم ومنح التراخيص... → 2025-12-06
2026-08-04 10:48:57,456 [INFO]   Détails: https://www.emploi-public.ma/ar/%D8%AA%D9%81%D8%A7%D8%B5%D9%8A%D9%84/%D8%AA%D8%B4%D8%BA%D9%8A%D9%84-%D8%A7%D9%84%D8%AE%D8%A8%D8%B1%D8%A7%D8%A1/99f49e97-4b0e-4897-b1c6-a1a811d179d9
2026-08-04 10:48:58,836 [INFO]     PDF trouvé: قرار فتح باب الترشيح (score: 35)
2026-08-04 10:48:58,837 [INFO]   [EXPIRÉE] لائحة الناجحين لمنصب خبيرفي مجال مراقبة الجودة الدوائية... → 2025-12-06
2026-08-04 10:48:58,837 [INFO]   Détails: https://www.emploi-public.ma/ar/%D8%AA%D9%81%D8%A7%D8%B5%D9%8A%D9%84/%D8%AA%D8%B4%D8%BA%D9%8A%D9%84-%D8%A7%D9%84%D8%AE%D8%A8%D8%B1%D8%A7%D8%A1/121493c9-78d8-44bf-b408-e42f8bf43d27
2026-08-04 10:48:59,889 [INFO]     PDF trouvé: قرار فتح باب الترشيح (score: 35)
2026-08-04 10:48:59,890 [INFO]   [EXPIRÉE] فتح باب الترشيح لمنصب خبير في التنسيق المؤسساتي والتعاون الد... → 2025-12-05
2026-08-04 10:48:59,890 [INFO]   Détails: https://www.emploi-public.ma/ar/%D8%AA%D9%81%D8%A7%D8%B5%D9%8A%D9%84/%D8%AA%D8%B4%D8%BA%D9%8A%D9%84-%D8%A7%D9%84%D8%AE%D8%A8%D8%B1%D8%A7%D8%A1/336eb4a9-c147-4981-94da-c636a748f7a0
2026-08-04 10:49:01,412 [INFO]     PDF trouvé: قرار فتح باب الترشيح (score: 35)
2026-08-04 10:49:01,413 [INFO]   [EXPIRÉE] لائحة الناجحين لمنصب خبير مكلف بقيادة إنجاز دراسات وأشغال مل... → 2025-09-30
2026-08-04 10:49:01,413 [INFO]   Détails: https://www.emploi-public.ma/ar/%D8%AA%D9%81%D8%A7%D8%B5%D9%8A%D9%84/%D8%AA%D8%B4%D8%BA%D9%8A%D9%84-%D8%A7%D9%84%D8%AE%D8%A8%D8%B1%D8%A7%D8%A1/0917753f-ac81-4229-b8d4-5292cae1510a
2026-08-04 10:49:02,708 [INFO]     PDF trouvé: قرار فتح باب الترشيح (score: 35)
2026-08-04 10:49:02,709 [INFO]   [EXPIRÉE] فتح باب الترشيح لمنصب خبير بموجب عقد... → 2025-06-11
2026-08-04 10:49:02,709 [INFO] Page 4/5
2026-08-04 10:49:02,709 [INFO] Scraping page: https://www.emploi-public.ma/ar/قائمة-تشغيل-الخبراء?page=3
2026-08-04 10:49:03,992 [INFO]   → 9 annonces trouvées sur cette page
2026-08-04 10:49:03,993 [INFO]   Détails: https://www.emploi-public.ma/ar/%D8%AA%D9%81%D8%A7%D8%B5%D9%8A%D9%84/%D8%AA%D8%B4%D8%BA%D9%8A%D9%84-%D8%A7%D9%84%D8%AE%D8%A8%D8%B1%D8%A7%D8%A1/1e6a6ce8-141e-4fe3-b660-097a9342e904
2026-08-04 10:49:05,672 [INFO]     PDF trouvé: قرار فتح باب الترشيح (score: 35)
2026-08-04 10:49:05,673 [INFO]   [EXPIRÉE] فتح باب الترشيح لمنصب خبير في مجال الشؤون القانونية... → 2025-06-09
2026-08-04 10:49:05,673 [INFO]   Détails: https://www.emploi-public.ma/ar/%D8%AA%D9%81%D8%A7%D8%B5%D9%8A%D9%84/%D8%AA%D8%B4%D8%BA%D9%8A%D9%84-%D8%A7%D9%84%D8%AE%D8%A8%D8%B1%D8%A7%D8%A1/9973e98f-4e11-40f1-aeae-194d055be60c
2026-08-04 10:49:09,621 [INFO]     PDF trouvé: قرار فتح باب الترشيح (score: 35)
2026-08-04 10:49:09,622 [INFO]   [EXPIRÉE] فتح باب الترشيح لمنصب خبير في مجال علوم المحيطات و البيئة ال... → 2025-06-06
2026-08-04 10:49:09,623 [INFO]   Détails: https://www.emploi-public.ma/ar/%D8%AA%D9%81%D8%A7%D8%B5%D9%8A%D9%84/%D8%AA%D8%B4%D8%BA%D9%8A%D9%84-%D8%A7%D9%84%D8%AE%D8%A8%D8%B1%D8%A7%D8%A1/c4333ade-5b69-4a9b-b1d6-23858dca3e02
2026-08-04 10:49:15,569 [INFO]     PDF trouvé: قرار فتح باب الترشيح (score: 35)
2026-08-04 10:49:15,570 [INFO]   [EXPIRÉE] فتح باب الترشيح لمنصب 4 خبراء في المجالات المبينة في بطائق ا... → 2025-05-14
2026-08-04 10:49:15,570 [INFO]   Détails: https://www.emploi-public.ma/ar/%D8%AA%D9%81%D8%A7%D8%B5%D9%8A%D9%84/%D8%AA%D8%B4%D8%BA%D9%8A%D9%84-%D8%A7%D9%84%D8%AE%D8%A8%D8%B1%D8%A7%D8%A1/3d556890-d88a-4b78-aa10-b953f3a04785
2026-08-04 10:49:17,396 [INFO]     PDF trouvé: قرار فتح باب الترشيح (score: 35)
2026-08-04 10:49:17,397 [INFO]   [EXPIRÉE] فتح باب الترشيح لمنصب خبير في الشؤون القانونية... → 2025-05-02
2026-08-04 10:49:17,397 [INFO]   Détails: https://www.emploi-public.ma/ar/%D8%AA%D9%81%D8%A7%D8%B5%D9%8A%D9%84/%D8%AA%D8%B4%D8%BA%D9%8A%D9%84-%D8%A7%D9%84%D8%AE%D8%A8%D8%B1%D8%A7%D8%A1/1d5f52e9-1b4b-423d-bf9b-935a34d3caf2
2026-08-04 10:49:19,626 [INFO]     PDF trouvé: قرار فتح باب الترشيح (score: 35)
2026-08-04 10:49:19,628 [INFO]   [EXPIRÉE] فتح باب الترشيح لمنصب خبير بعقد... → 2025-04-18
2026-08-04 10:49:19,628 [INFO]   Détails: https://www.emploi-public.ma/ar/%D8%AA%D9%81%D8%A7%D8%B5%D9%8A%D9%84/%D8%AA%D8%B4%D8%BA%D9%8A%D9%84-%D8%A7%D9%84%D8%AE%D8%A8%D8%B1%D8%A7%D8%A1/ee7b273d-5714-41aa-9489-a47d37eb618e
2026-08-04 10:49:21,484 [INFO]     PDF trouvé: قرار فتح باب الترشيح (score: 35)
2026-08-04 10:49:21,485 [INFO]   [EXPIRÉE] فتح باب الترشيح لمنصب خبيرفي مجال السياسة المائية و الري... → 2025-04-07
2026-08-04 10:49:21,485 [INFO]   Détails: https://www.emploi-public.ma/ar/%D8%AA%D9%81%D8%A7%D8%B5%D9%8A%D9%84/%D8%AA%D8%B4%D8%BA%D9%8A%D9%84-%D8%A7%D9%84%D8%AE%D8%A8%D8%B1%D8%A7%D8%A1/74c6b2c0-7af0-4688-937b-1881caa843f0
2026-08-04 10:49:24,082 [INFO]     PDF trouvé: قرار فتح باب الترشيح (score: 35)
2026-08-04 10:49:24,083 [INFO]   [EXPIRÉE] فتح باب الترشيح لمنصب خبير في مجال السمعي البصري و السينما... → 2025-03-31
2026-08-04 10:49:24,083 [INFO]   Détails: https://www.emploi-public.ma/ar/%D8%AA%D9%81%D8%A7%D8%B5%D9%8A%D9%84/%D8%AA%D8%B4%D8%BA%D9%8A%D9%84-%D8%A7%D9%84%D8%AE%D8%A8%D8%B1%D8%A7%D8%A1/efe61f8c-79ae-41bf-851e-67e779047d6a
2026-08-04 10:49:25,863 [INFO]     PDF trouvé: قرار فتح باب الترشيح (score: 35)
2026-08-04 10:49:25,864 [INFO]   [EXPIRÉE] فتح باب الترشيح لمنصب منصب خبير في المجال المرتبط بمجال الهن... → 2025-03-27
2026-08-04 10:49:25,864 [INFO]   Détails: https://www.emploi-public.ma/ar/%D8%AA%D9%81%D8%A7%D8%B5%D9%8A%D9%84/%D8%AA%D8%B4%D8%BA%D9%8A%D9%84-%D8%A7%D9%84%D8%AE%D8%A8%D8%B1%D8%A7%D8%A1/c8ffa879-6f01-46df-9beb-eb9ae0a6f554
2026-08-04 10:49:35,531 [INFO]     PDF trouvé: قرار فتح باب الترشيح (score: 35)
2026-08-04 10:49:35,532 [INFO]   [EXPIRÉE] فتح باب الترشيح لمنصب خبير في مجال صياغة إستراتيجية شاملة و ... → 2025-03-21
2026-08-04 10:49:35,532 [INFO] Page 5/5
2026-08-04 10:49:35,532 [INFO] Scraping page: https://www.emploi-public.ma/ar/قائمة-تشغيل-الخبراء?page=4
2026-08-04 10:49:37,131 [INFO]   → 9 annonces trouvées sur cette page
2026-08-04 10:49:37,132 [INFO]   Détails: https://www.emploi-public.ma/ar/%D8%AA%D9%81%D8%A7%D8%B5%D9%8A%D9%84/%D8%AA%D8%B4%D8%BA%D9%8A%D9%84-%D8%A7%D9%84%D8%AE%D8%A8%D8%B1%D8%A7%D8%A1/a538c27d-7e09-4441-9551-b22fe9e9d017
2026-08-04 10:49:44,717 [INFO]     PDF trouvé: قرار فتح باب الترشيح (score: 35)
2026-08-04 10:49:44,718 [INFO]   [EXPIRÉE] فتح باب الترشيح لمنصب خبير في مجال إستراتيجية منظومة التعليم... → 2025-03-21
2026-08-04 10:49:44,719 [INFO]   Détails: https://www.emploi-public.ma/ar/%D8%AA%D9%81%D8%A7%D8%B5%D9%8A%D9%84/%D8%AA%D8%B4%D8%BA%D9%8A%D9%84-%D8%A7%D9%84%D8%AE%D8%A8%D8%B1%D8%A7%D8%A1/cf3172d1-8c15-4404-b1ff-21c154c7da2f
2026-08-04 10:49:45,944 [INFO]     PDF trouvé: قرار فتح باب الترشيح (score: 35)
2026-08-04 10:49:45,945 [INFO]   [EXPIRÉE] فتح باب الترشيح لمنصب خبير في مجال تطوير التعاون... → 2025-03-21
2026-08-04 10:49:45,945 [INFO]   Détails: https://www.emploi-public.ma/ar/%D8%AA%D9%81%D8%A7%D8%B5%D9%8A%D9%84/%D8%AA%D8%B4%D8%BA%D9%8A%D9%84-%D8%A7%D9%84%D8%AE%D8%A8%D8%B1%D8%A7%D8%A1/55bfa14b-dac1-4967-b1b6-8983cea09ed9
2026-08-04 10:49:47,065 [INFO]     PDF trouvé: قرار فتح باب الترشيح (score: 35)
2026-08-04 10:49:47,066 [INFO]   [EXPIRÉE] فتح باب الترشيح لمنصب خبير في مجال نظم المعلوميات... → 2025-03-21
2026-08-04 10:49:47,067 [INFO]   Détails: https://www.emploi-public.ma/ar/%D8%AA%D9%81%D8%A7%D8%B5%D9%8A%D9%84/%D8%AA%D8%B4%D8%BA%D9%8A%D9%84-%D8%A7%D9%84%D8%AE%D8%A8%D8%B1%D8%A7%D8%A1/9ebae75d-f857-4c4d-9e16-0108b872c04f
2026-08-04 10:49:51,270 [INFO]     PDF trouvé: قرار فتح باب الترشيح (score: 35)
2026-08-04 10:49:51,271 [INFO]   [EXPIRÉE] فتح باب الترشيح لمنصب إدارة المشاريع و التدبير الإداري و الم... → 2025-03-19
2026-08-04 10:49:51,271 [INFO]   Détails: https://www.emploi-public.ma/ar/%D8%AA%D9%81%D8%A7%D8%B5%D9%8A%D9%84/%D8%AA%D8%B4%D8%BA%D9%8A%D9%84-%D8%A7%D9%84%D8%AE%D8%A8%D8%B1%D8%A7%D8%A1/0608bdd0-0a58-4c90-a1d5-bd3483116452
2026-08-04 10:49:52,332 [INFO]     PDF trouvé: قرار فتح باب الترشيح (score: 35)
2026-08-04 10:49:52,333 [INFO]   [EXPIRÉE] فتح باب الترشيح لمنصب منصب خبير في مجال البحوث والتجارب العل... → 2025-02-03
2026-08-04 10:49:52,333 [INFO]   Détails: https://www.emploi-public.ma/ar/%D8%AA%D9%81%D8%A7%D8%B5%D9%8A%D9%84/%D8%AA%D8%B4%D8%BA%D9%8A%D9%84-%D8%A7%D9%84%D8%AE%D8%A8%D8%B1%D8%A7%D8%A1/0cff84fa-82b2-4363-93e0-a88e5063ef0b
2026-08-04 10:49:55,282 [INFO]     PDF trouvé: قرار فتح باب الترشيح (score: 35)
2026-08-04 10:49:55,283 [INFO]   [EXPIRÉE] فتح باب الترشيح لمنصب خبير في مجال تدبير وتسيير أسواق الحبوب... → 2025-01-27
2026-08-04 10:49:55,284 [INFO]   Détails: https://www.emploi-public.ma/ar/%D8%AA%D9%81%D8%A7%D8%B5%D9%8A%D9%84/%D8%AA%D8%B4%D8%BA%D9%8A%D9%84-%D8%A7%D9%84%D8%AE%D8%A8%D8%B1%D8%A7%D8%A1/74373088-bc5e-4908-985b-9b0086ffaed3
2026-08-04 10:49:56,566 [INFO]     PDF trouvé: قرار فتح باب الترشيح (score: 35)
2026-08-04 10:49:56,567 [INFO]   [EXPIRÉE] فتح باب الترشيح لمنصب خبير... → 2025-01-24
2026-08-04 10:49:56,568 [INFO]   Détails: https://www.emploi-public.ma/ar/%D8%AA%D9%81%D8%A7%D8%B5%D9%8A%D9%84/%D8%AA%D8%B4%D8%BA%D9%8A%D9%84-%D8%A7%D9%84%D8%AE%D8%A8%D8%B1%D8%A7%D8%A1/c14080a7-f964-4481-923d-668331b39671
2026-08-04 10:50:01,147 [INFO]     PDF trouvé: قرار فتح باب الترشيح (score: 35)
2026-08-04 10:50:01,148 [INFO]   [EXPIRÉE] فتح باب الترشيح لمنصب خبير... → 2025-01-24
2026-08-04 10:50:01,148 [INFO]   Détails: https://www.emploi-public.ma/ar/%D8%AA%D9%81%D8%A7%D8%B5%D9%8A%D9%84/%D8%AA%D8%B4%D8%BA%D9%8A%D9%84-%D8%A7%D9%84%D8%AE%D8%A8%D8%B1%D8%A7%D8%A1/728ebc5b-6b53-4539-b18a-620011be8614
2026-08-04 10:50:02,214 [INFO]     PDF trouvé: قرار فتح باب الترشيح (score: 35)
2026-08-04 10:50:02,216 [INFO]   [EXPIRÉE] فتح باب الترشيح لمنصب خبير... → 2025-01-24
2026-08-04 10:50:02,221 [INFO] 
============================================================
2026-08-04 10:50:02,221 [INFO] RÉSUMÉ
2026-08-04 10:50:02,221 [INFO] ============================================================
2026-08-04 10:50:02,221 [INFO] Annonces traitées: 200
2026-08-04 10:50:02,221 [INFO] Dates en cours: 58
2026-08-04 10:50:02,221 [INFO] Dates expirées: 98
2026-08-04 10:50:02,221 [INFO] Total résultats en base: 349
2026-08-04 10:50:04,101 [INFO] Email envoyé à cavalkhalid@gmail.com
2026-08-04 10:50:04,101 [INFO] 
Scraper terminé.
2026-08-07 08:58:55,043 [INFO] ============================================================
2026-08-07 08:58:55,043 [INFO] DÉMARRAGE DU SCRAPER emploi-public.ma (AR)
2026-08-07 08:58:55,044 [INFO] Date: 2026-08-07 08:58:55
2026-08-07 08:58:55,044 [INFO] ============================================================
2026-08-07 08:58:55,046 [INFO] 
--- Catégorie: مناصب المسؤولية ---
2026-08-07 08:58:55,046 [INFO] Page 1/5
2026-08-07 08:58:55,046 [INFO] Scraping page: https://www.emploi-public.ma/ar/قائمة-مناصب-المسؤولية
2026-08-07 08:58:58,039 [INFO]   → 13 annonces trouvées sur cette page
2026-08-07 08:58:58,040 [INFO]   Détails: https://www.emploi-public.ma/ar/%D8%AA%D9%81%D8%A7%D8%B5%D9%8A%D9%84/%D9%85%D9%86%D8%A7%D8%B5%D8%A8-%D8%A7%D9%84%D9%85%D8%B3%D8%A4%D9%88%D9%84%D9%8A%D8%A9/1e460045-de8c-47a5-8daf-62ffbd392b3b
2026-08-07 08:59:00,596 [INFO]     PDF trouvé: قرار فتح باب الترشيح (score: 35)
2026-08-07 08:59:00,597 [INFO]   [EN COURS] فتح باب الترشيح ل مناصب المسؤولية ب المندوبية العامة لإدارة ... → 2026-08-27
2026-08-07 08:59:00,597 [INFO]   Détails: https://www.emploi-public.ma/ar/%D8%AA%D9%81%D8%A7%D8%B5%D9%8A%D9%84/%D9%85%D9%86%D8%A7%D8%B5%D8%A8-%D8%A7%D9%84%D9%85%D8%B3%D8%A4%D9%88%D9%84%D9%8A%D8%A9/5f889aec-aea1-4bcd-92d5-5b798b207e69
2026-08-07 08:59:03,313 [INFO]     PDF trouvé: قرار فتح باب الترشيح (score: 35)
2026-08-07 08:59:03,315 [INFO]   [EXPIRÉE] لائحة الناجحين في مناصب المسؤولية ب المندوبية العامة لإدارة ... → 2026-07-10
2026-08-07 08:59:03,315 [INFO]   Détails: https://www.emploi-public.ma/ar/%D8%AA%D9%81%D8%A7%D8%B5%D9%8A%D9%84/%D9%85%D9%86%D8%A7%D8%B5%D8%A8-%D8%A7%D9%84%D9%85%D8%B3%D8%A4%D9%88%D9%84%D9%8A%D8%A9/1f0f0446-8044-4bda-a4f1-6e55b963a62f
2026-08-07 08:59:04,154 [INFO]     PDF trouvé: قرار فتح باب الترشيح (score: 35)
2026-08-07 08:59:04,155 [INFO]   [EXPIRÉE] لائحة الناجحين في مناصب المسؤولية ب وزارة الفلاحة والصيد الب... → 2026-06-29
2026-08-07 08:59:04,155 [INFO]   Détails: https://www.emploi-public.ma/ar/%D8%AA%D9%81%D8%A7%D8%B5%D9%8A%D9%84/%D9%85%D9%86%D8%A7%D8%B5%D8%A8-%D8%A7%D9%84%D9%85%D8%B3%D8%A4%D9%88%D9%84%D9%8A%D8%A9/2cba0974-d7be-4c5d-859c-b8bc800df124
2026-08-07 08:59:04,973 [INFO]     PDF trouvé: قرار فتح باب الترشيح (score: 35)
2026-08-07 08:59:04,974 [INFO]   [EN COURS] فتح باب الترشيح ل مناصب المسؤولية ب وزارة الداخلية -إقليم تز... → 2026-08-24
2026-08-07 08:59:04,975 [INFO]   Détails: https://www.emploi-public.ma/ar/%D8%AA%D9%81%D8%A7%D8%B5%D9%8A%D9%84/%D9%85%D9%86%D8%A7%D8%B5%D8%A8-%D8%A7%D9%84%D9%85%D8%B3%D8%A4%D9%88%D9%84%D9%8A%D8%A9/6cf979b2-4c4d-4d2e-8ddf-8b1bbb09eb3e
2026-08-07 08:59:06,057 [INFO]     PDF trouvé: قرار فتح باب الترشيح (score: 35)
2026-08-07 08:59:06,058 [INFO]   [EN COURS] فتح باب الترشيح ل مناصب المسؤولية ب وزارة الداخلية -إقليم تز... → 2026-08-24
2026-08-07 08:59:06,058 [INFO]   Détails: https://www.emploi-public.ma/ar/%D8%AA%D9%81%D8%A7%D8%B5%D9%8A%D9%84/%D9%85%D9%86%D8%A7%D8%B5%D8%A8-%D8%A7%D9%84%D9%85%D8%B3%D8%A4%D9%88%D9%84%D9%8A%D8%A9/6bf72bad-f1df-449e-b7f2-7bf6242b2d85
2026-08-07 08:59:06,858 [INFO]     PDF trouvé: قرار فتح باب الترشيح (score: 35)
2026-08-07 08:59:06,859 [INFO]   [EXPIRÉE] لائحة الناجحين في مناصب المسؤولية ب المندوبية الوزارية المكل... → 2026-07-28
2026-08-07 08:59:06,859 [INFO]   Détails: https://www.emploi-public.ma/ar/%D8%AA%D9%81%D8%A7%D8%B5%D9%8A%D9%84/%D9%85%D9%86%D8%A7%D8%B5%D8%A8-%D8%A7%D9%84%D9%85%D8%B3%D8%A4%D9%88%D9%84%D9%8A%D8%A9/19cf5e66-9675-4021-ab42-b1b0b537132c
2026-08-07 08:59:07,641 [INFO]     PDF trouvé: قرار فتح باب الترشيح (score: 35)
2026-08-07 08:59:07,642 [INFO]   [EXPIRÉE] فتح باب الترشيح ل مناصب المسؤولية ب وزارة الشباب والثقافة وا... → 2026-08-05
2026-08-07 08:59:07,643 [INFO]   Détails: https://www.emploi-public.ma/ar/%D8%AA%D9%81%D8%A7%D8%B5%D9%8A%D9%84/%D9%85%D9%86%D8%A7%D8%B5%D8%A8-%D8%A7%D9%84%D9%85%D8%B3%D8%A4%D9%88%D9%84%D9%8A%D8%A9/eb11c5f5-5e0a-4093-be4a-be951ac1d902
2026-08-07 08:59:08,423 [INFO]     PDF trouvé: قرار فتح باب الترشيح (score: 35)
2026-08-07 08:59:08,424 [INFO]   [EXPIRÉE] فتح باب الترشيح ل مناصب المسؤولية ب وزارة الشباب والثقافة وا... → 2026-08-05
2026-08-07 08:59:08,424 [INFO]   Détails: https://www.emploi-public.ma/ar/%D8%AA%D9%81%D8%A7%D8%B5%D9%8A%D9%84/%D9%85%D9%86%D8%A7%D8%B5%D8%A8-%D8%A7%D9%84%D9%85%D8%B3%D8%A4%D9%88%D9%84%D9%8A%D8%A9/f79a757f-1c02-4b6f-9fa3-500027d7dcdb
2026-08-07 08:59:09,211 [INFO]     PDF trouvé: قرار فتح باب الترشيح (score: 35)
2026-08-07 08:59:09,212 [INFO]   [EN COURS] فتح باب الترشيح ل مناصب المسؤولية ب وزارة العدل... → 2026-08-24
2026-08-07 08:59:09,212 [INFO]   Détails: https://www.emploi-public.ma/ar/%D8%AA%D9%81%D8%A7%D8%B5%D9%8A%D9%84/%D9%85%D9%86%D8%A7%D8%B5%D8%A8-%D8%A7%D9%84%D9%85%D8%B3%D8%A4%D9%88%D9%84%D9%8A%D8%A9/88cdeb93-7798-4b06-8e62-a7a6b556abce
2026-08-07 08:59:09,995 [INFO]     PDF trouvé: قرار فتح باب الترشيح (score: 35)
2026-08-07 08:59:09,996 [INFO]   [EN COURS] مدير الاستغلال... → 2026-08-07
2026-08-07 08:59:09,996 [INFO]   Détails: https://www.emploi-public.ma/ar/%D8%AA%D9%81%D8%A7%D8%B5%D9%8A%D9%84/%D9%85%D9%86%D8%A7%D8%B5%D8%A8-%D8%A7%D9%84%D9%85%D8%B3%D8%A4%D9%88%D9%84%D9%8A%D8%A9/08addf10-21de-4d5b-8612-206884b4f248
2026-08-07 08:59:11,174 [INFO]     PDF trouvé: قرار فتح باب الترشيح (score: 35)
2026-08-07 08:59:11,175 [INFO]   [EN COURS] رئيس قسم البنية التحتية بمديرية ميناء طنجة و الجهة... → 2026-08-09
2026-08-07 08:59:11,175 [INFO]   Détails: https://www.emploi-public.ma/ar/%D8%AA%D9%81%D8%A7%D8%B5%D9%8A%D9%84/%D9%85%D9%86%D8%A7%D8%B5%D8%A8-%D8%A7%D9%84%D9%85%D8%B3%D8%A4%D9%88%D9%84%D9%8A%D8%A9/a6b406c7-9d86-43cb-b44c-3a7611f18951
2026-08-07 08:59:12,086 [INFO]     PDF trouvé: قرار فتح باب الترشيح (score: 35)
2026-08-07 08:59:12,087 [INFO]   [EN COURS] رئيس قسم العلاقات المؤسساتية بمديرية الحكامة المؤسساتية... → 2026-08-09
2026-08-07 08:59:12,087 [INFO]   Détails: https://www.emploi-public.ma/ar/%D8%AA%D9%81%D8%A7%D8%B5%D9%8A%D9%84/%D9%85%D9%86%D8%A7%D8%B5%D8%A8-%D8%A7%D9%84%D9%85%D8%B3%D8%A4%D9%88%D9%84%D9%8A%D8%A9/919e2c31-e153-4165-bf47-d16ca2c7391f
2026-08-07 08:59:15,761 [INFO]     PDF trouvé: قرار فتح باب الترشيح (score: 35)
2026-08-07 08:59:15,762 [INFO]   [EN COURS] فتح باب الترشيح لمناصب المسؤولية بوزارة الداخلية -عمالة إقلي... → 2026-08-10
2026-08-07 08:59:15,763 [INFO] Page 2/5
2026-08-07 08:59:15,763 [INFO] Scraping page: https://www.emploi-public.ma/ar/قائمة-مناصب-المسؤولية?page=1
2026-08-07 08:59:16,631 [INFO]   → 13 annonces trouvées sur cette page
2026-08-07 08:59:16,631 [INFO]   Détails: https://www.emploi-public.ma/ar/%D8%AA%D9%81%D8%A7%D8%B5%D9%8A%D9%84/%D9%85%D9%86%D8%A7%D8%B5%D8%A8-%D8%A7%D9%84%D9%85%D8%B3%D8%A4%D9%88%D9%84%D9%8A%D8%A9/1e460045-de8c-47a5-8daf-62ffbd392b3b
2026-08-07 08:59:17,442 [INFO]     PDF trouvé: قرار فتح باب الترشيح (score: 35)
2026-08-07 08:59:17,443 [INFO]   [EN COURS] فتح باب الترشيح ل مناصب المسؤولية ب المندوبية العامة لإدارة ... → 2026-08-27
2026-08-07 08:59:17,443 [INFO]   Détails: https://www.emploi-public.ma/ar/%D8%AA%D9%81%D8%A7%D8%B5%D9%8A%D9%84/%D9%85%D9%86%D8%A7%D8%B5%D8%A8-%D8%A7%D9%84%D9%85%D8%B3%D8%A4%D9%88%D9%84%D9%8A%D8%A9/5f889aec-aea1-4bcd-92d5-5b798b207e69
2026-08-07 08:59:19,562 [INFO]     PDF trouvé: قرار فتح باب الترشيح (score: 35)
2026-08-07 08:59:19,563 [INFO]   [EXPIRÉE] لائحة الناجحين في مناصب المسؤولية ب المندوبية العامة لإدارة ... → 2026-07-10
2026-08-07 08:59:19,563 [INFO]   Détails: https://www.emploi-public.ma/ar/%D8%AA%D9%81%D8%A7%D8%B5%D9%8A%D9%84/%D9%85%D9%86%D8%A7%D8%B5%D8%A8-%D8%A7%D9%84%D9%85%D8%B3%D8%A4%D9%88%D9%84%D9%8A%D8%A9/1f0f0446-8044-4bda-a4f1-6e55b963a62f
2026-08-07 08:59:26,200 [INFO]     PDF trouvé: قرار فتح باب الترشيح (score: 35)
2026-08-07 08:59:26,201 [INFO]   [EXPIRÉE] لائحة الناجحين في مناصب المسؤولية ب وزارة الفلاحة والصيد الب... → 2026-06-29
2026-08-07 08:59:26,201 [INFO]   Détails: https://www.emploi-public.ma/ar/%D8%AA%D9%81%D8%A7%D8%B5%D9%8A%D9%84/%D9%85%D9%86%D8%A7%D8%B5%D8%A8-%D8%A7%D9%84%D9%85%D8%B3%D8%A4%D9%88%D9%84%D9%8A%D8%A9/2cba0974-d7be-4c5d-859c-b8bc800df124
2026-08-07 08:59:27,619 [INFO]     PDF trouvé: قرار فتح باب الترشيح (score: 35)
2026-08-07 08:59:27,620 [INFO]   [EN COURS] فتح باب الترشيح ل مناصب المسؤولية ب وزارة الداخلية -إقليم تز... → 2026-08-24
2026-08-07 08:59:27,620 [INFO]   Détails: https://www.emploi-public.ma/ar/%D8%AA%D9%81%D8%A7%D8%B5%D9%8A%D9%84/%D9%85%D9%86%D8%A7%D8%B5%D8%A8-%D8%A7%D9%84%D9%85%D8%B3%D8%A4%D9%88%D9%84%D9%8A%D8%A9/6cf979b2-4c4d-4d2e-8ddf-8b1bbb09eb3e
2026-08-07 08:59:29,128 [INFO]     PDF trouvé: قرار فتح باب الترشيح (score: 35)
2026-08-07 08:59:29,129 [INFO]   [EN COURS] فتح باب الترشيح ل مناصب المسؤولية ب وزارة الداخلية -إقليم تز... → 2026-08-24
2026-08-07 08:59:29,130 [INFO]   Détails: https://www.emploi-public.ma/ar/%D8%AA%D9%81%D8%A7%D8%B5%D9%8A%D9%84/%D9%85%D9%86%D8%A7%D8%B5%D8%A8-%D8%A7%D9%84%D9%85%D8%B3%D8%A4%D9%88%D9%84%D9%8A%D8%A9/6bf72bad-f1df-449e-b7f2-7bf6242b2d85
2026-08-07 08:59:32,008 [INFO]     PDF trouvé: قرار فتح باب الترشيح (score: 35)
2026-08-07 08:59:32,009 [INFO]   [EXPIRÉE] لائحة الناجحين في مناصب المسؤولية ب المندوبية الوزارية المكل... → 2026-07-28
2026-08-07 08:59:32,009 [INFO]   Détails: https://www.emploi-public.ma/ar/%D8%AA%D9%81%D8%A7%D8%B5%D9%8A%D9%84/%D9%85%D9%86%D8%A7%D8%B5%D8%A8-%D8%A7%D9%84%D9%85%D8%B3%D8%A4%D9%88%D9%84%D9%8A%D8%A9/19cf5e66-9675-4021-ab42-b1b0b537132c
2026-08-07 08:59:32,690 [INFO]     PDF trouvé: قرار فتح باب الترشيح (score: 35)
2026-08-07 08:59:32,691 [INFO]   [EXPIRÉE] فتح باب الترشيح ل مناصب المسؤولية ب وزارة الشباب والثقافة وا... → 2026-08-05
2026-08-07 08:59:32,691 [INFO]   Détails: https://www.emploi-public.ma/ar/%D8%AA%D9%81%D8%A7%D8%B5%D9%8A%D9%84/%D9%85%D9%86%D8%A7%D8%B5%D8%A8-%D8%A7%D9%84%D9%85%D8%B3%D8%A4%D9%88%D9%84%D9%8A%D8%A9/eb11c5f5-5e0a-4093-be4a-be951ac1d902
2026-08-07 08:59:34,503 [INFO]     PDF trouvé: قرار فتح باب الترشيح (score: 35)
2026-08-07 08:59:34,504 [INFO]   [EXPIRÉE] فتح باب الترشيح ل مناصب المسؤولية ب وزارة الشباب والثقافة وا... → 2026-08-05
2026-08-07 08:59:34,504 [INFO]   Détails: https://www.emploi-public.ma/ar/%D8%AA%D9%81%D8%A7%D8%B5%D9%8A%D9%84/%D9%85%D9%86%D8%A7%D8%B5%D8%A8-%D8%A7%D9%84%D9%85%D8%B3%D8%A4%D9%88%D9%84%D9%8A%D8%A9/f79a757f-1c02-4b6f-9fa3-500027d7dcdb
2026-08-07 08:59:35,710 [INFO]     PDF trouvé: قرار فتح باب الترشيح (score: 35)
2026-08-07 08:59:35,711 [INFO]   [EN COURS] فتح باب الترشيح ل مناصب المسؤولية ب وزارة العدل... → 2026-08-24
2026-08-07 08:59:35,711 [INFO]   Détails: https://www.emploi-public.ma/ar/%D8%AA%D9%81%D8%A7%D8%B5%D9%8A%D9%84/%D9%85%D9%86%D8%A7%D8%B5%D8%A8-%D8%A7%D9%84%D9%85%D8%B3%D8%A4%D9%88%D9%84%D9%8A%D8%A9/88cdeb93-7798-4b06-8e62-a7a6b556abce
2026-08-07 08:59:36,486 [INFO]     PDF trouvé: قرار فتح باب الترشيح (score: 35)
2026-08-07 08:59:36,487 [INFO]   [EN COURS] مدير الاستغلال... → 2026-08-07
2026-08-07 08:59:36,487 [INFO]   Détails: https://www.emploi-public.ma/ar/%D8%AA%D9%81%D8%A7%D8%B5%D9%8A%D9%84/%D9%85%D9%86%D8%A7%D8%B5%D8%A8-%D8%A7%D9%84%D9%85%D8%B3%D8%A4%D9%88%D9%84%D9%8A%D8%A9/08addf10-21de-4d5b-8612-206884b4f248
2026-08-07 08:59:37,269 [INFO]     PDF trouvé: قرار فتح باب الترشيح (score: 35)
2026-08-07 08:59:37,270 [INFO]   [EN COURS] رئيس قسم البنية التحتية بمديرية ميناء طنجة و الجهة... → 2026-08-09
2026-08-07 08:59:37,270 [INFO]   Détails: https://www.emploi-public.ma/ar/%D8%AA%D9%81%D8%A7%D8%B5%D9%8A%D9%84/%D9%85%D9%86%D8%A7%D8%B5%D8%A8-%D8%A7%D9%84%D9%85%D8%B3%D8%A4%D9%88%D9%84%D9%8A%D8%A9/a6b406c7-9d86-43cb-b44c-3a7611f18951
2026-08-07 08:59:38,845 [INFO]     PDF trouvé: قرار فتح باب الترشيح (score: 35)
2026-08-07 08:59:38,846 [INFO]   [EN COURS] رئيس قسم العلاقات المؤسساتية بمديرية الحكامة المؤسساتية... → 2026-08-09
2026-08-07 08:59:38,846 [INFO]   Détails: https://www.emploi-public.ma/ar/%D8%AA%D9%81%D8%A7%D8%B5%D9%8A%D9%84/%D9%85%D9%86%D8%A7%D8%B5%D8%A8-%D8%A7%D9%84%D9%85%D8%B3%D8%A4%D9%88%D9%84%D9%8A%D8%A9/919e2c31-e153-4165-bf47-d16ca2c7391f
2026-08-07 08:59:39,801 [INFO]     PDF trouvé: قرار فتح باب الترشيح (score: 35)
2026-08-07 08:59:39,802 [INFO]   [EN COURS] فتح باب الترشيح لمناصب المسؤولية بوزارة الداخلية -عمالة إقلي... → 2026-08-10
2026-08-07 08:59:39,802 [INFO] Page 3/5
2026-08-07 08:59:39,802 [INFO] Scraping page: https://www.emploi-public.ma/ar/قائمة-مناصب-المسؤولية?page=2
2026-08-07 08:59:40,688 [INFO]   → 13 annonces trouvées sur cette page
2026-08-07 08:59:40,689 [INFO]   Détails: https://www.emploi-public.ma/ar/%D8%AA%D9%81%D8%A7%D8%B5%D9%8A%D9%84/%D9%85%D9%86%D8%A7%D8%B5%D8%A8-%D8%A7%D9%84%D9%85%D8%B3%D8%A4%D9%88%D9%84%D9%8A%D8%A9/39e0be7c-935c-470f-813a-4ef6dc80ce2a
2026-08-07 08:59:48,605 [INFO]     PDF trouvé: قرار فتح باب الترشيح (score: 35)
2026-08-07 08:59:48,606 [INFO]   [EXPIRÉE] فتح باب الترشيح ل مناصب المسؤولية ب وزارة الفلاحة والصيد الب... → 2026-08-04
2026-08-07 08:59:48,606 [INFO]   Détails: https://www.emploi-public.ma/ar/%D8%AA%D9%81%D8%A7%D8%B5%D9%8A%D9%84/%D9%85%D9%86%D8%A7%D8%B5%D8%A8-%D8%A7%D9%84%D9%85%D8%B3%D8%A4%D9%88%D9%84%D9%8A%D8%A9/a2d8ded6-f6da-4802-aa9c-5d77f0e0e766
2026-08-07 08:59:49,622 [INFO]     PDF trouvé: قرار فتح باب الترشيح (score: 35)
2026-08-07 08:59:49,623 [INFO]   [EXPIRÉE] فتح باب الترشيح ل مناصب المسؤولية ب وزارة الاقتصاد والمالية... → 2026-08-04
2026-08-07 08:59:49,623 [INFO]   Détails: https://www.emploi-public.ma/ar/%D8%AA%D9%81%D8%A7%D8%B5%D9%8A%D9%84/%D9%85%D9%86%D8%A7%D8%B5%D8%A8-%D8%A7%D9%84%D9%85%D8%B3%D8%A4%D9%88%D9%84%D9%8A%D8%A9/e774ca4d-81dc-42d4-8139-14553b32118f
2026-08-07 08:59:50,621 [INFO]     PDF trouvé: قرار فتح باب الترشيح (score: 35)
2026-08-07 08:59:50,622 [INFO]   [EXPIRÉE] فتح باب الترشيح ل مناصب المسؤولية ب وزارة الشباب والثقافة وا... → 2026-08-04
2026-08-07 08:59:50,623 [INFO]   Détails: https://www.emploi-public.ma/ar/%D8%AA%D9%81%D8%A7%D8%B5%D9%8A%D9%84/%D9%85%D9%86%D8%A7%D8%B5%D8%A8-%D8%A7%D9%84%D9%85%D8%B3%D8%A4%D9%88%D9%84%D9%8A%D8%A9/3b6918d1-3c36-4588-a26b-fbe714b6e52d
2026-08-07 08:59:51,701 [INFO]     PDF trouvé: قرار فتح باب الترشيح (score: 35)
2026-08-07 08:59:51,702 [INFO]   [EXPIRÉE] لائحة الناجحين في مناصب المسؤولية ب وزارة النقل واللوجيستيك... → 2026-06-24
2026-08-07 08:59:51,702 [INFO]   Détails: https://www.emploi-public.ma/ar/%D8%AA%D9%81%D8%A7%D8%B5%D9%8A%D9%84/%D9%85%D9%86%D8%A7%D8%B5%D8%A8-%D8%A7%D9%84%D9%85%D8%B3%D8%A4%D9%88%D9%84%D9%8A%D8%A9/09438eb0-5e92-4df8-abe9-22c776ae6df9
2026-08-07 08:59:53,473 [INFO]     PDF trouvé: قرار فتح باب الترشيح (score: 35)
2026-08-07 08:59:53,474 [INFO]   [EXPIRÉE] لائحة المدعوين لاجتياز اختبار الترشيح ل مناصب المسؤولية ب وز... → 2026-05-29
2026-08-07 08:59:53,474 [INFO]   Détails: https://www.emploi-public.ma/ar/%D8%AA%D9%81%D8%A7%D8%B5%D9%8A%D9%84/%D9%85%D9%86%D8%A7%D8%B5%D8%A8-%D8%A7%D9%84%D9%85%D8%B3%D8%A4%D9%88%D9%84%D9%8A%D8%A9/bb476430-77cb-414d-ba1f-13c627c55c66
2026-08-07 08:59:54,167 [INFO]     PDF trouvé: قرار فتح باب الترشيح (score: 35)
2026-08-07 08:59:54,168 [INFO]   [EN COURS] فتح باب الترشيح ل مناصب المسؤولية ب المندوبية الوزارية المكل... → 2026-08-24
2026-08-07 08:59:54,168 [INFO]   Détails: https://www.emploi-public.ma/ar/%D8%AA%D9%81%D8%A7%D8%B5%D9%8A%D9%84/%D9%85%D9%86%D8%A7%D8%B5%D8%A8-%D8%A7%D9%84%D9%85%D8%B3%D8%A4%D9%88%D9%84%D9%8A%D8%A9/3994c0b9-790d-4e5d-b147-c784cf157aab
2026-08-07 08:59:55,171 [INFO]     PDF trouvé: قرار فتح باب الترشيح (score: 35)
2026-08-07 08:59:55,172 [INFO]   [EXPIRÉE] فتح باب الترشيح ل مناصب المسؤولية ب وزارة الفلاحة والصيد الب... → 2026-08-03
2026-08-07 08:59:55,172 [INFO]   Détails: https://www.emploi-public.ma/ar/%D8%AA%D9%81%D8%A7%D8%B5%D9%8A%D9%84/%D9%85%D9%86%D8%A7%D8%B5%D8%A8-%D8%A7%D9%84%D9%85%D8%B3%D8%A4%D9%88%D9%84%D9%8A%D8%A9/f8baf400-d3be-464c-a9cd-a75fc5d8a8bc
2026-08-07 09:00:00,802 [INFO]     PDF trouvé: قرار فتح باب الترشيح (score: 35)
2026-08-07 09:00:00,803 [INFO]   [EXPIRÉE] فتح باب الترشيح ل مناصب المسؤولية ب وزارة الشباب والثقافة وا... → 2026-08-03
2026-08-07 09:00:00,804 [INFO]   Détails: https://www.emploi-public.ma/ar/%D8%AA%D9%81%D8%A7%D8%B5%D9%8A%D9%84/%D9%85%D9%86%D8%A7%D8%B5%D8%A8-%D8%A7%D9%84%D9%85%D8%B3%D8%A4%D9%88%D9%84%D9%8A%D8%A9/17642040-c2de-4150-bf47-0523cb6a6615
2026-08-07 09:00:01,573 [INFO]     PDF trouvé: قرار فتح باب الترشيح (score: 35)
2026-08-07 09:00:01,574 [INFO]   [EXPIRÉE] فتح باب الترشيح ل مناصب المسؤولية ب وزارة الشباب والثقافة وا... → 2026-08-03
2026-08-07 09:00:01,574 [INFO]   Détails: https://www.emploi-public.ma/ar/%D8%AA%D9%81%D8%A7%D8%B5%D9%8A%D9%84/%D9%85%D9%86%D8%A7%D8%B5%D8%A8-%D8%A7%D9%84%D9%85%D8%B3%D8%A4%D9%88%D9%84%D9%8A%D8%A9/88cdeb93-7798-4b06-8e62-a7a6b556abce
2026-08-07 09:00:02,354 [INFO]     PDF trouvé: قرار فتح باب الترشيح (score: 35)
2026-08-07 09:00:02,355 [INFO]   [EN COURS] مدير الاستغلال... → 2026-08-07
2026-08-07 09:00:02,355 [INFO]   Détails: https://www.emploi-public.ma/ar/%D8%AA%D9%81%D8%A7%D8%B5%D9%8A%D9%84/%D9%85%D9%86%D8%A7%D8%B5%D8%A8-%D8%A7%D9%84%D9%85%D8%B3%D8%A4%D9%88%D9%84%D9%8A%D8%A9/08addf10-21de-4d5b-8612-206884b4f248
2026-08-07 09:00:03,170 [INFO]     PDF trouvé: قرار فتح باب الترشيح (score: 35)
2026-08-07 09:00:03,171 [INFO]   [EN COURS] رئيس قسم البنية التحتية بمديرية ميناء طنجة و الجهة... → 2026-08-09
2026-08-07 09:00:03,172 [INFO]   Détails: https://www.emploi-public.ma/ar/%D8%AA%D9%81%D8%A7%D8%B5%D9%8A%D9%84/%D9%85%D9%86%D8%A7%D8%B5%D8%A8-%D8%A7%D9%84%D9%85%D8%B3%D8%A4%D9%88%D9%84%D9%8A%D8%A9/a6b406c7-9d86-43cb-b44c-3a7611f18951
2026-08-07 09:00:03,917 [INFO]     PDF trouvé: قرار فتح باب الترشيح (score: 35)
2026-08-07 09:00:03,919 [INFO]   [EN COURS] رئيس قسم العلاقات المؤسساتية بمديرية الحكامة المؤسساتية... → 2026-08-09
2026-08-07 09:00:03,919 [INFO]   Détails: https://www.emploi-public.ma/ar/%D8%AA%D9%81%D8%A7%D8%B5%D9%8A%D9%84/%D9%85%D9%86%D8%A7%D8%B5%D8%A8-%D8%A7%D9%84%D9%85%D8%B3%D8%A4%D9%88%D9%84%D9%8A%D8%A9/919e2c31-e153-4165-bf47-d16ca2c7391f
2026-08-07 09:00:04,604 [INFO]     PDF trouvé: قرار فتح باب الترشيح (score: 35)
2026-08-07 09:00:04,605 [INFO]   [EN COURS] فتح باب الترشيح لمناصب المسؤولية بوزارة الداخلية -عمالة إقلي... → 2026-08-10
2026-08-07 09:00:04,605 [INFO] Page 4/5
2026-08-07 09:00:04,605 [INFO] Scraping page: https://www.emploi-public.ma/ar/قائمة-مناصب-المسؤولية?page=3
2026-08-07 09:00:05,393 [INFO]   → 13 annonces trouvées sur cette page
2026-08-07 09:00:05,394 [INFO]   Détails: https://www.emploi-public.ma/ar/%D8%AA%D9%81%D8%A7%D8%B5%D9%8A%D9%84/%D9%85%D9%86%D8%A7%D8%B5%D8%A8-%D8%A7%D9%84%D9%85%D8%B3%D8%A4%D9%88%D9%84%D9%8A%D8%A9/33fadd95-e7a3-48e9-9532-58ab3fef908c
2026-08-07 09:00:09,695 [INFO]     PDF trouvé: قرار فتح باب الترشيح (score: 35)
2026-08-07 09:00:09,695 [INFO]   [EXPIRÉE] فتح باب الترشيح ل مناصب المسؤولية ب وزارة الشباب والثقافة وا... → 2026-08-03
2026-08-07 09:00:09,696 [INFO]   Détails: https://www.emploi-public.ma/ar/%D8%AA%D9%81%D8%A7%D8%B5%D9%8A%D9%84/%D9%85%D9%86%D8%A7%D8%B5%D8%A8-%D8%A7%D9%84%D9%85%D8%B3%D8%A4%D9%88%D9%84%D9%8A%D8%A9/f6181909-9d0e-4bf9-aa98-7c5bb916b755
2026-08-07 09:00:14,374 [INFO]     PDF trouvé: قرار فتح باب الترشيح (score: 35)
2026-08-07 09:00:14,375 [INFO]   [EXPIRÉE] فتح باب الترشيح ل مناصب المسؤولية ب وزارة الشباب والثقافة وا... → 2026-08-03
2026-08-07 09:00:14,375 [INFO]   Détails: https://www.emploi-public.ma/ar/%D8%AA%D9%81%D8%A7%D8%B5%D9%8A%D9%84/%D9%85%D9%86%D8%A7%D8%B5%D8%A8-%D8%A7%D9%84%D9%85%D8%B3%D8%A4%D9%88%D9%84%D9%8A%D8%A9/5d665ecc-2ba0-419a-81e1-a402431adc16
2026-08-07 09:00:15,325 [INFO]     PDF trouvé: قرار فتح باب الترشيح (score: 35)
2026-08-07 09:00:15,326 [INFO]   [EXPIRÉE] فتح باب الترشيح ل مناصب المسؤولية ب وزارة الشباب والثقافة وا... → 2026-08-03
2026-08-07 09:00:15,326 [INFO]   Détails: https://www.emploi-public.ma/ar/%D8%AA%D9%81%D8%A7%D8%B5%D9%8A%D9%84/%D9%85%D9%86%D8%A7%D8%B5%D8%A8-%D8%A7%D9%84%D9%85%D8%B3%D8%A4%D9%88%D9%84%D9%8A%D8%A9/dd4ef999-edb7-4d73-a51f-f94527df58d6
2026-08-07 09:00:16,777 [INFO]     PDF trouvé: قرار فتح باب الترشيح (score: 35)
2026-08-07 09:00:16,778 [INFO]   [EXPIRÉE] فتح باب الترشيح ل مناصب المسؤولية ب وزارة الفلاحة والصيد الب... → 2026-08-03
2026-08-07 09:00:16,778 [INFO]   Détails: https://www.emploi-public.ma/ar/%D8%AA%D9%81%D8%A7%D8%B5%D9%8A%D9%84/%D9%85%D9%86%D8%A7%D8%B5%D8%A8-%D8%A7%D9%84%D9%85%D8%B3%D8%A4%D9%88%D9%84%D9%8A%D8%A9/716ae71a-4687-466a-ae3c-6f09c68b0175
2026-08-07 09:00:17,447 [INFO]     PDF trouvé: قرار فتح باب الترشيح (score: 35)
2026-08-07 09:00:17,448 [INFO]   [EXPIRÉE] لائحة الناجحين في مناصب المسؤولية ب وزارة الداخلية -عمالة ال... → 2026-04-17
2026-08-07 09:00:17,448 [INFO]   Détails: https://www.emploi-public.ma/ar/%D8%AA%D9%81%D8%A7%D8%B5%D9%8A%D9%84/%D9%85%D9%86%D8%A7%D8%B5%D8%A8-%D8%A7%D9%84%D9%85%D8%B3%D8%A4%D9%88%D9%84%D9%8A%D8%A9/b349c2e5-0e5e-42d2-bf1d-d96f5da31081
2026-08-07 09:00:18,558 [INFO]     PDF trouvé: قرار فتح باب الترشيح (score: 35)
2026-08-07 09:00:18,559 [INFO]   [EXPIRÉE] فتح باب الترشيح ل مناصب المسؤولية ب وزارة الداخلية -عمالة إق... → 2026-07-31
2026-08-07 09:00:18,559 [INFO]   Détails: https://www.emploi-public.ma/ar/%D8%AA%D9%81%D8%A7%D8%B5%D9%8A%D9%84/%D9%85%D9%86%D8%A7%D8%B5%D8%A8-%D8%A7%D9%84%D9%85%D8%B3%D8%A4%D9%88%D9%84%D9%8A%D8%A9/65bb098d-84db-4eea-a26f-408d847c19d6
2026-08-07 09:00:19,474 [INFO]     PDF trouvé: قرار فتح باب الترشيح (score: 35)
2026-08-07 09:00:19,475 [INFO]   [EXPIRÉE] لائحة الناجحين في مناصب المسؤولية ب وزارة الداخلية -عمالة إق... → 2026-06-11
2026-08-07 09:00:19,476 [INFO]   Détails: https://www.emploi-public.ma/ar/%D8%AA%D9%81%D8%A7%D8%B5%D9%8A%D9%84/%D9%85%D9%86%D8%A7%D8%B5%D8%A8-%D8%A7%D9%84%D9%85%D8%B3%D8%A4%D9%88%D9%84%D9%8A%D8%A9/4634f231-1c41-439b-9e77-a5c74ee289d4
2026-08-07 09:00:20,204 [INFO]     PDF trouvé: قرار فتح باب الترشيح (score: 35)
2026-08-07 09:00:20,205 [INFO]   [EXPIRÉE] لائحة الناجحين في مناصب المسؤولية ب وزارة الداخلية -عمالة إق... → 2026-06-11
2026-08-07 09:00:20,206 [INFO]   Détails: https://www.emploi-public.ma/ar/%D8%AA%D9%81%D8%A7%D8%B5%D9%8A%D9%84/%D9%85%D9%86%D8%A7%D8%B5%D8%A8-%D8%A7%D9%84%D9%85%D8%B3%D8%A4%D9%88%D9%84%D9%8A%D8%A9/36fa2f7f-c1b1-4034-9c58-493276fbf647
2026-08-07 09:00:20,992 [INFO]     PDF trouvé: قرار فتح باب الترشيح (score: 35)
2026-08-07 09:00:20,993 [INFO]   [EXPIRÉE] لائحة الناجحين في مناصب المسؤولية ب وزارة الداخلية -عمالة إق... → 2026-06-11
2026-08-07 09:00:20,993 [INFO]   Détails: https://www.emploi-public.ma/ar/%D8%AA%D9%81%D8%A7%D8%B5%D9%8A%D9%84/%D9%85%D9%86%D8%A7%D8%B5%D8%A8-%D8%A7%D9%84%D9%85%D8%B3%D8%A4%D9%88%D9%84%D9%8A%D8%A9/88cdeb93-7798-4b06-8e62-a7a6b556abce
2026-08-07 09:00:21,780 [INFO]     PDF trouvé: قرار فتح باب الترشيح (score: 35)
2026-08-07 09:00:21,781 [INFO]   [EN COURS] مدير الاستغلال... → 2026-08-07
2026-08-07 09:00:21,782 [INFO]   Détails: https://www.emploi-public.ma/ar/%D8%AA%D9%81%D8%A7%D8%B5%D9%8A%D9%84/%D9%85%D9%86%D8%A7%D8%B5%D8%A8-%D8%A7%D9%84%D9%85%D8%B3%D8%A4%D9%88%D9%84%D9%8A%D8%A9/08addf10-21de-4d5b-8612-206884b4f248
2026-08-07 09:00:22,492 [INFO]     PDF trouvé: قرار فتح باب الترشيح (score: 35)
2026-08-07 09:00:22,493 [INFO]   [EN COURS] رئيس قسم البنية التحتية بمديرية ميناء طنجة و الجهة... → 2026-08-09
2026-08-07 09:00:22,493 [INFO]   Détails: https://www.emploi-public.ma/ar/%D8%AA%D9%81%D8%A7%D8%B5%D9%8A%D9%84/%D9%85%D9%86%D8%A7%D8%B5%D8%A8-%D8%A7%D9%84%D9%85%D8%B3%D8%A4%D9%88%D9%84%D9%8A%D8%A9/a6b406c7-9d86-43cb-b44c-3a7611f18951
2026-08-07 09:00:23,185 [INFO]     PDF trouvé: قرار فتح باب الترشيح (score: 35)
2026-08-07 09:00:23,186 [INFO]   [EN COURS] رئيس قسم العلاقات المؤسساتية بمديرية الحكامة المؤسساتية... → 2026-08-09
2026-08-07 09:00:23,186 [INFO]   Détails: https://www.emploi-public.ma/ar/%D8%AA%D9%81%D8%A7%D8%B5%D9%8A%D9%84/%D9%85%D9%86%D8%A7%D8%B5%D8%A8-%D8%A7%D9%84%D9%85%D8%B3%D8%A4%D9%88%D9%84%D9%8A%D8%A9/919e2c31-e153-4165-bf47-d16ca2c7391f
2026-08-07 09:00:23,908 [INFO]     PDF trouvé: قرار فتح باب الترشيح (score: 35)
2026-08-07 09:00:23,909 [INFO]   [EN COURS] فتح باب الترشيح لمناصب المسؤولية بوزارة الداخلية -عمالة إقلي... → 2026-08-10
2026-08-07 09:00:23,910 [INFO] Page 5/5
2026-08-07 09:00:23,910 [INFO] Scraping page: https://www.emploi-public.ma/ar/قائمة-مناصب-المسؤولية?page=4
2026-08-07 09:00:24,755 [INFO]   → 13 annonces trouvées sur cette page
2026-08-07 09:00:24,757 [INFO]   Détails: https://www.emploi-public.ma/ar/%D8%AA%D9%81%D8%A7%D8%B5%D9%8A%D9%84/%D9%85%D9%86%D8%A7%D8%B5%D8%A8-%D8%A7%D9%84%D9%85%D8%B3%D8%A4%D9%88%D9%84%D9%8A%D8%A9/506cdea9-bd57-40fd-8470-b783d8301a02
2026-08-07 09:00:25,550 [INFO]     PDF trouvé: قرار فتح باب الترشيح (score: 35)
2026-08-07 09:00:25,551 [INFO]   [EXPIRÉE] لائحة الناجحين في مناصب المسؤولية ب وزارة الداخلية -عمالة إق... → 2026-06-11
2026-08-07 09:00:25,551 [INFO]   Détails: https://www.emploi-public.ma/ar/%D8%AA%D9%81%D8%A7%D8%B5%D9%8A%D9%84/%D9%85%D9%86%D8%A7%D8%B5%D8%A8-%D8%A7%D9%84%D9%85%D8%B3%D8%A4%D9%88%D9%84%D9%8A%D8%A9/2d35329b-1cad-4415-adf4-37f8ccdc54bc
2026-08-07 09:00:26,230 [INFO]     PDF trouvé: قرار فتح باب الترشيح (score: 35)
2026-08-07 09:00:26,231 [INFO]   [EN COURS] فتح باب الترشيح ل مناصب المسؤولية ب وزارة الاقتصاد والمالية... → 2026-08-24
2026-08-07 09:00:26,231 [INFO]   Détails: https://www.emploi-public.ma/ar/%D8%AA%D9%81%D8%A7%D8%B5%D9%8A%D9%84/%D9%85%D9%86%D8%A7%D8%B5%D8%A8-%D8%A7%D9%84%D9%85%D8%B3%D8%A4%D9%88%D9%84%D9%8A%D8%A9/285038bc-37a7-4968-9df1-c4814ae91a9d
2026-08-07 09:00:27,470 [INFO]     PDF trouvé: قرار فتح باب الترشيح (score: 35)
2026-08-07 09:00:27,471 [INFO]   [EN COURS] فتح باب الترشيح ل مناصب المسؤولية ب وزارة الاقتصاد والمالية... → 2026-08-18
2026-08-07 09:00:27,471 [INFO]   Détails: https://www.emploi-public.ma/ar/%D8%AA%D9%81%D8%A7%D8%B5%D9%8A%D9%84/%D9%85%D9%86%D8%A7%D8%B5%D8%A8-%D8%A7%D9%84%D9%85%D8%B3%D8%A4%D9%88%D9%84%D9%8A%D8%A9/5a13f04d-51f3-490a-8d5f-e8129d1b81cd
2026-08-07 09:00:28,562 [INFO]     PDF trouvé: قرار فتح باب الترشيح (score: 35)
2026-08-07 09:00:28,563 [INFO]   [EXPIRÉE] لائحة الناجحين في مناصب المسؤولية ب وزارة الداخلية -عمالة إق... → 2025-10-23
2026-08-07 09:00:28,564 [INFO]   Détails: https://www.emploi-public.ma/ar/%D8%AA%D9%81%D8%A7%D8%B5%D9%8A%D9%84/%D9%85%D9%86%D8%A7%D8%B5%D8%A8-%D8%A7%D9%84%D9%85%D8%B3%D8%A4%D9%88%D9%84%D9%8A%D8%A9/262a482b-c213-4b4a-a4bd-760b53f42418
2026-08-07 09:00:29,230 [INFO]     PDF trouvé: قرار فتح باب الترشيح (score: 35)
2026-08-07 09:00:29,231 [INFO]   [EXPIRÉE] فتح باب الترشيح ل مناصب المسؤولية ب وزارة الداخلية... → 2026-07-29
2026-08-07 09:00:29,231 [INFO]   Détails: https://www.emploi-public.ma/ar/%D8%AA%D9%81%D8%A7%D8%B5%D9%8A%D9%84/%D9%85%D9%86%D8%A7%D8%B5%D8%A8-%D8%A7%D9%84%D9%85%D8%B3%D8%A4%D9%88%D9%84%D9%8A%D8%A9/bbf54236-0cc0-46f5-9846-687214970426
2026-08-07 09:00:30,927 [INFO]     PDF trouvé: قرار فتح باب الترشيح (score: 35)
2026-08-07 09:00:30,928 [INFO]   [EN COURS] فتح باب الترشيح ل مناصب المسؤولية ب وزارة الإدماج الاقتصادي ... → 2026-08-17
2026-08-07 09:00:30,928 [INFO]   Détails: https://www.emploi-public.ma/ar/%D8%AA%D9%81%D8%A7%D8%B5%D9%8A%D9%84/%D9%85%D9%86%D8%A7%D8%B5%D8%A8-%D8%A7%D9%84%D9%85%D8%B3%D8%A4%D9%88%D9%84%D9%8A%D8%A9/18e6ba17-b540-42c6-8238-9aa9e7466107
2026-08-07 09:00:32,598 [INFO]     PDF trouvé: قرار فتح باب الترشيح (score: 35)
2026-08-07 09:00:32,599 [INFO]   [EN COURS] فتح باب الترشيح ل مناصب المسؤولية ب وزارة الإدماج الاقتصادي ... → 2026-08-17
2026-08-07 09:00:32,599 [INFO]   Détails: https://www.emploi-public.ma/ar/%D8%AA%D9%81%D8%A7%D8%B5%D9%8A%D9%84/%D9%85%D9%86%D8%A7%D8%B5%D8%A8-%D8%A7%D9%84%D9%85%D8%B3%D8%A4%D9%88%D9%84%D9%8A%D8%A9/27397f57-ce50-41fe-8f91-52dbdbcd606f
2026-08-07 09:00:33,306 [INFO]     PDF trouvé: قرار فتح باب الترشيح (score: 35)
2026-08-07 09:00:33,307 [INFO]   [EN COURS] فتح باب الترشيح ل مناصب المسؤولية ب وزارة الإدماج الاقتصادي ... → 2026-08-17
2026-08-07 09:00:33,307 [INFO]   Détails: https://www.emploi-public.ma/ar/%D8%AA%D9%81%D8%A7%D8%B5%D9%8A%D9%84/%D9%85%D9%86%D8%A7%D8%B5%D8%A8-%D8%A7%D9%84%D9%85%D8%B3%D8%A4%D9%88%D9%84%D9%8A%D8%A9/3efa0379-8999-4eb9-9e12-51aabb9fcb7a
2026-08-07 09:00:34,248 [INFO]     PDF trouvé: قرار فتح باب الترشيح (score: 35)
2026-08-07 09:00:34,249 [INFO]   [EN COURS] فتح باب الترشيح ل مناصب المسؤولية ب وزارة الإدماج الاقتصادي ... → 2026-08-17
2026-08-07 09:00:34,249 [INFO]   Détails: https://www.emploi-public.ma/ar/%D8%AA%D9%81%D8%A7%D8%B5%D9%8A%D9%84/%D9%85%D9%86%D8%A7%D8%B5%D8%A8-%D8%A7%D9%84%D9%85%D8%B3%D8%A4%D9%88%D9%84%D9%8A%D8%A9/88cdeb93-7798-4b06-8e62-a7a6b556abce
2026-08-07 09:00:34,958 [INFO]     PDF trouvé: قرار فتح باب الترشيح (score: 35)
2026-08-07 09:00:34,959 [INFO]   [EN COURS] مدير الاستغلال... → 2026-08-07
2026-08-07 09:00:34,959 [INFO]   Détails: https://www.emploi-public.ma/ar/%D8%AA%D9%81%D8%A7%D8%B5%D9%8A%D9%84/%D9%85%D9%86%D8%A7%D8%B5%D8%A8-%D8%A7%D9%84%D9%85%D8%B3%D8%A4%D9%88%D9%84%D9%8A%D8%A9/08addf10-21de-4d5b-8612-206884b4f248
2026-08-07 09:00:35,685 [INFO]     PDF trouvé: قرار فتح باب الترشيح (score: 35)
2026-08-07 09:00:35,686 [INFO]   [EN COURS] رئيس قسم البنية التحتية بمديرية ميناء طنجة و الجهة... → 2026-08-09
2026-08-07 09:00:35,686 [INFO]   Détails: https://www.emploi-public.ma/ar/%D8%AA%D9%81%D8%A7%D8%B5%D9%8A%D9%84/%D9%85%D9%86%D8%A7%D8%B5%D8%A8-%D8%A7%D9%84%D9%85%D8%B3%D8%A4%D9%88%D9%84%D9%8A%D8%A9/a6b406c7-9d86-43cb-b44c-3a7611f18951
2026-08-07 09:00:36,362 [INFO]     PDF trouvé: قرار فتح باب الترشيح (score: 35)
2026-08-07 09:00:36,363 [INFO]   [EN COURS] رئيس قسم العلاقات المؤسساتية بمديرية الحكامة المؤسساتية... → 2026-08-09
2026-08-07 09:00:36,363 [INFO]   Détails: https://www.emploi-public.ma/ar/%D8%AA%D9%81%D8%A7%D8%B5%D9%8A%D9%84/%D9%85%D9%86%D8%A7%D8%B5%D8%A8-%D8%A7%D9%84%D9%85%D8%B3%D8%A4%D9%88%D9%84%D9%8A%D8%A9/919e2c31-e153-4165-bf47-d16ca2c7391f
2026-08-07 09:00:37,044 [INFO]     PDF trouvé: قرار فتح باب الترشيح (score: 35)
2026-08-07 09:00:37,045 [INFO]   [EN COURS] فتح باب الترشيح لمناصب المسؤولية بوزارة الداخلية -عمالة إقلي... → 2026-08-10
2026-08-07 09:00:37,046 [INFO] 
--- Catégorie: المناصب العليا ---
2026-08-07 09:00:37,046 [INFO] Page 1/5
2026-08-07 09:00:37,046 [INFO] Scraping page: https://www.emploi-public.ma/ar/قائمة-المناصب-العليا
2026-08-07 09:00:37,668 [INFO]   → 9 annonces trouvées sur cette page
2026-08-07 09:00:37,669 [INFO]   Détails: https://www.emploi-public.ma/ar/%D8%AA%D9%81%D8%A7%D8%B5%D9%8A%D9%84/%D8%A7%D9%84%D9%85%D9%86%D8%A7%D8%B5%D8%A8-%D8%A7%D9%84%D8%B9%D9%84%D9%8A%D8%A7/30d00bcd-df71-43f3-945e-2204e61cb425
2026-08-07 09:00:38,247 [WARNING] Format de date non reconnu: 30
2026-08-07 09:00:38,248 [INFO]     PDF trouvé: قرار فتح باب الترشيح (score: 35)
2026-08-07 09:00:38,249 [INFO]   [PAS DE DATE] فتح باب الترشيح للمناصب العليا مدير المعهد الوطني لكتابة الض...
2026-08-07 09:00:38,249 [INFO]   Détails: https://www.emploi-public.ma/ar/%D8%AA%D9%81%D8%A7%D8%B5%D9%8A%D9%84/%D8%A7%D9%84%D9%85%D9%86%D8%A7%D8%B5%D8%A8-%D8%A7%D9%84%D8%B9%D9%84%D9%8A%D8%A7/0caf53e1-867a-4e91-a2d5-4f18a1b80e58
2026-08-07 09:00:38,849 [WARNING] Format de date non reconnu: 30
2026-08-07 09:00:38,850 [INFO]     PDF trouvé: قرار فتح باب الترشيح (score: 35)
2026-08-07 09:00:38,851 [INFO]   [PAS DE DATE] فتح باب الترشيح للمناصب العليا مدير الموارد البشرية والمالية...
2026-08-07 09:00:38,852 [INFO]   Détails: https://www.emploi-public.ma/ar/%D8%AA%D9%81%D8%A7%D8%B5%D9%8A%D9%84/%D8%A7%D9%84%D9%85%D9%86%D8%A7%D8%B5%D8%A8-%D8%A7%D9%84%D8%B9%D9%84%D9%8A%D8%A7/a260f3d6-19bf-4755-87e7-64988bd5d952
2026-08-07 09:00:39,525 [WARNING] Format de date non reconnu: 30
2026-08-07 09:00:39,526 [INFO]     PDF trouvé: قرار فتح باب الترشيح (score: 35)
2026-08-07 09:00:39,527 [INFO]   [PAS DE DATE] فتح باب الترشيح للمناصب العليا مدير الملاحة الجوية المدنية...
2026-08-07 09:00:39,527 [INFO]   Détails: https://www.emploi-public.ma/ar/%D8%AA%D9%81%D8%A7%D8%B5%D9%8A%D9%84/%D8%A7%D9%84%D9%85%D9%86%D8%A7%D8%B5%D8%A8-%D8%A7%D9%84%D8%B9%D9%84%D9%8A%D8%A7/803881f5-f7fa-4f8f-b2cd-d6b1566b7fe5
2026-08-07 09:00:40,116 [WARNING] Format de date non reconnu: 30
2026-08-07 09:00:40,117 [INFO]     PDF trouvé: قرار فتح باب الترشيح (score: 35)
2026-08-07 09:00:40,118 [INFO]   [PAS DE DATE] فتح باب الترشيح للمناصب العليا مدير المعهد العالي للدراسات ا...
2026-08-07 09:00:40,119 [INFO]   Détails: https://www.emploi-public.ma/ar/%D8%AA%D9%81%D8%A7%D8%B5%D9%8A%D9%84/%D8%A7%D9%84%D9%85%D9%86%D8%A7%D8%B5%D8%A8-%D8%A7%D9%84%D8%B9%D9%84%D9%8A%D8%A7/43fe4445-da66-401e-a3c4-2562a221a332
2026-08-07 09:00:40,696 [WARNING] Format de date non reconnu: 30
2026-08-07 09:00:40,697 [INFO]     PDF trouvé: قرار فتح باب الترشيح (score: 35)
2026-08-07 09:00:40,698 [INFO]   [PAS DE DATE] فتح باب الترشيح للمناصب العليا مدير مؤسسة النهوض بالأعمال ال...
2026-08-07 09:00:40,698 [INFO]   Détails: https://www.emploi-public.ma/ar/%D8%AA%D9%81%D8%A7%D8%B5%D9%8A%D9%84/%D8%A7%D9%84%D9%85%D9%86%D8%A7%D8%B5%D8%A8-%D8%A7%D9%84%D8%B9%D9%84%D9%8A%D8%A7/2c16f418-dd0f-4bb2-b66e-f926057114f9
2026-08-07 09:00:41,309 [WARNING] Format de date non reconnu: 30
2026-08-07 09:00:41,310 [INFO]     PDF trouvé: قرار فتح باب الترشيح (score: 35)
2026-08-07 09:00:41,311 [INFO]   [PAS DE DATE] فتح باب الترشيح للمناصب العليا مدير الشباب...
2026-08-07 09:00:41,312 [INFO]   Détails: https://www.emploi-public.ma/ar/%D8%AA%D9%81%D8%A7%D8%B5%D9%8A%D9%84/%D8%A7%D9%84%D9%85%D9%86%D8%A7%D8%B5%D8%A8-%D8%A7%D9%84%D8%B9%D9%84%D9%8A%D8%A7/fb33496a-b3e4-46d5-a556-86d0223b04f8
2026-08-07 09:00:41,896 [WARNING] Format de date non reconnu: 30
2026-08-07 09:00:41,897 [INFO]     PDF trouvé: قرار فتح باب الترشيح (score: 35)
2026-08-07 09:00:41,898 [INFO]   [PAS DE DATE] فتح باب الترشيح للمناصب العليا مدير(ة) الشؤون العامة...
2026-08-07 09:00:41,898 [INFO]   Détails: https://www.emploi-public.ma/ar/%D8%AA%D9%81%D8%A7%D8%B5%D9%8A%D9%84/%D8%A7%D9%84%D9%85%D9%86%D8%A7%D8%B5%D8%A8-%D8%A7%D9%84%D8%B9%D9%84%D9%8A%D8%A7/d75f25b8-e1b6-4bba-9bf2-9bcc6a5e913c
2026-08-07 09:00:42,502 [WARNING] Format de date non reconnu: 30
2026-08-07 09:00:42,504 [INFO]     PDF trouvé: قرار فتح باب الترشيح (score: 35)
2026-08-07 09:00:42,504 [INFO]   [PAS DE DATE] فتح باب الترشيح للمناصب العليا مدير الانظمة والدراسات التاري...
2026-08-07 09:00:42,505 [INFO]   Détails: https://www.emploi-public.ma/ar/%D8%AA%D9%81%D8%A7%D8%B5%D9%8A%D9%84/%D8%A7%D9%84%D9%85%D9%86%D8%A7%D8%B5%D8%A8-%D8%A7%D9%84%D8%B9%D9%84%D9%8A%D8%A7/4d6a3c99-2658-4cfd-99b5-bc5c012c8e55
2026-08-07 09:00:43,116 [WARNING] Format de date non reconnu: 30
2026-08-07 09:00:43,117 [INFO]     PDF trouvé: قرار فتح باب الترشيح (score: 35)
2026-08-07 09:00:43,118 [INFO]   [PAS DE DATE] فتح باب الترشيح للمناصب العليا مدير(ة) المركز الوطني للامتحا...
2026-08-07 09:00:43,119 [INFO] Page 2/5
2026-08-07 09:00:43,119 [INFO] Scraping page: https://www.emploi-public.ma/ar/قائمة-المناصب-العليا?page=1
2026-08-07 09:00:43,748 [INFO]   → 9 annonces trouvées sur cette page
2026-08-07 09:00:43,749 [INFO]   Détails: https://www.emploi-public.ma/ar/%D8%AA%D9%81%D8%A7%D8%B5%D9%8A%D9%84/%D8%A7%D9%84%D9%85%D9%86%D8%A7%D8%B5%D8%A8-%D8%A7%D9%84%D8%B9%D9%84%D9%8A%D8%A7/30d00bcd-df71-43f3-945e-2204e61cb425
2026-08-07 09:00:45,048 [WARNING] Format de date non reconnu: 30
2026-08-07 09:00:45,049 [INFO]     PDF trouvé: قرار فتح باب الترشيح (score: 35)
2026-08-07 09:00:45,050 [INFO]   [PAS DE DATE] فتح باب الترشيح للمناصب العليا مدير المعهد الوطني لكتابة الض...
2026-08-07 09:00:45,050 [INFO]   Détails: https://www.emploi-public.ma/ar/%D8%AA%D9%81%D8%A7%D8%B5%D9%8A%D9%84/%D8%A7%D9%84%D9%85%D9%86%D8%A7%D8%B5%D8%A8-%D8%A7%D9%84%D8%B9%D9%84%D9%8A%D8%A7/0caf53e1-867a-4e91-a2d5-4f18a1b80e58
2026-08-07 09:00:45,656 [WARNING] Format de date non reconnu: 30
2026-08-07 09:00:45,657 [INFO]     PDF trouvé: قرار فتح باب الترشيح (score: 35)
2026-08-07 09:00:45,658 [INFO]   [PAS DE DATE] فتح باب الترشيح للمناصب العليا مدير الموارد البشرية والمالية...
2026-08-07 09:00:45,658 [INFO]   Détails: https://www.emploi-public.ma/ar/%D8%AA%D9%81%D8%A7%D8%B5%D9%8A%D9%84/%D8%A7%D9%84%D9%85%D9%86%D8%A7%D8%B5%D8%A8-%D8%A7%D9%84%D8%B9%D9%84%D9%8A%D8%A7/a260f3d6-19bf-4755-87e7-64988bd5d952
2026-08-07 09:00:47,922 [WARNING] Format de date non reconnu: 30
2026-08-07 09:00:47,923 [INFO]     PDF trouvé: قرار فتح باب الترشيح (score: 35)
2026-08-07 09:00:47,924 [INFO]   [PAS DE DATE] فتح باب الترشيح للمناصب العليا مدير الملاحة الجوية المدنية...
2026-08-07 09:00:47,924 [INFO]   Détails: https://www.emploi-public.ma/ar/%D8%AA%D9%81%D8%A7%D8%B5%D9%8A%D9%84/%D8%A7%D9%84%D9%85%D9%86%D8%A7%D8%B5%D8%A8-%D8%A7%D9%84%D8%B9%D9%84%D9%8A%D8%A7/803881f5-f7fa-4f8f-b2cd-d6b1566b7fe5
2026-08-07 09:00:48,515 [WARNING] Format de date non reconnu: 30
2026-08-07 09:00:48,516 [INFO]     PDF trouvé: قرار فتح باب الترشيح (score: 35)
2026-08-07 09:00:48,517 [INFO]   [PAS DE DATE] فتح باب الترشيح للمناصب العليا مدير المعهد العالي للدراسات ا...
2026-08-07 09:00:48,517 [INFO]   Détails: https://www.emploi-public.ma/ar/%D8%AA%D9%81%D8%A7%D8%B5%D9%8A%D9%84/%D8%A7%D9%84%D9%85%D9%86%D8%A7%D8%B5%D8%A8-%D8%A7%D9%84%D8%B9%D9%84%D9%8A%D8%A7/43fe4445-da66-401e-a3c4-2562a221a332
2026-08-07 09:00:49,294 [WARNING] Format de date non reconnu: 30
2026-08-07 09:00:49,295 [INFO]     PDF trouvé: قرار فتح باب الترشيح (score: 35)
2026-08-07 09:00:49,296 [INFO]   [PAS DE DATE] فتح باب الترشيح للمناصب العليا مدير مؤسسة النهوض بالأعمال ال...
2026-08-07 09:00:49,297 [INFO]   Détails: https://www.emploi-public.ma/ar/%D8%AA%D9%81%D8%A7%D8%B5%D9%8A%D9%84/%D8%A7%D9%84%D9%85%D9%86%D8%A7%D8%B5%D8%A8-%D8%A7%D9%84%D8%B9%D9%84%D9%8A%D8%A7/2c16f418-dd0f-4bb2-b66e-f926057114f9
2026-08-07 09:00:49,927 [WARNING] Format de date non reconnu: 30
2026-08-07 09:00:49,928 [INFO]     PDF trouvé: قرار فتح باب الترشيح (score: 35)
2026-08-07 09:00:49,929 [INFO]   [PAS DE DATE] فتح باب الترشيح للمناصب العليا مدير الشباب...
2026-08-07 09:00:49,929 [INFO]   Détails: https://www.emploi-public.ma/ar/%D8%AA%D9%81%D8%A7%D8%B5%D9%8A%D9%84/%D8%A7%D9%84%D9%85%D9%86%D8%A7%D8%B5%D8%A8-%D8%A7%D9%84%D8%B9%D9%84%D9%8A%D8%A7/fb33496a-b3e4-46d5-a556-86d0223b04f8
2026-08-07 09:00:50,641 [WARNING] Format de date non reconnu: 30
2026-08-07 09:00:50,642 [INFO]     PDF trouvé: قرار فتح باب الترشيح (score: 35)
2026-08-07 09:00:50,643 [INFO]   [PAS DE DATE] فتح باب الترشيح للمناصب العليا مدير(ة) الشؤون العامة...
2026-08-07 09:00:50,643 [INFO]   Détails: https://www.emploi-public.ma/ar/%D8%AA%D9%81%D8%A7%D8%B5%D9%8A%D9%84/%D8%A7%D9%84%D9%85%D9%86%D8%A7%D8%B5%D8%A8-%D8%A7%D9%84%D8%B9%D9%84%D9%8A%D8%A7/d75f25b8-e1b6-4bba-9bf2-9bcc6a5e913c
2026-08-07 09:00:51,276 [WARNING] Format de date non reconnu: 30
2026-08-07 09:00:51,277 [INFO]     PDF trouvé: قرار فتح باب الترشيح (score: 35)
2026-08-07 09:00:51,278 [INFO]   [PAS DE DATE] فتح باب الترشيح للمناصب العليا مدير الانظمة والدراسات التاري...
2026-08-07 09:00:51,278 [INFO]   Détails: https://www.emploi-public.ma/ar/%D8%AA%D9%81%D8%A7%D8%B5%D9%8A%D9%84/%D8%A7%D9%84%D9%85%D9%86%D8%A7%D8%B5%D8%A8-%D8%A7%D9%84%D8%B9%D9%84%D9%8A%D8%A7/4d6a3c99-2658-4cfd-99b5-bc5c012c8e55
2026-08-07 09:00:52,538 [WARNING] Format de date non reconnu: 30
2026-08-07 09:00:52,539 [INFO]     PDF trouvé: قرار فتح باب الترشيح (score: 35)
2026-08-07 09:00:52,540 [INFO]   [PAS DE DATE] فتح باب الترشيح للمناصب العليا مدير(ة) المركز الوطني للامتحا...
2026-08-07 09:00:52,540 [INFO] Page 3/5
2026-08-07 09:00:52,540 [INFO] Scraping page: https://www.emploi-public.ma/ar/قائمة-المناصب-العليا?page=2
2026-08-07 09:00:53,311 [INFO]   → 9 annonces trouvées sur cette page
2026-08-07 09:00:53,313 [INFO]   Détails: https://www.emploi-public.ma/ar/%D8%AA%D9%81%D8%A7%D8%B5%D9%8A%D9%84/%D8%A7%D9%84%D9%85%D9%86%D8%A7%D8%B5%D8%A8-%D8%A7%D9%84%D8%B9%D9%84%D9%8A%D8%A7/d5445636-5a56-491e-9305-8cd418b361f8
2026-08-07 09:00:53,959 [WARNING] Format de date non reconnu: 00
2026-08-07 09:00:53,960 [INFO]     PDF trouvé: قرار فتح باب الترشيح (score: 35)
2026-08-07 09:00:53,961 [INFO]   [PAS DE DATE] فتح باب الترشيح للمناصب العليا مدير إعداد التراب الوطني...
2026-08-07 09:00:53,961 [INFO]   Détails: https://www.emploi-public.ma/ar/%D8%AA%D9%81%D8%A7%D8%B5%D9%8A%D9%84/%D8%A7%D9%84%D9%85%D9%86%D8%A7%D8%B5%D8%A8-%D8%A7%D9%84%D8%B9%D9%84%D9%8A%D8%A7/a19c981f-5e73-4699-978a-3c26f387e76d
2026-08-07 09:00:54,547 [WARNING] Format de date non reconnu: 00
2026-08-07 09:00:54,548 [INFO]     PDF trouvé: قرار فتح باب الترشيح (score: 35)
2026-08-07 09:00:54,549 [INFO]   [PAS DE DATE] فتح باب الترشيح للمناصب العليا مدير الوكالة الحضرية للحسيمة...
2026-08-07 09:00:54,549 [INFO]   Détails: https://www.emploi-public.ma/ar/%D8%AA%D9%81%D8%A7%D8%B5%D9%8A%D9%84/%D8%A7%D9%84%D9%85%D9%86%D8%A7%D8%B5%D8%A8-%D8%A7%D9%84%D8%B9%D9%84%D9%8A%D8%A7/c3eed04a-67b9-4ceb-b4c3-b32e0273c191
2026-08-07 09:00:55,151 [WARNING] Format de date non reconnu: 00
2026-08-07 09:00:55,152 [INFO]     PDF trouvé: قرار فتح باب الترشيح (score: 35)
2026-08-07 09:00:55,153 [INFO]   [PAS DE DATE] فتح باب الترشيح للمناصب العليا مدير الوكالة الحضرية للعرائش...
2026-08-07 09:00:55,154 [INFO]   Détails: https://www.emploi-public.ma/ar/%D8%AA%D9%81%D8%A7%D8%B5%D9%8A%D9%84/%D8%A7%D9%84%D9%85%D9%86%D8%A7%D8%B5%D8%A8-%D8%A7%D9%84%D8%B9%D9%84%D9%8A%D8%A7/6bbca177-c943-4200-991d-4945c7de6c3e
2026-08-07 09:00:55,830 [WARNING] Format de date non reconnu: 30
2026-08-07 09:00:55,831 [INFO]     PDF trouvé: قرار فتح باب الترشيح (score: 35)
2026-08-07 09:00:55,832 [INFO]   [PAS DE DATE] فتح باب الترشيح للمناصب العليا مدير(ة) الشؤون العامة...
2026-08-07 09:00:55,833 [INFO]   Détails: https://www.emploi-public.ma/ar/%D8%AA%D9%81%D8%A7%D8%B5%D9%8A%D9%84/%D8%A7%D9%84%D9%85%D9%86%D8%A7%D8%B5%D8%A8-%D8%A7%D9%84%D8%B9%D9%84%D9%8A%D8%A7/971391f4-c3ed-4054-b39a-d498fdbfba4b
2026-08-07 09:00:56,436 [WARNING] Format de date non reconnu: 30
2026-08-07 09:00:56,437 [INFO]     PDF trouvé: قرار فتح باب الترشيح (score: 35)
2026-08-07 09:00:56,438 [INFO]   [PAS DE DATE] فتح باب الترشيح للمناصب العليا مدير(ة) المعهد الملكي لتكوين ...
2026-08-07 09:00:56,438 [INFO]   Détails: https://www.emploi-public.ma/ar/%D8%AA%D9%81%D8%A7%D8%B5%D9%8A%D9%84/%D8%A7%D9%84%D9%85%D9%86%D8%A7%D8%B5%D8%A8-%D8%A7%D9%84%D8%B9%D9%84%D9%8A%D8%A7/1afa70c8-a02b-457d-98c8-6787ae253f28
2026-08-07 09:00:57,033 [WARNING] Format de date non reconnu: 30
2026-08-07 09:00:57,034 [INFO]     PDF trouvé: قرار فتح باب الترشيح (score: 35)
2026-08-07 09:00:57,035 [INFO]   [PAS DE DATE] فتح باب الترشيح للمناصب العليا مدير مدرسة علوم المعلومات...
2026-08-07 09:00:57,035 [INFO]   Détails: https://www.emploi-public.ma/ar/%D8%AA%D9%81%D8%A7%D8%B5%D9%8A%D9%84/%D8%A7%D9%84%D9%85%D9%86%D8%A7%D8%B5%D8%A8-%D8%A7%D9%84%D8%B9%D9%84%D9%8A%D8%A7/e1c5923d-7307-42c7-90ed-21db5ce34a49
2026-08-07 09:00:57,646 [WARNING] Format de date non reconnu: 30
2026-08-07 09:00:57,647 [INFO]     PDF trouvé: قرار فتح باب الترشيح (score: 35)
2026-08-07 09:00:57,648 [INFO]   [PAS DE DATE] فتح باب الترشيح للمناصب العليا منصب مدير تشريعات البنيات الأ...
2026-08-07 09:00:57,648 [INFO]   Détails: https://www.emploi-public.ma/ar/%D8%AA%D9%81%D8%A7%D8%B5%D9%8A%D9%84/%D8%A7%D9%84%D9%85%D9%86%D8%A7%D8%B5%D8%A8-%D8%A7%D9%84%D8%B9%D9%84%D9%8A%D8%A7/cb431ce3-c104-457a-b464-8ca3b4a5fe55
2026-08-07 09:00:59,363 [WARNING] Format de date non reconnu: 30
2026-08-07 09:00:59,364 [INFO]     PDF trouvé: قرار فتح باب الترشيح (score: 35)
2026-08-07 09:00:59,364 [INFO]   [PAS DE DATE] فتح باب الترشيح للمناصب العليا مدير تشريعات الحكامة والحقوق ...
2026-08-07 09:00:59,365 [INFO]   Détails: https://www.emploi-public.ma/ar/%D8%AA%D9%81%D8%A7%D8%B5%D9%8A%D9%84/%D8%A7%D9%84%D9%85%D9%86%D8%A7%D8%B5%D8%A8-%D8%A7%D9%84%D8%B9%D9%84%D9%8A%D8%A7/83256c4b-36f7-461e-8579-7dbec3b6aae0
2026-08-07 09:00:59,902 [WARNING] Format de date non reconnu: 30
2026-08-07 09:00:59,903 [INFO]     PDF trouvé: قرار فتح باب الترشيح (score: 35)
2026-08-07 09:00:59,904 [INFO]   [PAS DE DATE] فتح باب الترشيح للمناصب العليا عميد كلية الطب والصيدلة بالرب...
2026-08-07 09:00:59,905 [INFO] Page 4/5
2026-08-07 09:00:59,905 [INFO] Scraping page: https://www.emploi-public.ma/ar/قائمة-المناصب-العليا?page=3
2026-08-07 09:01:00,819 [INFO]   → 9 annonces trouvées sur cette page
2026-08-07 09:01:00,820 [INFO]   Détails: https://www.emploi-public.ma/ar/%D8%AA%D9%81%D8%A7%D8%B5%D9%8A%D9%84/%D8%A7%D9%84%D9%85%D9%86%D8%A7%D8%B5%D8%A8-%D8%A7%D9%84%D8%B9%D9%84%D9%8A%D8%A7/e1054489-8a0a-4d64-92ab-55a9dbb52ac5
2026-08-07 09:01:01,406 [WARNING] Format de date non reconnu: 30
2026-08-07 09:01:01,407 [INFO]     PDF trouvé: قرار فتح باب الترشيح (score: 35)
2026-08-07 09:01:01,408 [INFO]   [PAS DE DATE] فتح باب الترشيح للمناصب العليا مدير المدرسة المحمدية للمهندس...
2026-08-07 09:01:01,408 [INFO]   Détails: https://www.emploi-public.ma/ar/%D8%AA%D9%81%D8%A7%D8%B5%D9%8A%D9%84/%D8%A7%D9%84%D9%85%D9%86%D8%A7%D8%B5%D8%A8-%D8%A7%D9%84%D8%B9%D9%84%D9%8A%D8%A7/4276b348-5dae-41c9-b638-6ca89ffaf304
2026-08-07 09:01:02,027 [WARNING] Format de date non reconnu: 30
2026-08-07 09:01:02,028 [INFO]     PDF trouvé: قرار فتح باب الترشيح (score: 35)
2026-08-07 09:01:02,029 [INFO]   [PAS DE DATE] فتح باب الترشيح للمناصب العليا منصب مدير(ة) المركز الجهوي لم...
2026-08-07 09:01:02,029 [INFO]   Détails: https://www.emploi-public.ma/ar/%D8%AA%D9%81%D8%A7%D8%B5%D9%8A%D9%84/%D8%A7%D9%84%D9%85%D9%86%D8%A7%D8%B5%D8%A8-%D8%A7%D9%84%D8%B9%D9%84%D9%8A%D8%A7/0f48ee65-4c13-4056-a870-a38f35f26eee
2026-08-07 09:01:02,927 [WARNING] Format de date non reconnu: 30
2026-08-07 09:01:02,928 [INFO]     PDF trouvé: قرار فتح باب الترشيح (score: 35)
2026-08-07 09:01:02,929 [INFO]   [PAS DE DATE] فتح باب الترشيح للمناصب العليا مدير الانظمة والدراسات التاري...
2026-08-07 09:01:02,929 [INFO]   Détails: https://www.emploi-public.ma/ar/%D8%AA%D9%81%D8%A7%D8%B5%D9%8A%D9%84/%D8%A7%D9%84%D9%85%D9%86%D8%A7%D8%B5%D8%A8-%D8%A7%D9%84%D8%B9%D9%84%D9%8A%D8%A7/17544c4c-7a33-48bd-be97-d4e261c4b1ba
2026-08-07 09:01:03,961 [WARNING] Format de date non reconnu: 30
2026-08-07 09:01:03,962 [INFO]     PDF trouvé: قرار فتح باب الترشيح (score: 35)
2026-08-07 09:01:03,963 [INFO]   [PAS DE DATE] فتح باب الترشيح للمناصب العليا المدير(ة) العام(ة) لتنظيم الح...
2026-08-07 09:01:03,963 [INFO]   Détails: https://www.emploi-public.ma/ar/%D8%AA%D9%81%D8%A7%D8%B5%D9%8A%D9%84/%D8%A7%D9%84%D9%85%D9%86%D8%A7%D8%B5%D8%A8-%D8%A7%D9%84%D8%B9%D9%84%D9%8A%D8%A7/2062be70-06c0-4b02-b143-bb2108a03421
2026-08-07 09:01:04,587 [WARNING] Format de date non reconnu: 30
2026-08-07 09:01:04,588 [INFO]     PDF trouvé: قرار فتح باب الترشيح (score: 35)
2026-08-07 09:01:04,589 [INFO]   [PAS DE DATE] فتح باب الترشيح للمناصب العليا مدير(ة) المركز الوطني للأستاذ...
2026-08-07 09:01:04,590 [INFO]   Détails: https://www.emploi-public.ma/ar/%D8%AA%D9%81%D8%A7%D8%B5%D9%8A%D9%84/%D8%A7%D9%84%D9%85%D9%86%D8%A7%D8%B5%D8%A8-%D8%A7%D9%84%D8%B9%D9%84%D9%8A%D8%A7/5b7e6e30-4777-469d-9fa2-856d4390a35f
2026-08-07 09:01:05,230 [WARNING] Format de date non reconnu: 30
2026-08-07 09:01:05,231 [INFO]     PDF trouvé: قرار فتح باب الترشيح (score: 35)
2026-08-07 09:01:05,232 [INFO]   [PAS DE DATE] فتح باب الترشيح للمناصب العليا مدير الشباب...
2026-08-07 09:01:05,232 [INFO]   Détails: https://www.emploi-public.ma/ar/%D8%AA%D9%81%D8%A7%D8%B5%D9%8A%D9%84/%D8%A7%D9%84%D9%85%D9%86%D8%A7%D8%B5%D8%A8-%D8%A7%D9%84%D8%B9%D9%84%D9%8A%D8%A7/5313b8af-912f-4d82-b328-04c94fbe4562
2026-08-07 09:01:05,893 [WARNING] Format de date non reconnu: 30
2026-08-07 09:01:05,894 [INFO]     PDF trouvé: قرار فتح باب الترشيح (score: 35)
2026-08-07 09:01:05,895 [INFO]   [PAS DE DATE] فتح باب الترشيح للمناصب العليا مدير (ة) التعاون والشراكة...
2026-08-07 09:01:05,895 [INFO]   Détails: https://www.emploi-public.ma/ar/%D8%AA%D9%81%D8%A7%D8%B5%D9%8A%D9%84/%D8%A7%D9%84%D9%85%D9%86%D8%A7%D8%B5%D8%A8-%D8%A7%D9%84%D8%B9%D9%84%D9%8A%D8%A7/52349e85-618a-444c-94ae-a269dcb8ede6
2026-08-07 09:01:06,484 [WARNING] Format de date non reconnu: 30
2026-08-07 09:01:06,485 [INFO]     PDF trouvé: قرار فتح باب الترشيح (score: 35)
2026-08-07 09:01:06,486 [INFO]   [PAS DE DATE] فتح باب الترشيح للمناصب العليا مدير (ة) الموارد البشرية...
2026-08-07 09:01:06,486 [INFO]   Détails: https://www.emploi-public.ma/ar/%D8%AA%D9%81%D8%A7%D8%B5%D9%8A%D9%84/%D8%A7%D9%84%D9%85%D9%86%D8%A7%D8%B5%D8%A8-%D8%A7%D9%84%D8%B9%D9%84%D9%8A%D8%A7/b993993a-7a9f-4f82-a95d-4c705192b5c5
2026-08-07 09:01:07,267 [WARNING] Format de date non reconnu: 30
2026-08-07 09:01:07,268 [INFO]     PDF trouvé: قرار فتح باب الترشيح (score: 35)
2026-08-07 09:01:07,269 [INFO]   [PAS DE DATE] فتح باب الترشيح للمناصب العليا مدير(ة) الأكاديمية الجهوية لل...
2026-08-07 09:01:07,269 [INFO] Page 5/5
2026-08-07 09:01:07,269 [INFO] Scraping page: https://www.emploi-public.ma/ar/قائمة-المناصب-العليا?page=4
2026-08-07 09:01:08,306 [INFO]   → 9 annonces trouvées sur cette page
2026-08-07 09:01:08,307 [INFO]   Détails: https://www.emploi-public.ma/ar/%D8%AA%D9%81%D8%A7%D8%B5%D9%8A%D9%84/%D8%A7%D9%84%D9%85%D9%86%D8%A7%D8%B5%D8%A8-%D8%A7%D9%84%D8%B9%D9%84%D9%8A%D8%A7/a8514544-73e5-48b0-bc95-4e3782a246c4
2026-08-07 09:01:11,179 [WARNING] Format de date non reconnu: 30
2026-08-07 09:01:11,180 [INFO]     PDF trouvé: قرار فتح باب الترشيح (score: 35)
2026-08-07 09:01:11,181 [INFO]   [PAS DE DATE] فتح باب الترشيح للمناصب العليا مدير المكتب الجهوي للاستثمار ...
2026-08-07 09:01:11,181 [INFO]   Détails: https://www.emploi-public.ma/ar/%D8%AA%D9%81%D8%A7%D8%B5%D9%8A%D9%84/%D8%A7%D9%84%D9%85%D9%86%D8%A7%D8%B5%D8%A8-%D8%A7%D9%84%D8%B9%D9%84%D9%8A%D8%A7/34737011-4b34-4d27-a8e4-f96374ce7e3b
2026-08-07 09:01:13,437 [WARNING] Format de date non reconnu: 30
2026-08-07 09:01:13,438 [INFO]     PDF trouvé: قرار فتح باب الترشيح (score: 35)
2026-08-07 09:01:13,439 [INFO]   [PAS DE DATE] فتح باب الترشيح للمناصب العليا مدير المركز الجهوي للإستثمار ...
2026-08-07 09:01:13,439 [INFO]   Détails: https://www.emploi-public.ma/ar/%D8%AA%D9%81%D8%A7%D8%B5%D9%8A%D9%84/%D8%A7%D9%84%D9%85%D9%86%D8%A7%D8%B5%D8%A8-%D8%A7%D9%84%D8%B9%D9%84%D9%8A%D8%A7/3848b51d-1643-4c8a-9d0a-0001f3ec1eb6
2026-08-07 09:01:14,039 [WARNING] Format de date non reconnu: 30
2026-08-07 09:01:14,041 [INFO]     PDF trouvé: قرار فتح باب الترشيح (score: 35)
2026-08-07 09:01:14,042 [INFO]   [PAS DE DATE] فتح باب الترشيح للمناصب العليا مدير الإحصائيات والدراسات وال...
2026-08-07 09:01:14,042 [INFO]   Détails: https://www.emploi-public.ma/ar/%D8%AA%D9%81%D8%A7%D8%B5%D9%8A%D9%84/%D8%A7%D9%84%D9%85%D9%86%D8%A7%D8%B5%D8%A8-%D8%A7%D9%84%D8%B9%D9%84%D9%8A%D8%A7/f762f1b5-8e54-4277-9ceb-b77512a40379
2026-08-07 09:01:14,641 [WARNING] Format de date non reconnu: 30
2026-08-07 09:01:14,642 [INFO]     PDF trouvé: قرار فتح باب الترشيح (score: 35)
2026-08-07 09:01:14,643 [INFO]   [PAS DE DATE] فتح باب الترشيح للمناصب العليا مدير المعهد الوطني العالي للم...
2026-08-07 09:01:14,644 [INFO]   Détails: https://www.emploi-public.ma/ar/%D8%AA%D9%81%D8%A7%D8%B5%D9%8A%D9%84/%D8%A7%D9%84%D9%85%D9%86%D8%A7%D8%B5%D8%A8-%D8%A7%D9%84%D8%B9%D9%84%D9%8A%D8%A7/f398a7c1-f047-4cb7-95a2-e63106086337
2026-08-07 09:01:15,945 [WARNING] Format de date non reconnu: 30
2026-08-07 09:01:15,946 [INFO]     PDF trouvé: قرار فتح باب الترشيح (score: 35)
2026-08-07 09:01:15,947 [INFO]   [PAS DE DATE] فتح باب الترشيح للمناصب العليا مدير (ة) التعليم العالي والتن...
2026-08-07 09:01:15,947 [INFO]   Détails: https://www.emploi-public.ma/ar/%D8%AA%D9%81%D8%A7%D8%B5%D9%8A%D9%84/%D8%A7%D9%84%D9%85%D9%86%D8%A7%D8%B5%D8%A8-%D8%A7%D9%84%D8%B9%D9%84%D9%8A%D8%A7/b93e0027-1954-4712-8bb1-c6c3715e916c
2026-08-07 09:01:18,941 [INFO]     PDF trouvé: قرار فتح باب الترشيح (score: 35)
2026-08-07 09:01:18,942 [INFO]   [EXPIRÉE] فتح باب الترشيح للمناصب العليا مدير وكالة الحوض المائي لسوس ... → 2026-05-14
2026-08-07 09:01:18,943 [INFO]   Détails: https://www.emploi-public.ma/ar/%D8%AA%D9%81%D8%A7%D8%B5%D9%8A%D9%84/%D8%A7%D9%84%D9%85%D9%86%D8%A7%D8%B5%D8%A8-%D8%A7%D9%84%D8%B9%D9%84%D9%8A%D8%A7/50a4fceb-7a2a-4dfc-9d54-27d5969d8c20
2026-08-07 09:01:19,575 [WARNING] Format de date non reconnu: 30
2026-08-07 09:01:19,576 [INFO]     PDF trouvé: قرار فتح باب الترشيح (score: 35)
2026-08-07 09:01:19,577 [INFO]   [PAS DE DATE] فتح باب الترشيح للمناصب العليا مدير العلاقات مع المجتمع المد...
2026-08-07 09:01:19,577 [INFO]   Détails: https://www.emploi-public.ma/ar/%D8%AA%D9%81%D8%A7%D8%B5%D9%8A%D9%84/%D8%A7%D9%84%D9%85%D9%86%D8%A7%D8%B5%D8%A8-%D8%A7%D9%84%D8%B9%D9%84%D9%8A%D8%A7/79e56e61-79b1-4b12-b93a-174e15b76e74
2026-08-07 09:01:20,166 [WARNING] Format de date non reconnu: 30
2026-08-07 09:01:20,167 [INFO]     PDF trouvé: قرار فتح باب الترشيح (score: 35)
2026-08-07 09:01:20,168 [INFO]   [PAS DE DATE] فتح باب الترشيح للمناصب العليا مدير المعهد العالي الدولي للس...
2026-08-07 09:01:20,168 [INFO]   Détails: https://www.emploi-public.ma/ar/%D8%AA%D9%81%D8%A7%D8%B5%D9%8A%D9%84/%D8%A7%D9%84%D9%85%D9%86%D8%A7%D8%B5%D8%A8-%D8%A7%D9%84%D8%B9%D9%84%D9%8A%D8%A7/cd433a5b-75fc-4eb0-b5d7-0a520ca6c2ab
2026-08-07 09:01:20,780 [WARNING] Format de date non reconnu: 30
2026-08-07 09:01:20,782 [INFO]     PDF trouvé: قرار فتح باب الترشيح (score: 35)
2026-08-07 09:01:20,782 [INFO]   [PAS DE DATE] فتح باب الترشيح للمناصب العليا كاتب عام لوزارة إصلاح الإدارة...
2026-08-07 09:01:20,783 [INFO] 
--- Catégorie: المباريات ---
2026-08-07 09:01:20,783 [INFO] Page 1/5
2026-08-07 09:01:20,783 [INFO] Scraping page: https://www.emploi-public.ma/ar/قائمة-المباريات
2026-08-07 09:01:21,718 [INFO]   → 9 annonces trouvées sur cette page
2026-08-07 09:01:21,719 [INFO]   Détails: https://www.emploi-public.ma/ar/%D8%AA%D9%81%D8%A7%D8%B5%D9%8A%D9%84/%D8%A7%D9%84%D9%85%D8%A8%D8%A7%D8%B1%D9%8A%D8%A7%D8%AA/567a5bc9-61a3-486f-be9d-21a3919bdcca
2026-08-07 09:01:22,308 [INFO]     PDF trouvé: قرار فتح المباراة (score: 25)
2026-08-07 09:01:22,309 [INFO]   [EN COURS] مباراة لتوظيف تقني من الدرجة الثالثة - سلم 9... → 2026-08-19
2026-08-07 09:01:22,309 [INFO]   Détails: https://www.emploi-public.ma/ar/%D8%AA%D9%81%D8%A7%D8%B5%D9%8A%D9%84/%D8%A7%D9%84%D9%85%D8%A8%D8%A7%D8%B1%D9%8A%D8%A7%D8%AA/8cce8ed8-8973-49f6-ae36-f75aef0d9d96
2026-08-07 09:01:23,354 [INFO]     PDF trouvé: قرار فتح المباراة (score: 25)
2026-08-07 09:01:23,355 [INFO]   [EN COURS] مباراة لتوظيف أستاذ محاضر من الدرجة أ - سلم 11... → 2026-08-19
2026-08-07 09:01:23,355 [INFO]   Détails: https://www.emploi-public.ma/ar/%D8%AA%D9%81%D8%A7%D8%B5%D9%8A%D9%84/%D8%A7%D9%84%D9%85%D8%A8%D8%A7%D8%B1%D9%8A%D8%A7%D8%AA/72ed0218-c625-44ef-ad36-0ddf1450d8b7
2026-08-07 09:01:25,050 [INFO]     PDF trouvé: قرار فتح المباراة (score: 25)
2026-08-07 09:01:25,051 [INFO]   [EN COURS] مباراة لتوظيف مهندس دولة من الدرجة الأولى - سلم 11... → 2026-08-18
2026-08-07 09:01:25,051 [INFO]   Détails: https://www.emploi-public.ma/ar/%D8%AA%D9%81%D8%A7%D8%B5%D9%8A%D9%84/%D8%A7%D9%84%D9%85%D8%A8%D8%A7%D8%B1%D9%8A%D8%A7%D8%AA/1d56279d-bec7-4467-906d-4003286e1a05
2026-08-07 09:01:25,737 [INFO]     PDF trouvé: قرار فتح المباراة (score: 25)
2026-08-07 09:01:25,738 [INFO]   [EN COURS] مباراة لتوظيف مهندس معماري من الدرجة الأولى - سلم 11... → 2026-08-13
2026-08-07 09:01:25,738 [INFO]   Détails: https://www.emploi-public.ma/ar/%D8%AA%D9%81%D8%A7%D8%B5%D9%8A%D9%84/%D8%A7%D9%84%D9%85%D8%A8%D8%A7%D8%B1%D9%8A%D8%A7%D8%AA/1874ae4c-94d6-4af0-9575-a39ede5189ff
2026-08-07 09:01:26,468 [INFO]     PDF trouvé: قرار فتح المباراة (score: 25)
2026-08-07 09:01:26,469 [INFO]   [EN COURS] مباراة لتوظيف متصرف من الدرجة الثانية - سلم 11... → 2026-08-31
2026-08-07 09:01:26,469 [INFO]   Détails: https://www.emploi-public.ma/ar/%D8%AA%D9%81%D8%A7%D8%B5%D9%8A%D9%84/%D8%A7%D9%84%D9%85%D8%A8%D8%A7%D8%B1%D9%8A%D8%A7%D8%AA/72d7f4f3-b81d-4f01-b750-c84c9fdb3db1
2026-08-07 09:01:27,056 [INFO]     PDF trouvé: قرار فتح المباراة (score: 25)
2026-08-07 09:01:27,057 [INFO]   [EN COURS] مباراة لتوظيف متصرف من الدرجة الثانية - سلم 11... → 2026-08-31
2026-08-07 09:01:27,057 [INFO]   Détails: https://www.emploi-public.ma/ar/%D8%AA%D9%81%D8%A7%D8%B5%D9%8A%D9%84/%D8%A7%D9%84%D9%85%D8%A8%D8%A7%D8%B1%D9%8A%D8%A7%D8%AA/74fa6128-711a-40b7-b71b-5b4388a2d9d4
2026-08-07 09:01:27,703 [INFO]     PDF trouvé: قرار فتح المباراة (score: 25)
2026-08-07 09:01:27,704 [INFO]   [EN COURS] مباراة لتوظيف مساعد تقني من الدرجة الثانية... → 2026-08-10
2026-08-07 09:01:27,704 [INFO]   Détails: https://www.emploi-public.ma/ar/%D8%AA%D9%81%D8%A7%D8%B5%D9%8A%D9%84/%D8%A7%D9%84%D9%85%D8%A8%D8%A7%D8%B1%D9%8A%D8%A7%D8%AA/3d99718c-9c89-43ed-92b5-ec76b2c038b3
2026-08-07 09:01:28,331 [INFO]     PDF trouvé: قرار فتح المباراة (score: 25)
2026-08-07 09:01:28,332 [INFO]   [EN COURS] مباراة لتوظيف تقني من الدرجة الرابعة - سلم 8... → 2026-08-10
2026-08-07 09:01:28,332 [INFO]   Détails: https://www.emploi-public.ma/ar/%D8%AA%D9%81%D8%A7%D8%B5%D9%8A%D9%84/%D8%A7%D9%84%D9%85%D8%A8%D8%A7%D8%B1%D9%8A%D8%A7%D8%AA/4e64e78f-621d-4e95-a829-a8b22986502a
2026-08-07 09:01:29,139 [INFO]     PDF trouvé: قرار فتح المباراة (score: 25)
2026-08-07 09:01:29,140 [INFO]   [EN COURS] مباراة لتوظيف تقني من الدرجة الثالثة - سلم 9... → 2026-08-10
2026-08-07 09:01:29,140 [INFO] Page 2/5
2026-08-07 09:01:29,140 [INFO] Scraping page: https://www.emploi-public.ma/ar/قائمة-المباريات?page=1
2026-08-07 09:01:32,238 [INFO]   → 9 annonces trouvées sur cette page
2026-08-07 09:01:32,239 [INFO]   Détails: https://www.emploi-public.ma/ar/%D8%AA%D9%81%D8%A7%D8%B5%D9%8A%D9%84/%D8%A7%D9%84%D9%85%D8%A8%D8%A7%D8%B1%D9%8A%D8%A7%D8%AA/567a5bc9-61a3-486f-be9d-21a3919bdcca
2026-08-07 09:01:32,855 [INFO]     PDF trouvé: قرار فتح المباراة (score: 25)
2026-08-07 09:01:32,857 [INFO]   [EN COURS] مباراة لتوظيف تقني من الدرجة الثالثة - سلم 9... → 2026-08-19
2026-08-07 09:01:32,857 [INFO]   Détails: https://www.emploi-public.ma/ar/%D8%AA%D9%81%D8%A7%D8%B5%D9%8A%D9%84/%D8%A7%D9%84%D9%85%D8%A8%D8%A7%D8%B1%D9%8A%D8%A7%D8%AA/8cce8ed8-8973-49f6-ae36-f75aef0d9d96
2026-08-07 09:01:33,640 [INFO]     PDF trouvé: قرار فتح المباراة (score: 25)
2026-08-07 09:01:33,641 [INFO]   [EN COURS] مباراة لتوظيف أستاذ محاضر من الدرجة أ - سلم 11... → 2026-08-19
2026-08-07 09:01:33,641 [INFO]   Détails: https://www.emploi-public.ma/ar/%D8%AA%D9%81%D8%A7%D8%B5%D9%8A%D9%84/%D8%A7%D9%84%D9%85%D8%A8%D8%A7%D8%B1%D9%8A%D8%A7%D8%AA/72ed0218-c625-44ef-ad36-0ddf1450d8b7
2026-08-07 09:01:34,932 [INFO]     PDF trouvé: قرار فتح المباراة (score: 25)
2026-08-07 09:01:34,933 [INFO]   [EN COURS] مباراة لتوظيف مهندس دولة من الدرجة الأولى - سلم 11... → 2026-08-18
2026-08-07 09:01:34,933 [INFO]   Détails: https://www.emploi-public.ma/ar/%D8%AA%D9%81%D8%A7%D8%B5%D9%8A%D9%84/%D8%A7%D9%84%D9%85%D8%A8%D8%A7%D8%B1%D9%8A%D8%A7%D8%AA/1d56279d-bec7-4467-906d-4003286e1a05
2026-08-07 09:01:35,643 [INFO]     PDF trouvé: قرار فتح المباراة (score: 25)
2026-08-07 09:01:35,645 [INFO]   [EN COURS] مباراة لتوظيف مهندس معماري من الدرجة الأولى - سلم 11... → 2026-08-13
2026-08-07 09:01:35,645 [INFO]   Détails: https://www.emploi-public.ma/ar/%D8%AA%D9%81%D8%A7%D8%B5%D9%8A%D9%84/%D8%A7%D9%84%D9%85%D8%A8%D8%A7%D8%B1%D9%8A%D8%A7%D8%AA/1874ae4c-94d6-4af0-9575-a39ede5189ff
2026-08-07 09:01:36,683 [INFO]     PDF trouvé: قرار فتح المباراة (score: 25)
2026-08-07 09:01:36,684 [INFO]   [EN COURS] مباراة لتوظيف متصرف من الدرجة الثانية - سلم 11... → 2026-08-31
2026-08-07 09:01:36,684 [INFO]   Détails: https://www.emploi-public.ma/ar/%D8%AA%D9%81%D8%A7%D8%B5%D9%8A%D9%84/%D8%A7%D9%84%D9%85%D8%A8%D8%A7%D8%B1%D9%8A%D8%A7%D8%AA/72d7f4f3-b81d-4f01-b750-c84c9fdb3db1
2026-08-07 09:01:37,387 [INFO]     PDF trouvé: قرار فتح المباراة (score: 25)
2026-08-07 09:01:37,388 [INFO]   [EN COURS] مباراة لتوظيف متصرف من الدرجة الثانية - سلم 11... → 2026-08-31
2026-08-07 09:01:37,388 [INFO]   Détails: https://www.emploi-public.ma/ar/%D8%AA%D9%81%D8%A7%D8%B5%D9%8A%D9%84/%D8%A7%D9%84%D9%85%D8%A8%D8%A7%D8%B1%D9%8A%D8%A7%D8%AA/74fa6128-711a-40b7-b71b-5b4388a2d9d4
2026-08-07 09:01:38,001 [INFO]     PDF trouvé: قرار فتح المباراة (score: 25)
2026-08-07 09:01:38,002 [INFO]   [EN COURS] مباراة لتوظيف مساعد تقني من الدرجة الثانية... → 2026-08-10
2026-08-07 09:01:38,002 [INFO]   Détails: https://www.emploi-public.ma/ar/%D8%AA%D9%81%D8%A7%D8%B5%D9%8A%D9%84/%D8%A7%D9%84%D9%85%D8%A8%D8%A7%D8%B1%D9%8A%D8%A7%D8%AA/3d99718c-9c89-43ed-92b5-ec76b2c038b3
2026-08-07 09:01:38,662 [INFO]     PDF trouvé: قرار فتح المباراة (score: 25)
2026-08-07 09:01:38,663 [INFO]   [EN COURS] مباراة لتوظيف تقني من الدرجة الرابعة - سلم 8... → 2026-08-10
2026-08-07 09:01:38,663 [INFO]   Détails: https://www.emploi-public.ma/ar/%D8%AA%D9%81%D8%A7%D8%B5%D9%8A%D9%84/%D8%A7%D9%84%D9%85%D8%A8%D8%A7%D8%B1%D9%8A%D8%A7%D8%AA/4e64e78f-621d-4e95-a829-a8b22986502a
2026-08-07 09:01:39,637 [INFO]     PDF trouvé: قرار فتح المباراة (score: 25)
2026-08-07 09:01:39,638 [INFO]   [EN COURS] مباراة لتوظيف تقني من الدرجة الثالثة - سلم 9... → 2026-08-10
2026-08-07 09:01:39,639 [INFO] Page 3/5
2026-08-07 09:01:39,639 [INFO] Scraping page: https://www.emploi-public.ma/ar/قائمة-المباريات?page=2
2026-08-07 09:01:40,619 [INFO]   → 9 annonces trouvées sur cette page
2026-08-07 09:01:40,620 [INFO]   Détails: https://www.emploi-public.ma/ar/%D8%AA%D9%81%D8%A7%D8%B5%D9%8A%D9%84/%D8%A7%D9%84%D9%85%D8%A8%D8%A7%D8%B1%D9%8A%D8%A7%D8%AA/bacf792b-04bc-4a4b-a73b-cc69eab17a49
2026-08-07 09:01:41,262 [INFO]     PDF trouvé: قرار فتح المباراة (score: 25)
2026-08-07 09:01:41,264 [INFO]   [EN COURS] مباراة لتوظيف مهندس دولة من الدرجة الأولى - سلم 11... → 2026-08-10
2026-08-07 09:01:41,264 [INFO]   Détails: https://www.emploi-public.ma/ar/%D8%AA%D9%81%D8%A7%D8%B5%D9%8A%D9%84/%D8%A7%D9%84%D9%85%D8%A8%D8%A7%D8%B1%D9%8A%D8%A7%D8%AA/3d6e4275-fe42-4fa4-b135-22595857f77b
2026-08-07 09:01:41,858 [INFO]     PDF trouvé: قرار فتح المباراة (score: 25)
2026-08-07 09:01:41,860 [INFO]   [EN COURS] مباراة لتوظيف كاتب الشؤون الخارجية - سلم 10... → 2026-08-10
2026-08-07 09:01:41,860 [INFO]   Détails: https://www.emploi-public.ma/ar/%D8%AA%D9%81%D8%A7%D8%B5%D9%8A%D9%84/%D8%A7%D9%84%D9%85%D8%A8%D8%A7%D8%B1%D9%8A%D8%A7%D8%AA/f8fd2d0d-5d98-42d7-8229-9924acf1c303
2026-08-07 09:01:44,570 [INFO]     PDF trouvé: قرار فتح المباراة (score: 25)
2026-08-07 09:01:44,571 [INFO]   [EN COURS] مباراة لتوظيف مستشار الشؤون الخارجية - سلم 11... → 2026-08-10
2026-08-07 09:01:44,571 [INFO]   Détails: https://www.emploi-public.ma/ar/%D8%AA%D9%81%D8%A7%D8%B5%D9%8A%D9%84/%D8%A7%D9%84%D9%85%D8%A8%D8%A7%D8%B1%D9%8A%D8%A7%D8%AA/0d14767d-7b8a-4282-b397-96709c297e37
2026-08-07 09:01:48,072 [INFO]     PDF trouvé: قرار فتح المباراة (score: 25)
2026-08-07 09:01:48,074 [INFO]   [EN COURS] مباراة لتوظيف مفتش الجمارك من الدرجة الثانية... → 2026-08-10
2026-08-07 09:01:48,074 [INFO]   Détails: https://www.emploi-public.ma/ar/%D8%AA%D9%81%D8%A7%D8%B5%D9%8A%D9%84/%D8%A7%D9%84%D9%85%D8%A8%D8%A7%D8%B1%D9%8A%D8%A7%D8%AA/ab562af5-0ec1-4fe8-99a3-48cd82b59676
2026-08-07 09:01:49,187 [INFO]     PDF trouvé: قرار فتح المباراة (score: 25)
2026-08-07 09:01:49,188 [INFO]   [EN COURS] مباراة لتوظيف مهندس الدولة للجمارك من الدرجة الأولى... → 2026-08-10
2026-08-07 09:01:49,189 [INFO]   Détails: https://www.emploi-public.ma/ar/%D8%AA%D9%81%D8%A7%D8%B5%D9%8A%D9%84/%D8%A7%D9%84%D9%85%D8%A8%D8%A7%D8%B1%D9%8A%D8%A7%D8%AA/e9c0bb85-e735-4886-acf1-b3309ba4a205
2026-08-07 09:01:49,900 [INFO]     PDF trouvé: قرار فتح المباراة (score: 25)
2026-08-07 09:01:49,901 [INFO]   [EN COURS] مباراة لتوظيف مهندس دولة من الدرجة الأولى - سلم 11... → 2026-08-10
2026-08-07 09:01:49,902 [INFO]   Détails: https://www.emploi-public.ma/ar/%D8%AA%D9%81%D8%A7%D8%B5%D9%8A%D9%84/%D8%A7%D9%84%D9%85%D8%A8%D8%A7%D8%B1%D9%8A%D8%A7%D8%AA/d91438ac-a7df-48aa-a29d-ea568c52b32e
2026-08-07 09:01:50,688 [INFO]     PDF trouvé: قرار فتح المباراة (score: 25)
2026-08-07 09:01:50,689 [INFO]   [EN COURS] مباراة لتوظيف تقني من الدرجة الثالثة - سلم 9... → 2026-08-07
2026-08-07 09:01:50,690 [INFO]   Détails: https://www.emploi-public.ma/ar/%D8%AA%D9%81%D8%A7%D8%B5%D9%8A%D9%84/%D8%A7%D9%84%D9%85%D8%A8%D8%A7%D8%B1%D9%8A%D8%A7%D8%AA/6aa579ad-7abb-44f1-b036-56e9fbafced8
2026-08-07 09:01:52,355 [INFO]     PDF trouvé: قرار فتح المباراة (score: 25)
2026-08-07 09:01:52,356 [INFO]   [EN COURS] مباراة لتوظيف متصرف من الدرجة الثانية - سلم 11... → 2026-08-07
2026-08-07 09:01:52,357 [INFO]   Détails: https://www.emploi-public.ma/ar/%D8%AA%D9%81%D8%A7%D8%B5%D9%8A%D9%84/%D8%A7%D9%84%D9%85%D8%A8%D8%A7%D8%B1%D9%8A%D8%A7%D8%AA/c27ac1df-953a-4b58-a2e2-e273271f18b1
2026-08-07 09:01:53,032 [INFO]     PDF trouvé: قرار فتح المباراة (score: 25)
2026-08-07 09:01:53,033 [INFO]   [EXPIRÉE] لائحة المدعوين لإجراء الاختبار الكتابي لمباراة توظيف مساعد ت... → 2026-08-05
2026-08-07 09:01:53,033 [INFO] Page 4/5
2026-08-07 09:01:53,033 [INFO] Scraping page: https://www.emploi-public.ma/ar/قائمة-المباريات?page=3
2026-08-07 09:01:53,935 [INFO]   → 9 annonces trouvées sur cette page
2026-08-07 09:01:53,936 [INFO]   Détails: https://www.emploi-public.ma/ar/%D8%AA%D9%81%D8%A7%D8%B5%D9%8A%D9%84/%D8%A7%D9%84%D9%85%D8%A8%D8%A7%D8%B1%D9%8A%D8%A7%D8%AA/7faff0fb-2922-485a-853e-20b4d81cbc7a
2026-08-07 09:01:56,459 [INFO]     PDF trouvé: قرار فتح المباراة (score: 25)
2026-08-07 09:01:56,460 [INFO]   [EXPIRÉE] مباراة لتوظيف أستاذ محاضر من الدرجة أ - سلم 11... → 2026-08-03
2026-08-07 09:01:56,461 [INFO]   Détails: https://www.emploi-public.ma/ar/%D8%AA%D9%81%D8%A7%D8%B5%D9%8A%D9%84/%D8%A7%D9%84%D9%85%D8%A8%D8%A7%D8%B1%D9%8A%D8%A7%D8%AA/2c15e888-7029-4082-9334-eef194ee5586
2026-08-07 09:01:57,247 [INFO]     PDF trouvé: قرار فتح المباراة (score: 25)
2026-08-07 09:01:57,248 [INFO]   [EXPIRÉE] مباراة لتوظيف متصرف من الدرجة الثانية - سلم 11... → 2026-08-03
2026-08-07 09:01:57,248 [INFO]   Détails: https://www.emploi-public.ma/ar/%D8%AA%D9%81%D8%A7%D8%B5%D9%8A%D9%84/%D8%A7%D9%84%D9%85%D8%A8%D8%A7%D8%B1%D9%8A%D8%A7%D8%AA/d543668b-c808-4ac0-933b-4301237f9f67
2026-08-07 09:01:59,386 [INFO]     PDF trouvé: قرار فتح المباراة (score: 25)
2026-08-07 09:01:59,387 [INFO]   [EXPIRÉE] مباراة لتوظيف متصرف من الدرجة الثالثة - سلم 10... → 2026-07-31
2026-08-07 09:01:59,387 [INFO]   Détails: https://www.emploi-public.ma/ar/%D8%AA%D9%81%D8%A7%D8%B5%D9%8A%D9%84/%D8%A7%D9%84%D9%85%D8%A8%D8%A7%D8%B1%D9%8A%D8%A7%D8%AA/78699344-c4d1-4204-ad40-9749cc0563aa
2026-08-07 09:02:00,122 [INFO]     PDF trouvé: قرار فتح المباراة (score: 25)
2026-08-07 09:02:00,123 [INFO]   [EXPIRÉE] لائحة المدعوين لإجراء الاختبار الكتابي لمباراة توظيف طبيب من... → 2026-07-23
2026-08-07 09:02:00,123 [INFO]   Détails: https://www.emploi-public.ma/ar/%D8%AA%D9%81%D8%A7%D8%B5%D9%8A%D9%84/%D8%A7%D9%84%D9%85%D8%A8%D8%A7%D8%B1%D9%8A%D8%A7%D8%AA/b62a7d1c-c399-48cd-ab9f-adca105db22f
2026-08-07 09:02:00,860 [INFO]     PDF trouvé: قرار فتح المباراة (score: 25)
2026-08-07 09:02:00,861 [INFO]   [EXPIRÉE] لائحة المدعوين لإجراء الاختبار الكتابي لمباراة توظيف أستاذ م... → 2026-07-21
2026-08-07 09:02:00,861 [INFO]   Détails: https://www.emploi-public.ma/ar/%D8%AA%D9%81%D8%A7%D8%B5%D9%8A%D9%84/%D8%A7%D9%84%D9%85%D8%A8%D8%A7%D8%B1%D9%8A%D8%A7%D8%AA/dc6005fa-8f1f-418f-baed-64e9caca12f6
2026-08-07 09:02:01,818 [INFO]     PDF trouvé: قرار فتح المباراة (score: 25)
2026-08-07 09:02:01,819 [INFO]   [EXPIRÉE] لائحة المدعوين لإجراء الاختبار الكتابي لمباراة توظيف تقني من... → 2026-07-21
2026-08-07 09:02:01,819 [INFO]   Détails: https://www.emploi-public.ma/ar/%D8%AA%D9%81%D8%A7%D8%B5%D9%8A%D9%84/%D8%A7%D9%84%D9%85%D8%A8%D8%A7%D8%B1%D9%8A%D8%A7%D8%AA/7d4f66b4-2f8c-4dbf-94ea-99d5943a7378
2026-08-07 09:02:02,691 [INFO]     PDF trouvé: قرار فتح المباراة (score: 25)
2026-08-07 09:02:02,692 [INFO]   [EXPIRÉE] لائحة المدعوين لإجراء الاختبار الكتابي لمباراة توظيف متصرف م... → 2026-07-21
2026-08-07 09:02:02,693 [INFO]   Détails: https://www.emploi-public.ma/ar/%D8%AA%D9%81%D8%A7%D8%B5%D9%8A%D9%84/%D8%A7%D9%84%D9%85%D8%A8%D8%A7%D8%B1%D9%8A%D8%A7%D8%AA/e372c384-b595-401d-bfa7-77c67af01fbe
2026-08-07 09:02:03,616 [INFO]     PDF trouvé: قرار فتح المباراة (score: 25)
2026-08-07 09:02:03,617 [INFO]   [EXPIRÉE] لائحة المدعوين لإجراء الاختبار الكتابي لمباراة توظيف متصرف م... → 2026-07-21
2026-08-07 09:02:03,617 [INFO]   Détails: https://www.emploi-public.ma/ar/%D8%AA%D9%81%D8%A7%D8%B5%D9%8A%D9%84/%D8%A7%D9%84%D9%85%D8%A8%D8%A7%D8%B1%D9%8A%D8%A7%D8%AA/606d3ff2-2e7a-4174-9d74-713c58402b8a
2026-08-07 09:02:04,309 [INFO]     PDF trouvé: قرار فتح المباراة (score: 25)
2026-08-07 09:02:04,310 [INFO]   [EXPIRÉE] لائحة الناجحين في مباراة التوظيف طبيب من الدرجة الأولى - سلم... → 2026-07-21
2026-08-07 09:02:04,310 [INFO] Page 5/5
2026-08-07 09:02:04,310 [INFO] Scraping page: https://www.emploi-public.ma/ar/قائمة-المباريات?page=4
2026-08-07 09:02:05,774 [INFO]   → 9 annonces trouvées sur cette page
2026-08-07 09:02:05,775 [INFO]   Détails: https://www.emploi-public.ma/ar/%D8%AA%D9%81%D8%A7%D8%B5%D9%8A%D9%84/%D8%A7%D9%84%D9%85%D8%A8%D8%A7%D8%B1%D9%8A%D8%A7%D8%AA/9740d64c-8b1b-47b8-abe8-00b3575d4aa9
2026-08-07 09:02:06,521 [INFO]     PDF trouvé: قرار فتح المباراة (score: 25)
2026-08-07 09:02:06,522 [INFO]   [EXPIRÉE] لائحة المدعوين لإجراء الاختبار الكتابي لمباراة توظيف مهندس د... → 2026-07-20
2026-08-07 09:02:06,522 [INFO]   Détails: https://www.emploi-public.ma/ar/%D8%AA%D9%81%D8%A7%D8%B5%D9%8A%D9%84/%D8%A7%D9%84%D9%85%D8%A8%D8%A7%D8%B1%D9%8A%D8%A7%D8%AA/b89b6b38-795f-49af-9d00-910305760e85
2026-08-07 09:02:07,229 [INFO]     PDF trouvé: قرار فتح المباراة (score: 25)
2026-08-07 09:02:07,230 [INFO]   [EXPIRÉE] لائحة المدعوين لإجراء الاختبار الكتابي لمباراة توظيف متصرف م... → 2026-07-20
2026-08-07 09:02:07,230 [INFO]   Détails: https://www.emploi-public.ma/ar/%D8%AA%D9%81%D8%A7%D8%B5%D9%8A%D9%84/%D8%A7%D9%84%D9%85%D8%A8%D8%A7%D8%B1%D9%8A%D8%A7%D8%AA/f33919ef-c4a4-41c0-9927-744882ec1140
2026-08-07 09:02:07,910 [INFO]     PDF trouvé: قرار فتح المباراة (score: 25)
2026-08-07 09:02:07,911 [INFO]   [EXPIRÉE] لائحة المدعوين لإجراء الاختبار الكتابي لمباراة توظيف تقني من... → 2026-07-20
2026-08-07 09:02:07,911 [INFO]   Détails: https://www.emploi-public.ma/ar/%D8%AA%D9%81%D8%A7%D8%B5%D9%8A%D9%84/%D8%A7%D9%84%D9%85%D8%A8%D8%A7%D8%B1%D9%8A%D8%A7%D8%AA/00afdf47-67cd-4c3b-910d-295480956c45
2026-08-07 09:02:08,521 [INFO]     PDF trouvé: قرار فتح المباراة (score: 25)
2026-08-07 09:02:08,521 [INFO]   [EXPIRÉE] لائحة المدعوين لإجراء الاختبار الكتابي لمباراة توظيف متصرف م... → 2026-07-20
2026-08-07 09:02:08,522 [INFO]   Détails: https://www.emploi-public.ma/ar/%D8%AA%D9%81%D8%A7%D8%B5%D9%8A%D9%84/%D8%A7%D9%84%D9%85%D8%A8%D8%A7%D8%B1%D9%8A%D8%A7%D8%AA/0c6baf5e-be9d-4ef5-a8f7-b9044cf640d5
2026-08-07 09:02:10,610 [INFO]     PDF trouvé: قرار فتح المباراة (score: 25)
2026-08-07 09:02:10,611 [INFO]   [EXPIRÉE] لائحة الناجحين في مباراة التوظيف جراح أسنان من الدرجة الأولى... → 2026-07-15
2026-08-07 09:02:10,612 [INFO]   Détails: https://www.emploi-public.ma/ar/%D8%AA%D9%81%D8%A7%D8%B5%D9%8A%D9%84/%D8%A7%D9%84%D9%85%D8%A8%D8%A7%D8%B1%D9%8A%D8%A7%D8%AA/c6303b4c-114c-4b25-b6c5-eca77cba3dad
2026-08-07 09:02:11,368 [INFO]     PDF trouvé: قرار فتح المباراة (score: 25)
2026-08-07 09:02:11,369 [INFO]   [EXPIRÉE] لائحة الناجحين في مباراة التوظيف صيدلي من الدرجة الأولى - سل... → 2026-07-15
2026-08-07 09:02:11,369 [INFO]   Détails: https://www.emploi-public.ma/ar/%D8%AA%D9%81%D8%A7%D8%B5%D9%8A%D9%84/%D8%A7%D9%84%D9%85%D8%A8%D8%A7%D8%B1%D9%8A%D8%A7%D8%AA/1f901e2f-de1d-4110-874d-d5d890119e69
2026-08-07 09:02:12,063 [INFO]     PDF trouvé: قرار فتح المباراة (score: 25)
2026-08-07 09:02:12,064 [INFO]   [EXPIRÉE] لائحة الناجحين في مباراة التوظيف طبيب من الدرجة الأولى - سلم... → 2026-07-15
2026-08-07 09:02:12,064 [INFO]   Détails: https://www.emploi-public.ma/ar/%D8%AA%D9%81%D8%A7%D8%B5%D9%8A%D9%84/%D8%A7%D9%84%D9%85%D8%A8%D8%A7%D8%B1%D9%8A%D8%A7%D8%AA/c83d70e2-ec18-4f3b-b97f-03d080ad762a
2026-08-07 09:02:12,920 [INFO]     PDF trouvé: قرار فتح المباراة (score: 25)
2026-08-07 09:02:12,921 [INFO]   [EXPIRÉE] لائحة الناجحين في مباراة التوظيف تقني من الدرجة الرابعة - سل... → 2026-07-14
2026-08-07 09:02:12,921 [INFO]   Détails: https://www.emploi-public.ma/ar/%D8%AA%D9%81%D8%A7%D8%B5%D9%8A%D9%84/%D8%A7%D9%84%D9%85%D8%A8%D8%A7%D8%B1%D9%8A%D8%A7%D8%AA/c3749204-66e1-4485-a631-e7ede10e21ab
2026-08-07 09:02:13,658 [INFO]     PDF trouvé: قرار فتح المباراة (score: 25)
2026-08-07 09:02:13,659 [INFO]   [EXPIRÉE] لائحة الناجحين في مباراة التوظيف تقني من الدرجة الثالثة - سل... → 2026-07-14
2026-08-07 09:02:13,660 [INFO] 
--- Catégorie: تشغيل الخبراء ---
2026-08-07 09:02:13,660 [INFO] Page 1/5
2026-08-07 09:02:13,660 [INFO] Scraping page: https://www.emploi-public.ma/ar/قائمة-تشغيل-الخبراء
2026-08-07 09:02:14,270 [INFO]   → 9 annonces trouvées sur cette page
2026-08-07 09:02:14,271 [INFO]   Détails: https://www.emploi-public.ma/ar/%D8%AA%D9%81%D8%A7%D8%B5%D9%8A%D9%84/%D8%AA%D8%B4%D8%BA%D9%8A%D9%84-%D8%A7%D9%84%D8%AE%D8%A8%D8%B1%D8%A7%D8%A1/4854b58c-c09e-4edd-9a39-c01a0c414425
2026-08-07 09:02:14,885 [INFO]     PDF trouvé: قرار فتح باب الترشيح (score: 35)
2026-08-07 09:02:14,886 [INFO]   [EXPIRÉE] لائحة الناجحين لمنصب خبير في مجال الملاحة التجارية... → 2026-04-12
2026-08-07 09:02:14,886 [INFO]   Détails: https://www.emploi-public.ma/ar/%D8%AA%D9%81%D8%A7%D8%B5%D9%8A%D9%84/%D8%AA%D8%B4%D8%BA%D9%8A%D9%84-%D8%A7%D9%84%D8%AE%D8%A8%D8%B1%D8%A7%D8%A1/ff8d6494-748d-4698-8ef0-676cbd5b1951
2026-08-07 09:02:15,463 [INFO]     PDF trouvé: قرار فتح باب الترشيح (score: 35)
2026-08-07 09:02:15,464 [INFO]   [EXPIRÉE] فتح باب الترشيح لمنصب خبير في الشؤون القانونية... → 2026-06-25
2026-08-07 09:02:15,465 [INFO]   Détails: https://www.emploi-public.ma/ar/%D8%AA%D9%81%D8%A7%D8%B5%D9%8A%D9%84/%D8%AA%D8%B4%D8%BA%D9%8A%D9%84-%D8%A7%D9%84%D8%AE%D8%A8%D8%B1%D8%A7%D8%A1/abce4b98-a1d8-48f9-a84c-053f53697154
2026-08-07 09:02:17,266 [INFO]     PDF trouvé: قرار فتح باب الترشيح (score: 35)
2026-08-07 09:02:17,267 [INFO]   [EXPIRÉE] فتح باب الترشيح لمنصب خبير... → 2026-06-15
2026-08-07 09:02:17,267 [INFO]   Détails: https://www.emploi-public.ma/ar/%D8%AA%D9%81%D8%A7%D8%B5%D9%8A%D9%84/%D8%AA%D8%B4%D8%BA%D9%8A%D9%84-%D8%A7%D9%84%D8%AE%D8%A8%D8%B1%D8%A7%D8%A1/5030f678-19f4-4bc0-96c6-f5462b134c1c
2026-08-07 09:02:18,203 [INFO]     PDF trouvé: قرار فتح باب الترشيح (score: 35)
2026-08-07 09:02:18,204 [INFO]   [EXPIRÉE] فتح باب الترشيح لمنصب خبير... → 2026-06-08
2026-08-07 09:02:18,204 [INFO]   Détails: https://www.emploi-public.ma/ar/%D8%AA%D9%81%D8%A7%D8%B5%D9%8A%D9%84/%D8%AA%D8%B4%D8%BA%D9%8A%D9%84-%D8%A7%D9%84%D8%AE%D8%A8%D8%B1%D8%A7%D8%A1/b0a97522-0c72-4a26-8b32-da0c02e79891
2026-08-07 09:02:18,930 [INFO]     PDF trouvé: قرار فتح باب الترشيح (score: 35)
2026-08-07 09:02:18,931 [INFO]   [EXPIRÉE] فتح باب الترشيح لمنصب خبير متعاقد... → 2026-06-03
2026-08-07 09:02:18,931 [INFO]   Détails: https://www.emploi-public.ma/ar/%D8%AA%D9%81%D8%A7%D8%B5%D9%8A%D9%84/%D8%AA%D8%B4%D8%BA%D9%8A%D9%84-%D8%A7%D9%84%D8%AE%D8%A8%D8%B1%D8%A7%D8%A1/b3f7145b-9f2a-4cb4-aef7-1d917c679a65
2026-08-07 09:02:19,879 [INFO]     PDF trouvé: قرار فتح باب الترشيح (score: 35)
2026-08-07 09:02:19,880 [INFO]   [EXPIRÉE] فتح باب الترشيح لمنصب خبير... → 2026-05-29
2026-08-07 09:02:19,880 [INFO]   Détails: https://www.emploi-public.ma/ar/%D8%AA%D9%81%D8%A7%D8%B5%D9%8A%D9%84/%D8%AA%D8%B4%D8%BA%D9%8A%D9%84-%D8%A7%D9%84%D8%AE%D8%A8%D8%B1%D8%A7%D8%A1/d9255cd9-fe2e-4248-8eba-adf58b668823
2026-08-07 09:02:21,764 [INFO]     PDF trouvé: قرار فتح باب الترشيح (score: 35)
2026-08-07 09:02:21,765 [INFO]   [EXPIRÉE] فتح باب الترشيح لمنصب خبير في مجال التفاوض والسياسة التجارية... → 2026-04-03
2026-08-07 09:02:21,766 [INFO]   Détails: https://www.emploi-public.ma/ar/%D8%AA%D9%81%D8%A7%D8%B5%D9%8A%D9%84/%D8%AA%D8%B4%D8%BA%D9%8A%D9%84-%D8%A7%D9%84%D8%AE%D8%A8%D8%B1%D8%A7%D8%A1/0236914d-e17c-41c5-a5be-e632ad35f838
2026-08-07 09:02:22,469 [INFO]     PDF trouvé: قرار فتح باب الترشيح (score: 35)
2026-08-07 09:02:22,470 [INFO]   [EXPIRÉE] فتح باب الترشيح لمنصب خبير... → 2026-03-17
2026-08-07 09:02:22,470 [INFO]   Détails: https://www.emploi-public.ma/ar/%D8%AA%D9%81%D8%A7%D8%B5%D9%8A%D9%84/%D8%AA%D8%B4%D8%BA%D9%8A%D9%84-%D8%A7%D9%84%D8%AE%D8%A8%D8%B1%D8%A7%D8%A1/2a449c40-1832-450d-9eae-a70607bcac07
2026-08-07 09:02:23,075 [INFO]     PDF trouvé: قرار فتح باب الترشيح (score: 35)
2026-08-07 09:02:23,076 [INFO]   [EXPIRÉE] فتح باب الترشيح لمنصب خبير... → 2026-03-16
2026-08-07 09:02:23,076 [INFO] Page 2/5
2026-08-07 09:02:23,076 [INFO] Scraping page: https://www.emploi-public.ma/ar/قائمة-تشغيل-الخبراء?page=1
2026-08-07 09:02:23,683 [INFO]   → 9 annonces trouvées sur cette page
2026-08-07 09:02:23,684 [INFO]   Détails: https://www.emploi-public.ma/ar/%D8%AA%D9%81%D8%A7%D8%B5%D9%8A%D9%84/%D8%AA%D8%B4%D8%BA%D9%8A%D9%84-%D8%A7%D9%84%D8%AE%D8%A8%D8%B1%D8%A7%D8%A1/4854b58c-c09e-4edd-9a39-c01a0c414425
2026-08-07 09:02:24,943 [INFO]     PDF trouvé: قرار فتح باب الترشيح (score: 35)
2026-08-07 09:02:24,944 [INFO]   [EXPIRÉE] لائحة الناجحين لمنصب خبير في مجال الملاحة التجارية... → 2026-04-12
2026-08-07 09:02:24,944 [INFO]   Détails: https://www.emploi-public.ma/ar/%D8%AA%D9%81%D8%A7%D8%B5%D9%8A%D9%84/%D8%AA%D8%B4%D8%BA%D9%8A%D9%84-%D8%A7%D9%84%D8%AE%D8%A8%D8%B1%D8%A7%D8%A1/ff8d6494-748d-4698-8ef0-676cbd5b1951
2026-08-07 09:02:25,556 [INFO]     PDF trouvé: قرار فتح باب الترشيح (score: 35)
2026-08-07 09:02:25,557 [INFO]   [EXPIRÉE] فتح باب الترشيح لمنصب خبير في الشؤون القانونية... → 2026-06-25
2026-08-07 09:02:25,557 [INFO]   Détails: https://www.emploi-public.ma/ar/%D8%AA%D9%81%D8%A7%D8%B5%D9%8A%D9%84/%D8%AA%D8%B4%D8%BA%D9%8A%D9%84-%D8%A7%D9%84%D8%AE%D8%A8%D8%B1%D8%A7%D8%A1/abce4b98-a1d8-48f9-a84c-053f53697154
2026-08-07 09:02:26,232 [INFO]     PDF trouvé: قرار فتح باب الترشيح (score: 35)
2026-08-07 09:02:26,233 [INFO]   [EXPIRÉE] فتح باب الترشيح لمنصب خبير... → 2026-06-15
2026-08-07 09:02:26,234 [INFO]   Détails: https://www.emploi-public.ma/ar/%D8%AA%D9%81%D8%A7%D8%B5%D9%8A%D9%84/%D8%AA%D8%B4%D8%BA%D9%8A%D9%84-%D8%A7%D9%84%D8%AE%D8%A8%D8%B1%D8%A7%D8%A1/5030f678-19f4-4bc0-96c6-f5462b134c1c
2026-08-07 09:02:26,807 [INFO]     PDF trouvé: قرار فتح باب الترشيح (score: 35)
2026-08-07 09:02:26,808 [INFO]   [EXPIRÉE] فتح باب الترشيح لمنصب خبير... → 2026-06-08
2026-08-07 09:02:26,809 [INFO]   Détails: https://www.emploi-public.ma/ar/%D8%AA%D9%81%D8%A7%D8%B5%D9%8A%D9%84/%D8%AA%D8%B4%D8%BA%D9%8A%D9%84-%D8%A7%D9%84%D8%AE%D8%A8%D8%B1%D8%A7%D8%A1/b0a97522-0c72-4a26-8b32-da0c02e79891
2026-08-07 09:02:28,799 [INFO]     PDF trouvé: قرار فتح باب الترشيح (score: 35)
2026-08-07 09:02:28,800 [INFO]   [EXPIRÉE] فتح باب الترشيح لمنصب خبير متعاقد... → 2026-06-03
2026-08-07 09:02:28,800 [INFO]   Détails: https://www.emploi-public.ma/ar/%D8%AA%D9%81%D8%A7%D8%B5%D9%8A%D9%84/%D8%AA%D8%B4%D8%BA%D9%8A%D9%84-%D8%A7%D9%84%D8%AE%D8%A8%D8%B1%D8%A7%D8%A1/b3f7145b-9f2a-4cb4-aef7-1d917c679a65
2026-08-07 09:02:36,728 [INFO]     PDF trouvé: قرار فتح باب الترشيح (score: 35)
2026-08-07 09:02:36,729 [INFO]   [EXPIRÉE] فتح باب الترشيح لمنصب خبير... → 2026-05-29
2026-08-07 09:02:36,730 [INFO]   Détails: https://www.emploi-public.ma/ar/%D8%AA%D9%81%D8%A7%D8%B5%D9%8A%D9%84/%D8%AA%D8%B4%D8%BA%D9%8A%D9%84-%D8%A7%D9%84%D8%AE%D8%A8%D8%B1%D8%A7%D8%A1/d9255cd9-fe2e-4248-8eba-adf58b668823
2026-08-07 09:02:37,340 [INFO]     PDF trouvé: قرار فتح باب الترشيح (score: 35)
2026-08-07 09:02:37,341 [INFO]   [EXPIRÉE] فتح باب الترشيح لمنصب خبير في مجال التفاوض والسياسة التجارية... → 2026-04-03
2026-08-07 09:02:37,341 [INFO]   Détails: https://www.emploi-public.ma/ar/%D8%AA%D9%81%D8%A7%D8%B5%D9%8A%D9%84/%D8%AA%D8%B4%D8%BA%D9%8A%D9%84-%D8%A7%D9%84%D8%AE%D8%A8%D8%B1%D8%A7%D8%A1/0236914d-e17c-41c5-a5be-e632ad35f838
2026-08-07 09:02:39,181 [INFO]     PDF trouvé: قرار فتح باب الترشيح (score: 35)
2026-08-07 09:02:39,182 [INFO]   [EXPIRÉE] فتح باب الترشيح لمنصب خبير... → 2026-03-17
2026-08-07 09:02:39,183 [INFO]   Détails: https://www.emploi-public.ma/ar/%D8%AA%D9%81%D8%A7%D8%B5%D9%8A%D9%84/%D8%AA%D8%B4%D8%BA%D9%8A%D9%84-%D8%A7%D9%84%D8%AE%D8%A8%D8%B1%D8%A7%D8%A1/2a449c40-1832-450d-9eae-a70607bcac07
2026-08-07 09:02:39,860 [INFO]     PDF trouvé: قرار فتح باب الترشيح (score: 35)
2026-08-07 09:02:39,861 [INFO]   [EXPIRÉE] فتح باب الترشيح لمنصب خبير... → 2026-03-16
2026-08-07 09:02:39,862 [INFO] Page 3/5
2026-08-07 09:02:39,862 [INFO] Scraping page: https://www.emploi-public.ma/ar/قائمة-تشغيل-الخبراء?page=2
2026-08-07 09:02:46,763 [INFO]   → 9 annonces trouvées sur cette page
2026-08-07 09:02:46,764 [INFO]   Détails: https://www.emploi-public.ma/ar/%D8%AA%D9%81%D8%A7%D8%B5%D9%8A%D9%84/%D8%AA%D8%B4%D8%BA%D9%8A%D9%84-%D8%A7%D9%84%D8%AE%D8%A8%D8%B1%D8%A7%D8%A1/1f2e38a5-0fe9-4f17-89fb-d23ab9140242
2026-08-07 09:02:47,371 [INFO]     PDF trouvé: قرار فتح باب الترشيح (score: 35)
2026-08-07 09:02:47,372 [INFO]   [EXPIRÉE] فتح باب الترشيح لمنصب خبير في المجالات المرتبطة بتطوير آليات... → 2026-03-12
2026-08-07 09:02:47,372 [INFO]   Détails: https://www.emploi-public.ma/ar/%D8%AA%D9%81%D8%A7%D8%B5%D9%8A%D9%84/%D8%AA%D8%B4%D8%BA%D9%8A%D9%84-%D8%A7%D9%84%D8%AE%D8%A8%D8%B1%D8%A7%D8%A1/2401abad-8177-4fdc-8c76-354d03f61cd3
2026-08-07 09:02:47,975 [INFO]     PDF trouvé: قرار فتح باب الترشيح (score: 35)
2026-08-07 09:02:47,976 [INFO]   [EXPIRÉE] فتح باب الترشيح لمنصب خبير... → 2026-02-18
2026-08-07 09:02:47,976 [INFO]   Détails: https://www.emploi-public.ma/ar/%D8%AA%D9%81%D8%A7%D8%B5%D9%8A%D9%84/%D8%AA%D8%B4%D8%BA%D9%8A%D9%84-%D8%A7%D9%84%D8%AE%D8%A8%D8%B1%D8%A7%D8%A1/ad16f9e2-25eb-4a06-9a7a-572410c14d55
2026-08-07 09:02:49,187 [INFO]     PDF trouvé: قرار فتح باب الترشيح (score: 35)
2026-08-07 09:02:49,188 [INFO]   [EXPIRÉE] فتح باب الترشيح لمنصب خبير في مجال حكامة المؤسسات والمنشآت ا... → 2025-12-23
2026-08-07 09:02:49,188 [INFO]   Détails: https://www.emploi-public.ma/ar/%D8%AA%D9%81%D8%A7%D8%B5%D9%8A%D9%84/%D8%AA%D8%B4%D8%BA%D9%8A%D9%84-%D8%A7%D9%84%D8%AE%D8%A8%D8%B1%D8%A7%D8%A1/302ab5a1-fa28-4ec1-9341-8ba50b6bf810
2026-08-07 09:02:50,217 [INFO]     PDF trouvé: قرار فتح باب الترشيح (score: 35)
2026-08-07 09:02:50,218 [INFO]   [EXPIRÉE] فتح باب الترشيح لمنصب خبير بموجب عقد... → 2025-12-21
2026-08-07 09:02:50,218 [INFO]   Détails: https://www.emploi-public.ma/ar/%D8%AA%D9%81%D8%A7%D8%B5%D9%8A%D9%84/%D8%AA%D8%B4%D8%BA%D9%8A%D9%84-%D8%A7%D9%84%D8%AE%D8%A8%D8%B1%D8%A7%D8%A1/f9f74e66-af9e-4c4a-9cec-491e7d25fbbb
2026-08-07 09:02:50,890 [INFO]     PDF trouvé: قرار فتح باب الترشيح (score: 35)
2026-08-07 09:02:50,891 [INFO]   [EXPIRÉE] لائحة الناجحين لمنصب خبير في مجال التقييم ومنح التراخيص... → 2025-12-06
2026-08-07 09:02:50,892 [INFO]   Détails: https://www.emploi-public.ma/ar/%D8%AA%D9%81%D8%A7%D8%B5%D9%8A%D9%84/%D8%AA%D8%B4%D8%BA%D9%8A%D9%84-%D8%A7%D9%84%D8%AE%D8%A8%D8%B1%D8%A7%D8%A1/99f49e97-4b0e-4897-b1c6-a1a811d179d9
2026-08-07 09:02:51,914 [INFO]     PDF trouvé: قرار فتح باب الترشيح (score: 35)
2026-08-07 09:02:51,915 [INFO]   [EXPIRÉE] لائحة الناجحين لمنصب خبيرفي مجال مراقبة الجودة الدوائية... → 2025-12-06
2026-08-07 09:02:51,915 [INFO]   Détails: https://www.emploi-public.ma/ar/%D8%AA%D9%81%D8%A7%D8%B5%D9%8A%D9%84/%D8%AA%D8%B4%D8%BA%D9%8A%D9%84-%D8%A7%D9%84%D8%AE%D8%A8%D8%B1%D8%A7%D8%A1/121493c9-78d8-44bf-b408-e42f8bf43d27
2026-08-07 09:02:52,536 [INFO]     PDF trouvé: قرار فتح باب الترشيح (score: 35)
2026-08-07 09:02:52,537 [INFO]   [EXPIRÉE] فتح باب الترشيح لمنصب خبير في التنسيق المؤسساتي والتعاون الد... → 2025-12-05
2026-08-07 09:02:52,537 [INFO]   Détails: https://www.emploi-public.ma/ar/%D8%AA%D9%81%D8%A7%D8%B5%D9%8A%D9%84/%D8%AA%D8%B4%D8%BA%D9%8A%D9%84-%D8%A7%D9%84%D8%AE%D8%A8%D8%B1%D8%A7%D8%A1/336eb4a9-c147-4981-94da-c636a748f7a0
2026-08-07 09:02:53,712 [INFO]     PDF trouvé: قرار فتح باب الترشيح (score: 35)
2026-08-07 09:02:53,713 [INFO]   [EXPIRÉE] لائحة الناجحين لمنصب خبير مكلف بقيادة إنجاز دراسات وأشغال مل... → 2025-09-30
2026-08-07 09:02:53,713 [INFO]   Détails: https://www.emploi-public.ma/ar/%D8%AA%D9%81%D8%A7%D8%B5%D9%8A%D9%84/%D8%AA%D8%B4%D8%BA%D9%8A%D9%84-%D8%A7%D9%84%D8%AE%D8%A8%D8%B1%D8%A7%D8%A1/0917753f-ac81-4229-b8d4-5292cae1510a
2026-08-07 09:02:54,288 [INFO]     PDF trouvé: قرار فتح باب الترشيح (score: 35)
2026-08-07 09:02:54,289 [INFO]   [EXPIRÉE] فتح باب الترشيح لمنصب خبير بموجب عقد... → 2025-06-11
2026-08-07 09:02:54,290 [INFO] Page 4/5
2026-08-07 09:02:54,290 [INFO] Scraping page: https://www.emploi-public.ma/ar/قائمة-تشغيل-الخبراء?page=3
2026-08-07 09:02:54,972 [INFO]   → 9 annonces trouvées sur cette page
2026-08-07 09:02:54,973 [INFO]   Détails: https://www.emploi-public.ma/ar/%D8%AA%D9%81%D8%A7%D8%B5%D9%8A%D9%84/%D8%AA%D8%B4%D8%BA%D9%8A%D9%84-%D8%A7%D9%84%D8%AE%D8%A8%D8%B1%D8%A7%D8%A1/1e6a6ce8-141e-4fe3-b660-097a9342e904
2026-08-07 09:02:55,575 [INFO]     PDF trouvé: قرار فتح باب الترشيح (score: 35)
2026-08-07 09:02:55,576 [INFO]   [EXPIRÉE] فتح باب الترشيح لمنصب خبير في مجال الشؤون القانونية... → 2025-06-09
2026-08-07 09:02:55,576 [INFO]   Détails: https://www.emploi-public.ma/ar/%D8%AA%D9%81%D8%A7%D8%B5%D9%8A%D9%84/%D8%AA%D8%B4%D8%BA%D9%8A%D9%84-%D8%A7%D9%84%D8%AE%D8%A8%D8%B1%D8%A7%D8%A1/9973e98f-4e11-40f1-aeae-194d055be60c
2026-08-07 09:02:56,563 [INFO]     PDF trouvé: قرار فتح باب الترشيح (score: 35)
2026-08-07 09:02:56,564 [INFO]   [EXPIRÉE] فتح باب الترشيح لمنصب خبير في مجال علوم المحيطات و البيئة ال... → 2025-06-06
2026-08-07 09:02:56,564 [INFO]   Détails: https://www.emploi-public.ma/ar/%D8%AA%D9%81%D8%A7%D8%B5%D9%8A%D9%84/%D8%AA%D8%B4%D8%BA%D9%8A%D9%84-%D8%A7%D9%84%D8%AE%D8%A8%D8%B1%D8%A7%D8%A1/c4333ade-5b69-4a9b-b1d6-23858dca3e02
2026-08-07 09:03:02,418 [INFO]     PDF trouvé: قرار فتح باب الترشيح (score: 35)
2026-08-07 09:03:02,419 [INFO]   [EXPIRÉE] فتح باب الترشيح لمنصب 4 خبراء في المجالات المبينة في بطائق ا... → 2025-05-14
2026-08-07 09:03:02,419 [INFO]   Détails: https://www.emploi-public.ma/ar/%D8%AA%D9%81%D8%A7%D8%B5%D9%8A%D9%84/%D8%AA%D8%B4%D8%BA%D9%8A%D9%84-%D8%A7%D9%84%D8%AE%D8%A8%D8%B1%D8%A7%D8%A1/3d556890-d88a-4b78-aa10-b953f3a04785
2026-08-07 09:03:03,005 [INFO]     PDF trouvé: قرار فتح باب الترشيح (score: 35)
2026-08-07 09:03:03,006 [INFO]   [EXPIRÉE] فتح باب الترشيح لمنصب خبير في الشؤون القانونية... → 2025-05-02
2026-08-07 09:03:03,007 [INFO]   Détails: https://www.emploi-public.ma/ar/%D8%AA%D9%81%D8%A7%D8%B5%D9%8A%D9%84/%D8%AA%D8%B4%D8%BA%D9%8A%D9%84-%D8%A7%D9%84%D8%AE%D8%A8%D8%B1%D8%A7%D8%A1/1d5f52e9-1b4b-423d-bf9b-935a34d3caf2
2026-08-07 09:03:03,650 [INFO]     PDF trouvé: قرار فتح باب الترشيح (score: 35)
2026-08-07 09:03:03,651 [INFO]   [EXPIRÉE] فتح باب الترشيح لمنصب خبير بعقد... → 2025-04-18
2026-08-07 09:03:03,651 [INFO]   Détails: https://www.emploi-public.ma/ar/%D8%AA%D9%81%D8%A7%D8%B5%D9%8A%D9%84/%D8%AA%D8%B4%D8%BA%D9%8A%D9%84-%D8%A7%D9%84%D8%AE%D8%A8%D8%B1%D8%A7%D8%A1/ee7b273d-5714-41aa-9489-a47d37eb618e
2026-08-07 09:03:04,245 [INFO]     PDF trouvé: قرار فتح باب الترشيح (score: 35)
2026-08-07 09:03:04,246 [INFO]   [EXPIRÉE] فتح باب الترشيح لمنصب خبيرفي مجال السياسة المائية و الري... → 2025-04-07
2026-08-07 09:03:04,246 [INFO]   Détails: https://www.emploi-public.ma/ar/%D8%AA%D9%81%D8%A7%D8%B5%D9%8A%D9%84/%D8%AA%D8%B4%D8%BA%D9%8A%D9%84-%D8%A7%D9%84%D8%AE%D8%A8%D8%B1%D8%A7%D8%A1/74c6b2c0-7af0-4688-937b-1881caa843f0
2026-08-07 09:03:05,182 [INFO]     PDF trouvé: قرار فتح باب الترشيح (score: 35)
2026-08-07 09:03:05,183 [INFO]   [EXPIRÉE] فتح باب الترشيح لمنصب خبير في مجال السمعي البصري و السينما... → 2025-03-31
2026-08-07 09:03:05,183 [INFO]   Détails: https://www.emploi-public.ma/ar/%D8%AA%D9%81%D8%A7%D8%B5%D9%8A%D9%84/%D8%AA%D8%B4%D8%BA%D9%8A%D9%84-%D8%A7%D9%84%D8%AE%D8%A8%D8%B1%D8%A7%D8%A1/efe61f8c-79ae-41bf-851e-67e779047d6a
2026-08-07 09:03:05,997 [INFO]     PDF trouvé: قرار فتح باب الترشيح (score: 35)
2026-08-07 09:03:05,998 [INFO]   [EXPIRÉE] فتح باب الترشيح لمنصب منصب خبير في المجال المرتبط بمجال الهن... → 2025-03-27
2026-08-07 09:03:05,999 [INFO]   Détails: https://www.emploi-public.ma/ar/%D8%AA%D9%81%D8%A7%D8%B5%D9%8A%D9%84/%D8%AA%D8%B4%D8%BA%D9%8A%D9%84-%D8%A7%D9%84%D8%AE%D8%A8%D8%B1%D8%A7%D8%A1/c8ffa879-6f01-46df-9beb-eb9ae0a6f554
2026-08-07 09:03:07,585 [INFO]     PDF trouvé: قرار فتح باب الترشيح (score: 35)
2026-08-07 09:03:07,587 [INFO]   [EXPIRÉE] فتح باب الترشيح لمنصب خبير في مجال صياغة إستراتيجية شاملة و ... → 2025-03-21
2026-08-07 09:03:07,587 [INFO] Page 5/5
2026-08-07 09:03:07,587 [INFO] Scraping page: https://www.emploi-public.ma/ar/قائمة-تشغيل-الخبراء?page=4
2026-08-07 09:03:08,417 [INFO]   → 9 annonces trouvées sur cette page
2026-08-07 09:03:08,418 [INFO]   Détails: https://www.emploi-public.ma/ar/%D8%AA%D9%81%D8%A7%D8%B5%D9%8A%D9%84/%D8%AA%D8%B4%D8%BA%D9%8A%D9%84-%D8%A7%D9%84%D8%AE%D8%A8%D8%B1%D8%A7%D8%A1/a538c27d-7e09-4441-9551-b22fe9e9d017
2026-08-07 09:03:10,157 [INFO]     PDF trouvé: قرار فتح باب الترشيح (score: 35)
2026-08-07 09:03:10,158 [INFO]   [EXPIRÉE] فتح باب الترشيح لمنصب خبير في مجال إستراتيجية منظومة التعليم... → 2025-03-21
2026-08-07 09:03:10,158 [INFO]   Détails: https://www.emploi-public.ma/ar/%D8%AA%D9%81%D8%A7%D8%B5%D9%8A%D9%84/%D8%AA%D8%B4%D8%BA%D9%8A%D9%84-%D8%A7%D9%84%D8%AE%D8%A8%D8%B1%D8%A7%D8%A1/cf3172d1-8c15-4404-b1ff-21c154c7da2f
2026-08-07 09:03:10,837 [INFO]     PDF trouvé: قرار فتح باب الترشيح (score: 35)
2026-08-07 09:03:10,839 [INFO]   [EXPIRÉE] فتح باب الترشيح لمنصب خبير في مجال تطوير التعاون... → 2025-03-21
2026-08-07 09:03:10,839 [INFO]   Détails: https://www.emploi-public.ma/ar/%D8%AA%D9%81%D8%A7%D8%B5%D9%8A%D9%84/%D8%AA%D8%B4%D8%BA%D9%8A%D9%84-%D8%A7%D9%84%D8%AE%D8%A8%D8%B1%D8%A7%D8%A1/55bfa14b-dac1-4967-b1b6-8983cea09ed9
2026-08-07 09:03:11,664 [INFO]     PDF trouvé: قرار فتح باب الترشيح (score: 35)
2026-08-07 09:03:11,665 [INFO]   [EXPIRÉE] فتح باب الترشيح لمنصب خبير في مجال نظم المعلوميات... → 2025-03-21
2026-08-07 09:03:11,665 [INFO]   Détails: https://www.emploi-public.ma/ar/%D8%AA%D9%81%D8%A7%D8%B5%D9%8A%D9%84/%D8%AA%D8%B4%D8%BA%D9%8A%D9%84-%D8%A7%D9%84%D8%AE%D8%A8%D8%B1%D8%A7%D8%A1/9ebae75d-f857-4c4d-9e16-0108b872c04f
2026-08-07 09:03:12,412 [INFO]     PDF trouvé: قرار فتح باب الترشيح (score: 35)
2026-08-07 09:03:12,413 [INFO]   [EXPIRÉE] فتح باب الترشيح لمنصب إدارة المشاريع و التدبير الإداري و الم... → 2025-03-19
2026-08-07 09:03:12,413 [INFO]   Détails: https://www.emploi-public.ma/ar/%D8%AA%D9%81%D8%A7%D8%B5%D9%8A%D9%84/%D8%AA%D8%B4%D8%BA%D9%8A%D9%84-%D8%A7%D9%84%D8%AE%D8%A8%D8%B1%D8%A7%D8%A1/0608bdd0-0a58-4c90-a1d5-bd3483116452
2026-08-07 09:03:14,202 [INFO]     PDF trouvé: قرار فتح باب الترشيح (score: 35)
2026-08-07 09:03:14,203 [INFO]   [EXPIRÉE] فتح باب الترشيح لمنصب منصب خبير في مجال البحوث والتجارب العل... → 2025-02-03
2026-08-07 09:03:14,203 [INFO]   Détails: https://www.emploi-public.ma/ar/%D8%AA%D9%81%D8%A7%D8%B5%D9%8A%D9%84/%D8%AA%D8%B4%D8%BA%D9%8A%D9%84-%D8%A7%D9%84%D8%AE%D8%A8%D8%B1%D8%A7%D8%A1/0cff84fa-82b2-4363-93e0-a88e5063ef0b
2026-08-07 09:03:20,598 [INFO]     PDF trouvé: قرار فتح باب الترشيح (score: 35)
2026-08-07 09:03:20,599 [INFO]   [EXPIRÉE] فتح باب الترشيح لمنصب خبير في مجال تدبير وتسيير أسواق الحبوب... → 2025-01-27
2026-08-07 09:03:20,599 [INFO]   Détails: https://www.emploi-public.ma/ar/%D8%AA%D9%81%D8%A7%D8%B5%D9%8A%D9%84/%D8%AA%D8%B4%D8%BA%D9%8A%D9%84-%D8%A7%D9%84%D8%AE%D8%A8%D8%B1%D8%A7%D8%A1/74373088-bc5e-4908-985b-9b0086ffaed3
2026-08-07 09:03:21,325 [INFO]     PDF trouvé: قرار فتح باب الترشيح (score: 35)
2026-08-07 09:03:21,326 [INFO]   [EXPIRÉE] فتح باب الترشيح لمنصب خبير... → 2025-01-24
2026-08-07 09:03:21,326 [INFO]   Détails: https://www.emploi-public.ma/ar/%D8%AA%D9%81%D8%A7%D8%B5%D9%8A%D9%84/%D8%AA%D8%B4%D8%BA%D9%8A%D9%84-%D8%A7%D9%84%D8%AE%D8%A8%D8%B1%D8%A7%D8%A1/c14080a7-f964-4481-923d-668331b39671
2026-08-07 09:03:22,256 [INFO]     PDF trouvé: قرار فتح باب الترشيح (score: 35)
2026-08-07 09:03:22,257 [INFO]   [EXPIRÉE] فتح باب الترشيح لمنصب خبير... → 2025-01-24
2026-08-07 09:03:22,257 [INFO]   Détails: https://www.emploi-public.ma/ar/%D8%AA%D9%81%D8%A7%D8%B5%D9%8A%D9%84/%D8%AA%D8%B4%D8%BA%D9%8A%D9%84-%D8%A7%D9%84%D8%AE%D8%A8%D8%B1%D8%A7%D8%A1/728ebc5b-6b53-4539-b18a-620011be8614
2026-08-07 09:03:23,490 [INFO]     PDF trouvé: قرار فتح باب الترشيح (score: 35)
2026-08-07 09:03:23,491 [INFO]   [EXPIRÉE] فتح باب الترشيح لمنصب خبير... → 2025-01-24
2026-08-07 09:03:23,496 [INFO] 
============================================================
2026-08-07 09:03:23,496 [INFO] RÉSUMÉ
2026-08-07 09:03:23,496 [INFO] ============================================================
2026-08-07 09:03:23,496 [INFO] Annonces traitées: 200
2026-08-07 09:03:23,496 [INFO] Dates en cours: 61
2026-08-07 09:03:23,497 [INFO] Dates expirées: 95
2026-08-07 09:03:23,497 [INFO] Total résultats en base: 410
2026-08-07 09:03:24,758 [INFO] Email envoyé à cavalkhalid@gmail.com
2026-08-07 09:03:24,759 [INFO] 
Scraper terminé.
2026-08-10 09:21:28,262 [INFO] ============================================================
2026-08-10 09:21:28,262 [INFO] DÉMARRAGE DU SCRAPER emploi-public.ma (AR)
2026-08-10 09:21:28,262 [INFO] Date: 2026-08-10 09:21:28
2026-08-10 09:21:28,262 [INFO] ============================================================
2026-08-10 09:21:28,265 [INFO] 
--- Catégorie: مناصب المسؤولية ---
2026-08-10 09:21:28,265 [INFO] Page 1/5
2026-08-10 09:21:28,265 [INFO] Scraping page: https://www.emploi-public.ma/ar/قائمة-مناصب-المسؤولية
2026-08-10 09:21:29,591 [INFO]   → 13 annonces trouvées sur cette page
2026-08-10 09:21:29,592 [INFO]   Détails: https://www.emploi-public.ma/ar/%D8%AA%D9%81%D8%A7%D8%B5%D9%8A%D9%84/%D9%85%D9%86%D8%A7%D8%B5%D8%A8-%D8%A7%D9%84%D9%85%D8%B3%D8%A4%D9%88%D9%84%D9%8A%D8%A9/c2a19fdb-838b-4234-8292-4c5cf41a7734
2026-08-10 09:21:30,343 [INFO]     PDF trouvé: قرار فتح باب الترشيح (score: 35)
2026-08-10 09:21:30,344 [INFO]   [EN COURS] فتح باب الترشيح ل مناصب المسؤولية ب وزارة الداخلية -عمالة إق... → 2026-08-31
2026-08-10 09:21:30,345 [INFO]   Détails: https://www.emploi-public.ma/ar/%D8%AA%D9%81%D8%A7%D8%B5%D9%8A%D9%84/%D9%85%D9%86%D8%A7%D8%B5%D8%A8-%D8%A7%D9%84%D9%85%D8%B3%D8%A4%D9%88%D9%84%D9%8A%D8%A9/5f889aec-aea1-4bcd-92d5-5b798b207e69
2026-08-10 09:21:31,140 [INFO]     PDF trouvé: قرار فتح باب الترشيح (score: 35)
2026-08-10 09:21:31,141 [INFO]   [EXPIRÉE] لائحة الناجحين في مناصب المسؤولية ب المندوبية العامة لإدارة ... → 2026-07-10
2026-08-10 09:21:31,141 [INFO]   Détails: https://www.emploi-public.ma/ar/%D8%AA%D9%81%D8%A7%D8%B5%D9%8A%D9%84/%D9%85%D9%86%D8%A7%D8%B5%D8%A8-%D8%A7%D9%84%D9%85%D8%B3%D8%A4%D9%88%D9%84%D9%8A%D8%A9/bf1cc35a-4da2-4b2b-aa24-1ff4d9bf6472
2026-08-10 09:21:32,543 [INFO]     PDF trouvé: قرار فتح باب الترشيح (score: 35)
2026-08-10 09:21:32,544 [INFO]   [EXPIRÉE] فتح باب الترشيح ل مناصب المسؤولية ب وزارة الداخلية -عمالة ال... → 2026-08-07
2026-08-10 09:21:32,544 [INFO]   Détails: https://www.emploi-public.ma/ar/%D8%AA%D9%81%D8%A7%D8%B5%D9%8A%D9%84/%D9%85%D9%86%D8%A7%D8%B5%D8%A8-%D8%A7%D9%84%D9%85%D8%B3%D8%A4%D9%88%D9%84%D9%8A%D8%A9/c84a5637-77c0-4679-baa9-d49417d7e832
2026-08-10 09:21:33,383 [INFO]     PDF trouvé: قرار فتح باب الترشيح (score: 35)
2026-08-10 09:21:33,384 [INFO]   [EXPIRÉE] فتح باب الترشيح ل مناصب المسؤولية ب وزارة الشباب والثقافة وا... → 2026-08-07
2026-08-10 09:21:33,385 [INFO]   Détails: https://www.emploi-public.ma/ar/%D8%AA%D9%81%D8%A7%D8%B5%D9%8A%D9%84/%D9%85%D9%86%D8%A7%D8%B5%D8%A8-%D8%A7%D9%84%D9%85%D8%B3%D8%A4%D9%88%D9%84%D9%8A%D8%A9/a3ff8765-f34b-4a36-9023-7ae112e77594
2026-08-10 09:21:34,755 [INFO]     PDF trouvé: قرار فتح باب الترشيح (score: 35)
2026-08-10 09:21:34,757 [INFO]   [EXPIRÉE] فتح باب الترشيح ل مناصب المسؤولية ب وزارة الشباب والثقافة وا... → 2026-08-07
2026-08-10 09:21:34,757 [INFO]   Détails: https://www.emploi-public.ma/ar/%D8%AA%D9%81%D8%A7%D8%B5%D9%8A%D9%84/%D9%85%D9%86%D8%A7%D8%B5%D8%A8-%D8%A7%D9%84%D9%85%D8%B3%D8%A4%D9%88%D9%84%D9%8A%D8%A9/558f23e7-7989-4f9c-92e0-0a469e30efd4
2026-08-10 09:21:35,828 [INFO]     PDF trouvé: قرار فتح باب الترشيح (score: 35)
2026-08-10 09:21:35,829 [INFO]   [EXPIRÉE] فتح باب الترشيح ل مناصب المسؤولية ب وزارة الداخلية -إقليم ال... → 2026-08-07
2026-08-10 09:21:35,829 [INFO]   Détails: https://www.emploi-public.ma/ar/%D8%AA%D9%81%D8%A7%D8%B5%D9%8A%D9%84/%D9%85%D9%86%D8%A7%D8%B5%D8%A8-%D8%A7%D9%84%D9%85%D8%B3%D8%A4%D9%88%D9%84%D9%8A%D8%A9/1e460045-de8c-47a5-8daf-62ffbd392b3b
2026-08-10 09:21:36,498 [INFO]     PDF trouvé: قرار فتح باب الترشيح (score: 35)
2026-08-10 09:21:36,499 [INFO]   [EN COURS] فتح باب الترشيح ل مناصب المسؤولية ب المندوبية العامة لإدارة ... → 2026-08-27
2026-08-10 09:21:36,499 [INFO]   Détails: https://www.emploi-public.ma/ar/%D8%AA%D9%81%D8%A7%D8%B5%D9%8A%D9%84/%D9%85%D9%86%D8%A7%D8%B5%D8%A8-%D8%A7%D9%84%D9%85%D8%B3%D8%A4%D9%88%D9%84%D9%8A%D8%A9/1f0f0446-8044-4bda-a4f1-6e55b963a62f
2026-08-10 09:21:40,734 [INFO]     PDF trouvé: قرار فتح باب الترشيح (score: 35)
2026-08-10 09:21:40,735 [INFO]   [EXPIRÉE] لائحة الناجحين في مناصب المسؤولية ب وزارة الفلاحة والصيد الب... → 2026-06-29
2026-08-10 09:21:40,735 [INFO]   Détails: https://www.emploi-public.ma/ar/%D8%AA%D9%81%D8%A7%D8%B5%D9%8A%D9%84/%D9%85%D9%86%D8%A7%D8%B5%D8%A8-%D8%A7%D9%84%D9%85%D8%B3%D8%A4%D9%88%D9%84%D9%8A%D8%A9/2cba0974-d7be-4c5d-859c-b8bc800df124
2026-08-10 09:21:53,218 [INFO]     PDF trouvé: قرار فتح باب الترشيح (score: 35)
2026-08-10 09:21:53,219 [INFO]   [EN COURS] فتح باب الترشيح ل مناصب المسؤولية ب وزارة الداخلية -إقليم تز... → 2026-08-24
2026-08-10 09:21:53,220 [INFO]   Détails: https://www.emploi-public.ma/ar/%D8%AA%D9%81%D8%A7%D8%B5%D9%8A%D9%84/%D9%85%D9%86%D8%A7%D8%B5%D8%A8-%D8%A7%D9%84%D9%85%D8%B3%D8%A4%D9%88%D9%84%D9%8A%D8%A9/3c1b93d3-a702-4188-928e-8f36bb4b82d1
2026-08-10 09:22:00,002 [INFO]     PDF trouvé: قرار فتح باب الترشيح (score: 35)
2026-08-10 09:22:00,004 [INFO]   [EN COURS] مسؤول التنشيط والتنمية (رجل /امرأة)... → 2026-08-11
2026-08-10 09:22:00,004 [INFO]   Détails: https://www.emploi-public.ma/ar/%D8%AA%D9%81%D8%A7%D8%B5%D9%8A%D9%84/%D9%85%D9%86%D8%A7%D8%B5%D8%A8-%D8%A7%D9%84%D9%85%D8%B3%D8%A4%D9%88%D9%84%D9%8A%D8%A9/a7c1324e-485f-4839-ad77-ea9897200622
2026-08-10 09:22:00,792 [INFO]     PDF trouvé: قرار فتح باب الترشيح (score: 35)
2026-08-10 09:22:00,793 [INFO]   [EN COURS] مسؤول الصيانة والبنيات التحتية (رجل/امرأة)... → 2026-08-11
2026-08-10 09:22:00,793 [INFO]   Détails: https://www.emploi-public.ma/ar/%D8%AA%D9%81%D8%A7%D8%B5%D9%8A%D9%84/%D9%85%D9%86%D8%A7%D8%B5%D8%A8-%D8%A7%D9%84%D9%85%D8%B3%D8%A4%D9%88%D9%84%D9%8A%D8%A9/c33658fc-f238-4cb6-9f53-0e9cd438d3fc
2026-08-10 09:22:02,706 [INFO]     PDF trouvé: قرار فتح باب الترشيح (score: 35)
2026-08-10 09:22:02,707 [INFO]   [EN COURS] مدير المصالح بجماعة سعادة... → 2026-08-11
2026-08-10 09:22:02,707 [INFO]   Détails: https://www.emploi-public.ma/ar/%D8%AA%D9%81%D8%A7%D8%B5%D9%8A%D9%84/%D9%85%D9%86%D8%A7%D8%B5%D8%A8-%D8%A7%D9%84%D9%85%D8%B3%D8%A4%D9%88%D9%84%D9%8A%D8%A9/04533a2c-66bc-4c87-b2f9-3d090d8e06a0
2026-08-10 09:22:03,696 [INFO]     PDF trouvé: قرار فتح باب الترشيح (score: 35)
2026-08-10 09:22:03,697 [INFO]   [EN COURS] مهندس... → 2026-08-11
2026-08-10 09:22:03,697 [INFO] Page 2/5
2026-08-10 09:22:03,697 [INFO] Scraping page: https://www.emploi-public.ma/ar/قائمة-مناصب-المسؤولية?page=1
2026-08-10 09:22:04,693 [INFO]   → 13 annonces trouvées sur cette page
2026-08-10 09:22:04,694 [INFO]   Détails: https://www.emploi-public.ma/ar/%D8%AA%D9%81%D8%A7%D8%B5%D9%8A%D9%84/%D9%85%D9%86%D8%A7%D8%B5%D8%A8-%D8%A7%D9%84%D9%85%D8%B3%D8%A4%D9%88%D9%84%D9%8A%D8%A9/c2a19fdb-838b-4234-8292-4c5cf41a7734
2026-08-10 09:22:05,544 [INFO]     PDF trouvé: قرار فتح باب الترشيح (score: 35)
2026-08-10 09:22:05,545 [INFO]   [EN COURS] فتح باب الترشيح ل مناصب المسؤولية ب وزارة الداخلية -عمالة إق... → 2026-08-31
2026-08-10 09:22:05,545 [INFO]   Détails: https://www.emploi-public.ma/ar/%D8%AA%D9%81%D8%A7%D8%B5%D9%8A%D9%84/%D9%85%D9%86%D8%A7%D8%B5%D8%A8-%D8%A7%D9%84%D9%85%D8%B3%D8%A4%D9%88%D9%84%D9%8A%D8%A9/5f889aec-aea1-4bcd-92d5-5b798b207e69
2026-08-10 09:22:06,366 [INFO]     PDF trouvé: قرار فتح باب الترشيح (score: 35)
2026-08-10 09:22:06,367 [INFO]   [EXPIRÉE] لائحة الناجحين في مناصب المسؤولية ب المندوبية العامة لإدارة ... → 2026-07-10
2026-08-10 09:22:06,367 [INFO]   Détails: https://www.emploi-public.ma/ar/%D8%AA%D9%81%D8%A7%D8%B5%D9%8A%D9%84/%D9%85%D9%86%D8%A7%D8%B5%D8%A8-%D8%A7%D9%84%D9%85%D8%B3%D8%A4%D9%88%D9%84%D9%8A%D8%A9/bf1cc35a-4da2-4b2b-aa24-1ff4d9bf6472
2026-08-10 09:22:08,271 [INFO]     PDF trouvé: قرار فتح باب الترشيح (score: 35)
2026-08-10 09:22:08,272 [INFO]   [EXPIRÉE] فتح باب الترشيح ل مناصب المسؤولية ب وزارة الداخلية -عمالة ال... → 2026-08-07
2026-08-10 09:22:08,272 [INFO]   Détails: https://www.emploi-public.ma/ar/%D8%AA%D9%81%D8%A7%D8%B5%D9%8A%D9%84/%D9%85%D9%86%D8%A7%D8%B5%D8%A8-%D8%A7%D9%84%D9%85%D8%B3%D8%A4%D9%88%D9%84%D9%8A%D8%A9/c84a5637-77c0-4679-baa9-d49417d7e832
2026-08-10 09:22:09,093 [INFO]     PDF trouvé: قرار فتح باب الترشيح (score: 35)
2026-08-10 09:22:09,094 [INFO]   [EXPIRÉE] فتح باب الترشيح ل مناصب المسؤولية ب وزارة الشباب والثقافة وا... → 2026-08-07
2026-08-10 09:22:09,094 [INFO]   Détails: https://www.emploi-public.ma/ar/%D8%AA%D9%81%D8%A7%D8%B5%D9%8A%D9%84/%D9%85%D9%86%D8%A7%D8%B5%D8%A8-%D8%A7%D9%84%D9%85%D8%B3%D8%A4%D9%88%D9%84%D9%8A%D8%A9/a3ff8765-f34b-4a36-9023-7ae112e77594
2026-08-10 09:22:10,645 [INFO]     PDF trouvé: قرار فتح باب الترشيح (score: 35)
2026-08-10 09:22:10,646 [INFO]   [EXPIRÉE] فتح باب الترشيح ل مناصب المسؤولية ب وزارة الشباب والثقافة وا... → 2026-08-07
2026-08-10 09:22:10,646 [INFO]   Détails: https://www.emploi-public.ma/ar/%D8%AA%D9%81%D8%A7%D8%B5%D9%8A%D9%84/%D9%85%D9%86%D8%A7%D8%B5%D8%A8-%D8%A7%D9%84%D9%85%D8%B3%D8%A4%D9%88%D9%84%D9%8A%D8%A9/558f23e7-7989-4f9c-92e0-0a469e30efd4
2026-08-10 09:22:11,689 [INFO]     PDF trouvé: قرار فتح باب الترشيح (score: 35)
2026-08-10 09:22:11,690 [INFO]   [EXPIRÉE] فتح باب الترشيح ل مناصب المسؤولية ب وزارة الداخلية -إقليم ال... → 2026-08-07
2026-08-10 09:22:11,690 [INFO]   Détails: https://www.emploi-public.ma/ar/%D8%AA%D9%81%D8%A7%D8%B5%D9%8A%D9%84/%D9%85%D9%86%D8%A7%D8%B5%D8%A8-%D8%A7%D9%84%D9%85%D8%B3%D8%A4%D9%88%D9%84%D9%8A%D8%A9/1e460045-de8c-47a5-8daf-62ffbd392b3b
2026-08-10 09:22:12,491 [INFO]     PDF trouvé: قرار فتح باب الترشيح (score: 35)
2026-08-10 09:22:12,492 [INFO]   [EN COURS] فتح باب الترشيح ل مناصب المسؤولية ب المندوبية العامة لإدارة ... → 2026-08-27
2026-08-10 09:22:12,492 [INFO]   Détails: https://www.emploi-public.ma/ar/%D8%AA%D9%81%D8%A7%D8%B5%D9%8A%D9%84/%D9%85%D9%86%D8%A7%D8%B5%D8%A8-%D8%A7%D9%84%D9%85%D8%B3%D8%A4%D9%88%D9%84%D9%8A%D8%A9/1f0f0446-8044-4bda-a4f1-6e55b963a62f
2026-08-10 09:22:13,306 [INFO]     PDF trouvé: قرار فتح باب الترشيح (score: 35)
2026-08-10 09:22:13,307 [INFO]   [EXPIRÉE] لائحة الناجحين في مناصب المسؤولية ب وزارة الفلاحة والصيد الب... → 2026-06-29
2026-08-10 09:22:13,307 [INFO]   Détails: https://www.emploi-public.ma/ar/%D8%AA%D9%81%D8%A7%D8%B5%D9%8A%D9%84/%D9%85%D9%86%D8%A7%D8%B5%D8%A8-%D8%A7%D9%84%D9%85%D8%B3%D8%A4%D9%88%D9%84%D9%8A%D8%A9/2cba0974-d7be-4c5d-859c-b8bc800df124
2026-08-10 09:22:15,772 [INFO]     PDF trouvé: قرار فتح باب الترشيح (score: 35)
2026-08-10 09:22:15,773 [INFO]   [EN COURS] فتح باب الترشيح ل مناصب المسؤولية ب وزارة الداخلية -إقليم تز... → 2026-08-24
2026-08-10 09:22:15,773 [INFO]   Détails: https://www.emploi-public.ma/ar/%D8%AA%D9%81%D8%A7%D8%B5%D9%8A%D9%84/%D9%85%D9%86%D8%A7%D8%B5%D8%A8-%D8%A7%D9%84%D9%85%D8%B3%D8%A4%D9%88%D9%84%D9%8A%D8%A9/3c1b93d3-a702-4188-928e-8f36bb4b82d1
2026-08-10 09:22:16,823 [INFO]     PDF trouvé: قرار فتح باب الترشيح (score: 35)
2026-08-10 09:22:16,824 [INFO]   [EN COURS] مسؤول التنشيط والتنمية (رجل /امرأة)... → 2026-08-11
2026-08-10 09:22:16,824 [INFO]   Détails: https://www.emploi-public.ma/ar/%D8%AA%D9%81%D8%A7%D8%B5%D9%8A%D9%84/%D9%85%D9%86%D8%A7%D8%B5%D8%A8-%D8%A7%D9%84%D9%85%D8%B3%D8%A4%D9%88%D9%84%D9%8A%D8%A9/a7c1324e-485f-4839-ad77-ea9897200622
2026-08-10 09:22:17,624 [INFO]     PDF trouvé: قرار فتح باب الترشيح (score: 35)
2026-08-10 09:22:17,625 [INFO]   [EN COURS] مسؤول الصيانة والبنيات التحتية (رجل/امرأة)... → 2026-08-11
2026-08-10 09:22:17,625 [INFO]   Détails: https://www.emploi-public.ma/ar/%D8%AA%D9%81%D8%A7%D8%B5%D9%8A%D9%84/%D9%85%D9%86%D8%A7%D8%B5%D8%A8-%D8%A7%D9%84%D9%85%D8%B3%D8%A4%D9%88%D9%84%D9%8A%D8%A9/c33658fc-f238-4cb6-9f53-0e9cd438d3fc
2026-08-10 09:22:20,122 [INFO]     PDF trouvé: قرار فتح باب الترشيح (score: 35)
2026-08-10 09:22:20,123 [INFO]   [EN COURS] مدير المصالح بجماعة سعادة... → 2026-08-11
2026-08-10 09:22:20,123 [INFO]   Détails: https://www.emploi-public.ma/ar/%D8%AA%D9%81%D8%A7%D8%B5%D9%8A%D9%84/%D9%85%D9%86%D8%A7%D8%B5%D8%A8-%D8%A7%D9%84%D9%85%D8%B3%D8%A4%D9%88%D9%84%D9%8A%D8%A9/04533a2c-66bc-4c87-b2f9-3d090d8e06a0
2026-08-10 09:22:25,316 [INFO]     PDF trouvé: قرار فتح باب الترشيح (score: 35)
2026-08-10 09:22:25,317 [INFO]   [EN COURS] مهندس... → 2026-08-11
2026-08-10 09:22:25,317 [INFO] Page 3/5
2026-08-10 09:22:25,317 [INFO] Scraping page: https://www.emploi-public.ma/ar/قائمة-مناصب-المسؤولية?page=2
2026-08-10 09:22:26,327 [INFO]   → 13 annonces trouvées sur cette page
2026-08-10 09:22:26,328 [INFO]   Détails: https://www.emploi-public.ma/ar/%D8%AA%D9%81%D8%A7%D8%B5%D9%8A%D9%84/%D9%85%D9%86%D8%A7%D8%B5%D8%A8-%D8%A7%D9%84%D9%85%D8%B3%D8%A4%D9%88%D9%84%D9%8A%D8%A9/6cf979b2-4c4d-4d2e-8ddf-8b1bbb09eb3e
2026-08-10 09:22:27,059 [INFO]     PDF trouvé: قرار فتح باب الترشيح (score: 35)
2026-08-10 09:22:27,060 [INFO]   [EN COURS] فتح باب الترشيح ل مناصب المسؤولية ب وزارة الداخلية -إقليم تز... → 2026-08-24
2026-08-10 09:22:27,060 [INFO]   Détails: https://www.emploi-public.ma/ar/%D8%AA%D9%81%D8%A7%D8%B5%D9%8A%D9%84/%D9%85%D9%86%D8%A7%D8%B5%D8%A8-%D8%A7%D9%84%D9%85%D8%B3%D8%A4%D9%88%D9%84%D9%8A%D8%A9/6bf72bad-f1df-449e-b7f2-7bf6242b2d85
2026-08-10 09:22:28,159 [INFO]     PDF trouvé: قرار فتح باب الترشيح (score: 35)
2026-08-10 09:22:28,160 [INFO]   [EXPIRÉE] لائحة الناجحين في مناصب المسؤولية ب المندوبية الوزارية المكل... → 2026-07-28
2026-08-10 09:22:28,160 [INFO]   Détails: https://www.emploi-public.ma/ar/%D8%AA%D9%81%D8%A7%D8%B5%D9%8A%D9%84/%D9%85%D9%86%D8%A7%D8%B5%D8%A8-%D8%A7%D9%84%D9%85%D8%B3%D8%A4%D9%88%D9%84%D9%8A%D8%A9/19cf5e66-9675-4021-ab42-b1b0b537132c
2026-08-10 09:22:29,808 [INFO]     PDF trouvé: قرار فتح باب الترشيح (score: 35)
2026-08-10 09:22:29,809 [INFO]   [EXPIRÉE] فتح باب الترشيح ل مناصب المسؤولية ب وزارة الشباب والثقافة وا... → 2026-08-05
2026-08-10 09:22:29,809 [INFO]   Détails: https://www.emploi-public.ma/ar/%D8%AA%D9%81%D8%A7%D8%B5%D9%8A%D9%84/%D9%85%D9%86%D8%A7%D8%B5%D8%A8-%D8%A7%D9%84%D9%85%D8%B3%D8%A4%D9%88%D9%84%D9%8A%D8%A9/eb11c5f5-5e0a-4093-be4a-be951ac1d902
2026-08-10 09:22:30,829 [INFO]     PDF trouvé: قرار فتح باب الترشيح (score: 35)
2026-08-10 09:22:30,830 [INFO]   [EXPIRÉE] فتح باب الترشيح ل مناصب المسؤولية ب وزارة الشباب والثقافة وا... → 2026-08-05
2026-08-10 09:22:30,831 [INFO]   Détails: https://www.emploi-public.ma/ar/%D8%AA%D9%81%D8%A7%D8%B5%D9%8A%D9%84/%D9%85%D9%86%D8%A7%D8%B5%D8%A8-%D8%A7%D9%84%D9%85%D8%B3%D8%A4%D9%88%D9%84%D9%8A%D8%A9/f79a757f-1c02-4b6f-9fa3-500027d7dcdb
2026-08-10 09:22:33,434 [INFO]     PDF trouvé: قرار فتح باب الترشيح (score: 35)
2026-08-10 09:22:33,435 [INFO]   [EN COURS] فتح باب الترشيح ل مناصب المسؤولية ب وزارة العدل... → 2026-08-24
2026-08-10 09:22:33,436 [INFO]   Détails: https://www.emploi-public.ma/ar/%D8%AA%D9%81%D8%A7%D8%B5%D9%8A%D9%84/%D9%85%D9%86%D8%A7%D8%B5%D8%A8-%D8%A7%D9%84%D9%85%D8%B3%D8%A4%D9%88%D9%84%D9%8A%D8%A9/39e0be7c-935c-470f-813a-4ef6dc80ce2a
2026-08-10 09:22:34,342 [INFO]     PDF trouvé: قرار فتح باب الترشيح (score: 35)
2026-08-10 09:22:34,343 [INFO]   [EXPIRÉE] فتح باب الترشيح ل مناصب المسؤولية ب وزارة الفلاحة والصيد الب... → 2026-08-04
2026-08-10 09:22:34,344 [INFO]   Détails: https://www.emploi-public.ma/ar/%D8%AA%D9%81%D8%A7%D8%B5%D9%8A%D9%84/%D9%85%D9%86%D8%A7%D8%B5%D8%A8-%D8%A7%D9%84%D9%85%D8%B3%D8%A4%D9%88%D9%84%D9%8A%D8%A9/a2d8ded6-f6da-4802-aa9c-5d77f0e0e766
2026-08-10 09:22:35,882 [INFO]     PDF trouvé: قرار فتح باب الترشيح (score: 35)
2026-08-10 09:22:35,883 [INFO]   [EXPIRÉE] فتح باب الترشيح ل مناصب المسؤولية ب وزارة الاقتصاد والمالية... → 2026-08-04
2026-08-10 09:22:35,883 [INFO]   Détails: https://www.emploi-public.ma/ar/%D8%AA%D9%81%D8%A7%D8%B5%D9%8A%D9%84/%D9%85%D9%86%D8%A7%D8%B5%D8%A8-%D8%A7%D9%84%D9%85%D8%B3%D8%A4%D9%88%D9%84%D9%8A%D8%A9/e774ca4d-81dc-42d4-8139-14553b32118f
2026-08-10 09:22:36,719 [INFO]     PDF trouvé: قرار فتح باب الترشيح (score: 35)
2026-08-10 09:22:36,720 [INFO]   [EXPIRÉE] فتح باب الترشيح ل مناصب المسؤولية ب وزارة الشباب والثقافة وا... → 2026-08-04
2026-08-10 09:22:36,721 [INFO]   Détails: https://www.emploi-public.ma/ar/%D8%AA%D9%81%D8%A7%D8%B5%D9%8A%D9%84/%D9%85%D9%86%D8%A7%D8%B5%D8%A8-%D8%A7%D9%84%D9%85%D8%B3%D8%A4%D9%88%D9%84%D9%8A%D8%A9/3b6918d1-3c36-4588-a26b-fbe714b6e52d
2026-08-10 09:22:37,699 [INFO]     PDF trouvé: قرار فتح باب الترشيح (score: 35)
2026-08-10 09:22:37,700 [INFO]   [EXPIRÉE] لائحة الناجحين في مناصب المسؤولية ب وزارة النقل واللوجيستيك... → 2026-06-24
2026-08-10 09:22:37,701 [INFO]   Détails: https://www.emploi-public.ma/ar/%D8%AA%D9%81%D8%A7%D8%B5%D9%8A%D9%84/%D9%85%D9%86%D8%A7%D8%B5%D8%A8-%D8%A7%D9%84%D9%85%D8%B3%D8%A4%D9%88%D9%84%D9%8A%D8%A9/3c1b93d3-a702-4188-928e-8f36bb4b82d1
2026-08-10 09:22:41,862 [INFO]     PDF trouvé: قرار فتح باب الترشيح (score: 35)
2026-08-10 09:22:41,863 [INFO]   [EN COURS] مسؤول التنشيط والتنمية (رجل /امرأة)... → 2026-08-11
2026-08-10 09:22:41,863 [INFO]   Détails: https://www.emploi-public.ma/ar/%D8%AA%D9%81%D8%A7%D8%B5%D9%8A%D9%84/%D9%85%D9%86%D8%A7%D8%B5%D8%A8-%D8%A7%D9%84%D9%85%D8%B3%D8%A4%D9%88%D9%84%D9%8A%D8%A9/a7c1324e-485f-4839-ad77-ea9897200622
2026-08-10 09:22:42,810 [INFO]     PDF trouvé: قرار فتح باب الترشيح (score: 35)
2026-08-10 09:22:42,811 [INFO]   [EN COURS] مسؤول الصيانة والبنيات التحتية (رجل/امرأة)... → 2026-08-11
2026-08-10 09:22:42,811 [INFO]   Détails: https://www.emploi-public.ma/ar/%D8%AA%D9%81%D8%A7%D8%B5%D9%8A%D9%84/%D9%85%D9%86%D8%A7%D8%B5%D8%A8-%D8%A7%D9%84%D9%85%D8%B3%D8%A4%D9%88%D9%84%D9%8A%D8%A9/c33658fc-f238-4cb6-9f53-0e9cd438d3fc
2026-08-10 09:22:43,592 [INFO]     PDF trouvé: قرار فتح باب الترشيح (score: 35)
2026-08-10 09:22:43,593 [INFO]   [EN COURS] مدير المصالح بجماعة سعادة... → 2026-08-11
2026-08-10 09:22:43,593 [INFO]   Détails: https://www.emploi-public.ma/ar/%D8%AA%D9%81%D8%A7%D8%B5%D9%8A%D9%84/%D9%85%D9%86%D8%A7%D8%B5%D8%A8-%D8%A7%D9%84%D9%85%D8%B3%D8%A4%D9%88%D9%84%D9%8A%D8%A9/04533a2c-66bc-4c87-b2f9-3d090d8e06a0
2026-08-10 09:22:46,296 [INFO]     PDF trouvé: قرار فتح باب الترشيح (score: 35)
2026-08-10 09:22:46,297 [INFO]   [EN COURS] مهندس... → 2026-08-11
2026-08-10 09:22:46,297 [INFO] Page 4/5
2026-08-10 09:22:46,297 [INFO] Scraping page: https://www.emploi-public.ma/ar/قائمة-مناصب-المسؤولية?page=3
2026-08-10 09:22:47,258 [INFO]   → 13 annonces trouvées sur cette page
2026-08-10 09:22:47,259 [INFO]   Détails: https://www.emploi-public.ma/ar/%D8%AA%D9%81%D8%A7%D8%B5%D9%8A%D9%84/%D9%85%D9%86%D8%A7%D8%B5%D8%A8-%D8%A7%D9%84%D9%85%D8%B3%D8%A4%D9%88%D9%84%D9%8A%D8%A9/09438eb0-5e92-4df8-abe9-22c776ae6df9
2026-08-10 09:22:48,080 [INFO]     PDF trouvé: قرار فتح باب الترشيح (score: 35)
2026-08-10 09:22:48,081 [INFO]   [EXPIRÉE] لائحة المدعوين لاجتياز اختبار الترشيح ل مناصب المسؤولية ب وز... → 2026-05-29
2026-08-10 09:22:48,081 [INFO]   Détails: https://www.emploi-public.ma/ar/%D8%AA%D9%81%D8%A7%D8%B5%D9%8A%D9%84/%D9%85%D9%86%D8%A7%D8%B5%D8%A8-%D8%A7%D9%84%D9%85%D8%B3%D8%A4%D9%88%D9%84%D9%8A%D8%A9/bb476430-77cb-414d-ba1f-13c627c55c66
2026-08-10 09:22:49,653 [INFO]     PDF trouvé: قرار فتح باب الترشيح (score: 35)
2026-08-10 09:22:49,654 [INFO]   [EN COURS] فتح باب الترشيح ل مناصب المسؤولية ب المندوبية الوزارية المكل... → 2026-08-24
2026-08-10 09:22:49,654 [INFO]   Détails: https://www.emploi-public.ma/ar/%D8%AA%D9%81%D8%A7%D8%B5%D9%8A%D9%84/%D9%85%D9%86%D8%A7%D8%B5%D8%A8-%D8%A7%D9%84%D9%85%D8%B3%D8%A4%D9%88%D9%84%D9%8A%D8%A9/3994c0b9-790d-4e5d-b147-c784cf157aab
2026-08-10 09:22:51,101 [INFO]     PDF trouvé: قرار فتح باب الترشيح (score: 35)
2026-08-10 09:22:51,102 [INFO]   [EXPIRÉE] فتح باب الترشيح ل مناصب المسؤولية ب وزارة الفلاحة والصيد الب... → 2026-08-03
2026-08-10 09:22:51,102 [INFO]   Détails: https://www.emploi-public.ma/ar/%D8%AA%D9%81%D8%A7%D8%B5%D9%8A%D9%84/%D9%85%D9%86%D8%A7%D8%B5%D8%A8-%D8%A7%D9%84%D9%85%D8%B3%D8%A4%D9%88%D9%84%D9%8A%D8%A9/f8baf400-d3be-464c-a9cd-a75fc5d8a8bc
2026-08-10 09:22:51,742 [INFO]     PDF trouvé: قرار فتح باب الترشيح (score: 35)
2026-08-10 09:22:51,743 [INFO]   [EXPIRÉE] فتح باب الترشيح ل مناصب المسؤولية ب وزارة الشباب والثقافة وا... → 2026-08-03
2026-08-10 09:22:51,744 [INFO]   Détails: https://www.emploi-public.ma/ar/%D8%AA%D9%81%D8%A7%D8%B5%D9%8A%D9%84/%D9%85%D9%86%D8%A7%D8%B5%D8%A8-%D8%A7%D9%84%D9%85%D8%B3%D8%A4%D9%88%D9%84%D9%8A%D8%A9/17642040-c2de-4150-bf47-0523cb6a6615
2026-08-10 09:22:52,911 [INFO]     PDF trouvé: قرار فتح باب الترشيح (score: 35)
2026-08-10 09:22:52,912 [INFO]   [EXPIRÉE] فتح باب الترشيح ل مناصب المسؤولية ب وزارة الشباب والثقافة وا... → 2026-08-03
2026-08-10 09:22:52,912 [INFO]   Détails: https://www.emploi-public.ma/ar/%D8%AA%D9%81%D8%A7%D8%B5%D9%8A%D9%84/%D9%85%D9%86%D8%A7%D8%B5%D8%A8-%D8%A7%D9%84%D9%85%D8%B3%D8%A4%D9%88%D9%84%D9%8A%D8%A9/33fadd95-e7a3-48e9-9532-58ab3fef908c
2026-08-10 09:22:53,571 [INFO]     PDF trouvé: قرار فتح باب الترشيح (score: 35)
2026-08-10 09:22:53,572 [INFO]   [EXPIRÉE] فتح باب الترشيح ل مناصب المسؤولية ب وزارة الشباب والثقافة وا... → 2026-08-03
2026-08-10 09:22:53,573 [INFO]   Détails: https://www.emploi-public.ma/ar/%D8%AA%D9%81%D8%A7%D8%B5%D9%8A%D9%84/%D9%85%D9%86%D8%A7%D8%B5%D8%A8-%D8%A7%D9%84%D9%85%D8%B3%D8%A4%D9%88%D9%84%D9%8A%D8%A9/f6181909-9d0e-4bf9-aa98-7c5bb916b755
2026-08-10 09:22:55,303 [INFO]     PDF trouvé: قرار فتح باب الترشيح (score: 35)
2026-08-10 09:22:55,304 [INFO]   [EXPIRÉE] فتح باب الترشيح ل مناصب المسؤولية ب وزارة الشباب والثقافة وا... → 2026-08-03
2026-08-10 09:22:55,304 [INFO]   Détails: https://www.emploi-public.ma/ar/%D8%AA%D9%81%D8%A7%D8%B5%D9%8A%D9%84/%D9%85%D9%86%D8%A7%D8%B5%D8%A8-%D8%A7%D9%84%D9%85%D8%B3%D8%A4%D9%88%D9%84%D9%8A%D8%A9/5d665ecc-2ba0-419a-81e1-a402431adc16
2026-08-10 09:22:57,211 [INFO]     PDF trouvé: قرار فتح باب الترشيح (score: 35)
2026-08-10 09:22:57,212 [INFO]   [EXPIRÉE] فتح باب الترشيح ل مناصب المسؤولية ب وزارة الشباب والثقافة وا... → 2026-08-03
2026-08-10 09:22:57,212 [INFO]   Détails: https://www.emploi-public.ma/ar/%D8%AA%D9%81%D8%A7%D8%B5%D9%8A%D9%84/%D9%85%D9%86%D8%A7%D8%B5%D8%A8-%D8%A7%D9%84%D9%85%D8%B3%D8%A4%D9%88%D9%84%D9%8A%D8%A9/dd4ef999-edb7-4d73-a51f-f94527df58d6
2026-08-10 09:22:58,542 [INFO]     PDF trouvé: قرار فتح باب الترشيح (score: 35)
2026-08-10 09:22:58,543 [INFO]   [EXPIRÉE] فتح باب الترشيح ل مناصب المسؤولية ب وزارة الفلاحة والصيد الب... → 2026-08-03
2026-08-10 09:22:58,544 [INFO]   Détails: https://www.emploi-public.ma/ar/%D8%AA%D9%81%D8%A7%D8%B5%D9%8A%D9%84/%D9%85%D9%86%D8%A7%D8%B5%D8%A8-%D8%A7%D9%84%D9%85%D8%B3%D8%A4%D9%88%D9%84%D9%8A%D8%A9/3c1b93d3-a702-4188-928e-8f36bb4b82d1
2026-08-10 09:22:59,459 [INFO]     PDF trouvé: قرار فتح باب الترشيح (score: 35)
2026-08-10 09:22:59,460 [INFO]   [EN COURS] مسؤول التنشيط والتنمية (رجل /امرأة)... → 2026-08-11
2026-08-10 09:22:59,460 [INFO]   Détails: https://www.emploi-public.ma/ar/%D8%AA%D9%81%D8%A7%D8%B5%D9%8A%D9%84/%D9%85%D9%86%D8%A7%D8%B5%D8%A8-%D8%A7%D9%84%D9%85%D8%B3%D8%A4%D9%88%D9%84%D9%8A%D8%A9/a7c1324e-485f-4839-ad77-ea9897200622
2026-08-10 09:23:00,702 [INFO]     PDF trouvé: قرار فتح باب الترشيح (score: 35)
2026-08-10 09:23:00,703 [INFO]   [EN COURS] مسؤول الصيانة والبنيات التحتية (رجل/امرأة)... → 2026-08-11
2026-08-10 09:23:00,704 [INFO]   Détails: https://www.emploi-public.ma/ar/%D8%AA%D9%81%D8%A7%D8%B5%D9%8A%D9%84/%D9%85%D9%86%D8%A7%D8%B5%D8%A8-%D8%A7%D9%84%D9%85%D8%B3%D8%A4%D9%88%D9%84%D9%8A%D8%A9/c33658fc-f238-4cb6-9f53-0e9cd438d3fc
2026-08-10 09:23:03,285 [INFO]     PDF trouvé: قرار فتح باب الترشيح (score: 35)
2026-08-10 09:23:03,286 [INFO]   [EN COURS] مدير المصالح بجماعة سعادة... → 2026-08-11
2026-08-10 09:23:03,286 [INFO]   Détails: https://www.emploi-public.ma/ar/%D8%AA%D9%81%D8%A7%D8%B5%D9%8A%D9%84/%D9%85%D9%86%D8%A7%D8%B5%D8%A8-%D8%A7%D9%84%D9%85%D8%B3%D8%A4%D9%88%D9%84%D9%8A%D8%A9/04533a2c-66bc-4c87-b2f9-3d090d8e06a0
2026-08-10 09:23:04,043 [INFO]     PDF trouvé: قرار فتح باب الترشيح (score: 35)
2026-08-10 09:23:04,044 [INFO]   [EN COURS] مهندس... → 2026-08-11
2026-08-10 09:23:04,044 [INFO] Page 5/5
2026-08-10 09:23:04,044 [INFO] Scraping page: https://www.emploi-public.ma/ar/قائمة-مناصب-المسؤولية?page=4
2026-08-10 09:23:05,468 [INFO]   → 13 annonces trouvées sur cette page
2026-08-10 09:23:05,469 [INFO]   Détails: https://www.emploi-public.ma/ar/%D8%AA%D9%81%D8%A7%D8%B5%D9%8A%D9%84/%D9%85%D9%86%D8%A7%D8%B5%D8%A8-%D8%A7%D9%84%D9%85%D8%B3%D8%A4%D9%88%D9%84%D9%8A%D8%A9/716ae71a-4687-466a-ae3c-6f09c68b0175
2026-08-10 09:23:07,229 [INFO]     PDF trouvé: قرار فتح باب الترشيح (score: 35)
2026-08-10 09:23:07,231 [INFO]   [EXPIRÉE] لائحة الناجحين في مناصب المسؤولية ب وزارة الداخلية -عمالة ال... → 2026-04-17
2026-08-10 09:23:07,231 [INFO]   Détails: https://www.emploi-public.ma/ar/%D8%AA%D9%81%D8%A7%D8%B5%D9%8A%D9%84/%D9%85%D9%86%D8%A7%D8%B5%D8%A8-%D8%A7%D9%84%D9%85%D8%B3%D8%A4%D9%88%D9%84%D9%8A%D8%A9/b349c2e5-0e5e-42d2-bf1d-d96f5da31081
2026-08-10 09:23:07,935 [INFO]     PDF trouvé: قرار فتح باب الترشيح (score: 35)
2026-08-10 09:23:07,936 [INFO]   [EXPIRÉE] فتح باب الترشيح ل مناصب المسؤولية ب وزارة الداخلية -عمالة إق... → 2026-07-31
2026-08-10 09:23:07,936 [INFO]   Détails: https://www.emploi-public.ma/ar/%D8%AA%D9%81%D8%A7%D8%B5%D9%8A%D9%84/%D9%85%D9%86%D8%A7%D8%B5%D8%A8-%D8%A7%D9%84%D9%85%D8%B3%D8%A4%D9%88%D9%84%D9%8A%D8%A9/65bb098d-84db-4eea-a26f-408d847c19d6
2026-08-10 09:23:08,762 [INFO]     PDF trouvé: قرار فتح باب الترشيح (score: 35)
2026-08-10 09:23:08,763 [INFO]   [EXPIRÉE] لائحة الناجحين في مناصب المسؤولية ب وزارة الداخلية -عمالة إق... → 2026-06-11
2026-08-10 09:23:08,764 [INFO]   Détails: https://www.emploi-public.ma/ar/%D8%AA%D9%81%D8%A7%D8%B5%D9%8A%D9%84/%D9%85%D9%86%D8%A7%D8%B5%D8%A8-%D8%A7%D9%84%D9%85%D8%B3%D8%A4%D9%88%D9%84%D9%8A%D8%A9/4634f231-1c41-439b-9e77-a5c74ee289d4
2026-08-10 09:23:11,887 [INFO]     PDF trouvé: قرار فتح باب الترشيح (score: 35)
2026-08-10 09:23:11,888 [INFO]   [EXPIRÉE] لائحة الناجحين في مناصب المسؤولية ب وزارة الداخلية -عمالة إق... → 2026-06-11
2026-08-10 09:23:11,889 [INFO]   Détails: https://www.emploi-public.ma/ar/%D8%AA%D9%81%D8%A7%D8%B5%D9%8A%D9%84/%D9%85%D9%86%D8%A7%D8%B5%D8%A8-%D8%A7%D9%84%D9%85%D8%B3%D8%A4%D9%88%D9%84%D9%8A%D8%A9/36fa2f7f-c1b1-4034-9c58-493276fbf647
2026-08-10 09:23:13,441 [INFO]     PDF trouvé: قرار فتح باب الترشيح (score: 35)
2026-08-10 09:23:13,441 [INFO]   [EXPIRÉE] لائحة الناجحين في مناصب المسؤولية ب وزارة الداخلية -عمالة إق... → 2026-06-11
2026-08-10 09:23:13,442 [INFO]   Détails: https://www.emploi-public.ma/ar/%D8%AA%D9%81%D8%A7%D8%B5%D9%8A%D9%84/%D9%85%D9%86%D8%A7%D8%B5%D8%A8-%D8%A7%D9%84%D9%85%D8%B3%D8%A4%D9%88%D9%84%D9%8A%D8%A9/506cdea9-bd57-40fd-8470-b783d8301a02
2026-08-10 09:23:14,352 [INFO]     PDF trouvé: قرار فتح باب الترشيح (score: 35)
2026-08-10 09:23:14,353 [INFO]   [EXPIRÉE] لائحة الناجحين في مناصب المسؤولية ب وزارة الداخلية -عمالة إق... → 2026-06-11
2026-08-10 09:23:14,353 [INFO]   Détails: https://www.emploi-public.ma/ar/%D8%AA%D9%81%D8%A7%D8%B5%D9%8A%D9%84/%D9%85%D9%86%D8%A7%D8%B5%D8%A8-%D8%A7%D9%84%D9%85%D8%B3%D8%A4%D9%88%D9%84%D9%8A%D8%A9/2d35329b-1cad-4415-adf4-37f8ccdc54bc
2026-08-10 09:23:15,098 [INFO]     PDF trouvé: قرار فتح باب الترشيح (score: 35)
2026-08-10 09:23:15,099 [INFO]   [EN COURS] فتح باب الترشيح ل مناصب المسؤولية ب وزارة الاقتصاد والمالية... → 2026-08-24
2026-08-10 09:23:15,099 [INFO]   Détails: https://www.emploi-public.ma/ar/%D8%AA%D9%81%D8%A7%D8%B5%D9%8A%D9%84/%D9%85%D9%86%D8%A7%D8%B5%D8%A8-%D8%A7%D9%84%D9%85%D8%B3%D8%A4%D9%88%D9%84%D9%8A%D8%A9/285038bc-37a7-4968-9df1-c4814ae91a9d
2026-08-10 09:23:15,973 [INFO]     PDF trouvé: قرار فتح باب الترشيح (score: 35)
2026-08-10 09:23:15,974 [INFO]   [EN COURS] فتح باب الترشيح ل مناصب المسؤولية ب وزارة الاقتصاد والمالية... → 2026-08-18
2026-08-10 09:23:15,974 [INFO]   Détails: https://www.emploi-public.ma/ar/%D8%AA%D9%81%D8%A7%D8%B5%D9%8A%D9%84/%D9%85%D9%86%D8%A7%D8%B5%D8%A8-%D8%A7%D9%84%D9%85%D8%B3%D8%A4%D9%88%D9%84%D9%8A%D8%A9/5a13f04d-51f3-490a-8d5f-e8129d1b81cd
2026-08-10 09:23:16,730 [INFO]     PDF trouvé: قرار فتح باب الترشيح (score: 35)
2026-08-10 09:23:16,731 [INFO]   [EXPIRÉE] لائحة الناجحين في مناصب المسؤولية ب وزارة الداخلية -عمالة إق... → 2025-10-23
2026-08-10 09:23:16,731 [INFO]   Détails: https://www.emploi-public.ma/ar/%D8%AA%D9%81%D8%A7%D8%B5%D9%8A%D9%84/%D9%85%D9%86%D8%A7%D8%B5%D8%A8-%D8%A7%D9%84%D9%85%D8%B3%D8%A4%D9%88%D9%84%D9%8A%D8%A9/3c1b93d3-a702-4188-928e-8f36bb4b82d1
2026-08-10 09:23:20,446 [INFO]     PDF trouvé: قرار فتح باب الترشيح (score: 35)
2026-08-10 09:23:20,447 [INFO]   [EN COURS] مسؤول التنشيط والتنمية (رجل /امرأة)... → 2026-08-11
2026-08-10 09:23:20,447 [INFO]   Détails: https://www.emploi-public.ma/ar/%D8%AA%D9%81%D8%A7%D8%B5%D9%8A%D9%84/%D9%85%D9%86%D8%A7%D8%B5%D8%A8-%D8%A7%D9%84%D9%85%D8%B3%D8%A4%D9%88%D9%84%D9%8A%D8%A9/a7c1324e-485f-4839-ad77-ea9897200622
2026-08-10 09:23:21,590 [INFO]     PDF trouvé: قرار فتح باب الترشيح (score: 35)
2026-08-10 09:23:21,592 [INFO]   [EN COURS] مسؤول الصيانة والبنيات التحتية (رجل/امرأة)... → 2026-08-11
2026-08-10 09:23:21,592 [INFO]   Détails: https://www.emploi-public.ma/ar/%D8%AA%D9%81%D8%A7%D8%B5%D9%8A%D9%84/%D9%85%D9%86%D8%A7%D8%B5%D8%A8-%D8%A7%D9%84%D9%85%D8%B3%D8%A4%D9%88%D9%84%D9%8A%D8%A9/c33658fc-f238-4cb6-9f53-0e9cd438d3fc
2026-08-10 09:23:22,577 [INFO]     PDF trouvé: قرار فتح باب الترشيح (score: 35)
2026-08-10 09:23:22,578 [INFO]   [EN COURS] مدير المصالح بجماعة سعادة... → 2026-08-11
2026-08-10 09:23:22,579 [INFO]   Détails: https://www.emploi-public.ma/ar/%D8%AA%D9%81%D8%A7%D8%B5%D9%8A%D9%84/%D9%85%D9%86%D8%A7%D8%B5%D8%A8-%D8%A7%D9%84%D9%85%D8%B3%D8%A4%D9%88%D9%84%D9%8A%D8%A9/04533a2c-66bc-4c87-b2f9-3d090d8e06a0
2026-08-10 09:23:23,272 [INFO]     PDF trouvé: قرار فتح باب الترشيح (score: 35)
2026-08-10 09:23:23,273 [INFO]   [EN COURS] مهندس... → 2026-08-11
2026-08-10 09:23:23,273 [INFO] 
--- Catégorie: المناصب العليا ---
2026-08-10 09:23:23,273 [INFO] Page 1/5
2026-08-10 09:23:23,273 [INFO] Scraping page: https://www.emploi-public.ma/ar/قائمة-المناصب-العليا
2026-08-10 09:23:23,929 [INFO]   → 9 annonces trouvées sur cette page
2026-08-10 09:23:23,930 [INFO]   Détails: https://www.emploi-public.ma/ar/%D8%AA%D9%81%D8%A7%D8%B5%D9%8A%D9%84/%D8%A7%D9%84%D9%85%D9%86%D8%A7%D8%B5%D8%A8-%D8%A7%D9%84%D8%B9%D9%84%D9%8A%D8%A7/d35f9436-c21b-42ea-ae4e-69c290875508
2026-08-10 09:23:29,628 [WARNING] Format de date non reconnu: 30
2026-08-10 09:23:29,629 [INFO]     PDF trouvé: قرار فتح باب الترشيح (score: 35)
2026-08-10 09:23:29,630 [INFO]   [PAS DE DATE] فتح باب الترشيح للمناصب العليا مدير الموارد...
2026-08-10 09:23:29,630 [INFO]   Détails: https://www.emploi-public.ma/ar/%D8%AA%D9%81%D8%A7%D8%B5%D9%8A%D9%84/%D8%A7%D9%84%D9%85%D9%86%D8%A7%D8%B5%D8%A8-%D8%A7%D9%84%D8%B9%D9%84%D9%8A%D8%A7/adb009b6-d9e6-4a81-ba14-b793dce37591
2026-08-10 09:23:31,061 [WARNING] Format de date non reconnu: 30
2026-08-10 09:23:31,062 [INFO]     PDF trouvé: قرار فتح باب الترشيح (score: 35)
2026-08-10 09:23:31,063 [INFO]   [PAS DE DATE] فتح باب الترشيح للمناصب العليا مدير الدرسات والجبايات والتعا...
2026-08-10 09:23:31,063 [INFO]   Détails: https://www.emploi-public.ma/ar/%D8%AA%D9%81%D8%A7%D8%B5%D9%8A%D9%84/%D8%A7%D9%84%D9%85%D9%86%D8%A7%D8%B5%D8%A8-%D8%A7%D9%84%D8%B9%D9%84%D9%8A%D8%A7/2c118db1-684f-4ae4-8913-d9fce58d2cee
2026-08-10 09:23:31,698 [WARNING] Format de date non reconnu: 30
2026-08-10 09:23:31,699 [INFO]     PDF trouvé: قرار فتح باب الترشيح (score: 35)
2026-08-10 09:23:31,701 [INFO]   [PAS DE DATE] فتح باب الترشيح للمناصب العليا مدير نظم المعلومات...
2026-08-10 09:23:31,701 [INFO]   Détails: https://www.emploi-public.ma/ar/%D8%AA%D9%81%D8%A7%D8%B5%D9%8A%D9%84/%D8%A7%D9%84%D9%85%D9%86%D8%A7%D8%B5%D8%A8-%D8%A7%D9%84%D8%B9%D9%84%D9%8A%D8%A7/d7388486-fd01-4194-af1b-cb3b7d88a8ef
2026-08-10 09:23:32,373 [WARNING] Format de date non reconnu: 30
2026-08-10 09:23:32,374 [INFO]     PDF trouvé: قرار فتح باب الترشيح (score: 35)
2026-08-10 09:23:32,375 [INFO]   [PAS DE DATE] فتح باب الترشيح للمناصب العليا مدير المساطر والشراكة وتسوية ...
2026-08-10 09:23:32,375 [INFO]   Détails: https://www.emploi-public.ma/ar/%D8%AA%D9%81%D8%A7%D8%B5%D9%8A%D9%84/%D8%A7%D9%84%D9%85%D9%86%D8%A7%D8%B5%D8%A8-%D8%A7%D9%84%D8%B9%D9%84%D9%8A%D8%A7/30d00bcd-df71-43f3-945e-2204e61cb425
2026-08-10 09:23:33,262 [WARNING] Format de date non reconnu: 30
2026-08-10 09:23:33,263 [INFO]     PDF trouvé: قرار فتح باب الترشيح (score: 35)
2026-08-10 09:23:33,264 [INFO]   [PAS DE DATE] فتح باب الترشيح للمناصب العليا مدير المعهد الوطني لكتابة الض...
2026-08-10 09:23:33,264 [INFO]   Détails: https://www.emploi-public.ma/ar/%D8%AA%D9%81%D8%A7%D8%B5%D9%8A%D9%84/%D8%A7%D9%84%D9%85%D9%86%D8%A7%D8%B5%D8%A8-%D8%A7%D9%84%D8%B9%D9%84%D9%8A%D8%A7/0caf53e1-867a-4e91-a2d5-4f18a1b80e58
2026-08-10 09:23:34,057 [WARNING] Format de date non reconnu: 30
2026-08-10 09:23:34,058 [INFO]     PDF trouvé: قرار فتح باب الترشيح (score: 35)
2026-08-10 09:23:34,059 [INFO]   [PAS DE DATE] فتح باب الترشيح للمناصب العليا مدير الموارد البشرية والمالية...
2026-08-10 09:23:34,060 [INFO]   Détails: https://www.emploi-public.ma/ar/%D8%AA%D9%81%D8%A7%D8%B5%D9%8A%D9%84/%D8%A7%D9%84%D9%85%D9%86%D8%A7%D8%B5%D8%A8-%D8%A7%D9%84%D8%B9%D9%84%D9%8A%D8%A7/a260f3d6-19bf-4755-87e7-64988bd5d952
2026-08-10 09:23:34,890 [WARNING] Format de date non reconnu: 30
2026-08-10 09:23:34,891 [INFO]     PDF trouvé: قرار فتح باب الترشيح (score: 35)
2026-08-10 09:23:34,892 [INFO]   [PAS DE DATE] فتح باب الترشيح للمناصب العليا مدير الملاحة الجوية المدنية...
2026-08-10 09:23:34,892 [INFO]   Détails: https://www.emploi-public.ma/ar/%D8%AA%D9%81%D8%A7%D8%B5%D9%8A%D9%84/%D8%A7%D9%84%D9%85%D9%86%D8%A7%D8%B5%D8%A8-%D8%A7%D9%84%D8%B9%D9%84%D9%8A%D8%A7/803881f5-f7fa-4f8f-b2cd-d6b1566b7fe5
2026-08-10 09:23:35,570 [WARNING] Format de date non reconnu: 30
2026-08-10 09:23:35,571 [INFO]     PDF trouvé: قرار فتح باب الترشيح (score: 35)
2026-08-10 09:23:35,572 [INFO]   [PAS DE DATE] فتح باب الترشيح للمناصب العليا مدير المعهد العالي للدراسات ا...
2026-08-10 09:23:35,572 [INFO]   Détails: https://www.emploi-public.ma/ar/%D8%AA%D9%81%D8%A7%D8%B5%D9%8A%D9%84/%D8%A7%D9%84%D9%85%D9%86%D8%A7%D8%B5%D8%A8-%D8%A7%D9%84%D8%B9%D9%84%D9%8A%D8%A7/43fe4445-da66-401e-a3c4-2562a221a332
2026-08-10 09:23:36,312 [WARNING] Format de date non reconnu: 30
2026-08-10 09:23:36,313 [INFO]     PDF trouvé: قرار فتح باب الترشيح (score: 35)
2026-08-10 09:23:36,314 [INFO]   [PAS DE DATE] فتح باب الترشيح للمناصب العليا مدير مؤسسة النهوض بالأعمال ال...
2026-08-10 09:23:36,314 [INFO] Page 2/5
2026-08-10 09:23:36,314 [INFO] Scraping page: https://www.emploi-public.ma/ar/قائمة-المناصب-العليا?page=1
2026-08-10 09:23:37,963 [INFO]   → 9 annonces trouvées sur cette page
2026-08-10 09:23:37,964 [INFO]   Détails: https://www.emploi-public.ma/ar/%D8%AA%D9%81%D8%A7%D8%B5%D9%8A%D9%84/%D8%A7%D9%84%D9%85%D9%86%D8%A7%D8%B5%D8%A8-%D8%A7%D9%84%D8%B9%D9%84%D9%8A%D8%A7/d35f9436-c21b-42ea-ae4e-69c290875508
2026-08-10 09:23:38,569 [WARNING] Format de date non reconnu: 30
2026-08-10 09:23:38,570 [INFO]     PDF trouvé: قرار فتح باب الترشيح (score: 35)
2026-08-10 09:23:38,571 [INFO]   [PAS DE DATE] فتح باب الترشيح للمناصب العليا مدير الموارد...
2026-08-10 09:23:38,571 [INFO]   Détails: https://www.emploi-public.ma/ar/%D8%AA%D9%81%D8%A7%D8%B5%D9%8A%D9%84/%D8%A7%D9%84%D9%85%D9%86%D8%A7%D8%B5%D8%A8-%D8%A7%D9%84%D8%B9%D9%84%D9%8A%D8%A7/adb009b6-d9e6-4a81-ba14-b793dce37591
2026-08-10 09:23:39,245 [WARNING] Format de date non reconnu: 30
2026-08-10 09:23:39,246 [INFO]     PDF trouvé: قرار فتح باب الترشيح (score: 35)
2026-08-10 09:23:39,247 [INFO]   [PAS DE DATE] فتح باب الترشيح للمناصب العليا مدير الدرسات والجبايات والتعا...
2026-08-10 09:23:39,247 [INFO]   Détails: https://www.emploi-public.ma/ar/%D8%AA%D9%81%D8%A7%D8%B5%D9%8A%D9%84/%D8%A7%D9%84%D9%85%D9%86%D8%A7%D8%B5%D8%A8-%D8%A7%D9%84%D8%B9%D9%84%D9%8A%D8%A7/2c118db1-684f-4ae4-8913-d9fce58d2cee
2026-08-10 09:23:41,772 [WARNING] Format de date non reconnu: 30
2026-08-10 09:23:41,773 [INFO]     PDF trouvé: قرار فتح باب الترشيح (score: 35)
2026-08-10 09:23:41,774 [INFO]   [PAS DE DATE] فتح باب الترشيح للمناصب العليا مدير نظم المعلومات...
2026-08-10 09:23:41,774 [INFO]   Détails: https://www.emploi-public.ma/ar/%D8%AA%D9%81%D8%A7%D8%B5%D9%8A%D9%84/%D8%A7%D9%84%D9%85%D9%86%D8%A7%D8%B5%D8%A8-%D8%A7%D9%84%D8%B9%D9%84%D9%8A%D8%A7/d7388486-fd01-4194-af1b-cb3b7d88a8ef
2026-08-10 09:23:42,451 [WARNING] Format de date non reconnu: 30
2026-08-10 09:23:42,452 [INFO]     PDF trouvé: قرار فتح باب الترشيح (score: 35)
2026-08-10 09:23:42,453 [INFO]   [PAS DE DATE] فتح باب الترشيح للمناصب العليا مدير المساطر والشراكة وتسوية ...
2026-08-10 09:23:42,453 [INFO]   Détails: https://www.emploi-public.ma/ar/%D8%AA%D9%81%D8%A7%D8%B5%D9%8A%D9%84/%D8%A7%D9%84%D9%85%D9%86%D8%A7%D8%B5%D8%A8-%D8%A7%D9%84%D8%B9%D9%84%D9%8A%D8%A7/30d00bcd-df71-43f3-945e-2204e61cb425
2026-08-10 09:23:43,215 [WARNING] Format de date non reconnu: 30
2026-08-10 09:23:43,216 [INFO]     PDF trouvé: قرار فتح باب الترشيح (score: 35)
2026-08-10 09:23:43,217 [INFO]   [PAS DE DATE] فتح باب الترشيح للمناصب العليا مدير المعهد الوطني لكتابة الض...
2026-08-10 09:23:43,217 [INFO]   Détails: https://www.emploi-public.ma/ar/%D8%AA%D9%81%D8%A7%D8%B5%D9%8A%D9%84/%D8%A7%D9%84%D9%85%D9%86%D8%A7%D8%B5%D8%A8-%D8%A7%D9%84%D8%B9%D9%84%D9%8A%D8%A7/0caf53e1-867a-4e91-a2d5-4f18a1b80e58
2026-08-10 09:23:43,863 [WARNING] Format de date non reconnu: 30
2026-08-10 09:23:43,864 [INFO]     PDF trouvé: قرار فتح باب الترشيح (score: 35)
2026-08-10 09:23:43,865 [INFO]   [PAS DE DATE] فتح باب الترشيح للمناصب العليا مدير الموارد البشرية والمالية...
2026-08-10 09:23:43,865 [INFO]   Détails: https://www.emploi-public.ma/ar/%D8%AA%D9%81%D8%A7%D8%B5%D9%8A%D9%84/%D8%A7%D9%84%D9%85%D9%86%D8%A7%D8%B5%D8%A8-%D8%A7%D9%84%D8%B9%D9%84%D9%8A%D8%A7/a260f3d6-19bf-4755-87e7-64988bd5d952
2026-08-10 09:23:45,738 [WARNING] Format de date non reconnu: 30
2026-08-10 09:23:45,739 [INFO]     PDF trouvé: قرار فتح باب الترشيح (score: 35)
2026-08-10 09:23:45,740 [INFO]   [PAS DE DATE] فتح باب الترشيح للمناصب العليا مدير الملاحة الجوية المدنية...
2026-08-10 09:23:45,740 [INFO]   Détails: https://www.emploi-public.ma/ar/%D8%AA%D9%81%D8%A7%D8%B5%D9%8A%D9%84/%D8%A7%D9%84%D9%85%D9%86%D8%A7%D8%B5%D8%A8-%D8%A7%D9%84%D8%B9%D9%84%D9%8A%D8%A7/803881f5-f7fa-4f8f-b2cd-d6b1566b7fe5
2026-08-10 09:23:46,418 [WARNING] Format de date non reconnu: 30
2026-08-10 09:23:46,419 [INFO]     PDF trouvé: قرار فتح باب الترشيح (score: 35)
2026-08-10 09:23:46,420 [INFO]   [PAS DE DATE] فتح باب الترشيح للمناصب العليا مدير المعهد العالي للدراسات ا...
2026-08-10 09:23:46,420 [INFO]   Détails: https://www.emploi-public.ma/ar/%D8%AA%D9%81%D8%A7%D8%B5%D9%8A%D9%84/%D8%A7%D9%84%D9%85%D9%86%D8%A7%D8%B5%D8%A8-%D8%A7%D9%84%D8%B9%D9%84%D9%8A%D8%A7/43fe4445-da66-401e-a3c4-2562a221a332
2026-08-10 09:23:47,076 [WARNING] Format de date non reconnu: 30
2026-08-10 09:23:47,077 [INFO]     PDF trouvé: قرار فتح باب الترشيح (score: 35)
2026-08-10 09:23:47,078 [INFO]   [PAS DE DATE] فتح باب الترشيح للمناصب العليا مدير مؤسسة النهوض بالأعمال ال...
2026-08-10 09:23:47,078 [INFO] Page 3/5
2026-08-10 09:23:47,078 [INFO] Scraping page: https://www.emploi-public.ma/ar/قائمة-المناصب-العليا?page=2
2026-08-10 09:23:49,242 [INFO]   → 9 annonces trouvées sur cette page
2026-08-10 09:23:49,243 [INFO]   Détails: https://www.emploi-public.ma/ar/%D8%AA%D9%81%D8%A7%D8%B5%D9%8A%D9%84/%D8%A7%D9%84%D9%85%D9%86%D8%A7%D8%B5%D8%A8-%D8%A7%D9%84%D8%B9%D9%84%D9%8A%D8%A7/2c16f418-dd0f-4bb2-b66e-f926057114f9
2026-08-10 09:23:49,757 [WARNING] Format de date non reconnu: 30
2026-08-10 09:23:49,758 [INFO]     PDF trouvé: قرار فتح باب الترشيح (score: 35)
2026-08-10 09:23:49,759 [INFO]   [PAS DE DATE] فتح باب الترشيح للمناصب العليا مدير الشباب...
2026-08-10 09:23:49,759 [INFO]   Détails: https://www.emploi-public.ma/ar/%D8%AA%D9%81%D8%A7%D8%B5%D9%8A%D9%84/%D8%A7%D9%84%D9%85%D9%86%D8%A7%D8%B5%D8%A8-%D8%A7%D9%84%D8%B9%D9%84%D9%8A%D8%A7/fb33496a-b3e4-46d5-a556-86d0223b04f8
2026-08-10 09:23:51,153 [WARNING] Format de date non reconnu: 30
2026-08-10 09:23:51,154 [INFO]     PDF trouvé: قرار فتح باب الترشيح (score: 35)
2026-08-10 09:23:51,155 [INFO]   [PAS DE DATE] فتح باب الترشيح للمناصب العليا مدير(ة) الشؤون العامة...
2026-08-10 09:23:51,155 [INFO]   Détails: https://www.emploi-public.ma/ar/%D8%AA%D9%81%D8%A7%D8%B5%D9%8A%D9%84/%D8%A7%D9%84%D9%85%D9%86%D8%A7%D8%B5%D8%A8-%D8%A7%D9%84%D8%B9%D9%84%D9%8A%D8%A7/d75f25b8-e1b6-4bba-9bf2-9bcc6a5e913c
2026-08-10 09:23:55,079 [WARNING] Format de date non reconnu: 30
2026-08-10 09:23:55,080 [INFO]     PDF trouvé: قرار فتح باب الترشيح (score: 35)
2026-08-10 09:23:55,081 [INFO]   [PAS DE DATE] فتح باب الترشيح للمناصب العليا مدير الانظمة والدراسات التاري...
2026-08-10 09:23:55,081 [INFO]   Détails: https://www.emploi-public.ma/ar/%D8%AA%D9%81%D8%A7%D8%B5%D9%8A%D9%84/%D8%A7%D9%84%D9%85%D9%86%D8%A7%D8%B5%D8%A8-%D8%A7%D9%84%D8%B9%D9%84%D9%8A%D8%A7/4d6a3c99-2658-4cfd-99b5-bc5c012c8e55
2026-08-10 09:23:55,749 [WARNING] Format de date non reconnu: 30
2026-08-10 09:23:55,750 [INFO]     PDF trouvé: قرار فتح باب الترشيح (score: 35)
2026-08-10 09:23:55,750 [INFO]   [PAS DE DATE] فتح باب الترشيح للمناصب العليا مدير(ة) المركز الوطني للامتحا...
2026-08-10 09:23:55,751 [INFO]   Détails: https://www.emploi-public.ma/ar/%D8%AA%D9%81%D8%A7%D8%B5%D9%8A%D9%84/%D8%A7%D9%84%D9%85%D9%86%D8%A7%D8%B5%D8%A8-%D8%A7%D9%84%D8%B9%D9%84%D9%8A%D8%A7/d5445636-5a56-491e-9305-8cd418b361f8
2026-08-10 09:23:56,841 [WARNING] Format de date non reconnu: 00
2026-08-10 09:23:56,842 [INFO]     PDF trouvé: قرار فتح باب الترشيح (score: 35)
2026-08-10 09:23:56,843 [INFO]   [PAS DE DATE] فتح باب الترشيح للمناصب العليا مدير إعداد التراب الوطني...
2026-08-10 09:23:56,843 [INFO]   Détails: https://www.emploi-public.ma/ar/%D8%AA%D9%81%D8%A7%D8%B5%D9%8A%D9%84/%D8%A7%D9%84%D9%85%D9%86%D8%A7%D8%B5%D8%A8-%D8%A7%D9%84%D8%B9%D9%84%D9%8A%D8%A7/a19c981f-5e73-4699-978a-3c26f387e76d
2026-08-10 09:24:00,901 [WARNING] Format de date non reconnu: 00
2026-08-10 09:24:00,902 [INFO]     PDF trouvé: قرار فتح باب الترشيح (score: 35)
2026-08-10 09:24:00,903 [INFO]   [PAS DE DATE] فتح باب الترشيح للمناصب العليا مدير الوكالة الحضرية للحسيمة...
2026-08-10 09:24:00,903 [INFO]   Détails: https://www.emploi-public.ma/ar/%D8%AA%D9%81%D8%A7%D8%B5%D9%8A%D9%84/%D8%A7%D9%84%D9%85%D9%86%D8%A7%D8%B5%D8%A8-%D8%A7%D9%84%D8%B9%D9%84%D9%8A%D8%A7/c3eed04a-67b9-4ceb-b4c3-b32e0273c191
2026-08-10 09:24:01,631 [WARNING] Format de date non reconnu: 00
2026-08-10 09:24:01,632 [INFO]     PDF trouvé: قرار فتح باب الترشيح (score: 35)
2026-08-10 09:24:01,633 [INFO]   [PAS DE DATE] فتح باب الترشيح للمناصب العليا مدير الوكالة الحضرية للعرائش...
2026-08-10 09:24:01,633 [INFO]   Détails: https://www.emploi-public.ma/ar/%D8%AA%D9%81%D8%A7%D8%B5%D9%8A%D9%84/%D8%A7%D9%84%D9%85%D9%86%D8%A7%D8%B5%D8%A8-%D8%A7%D9%84%D8%B9%D9%84%D9%8A%D8%A7/6bbca177-c943-4200-991d-4945c7de6c3e
2026-08-10 09:24:02,292 [WARNING] Format de date non reconnu: 30
2026-08-10 09:24:02,293 [INFO]     PDF trouvé: قرار فتح باب الترشيح (score: 35)
2026-08-10 09:24:02,294 [INFO]   [PAS DE DATE] فتح باب الترشيح للمناصب العليا مدير(ة) الشؤون العامة...
2026-08-10 09:24:02,295 [INFO]   Détails: https://www.emploi-public.ma/ar/%D8%AA%D9%81%D8%A7%D8%B5%D9%8A%D9%84/%D8%A7%D9%84%D9%85%D9%86%D8%A7%D8%B5%D8%A8-%D8%A7%D9%84%D8%B9%D9%84%D9%8A%D8%A7/971391f4-c3ed-4054-b39a-d498fdbfba4b
2026-08-10 09:24:03,073 [WARNING] Format de date non reconnu: 30
2026-08-10 09:24:03,074 [INFO]     PDF trouvé: قرار فتح باب الترشيح (score: 35)
2026-08-10 09:24:03,075 [INFO]   [PAS DE DATE] فتح باب الترشيح للمناصب العليا مدير(ة) المعهد الملكي لتكوين ...
2026-08-10 09:24:03,075 [INFO] Page 4/5
2026-08-10 09:24:03,075 [INFO] Scraping page: https://www.emploi-public.ma/ar/قائمة-المناصب-العليا?page=3
2026-08-10 09:24:04,057 [INFO]   → 9 annonces trouvées sur cette page
2026-08-10 09:24:04,057 [INFO]   Détails: https://www.emploi-public.ma/ar/%D8%AA%D9%81%D8%A7%D8%B5%D9%8A%D9%84/%D8%A7%D9%84%D9%85%D9%86%D8%A7%D8%B5%D8%A8-%D8%A7%D9%84%D8%B9%D9%84%D9%8A%D8%A7/1afa70c8-a02b-457d-98c8-6787ae253f28
2026-08-10 09:24:05,065 [WARNING] Format de date non reconnu: 30
2026-08-10 09:24:05,066 [INFO]     PDF trouvé: قرار فتح باب الترشيح (score: 35)
2026-08-10 09:24:05,067 [INFO]   [PAS DE DATE] فتح باب الترشيح للمناصب العليا مدير مدرسة علوم المعلومات...
2026-08-10 09:24:05,067 [INFO]   Détails: https://www.emploi-public.ma/ar/%D8%AA%D9%81%D8%A7%D8%B5%D9%8A%D9%84/%D8%A7%D9%84%D9%85%D9%86%D8%A7%D8%B5%D8%A8-%D8%A7%D9%84%D8%B9%D9%84%D9%8A%D8%A7/e1c5923d-7307-42c7-90ed-21db5ce34a49
2026-08-10 09:24:05,762 [WARNING] Format de date non reconnu: 30
2026-08-10 09:24:05,763 [INFO]     PDF trouvé: قرار فتح باب الترشيح (score: 35)
2026-08-10 09:24:05,764 [INFO]   [PAS DE DATE] فتح باب الترشيح للمناصب العليا منصب مدير تشريعات البنيات الأ...
2026-08-10 09:24:05,764 [INFO]   Détails: https://www.emploi-public.ma/ar/%D8%AA%D9%81%D8%A7%D8%B5%D9%8A%D9%84/%D8%A7%D9%84%D9%85%D9%86%D8%A7%D8%B5%D8%A8-%D8%A7%D9%84%D8%B9%D9%84%D9%8A%D8%A7/cb431ce3-c104-457a-b464-8ca3b4a5fe55
2026-08-10 09:24:06,950 [WARNING] Format de date non reconnu: 30
2026-08-10 09:24:06,951 [INFO]     PDF trouvé: قرار فتح باب الترشيح (score: 35)
2026-08-10 09:24:06,952 [INFO]   [PAS DE DATE] فتح باب الترشيح للمناصب العليا مدير تشريعات الحكامة والحقوق ...
2026-08-10 09:24:06,952 [INFO]   Détails: https://www.emploi-public.ma/ar/%D8%AA%D9%81%D8%A7%D8%B5%D9%8A%D9%84/%D8%A7%D9%84%D9%85%D9%86%D8%A7%D8%B5%D8%A8-%D8%A7%D9%84%D8%B9%D9%84%D9%8A%D8%A7/83256c4b-36f7-461e-8579-7dbec3b6aae0
2026-08-10 09:24:07,645 [WARNING] Format de date non reconnu: 30
2026-08-10 09:24:07,646 [INFO]     PDF trouvé: قرار فتح باب الترشيح (score: 35)
2026-08-10 09:24:07,647 [INFO]   [PAS DE DATE] فتح باب الترشيح للمناصب العليا عميد كلية الطب والصيدلة بالرب...
2026-08-10 09:24:07,647 [INFO]   Détails: https://www.emploi-public.ma/ar/%D8%AA%D9%81%D8%A7%D8%B5%D9%8A%D9%84/%D8%A7%D9%84%D9%85%D9%86%D8%A7%D8%B5%D8%A8-%D8%A7%D9%84%D8%B9%D9%84%D9%8A%D8%A7/e1054489-8a0a-4d64-92ab-55a9dbb52ac5
2026-08-10 09:24:08,359 [WARNING] Format de date non reconnu: 30
2026-08-10 09:24:08,360 [INFO]     PDF trouvé: قرار فتح باب الترشيح (score: 35)
2026-08-10 09:24:08,361 [INFO]   [PAS DE DATE] فتح باب الترشيح للمناصب العليا مدير المدرسة المحمدية للمهندس...
2026-08-10 09:24:08,362 [INFO]   Détails: https://www.emploi-public.ma/ar/%D8%AA%D9%81%D8%A7%D8%B5%D9%8A%D9%84/%D8%A7%D9%84%D9%85%D9%86%D8%A7%D8%B5%D8%A8-%D8%A7%D9%84%D8%B9%D9%84%D9%8A%D8%A7/4276b348-5dae-41c9-b638-6ca89ffaf304
2026-08-10 09:24:09,475 [WARNING] Format de date non reconnu: 30
2026-08-10 09:24:09,476 [INFO]     PDF trouvé: قرار فتح باب الترشيح (score: 35)
2026-08-10 09:24:09,477 [INFO]   [PAS DE DATE] فتح باب الترشيح للمناصب العليا منصب مدير(ة) المركز الجهوي لم...
2026-08-10 09:24:09,477 [INFO]   Détails: https://www.emploi-public.ma/ar/%D8%AA%D9%81%D8%A7%D8%B5%D9%8A%D9%84/%D8%A7%D9%84%D9%85%D9%86%D8%A7%D8%B5%D8%A8-%D8%A7%D9%84%D8%B9%D9%84%D9%8A%D8%A7/0f48ee65-4c13-4056-a870-a38f35f26eee
2026-08-10 09:24:10,265 [WARNING] Format de date non reconnu: 30
2026-08-10 09:24:10,266 [INFO]     PDF trouvé: قرار فتح باب الترشيح (score: 35)
2026-08-10 09:24:10,267 [INFO]   [PAS DE DATE] فتح باب الترشيح للمناصب العليا مدير الانظمة والدراسات التاري...
2026-08-10 09:24:10,267 [INFO]   Détails: https://www.emploi-public.ma/ar/%D8%AA%D9%81%D8%A7%D8%B5%D9%8A%D9%84/%D8%A7%D9%84%D9%85%D9%86%D8%A7%D8%B5%D8%A8-%D8%A7%D9%84%D8%B9%D9%84%D9%8A%D8%A7/17544c4c-7a33-48bd-be97-d4e261c4b1ba
2026-08-10 09:24:10,876 [WARNING] Format de date non reconnu: 30
2026-08-10 09:24:10,877 [INFO]     PDF trouvé: قرار فتح باب الترشيح (score: 35)
2026-08-10 09:24:10,878 [INFO]   [PAS DE DATE] فتح باب الترشيح للمناصب العليا المدير(ة) العام(ة) لتنظيم الح...
2026-08-10 09:24:10,879 [INFO]   Détails: https://www.emploi-public.ma/ar/%D8%AA%D9%81%D8%A7%D8%B5%D9%8A%D9%84/%D8%A7%D9%84%D9%85%D9%86%D8%A7%D8%B5%D8%A8-%D8%A7%D9%84%D8%B9%D9%84%D9%8A%D8%A7/2062be70-06c0-4b02-b143-bb2108a03421
2026-08-10 09:24:12,954 [WARNING] Format de date non reconnu: 30
2026-08-10 09:24:12,955 [INFO]     PDF trouvé: قرار فتح باب الترشيح (score: 35)
2026-08-10 09:24:12,956 [INFO]   [PAS DE DATE] فتح باب الترشيح للمناصب العليا مدير(ة) المركز الوطني للأستاذ...
2026-08-10 09:24:12,956 [INFO] Page 5/5
2026-08-10 09:24:12,956 [INFO] Scraping page: https://www.emploi-public.ma/ar/قائمة-المناصب-العليا?page=4
2026-08-10 09:24:13,599 [INFO]   → 9 annonces trouvées sur cette page
2026-08-10 09:24:13,600 [INFO]   Détails: https://www.emploi-public.ma/ar/%D8%AA%D9%81%D8%A7%D8%B5%D9%8A%D9%84/%D8%A7%D9%84%D9%85%D9%86%D8%A7%D8%B5%D8%A8-%D8%A7%D9%84%D8%B9%D9%84%D9%8A%D8%A7/5b7e6e30-4777-469d-9fa2-856d4390a35f
2026-08-10 09:24:14,242 [WARNING] Format de date non reconnu: 30
2026-08-10 09:24:14,243 [INFO]     PDF trouvé: قرار فتح باب الترشيح (score: 35)
2026-08-10 09:24:14,244 [INFO]   [PAS DE DATE] فتح باب الترشيح للمناصب العليا مدير الشباب...
2026-08-10 09:24:14,244 [INFO]   Détails: https://www.emploi-public.ma/ar/%D8%AA%D9%81%D8%A7%D8%B5%D9%8A%D9%84/%D8%A7%D9%84%D9%85%D9%86%D8%A7%D8%B5%D8%A8-%D8%A7%D9%84%D8%B9%D9%84%D9%8A%D8%A7/5313b8af-912f-4d82-b328-04c94fbe4562
2026-08-10 09:24:14,848 [WARNING] Format de date non reconnu: 30
2026-08-10 09:24:14,849 [INFO]     PDF trouvé: قرار فتح باب الترشيح (score: 35)
2026-08-10 09:24:14,850 [INFO]   [PAS DE DATE] فتح باب الترشيح للمناصب العليا مدير (ة) التعاون والشراكة...
2026-08-10 09:24:14,850 [INFO]   Détails: https://www.emploi-public.ma/ar/%D8%AA%D9%81%D8%A7%D8%B5%D9%8A%D9%84/%D8%A7%D9%84%D9%85%D9%86%D8%A7%D8%B5%D8%A8-%D8%A7%D9%84%D8%B9%D9%84%D9%8A%D8%A7/52349e85-618a-444c-94ae-a269dcb8ede6
2026-08-10 09:24:15,845 [WARNING] Format de date non reconnu: 30
2026-08-10 09:24:15,846 [INFO]     PDF trouvé: قرار فتح باب الترشيح (score: 35)
2026-08-10 09:24:15,848 [INFO]   [PAS DE DATE] فتح باب الترشيح للمناصب العليا مدير (ة) الموارد البشرية...
2026-08-10 09:24:15,848 [INFO]   Détails: https://www.emploi-public.ma/ar/%D8%AA%D9%81%D8%A7%D8%B5%D9%8A%D9%84/%D8%A7%D9%84%D9%85%D9%86%D8%A7%D8%B5%D8%A8-%D8%A7%D9%84%D8%B9%D9%84%D9%8A%D8%A7/b993993a-7a9f-4f82-a95d-4c705192b5c5
2026-08-10 09:24:16,548 [WARNING] Format de date non reconnu: 30
2026-08-10 09:24:16,549 [INFO]     PDF trouvé: قرار فتح باب الترشيح (score: 35)
2026-08-10 09:24:16,550 [INFO]   [PAS DE DATE] فتح باب الترشيح للمناصب العليا مدير(ة) الأكاديمية الجهوية لل...
2026-08-10 09:24:16,551 [INFO]   Détails: https://www.emploi-public.ma/ar/%D8%AA%D9%81%D8%A7%D8%B5%D9%8A%D9%84/%D8%A7%D9%84%D9%85%D9%86%D8%A7%D8%B5%D8%A8-%D8%A7%D9%84%D8%B9%D9%84%D9%8A%D8%A7/a8514544-73e5-48b0-bc95-4e3782a246c4
2026-08-10 09:24:17,187 [WARNING] Format de date non reconnu: 30
2026-08-10 09:24:17,188 [INFO]     PDF trouvé: قرار فتح باب الترشيح (score: 35)
2026-08-10 09:24:17,189 [INFO]   [PAS DE DATE] فتح باب الترشيح للمناصب العليا مدير المكتب الجهوي للاستثمار ...
2026-08-10 09:24:17,189 [INFO]   Détails: https://www.emploi-public.ma/ar/%D8%AA%D9%81%D8%A7%D8%B5%D9%8A%D9%84/%D8%A7%D9%84%D9%85%D9%86%D8%A7%D8%B5%D8%A8-%D8%A7%D9%84%D8%B9%D9%84%D9%8A%D8%A7/34737011-4b34-4d27-a8e4-f96374ce7e3b
2026-08-10 09:24:20,400 [WARNING] Format de date non reconnu: 30
2026-08-10 09:24:20,401 [INFO]     PDF trouvé: قرار فتح باب الترشيح (score: 35)
2026-08-10 09:24:20,402 [INFO]   [PAS DE DATE] فتح باب الترشيح للمناصب العليا مدير المركز الجهوي للإستثمار ...
2026-08-10 09:24:20,402 [INFO]   Détails: https://www.emploi-public.ma/ar/%D8%AA%D9%81%D8%A7%D8%B5%D9%8A%D9%84/%D8%A7%D9%84%D9%85%D9%86%D8%A7%D8%B5%D8%A8-%D8%A7%D9%84%D8%B9%D9%84%D9%8A%D8%A7/3848b51d-1643-4c8a-9d0a-0001f3ec1eb6
2026-08-10 09:24:23,465 [WARNING] Format de date non reconnu: 30
2026-08-10 09:24:23,467 [INFO]     PDF trouvé: قرار فتح باب الترشيح (score: 35)
2026-08-10 09:24:23,468 [INFO]   [PAS DE DATE] فتح باب الترشيح للمناصب العليا مدير الإحصائيات والدراسات وال...
2026-08-10 09:24:23,468 [INFO]   Détails: https://www.emploi-public.ma/ar/%D8%AA%D9%81%D8%A7%D8%B5%D9%8A%D9%84/%D8%A7%D9%84%D9%85%D9%86%D8%A7%D8%B5%D8%A8-%D8%A7%D9%84%D8%B9%D9%84%D9%8A%D8%A7/f762f1b5-8e54-4277-9ceb-b77512a40379
2026-08-10 09:24:25,211 [WARNING] Format de date non reconnu: 30
2026-08-10 09:24:25,213 [INFO]     PDF trouvé: قرار فتح باب الترشيح (score: 35)
2026-08-10 09:24:25,214 [INFO]   [PAS DE DATE] فتح باب الترشيح للمناصب العليا مدير المعهد الوطني العالي للم...
2026-08-10 09:24:25,214 [INFO]   Détails: https://www.emploi-public.ma/ar/%D8%AA%D9%81%D8%A7%D8%B5%D9%8A%D9%84/%D8%A7%D9%84%D9%85%D9%86%D8%A7%D8%B5%D8%A8-%D8%A7%D9%84%D8%B9%D9%84%D9%8A%D8%A7/f398a7c1-f047-4cb7-95a2-e63106086337
2026-08-10 09:24:25,925 [WARNING] Format de date non reconnu: 30
2026-08-10 09:24:25,926 [INFO]     PDF trouvé: قرار فتح باب الترشيح (score: 35)
2026-08-10 09:24:25,927 [INFO]   [PAS DE DATE] فتح باب الترشيح للمناصب العليا مدير (ة) التعليم العالي والتن...
2026-08-10 09:24:25,927 [INFO] 
--- Catégorie: المباريات ---
2026-08-10 09:24:25,927 [INFO] Page 1/5
2026-08-10 09:24:25,927 [INFO] Scraping page: https://www.emploi-public.ma/ar/قائمة-المباريات
2026-08-10 09:24:26,855 [INFO]   → 9 annonces trouvées sur cette page
2026-08-10 09:24:26,856 [INFO]   Détails: https://www.emploi-public.ma/ar/%D8%AA%D9%81%D8%A7%D8%B5%D9%8A%D9%84/%D8%A7%D9%84%D9%85%D8%A8%D8%A7%D8%B1%D9%8A%D8%A7%D8%AA/567a5bc9-61a3-486f-be9d-21a3919bdcca
2026-08-10 09:24:27,545 [INFO]     PDF trouvé: قرار فتح المباراة (score: 25)
2026-08-10 09:24:27,546 [INFO]   [EN COURS] مباراة لتوظيف تقني من الدرجة الثالثة - سلم 9... → 2026-08-19
2026-08-10 09:24:27,546 [INFO]   Détails: https://www.emploi-public.ma/ar/%D8%AA%D9%81%D8%A7%D8%B5%D9%8A%D9%84/%D8%A7%D9%84%D9%85%D8%A8%D8%A7%D8%B1%D9%8A%D8%A7%D8%AA/8cce8ed8-8973-49f6-ae36-f75aef0d9d96
2026-08-10 09:24:28,879 [INFO]     PDF trouvé: قرار فتح المباراة (score: 25)
2026-08-10 09:24:28,880 [INFO]   [EN COURS] مباراة لتوظيف أستاذ محاضر من الدرجة أ - سلم 11... → 2026-08-19
2026-08-10 09:24:28,880 [INFO]   Détails: https://www.emploi-public.ma/ar/%D8%AA%D9%81%D8%A7%D8%B5%D9%8A%D9%84/%D8%A7%D9%84%D9%85%D8%A8%D8%A7%D8%B1%D9%8A%D8%A7%D8%AA/72ed0218-c625-44ef-ad36-0ddf1450d8b7
2026-08-10 09:24:34,315 [INFO]     PDF trouvé: قرار فتح المباراة (score: 25)
2026-08-10 09:24:34,316 [INFO]   [EN COURS] مباراة لتوظيف مهندس دولة من الدرجة الأولى - سلم 11... → 2026-08-18
2026-08-10 09:24:34,316 [INFO]   Détails: https://www.emploi-public.ma/ar/%D8%AA%D9%81%D8%A7%D8%B5%D9%8A%D9%84/%D8%A7%D9%84%D9%85%D8%A8%D8%A7%D8%B1%D9%8A%D8%A7%D8%AA/1d56279d-bec7-4467-906d-4003286e1a05
2026-08-10 09:24:36,647 [INFO]     PDF trouvé: قرار فتح المباراة (score: 25)
2026-08-10 09:24:36,648 [INFO]   [EN COURS] مباراة لتوظيف مهندس معماري من الدرجة الأولى - سلم 11... → 2026-08-13
2026-08-10 09:24:36,649 [INFO]   Détails: https://www.emploi-public.ma/ar/%D8%AA%D9%81%D8%A7%D8%B5%D9%8A%D9%84/%D8%A7%D9%84%D9%85%D8%A8%D8%A7%D8%B1%D9%8A%D8%A7%D8%AA/1874ae4c-94d6-4af0-9575-a39ede5189ff
2026-08-10 09:24:37,648 [INFO]     PDF trouvé: قرار فتح المباراة (score: 25)
2026-08-10 09:24:37,649 [INFO]   [EN COURS] مباراة لتوظيف متصرف من الدرجة الثانية - سلم 11... → 2026-08-31
2026-08-10 09:24:37,649 [INFO]   Détails: https://www.emploi-public.ma/ar/%D8%AA%D9%81%D8%A7%D8%B5%D9%8A%D9%84/%D8%A7%D9%84%D9%85%D8%A8%D8%A7%D8%B1%D9%8A%D8%A7%D8%AA/72d7f4f3-b81d-4f01-b750-c84c9fdb3db1
2026-08-10 09:24:39,075 [INFO]     PDF trouvé: قرار فتح المباراة (score: 25)
2026-08-10 09:24:39,076 [INFO]   [EN COURS] مباراة لتوظيف متصرف من الدرجة الثانية - سلم 11... → 2026-08-31
2026-08-10 09:24:39,076 [INFO]   Détails: https://www.emploi-public.ma/ar/%D8%AA%D9%81%D8%A7%D8%B5%D9%8A%D9%84/%D8%A7%D9%84%D9%85%D8%A8%D8%A7%D8%B1%D9%8A%D8%A7%D8%AA/74fa6128-711a-40b7-b71b-5b4388a2d9d4
2026-08-10 09:24:40,368 [INFO]     PDF trouvé: قرار فتح المباراة (score: 25)
2026-08-10 09:24:40,369 [INFO]   [EN COURS] مباراة لتوظيف مساعد تقني من الدرجة الثانية... → 2026-08-10
2026-08-10 09:24:40,369 [INFO]   Détails: https://www.emploi-public.ma/ar/%D8%AA%D9%81%D8%A7%D8%B5%D9%8A%D9%84/%D8%A7%D9%84%D9%85%D8%A8%D8%A7%D8%B1%D9%8A%D8%A7%D8%AA/3d99718c-9c89-43ed-92b5-ec76b2c038b3
2026-08-10 09:24:41,051 [INFO]     PDF trouvé: قرار فتح المباراة (score: 25)
2026-08-10 09:24:41,052 [INFO]   [EN COURS] مباراة لتوظيف تقني من الدرجة الرابعة - سلم 8... → 2026-08-10
2026-08-10 09:24:41,052 [INFO]   Détails: https://www.emploi-public.ma/ar/%D8%AA%D9%81%D8%A7%D8%B5%D9%8A%D9%84/%D8%A7%D9%84%D9%85%D8%A8%D8%A7%D8%B1%D9%8A%D8%A7%D8%AA/4e64e78f-621d-4e95-a829-a8b22986502a
2026-08-10 09:24:41,781 [INFO]     PDF trouvé: قرار فتح المباراة (score: 25)
2026-08-10 09:24:41,782 [INFO]   [EN COURS] مباراة لتوظيف تقني من الدرجة الثالثة - سلم 9... → 2026-08-10
2026-08-10 09:24:41,782 [INFO] Page 2/5
2026-08-10 09:24:41,782 [INFO] Scraping page: https://www.emploi-public.ma/ar/قائمة-المباريات?page=1
2026-08-10 09:24:42,764 [INFO]   → 9 annonces trouvées sur cette page
2026-08-10 09:24:42,765 [INFO]   Détails: https://www.emploi-public.ma/ar/%D8%AA%D9%81%D8%A7%D8%B5%D9%8A%D9%84/%D8%A7%D9%84%D9%85%D8%A8%D8%A7%D8%B1%D9%8A%D8%A7%D8%AA/567a5bc9-61a3-486f-be9d-21a3919bdcca
2026-08-10 09:24:43,374 [INFO]     PDF trouvé: قرار فتح المباراة (score: 25)
2026-08-10 09:24:43,375 [INFO]   [EN COURS] مباراة لتوظيف تقني من الدرجة الثالثة - سلم 9... → 2026-08-19
2026-08-10 09:24:43,375 [INFO]   Détails: https://www.emploi-public.ma/ar/%D8%AA%D9%81%D8%A7%D8%B5%D9%8A%D9%84/%D8%A7%D9%84%D9%85%D8%A8%D8%A7%D8%B1%D9%8A%D8%A7%D8%AA/8cce8ed8-8973-49f6-ae36-f75aef0d9d96
2026-08-10 09:24:44,148 [INFO]     PDF trouvé: قرار فتح المباراة (score: 25)
2026-08-10 09:24:44,149 [INFO]   [EN COURS] مباراة لتوظيف أستاذ محاضر من الدرجة أ - سلم 11... → 2026-08-19
2026-08-10 09:24:44,149 [INFO]   Détails: https://www.emploi-public.ma/ar/%D8%AA%D9%81%D8%A7%D8%B5%D9%8A%D9%84/%D8%A7%D9%84%D9%85%D8%A8%D8%A7%D8%B1%D9%8A%D8%A7%D8%AA/72ed0218-c625-44ef-ad36-0ddf1450d8b7
2026-08-10 09:24:44,785 [INFO]     PDF trouvé: قرار فتح المباراة (score: 25)
2026-08-10 09:24:44,786 [INFO]   [EN COURS] مباراة لتوظيف مهندس دولة من الدرجة الأولى - سلم 11... → 2026-08-18
2026-08-10 09:24:44,786 [INFO]   Détails: https://www.emploi-public.ma/ar/%D8%AA%D9%81%D8%A7%D8%B5%D9%8A%D9%84/%D8%A7%D9%84%D9%85%D8%A8%D8%A7%D8%B1%D9%8A%D8%A7%D8%AA/1d56279d-bec7-4467-906d-4003286e1a05
2026-08-10 09:24:45,459 [INFO]     PDF trouvé: قرار فتح المباراة (score: 25)
2026-08-10 09:24:45,460 [INFO]   [EN COURS] مباراة لتوظيف مهندس معماري من الدرجة الأولى - سلم 11... → 2026-08-13
2026-08-10 09:24:45,460 [INFO]   Détails: https://www.emploi-public.ma/ar/%D8%AA%D9%81%D8%A7%D8%B5%D9%8A%D9%84/%D8%A7%D9%84%D9%85%D8%A8%D8%A7%D8%B1%D9%8A%D8%A7%D8%AA/1874ae4c-94d6-4af0-9575-a39ede5189ff
2026-08-10 09:24:46,005 [INFO]     PDF trouvé: قرار فتح المباراة (score: 25)
2026-08-10 09:24:46,006 [INFO]   [EN COURS] مباراة لتوظيف متصرف من الدرجة الثانية - سلم 11... → 2026-08-31
2026-08-10 09:24:46,006 [INFO]   Détails: https://www.emploi-public.ma/ar/%D8%AA%D9%81%D8%A7%D8%B5%D9%8A%D9%84/%D8%A7%D9%84%D9%85%D8%A8%D8%A7%D8%B1%D9%8A%D8%A7%D8%AA/72d7f4f3-b81d-4f01-b750-c84c9fdb3db1
2026-08-10 09:24:46,543 [INFO]     PDF trouvé: قرار فتح المباراة (score: 25)
2026-08-10 09:24:46,544 [INFO]   [EN COURS] مباراة لتوظيف متصرف من الدرجة الثانية - سلم 11... → 2026-08-31
2026-08-10 09:24:46,544 [INFO]   Détails: https://www.emploi-public.ma/ar/%D8%AA%D9%81%D8%A7%D8%B5%D9%8A%D9%84/%D8%A7%D9%84%D9%85%D8%A8%D8%A7%D8%B1%D9%8A%D8%A7%D8%AA/74fa6128-711a-40b7-b71b-5b4388a2d9d4
2026-08-10 09:24:47,184 [INFO]     PDF trouvé: قرار فتح المباراة (score: 25)
2026-08-10 09:24:47,185 [INFO]   [EN COURS] مباراة لتوظيف مساعد تقني من الدرجة الثانية... → 2026-08-10
2026-08-10 09:24:47,185 [INFO]   Détails: https://www.emploi-public.ma/ar/%D8%AA%D9%81%D8%A7%D8%B5%D9%8A%D9%84/%D8%A7%D9%84%D9%85%D8%A8%D8%A7%D8%B1%D9%8A%D8%A7%D8%AA/3d99718c-9c89-43ed-92b5-ec76b2c038b3
2026-08-10 09:24:48,116 [INFO]     PDF trouvé: قرار فتح المباراة (score: 25)
2026-08-10 09:24:48,117 [INFO]   [EN COURS] مباراة لتوظيف تقني من الدرجة الرابعة - سلم 8... → 2026-08-10
2026-08-10 09:24:48,117 [INFO]   Détails: https://www.emploi-public.ma/ar/%D8%AA%D9%81%D8%A7%D8%B5%D9%8A%D9%84/%D8%A7%D9%84%D9%85%D8%A8%D8%A7%D8%B1%D9%8A%D8%A7%D8%AA/4e64e78f-621d-4e95-a829-a8b22986502a
2026-08-10 09:24:54,395 [INFO]     PDF trouvé: قرار فتح المباراة (score: 25)
2026-08-10 09:24:54,396 [INFO]   [EN COURS] مباراة لتوظيف تقني من الدرجة الثالثة - سلم 9... → 2026-08-10
2026-08-10 09:24:54,396 [INFO] Page 3/5
2026-08-10 09:24:54,396 [INFO] Scraping page: https://www.emploi-public.ma/ar/قائمة-المباريات?page=2
2026-08-10 09:25:04,693 [INFO]   → 9 annonces trouvées sur cette page
2026-08-10 09:25:04,694 [INFO]   Détails: https://www.emploi-public.ma/ar/%D8%AA%D9%81%D8%A7%D8%B5%D9%8A%D9%84/%D8%A7%D9%84%D9%85%D8%A8%D8%A7%D8%B1%D9%8A%D8%A7%D8%AA/bacf792b-04bc-4a4b-a73b-cc69eab17a49
2026-08-10 09:25:12,891 [INFO]     PDF trouvé: قرار فتح المباراة (score: 25)
2026-08-10 09:25:12,892 [INFO]   [EN COURS] مباراة لتوظيف مهندس دولة من الدرجة الأولى - سلم 11... → 2026-08-10
2026-08-10 09:25:12,892 [INFO]   Détails: https://www.emploi-public.ma/ar/%D8%AA%D9%81%D8%A7%D8%B5%D9%8A%D9%84/%D8%A7%D9%84%D9%85%D8%A8%D8%A7%D8%B1%D9%8A%D8%A7%D8%AA/3d6e4275-fe42-4fa4-b135-22595857f77b
2026-08-10 09:25:14,628 [INFO]     PDF trouvé: قرار فتح المباراة (score: 25)
2026-08-10 09:25:14,629 [INFO]   [EN COURS] مباراة لتوظيف كاتب الشؤون الخارجية - سلم 10... → 2026-08-10
2026-08-10 09:25:14,629 [INFO]   Détails: https://www.emploi-public.ma/ar/%D8%AA%D9%81%D8%A7%D8%B5%D9%8A%D9%84/%D8%A7%D9%84%D9%85%D8%A8%D8%A7%D8%B1%D9%8A%D8%A7%D8%AA/f8fd2d0d-5d98-42d7-8229-9924acf1c303
2026-08-10 09:25:15,218 [INFO]     PDF trouvé: قرار فتح المباراة (score: 25)
2026-08-10 09:25:15,219 [INFO]   [EN COURS] مباراة لتوظيف مستشار الشؤون الخارجية - سلم 11... → 2026-08-10
2026-08-10 09:25:15,220 [INFO]   Détails: https://www.emploi-public.ma/ar/%D8%AA%D9%81%D8%A7%D8%B5%D9%8A%D9%84/%D8%A7%D9%84%D9%85%D8%A8%D8%A7%D8%B1%D9%8A%D8%A7%D8%AA/0d14767d-7b8a-4282-b397-96709c297e37
2026-08-10 09:25:17,870 [INFO]     PDF trouvé: قرار فتح المباراة (score: 25)
2026-08-10 09:25:17,871 [INFO]   [EN COURS] مباراة لتوظيف مفتش الجمارك من الدرجة الثانية... → 2026-08-10
2026-08-10 09:25:17,871 [INFO]   Détails: https://www.emploi-public.ma/ar/%D8%AA%D9%81%D8%A7%D8%B5%D9%8A%D9%84/%D8%A7%D9%84%D9%85%D8%A8%D8%A7%D8%B1%D9%8A%D8%A7%D8%AA/ab562af5-0ec1-4fe8-99a3-48cd82b59676
2026-08-10 09:25:19,101 [INFO]     PDF trouvé: قرار فتح المباراة (score: 25)
2026-08-10 09:25:19,102 [INFO]   [EN COURS] مباراة لتوظيف مهندس الدولة للجمارك من الدرجة الأولى... → 2026-08-10
2026-08-10 09:25:19,102 [INFO]   Détails: https://www.emploi-public.ma/ar/%D8%AA%D9%81%D8%A7%D8%B5%D9%8A%D9%84/%D8%A7%D9%84%D9%85%D8%A8%D8%A7%D8%B1%D9%8A%D8%A7%D8%AA/e9c0bb85-e735-4886-acf1-b3309ba4a205
2026-08-10 09:25:19,911 [INFO]     PDF trouvé: قرار فتح المباراة (score: 25)
2026-08-10 09:25:19,912 [INFO]   [EN COURS] مباراة لتوظيف مهندس دولة من الدرجة الأولى - سلم 11... → 2026-08-10
2026-08-10 09:25:19,913 [INFO]   Détails: https://www.emploi-public.ma/ar/%D8%AA%D9%81%D8%A7%D8%B5%D9%8A%D9%84/%D8%A7%D9%84%D9%85%D8%A8%D8%A7%D8%B1%D9%8A%D8%A7%D8%AA/d91438ac-a7df-48aa-a29d-ea568c52b32e
2026-08-10 09:25:20,689 [INFO]     PDF trouvé: قرار فتح المباراة (score: 25)
2026-08-10 09:25:20,690 [INFO]   [EXPIRÉE] مباراة لتوظيف تقني من الدرجة الثالثة - سلم 9... → 2026-08-07
2026-08-10 09:25:20,690 [INFO]   Détails: https://www.emploi-public.ma/ar/%D8%AA%D9%81%D8%A7%D8%B5%D9%8A%D9%84/%D8%A7%D9%84%D9%85%D8%A8%D8%A7%D8%B1%D9%8A%D8%A7%D8%AA/6aa579ad-7abb-44f1-b036-56e9fbafced8
2026-08-10 09:25:21,467 [INFO]     PDF trouvé: قرار فتح المباراة (score: 25)
2026-08-10 09:25:21,468 [INFO]   [EXPIRÉE] مباراة لتوظيف متصرف من الدرجة الثانية - سلم 11... → 2026-08-07
2026-08-10 09:25:21,468 [INFO]   Détails: https://www.emploi-public.ma/ar/%D8%AA%D9%81%D8%A7%D8%B5%D9%8A%D9%84/%D8%A7%D9%84%D9%85%D8%A8%D8%A7%D8%B1%D9%8A%D8%A7%D8%AA/c27ac1df-953a-4b58-a2e2-e273271f18b1
2026-08-10 09:25:22,104 [INFO]     PDF trouvé: قرار فتح المباراة (score: 25)
2026-08-10 09:25:22,105 [INFO]   [EXPIRÉE] لائحة المدعوين لإجراء الاختبار الكتابي لمباراة توظيف مساعد ت... → 2026-08-05
2026-08-10 09:25:22,105 [INFO] Page 4/5
2026-08-10 09:25:22,105 [INFO] Scraping page: https://www.emploi-public.ma/ar/قائمة-المباريات?page=3
2026-08-10 09:25:23,133 [INFO]   → 9 annonces trouvées sur cette page
2026-08-10 09:25:23,134 [INFO]   Détails: https://www.emploi-public.ma/ar/%D8%AA%D9%81%D8%A7%D8%B5%D9%8A%D9%84/%D8%A7%D9%84%D9%85%D8%A8%D8%A7%D8%B1%D9%8A%D8%A7%D8%AA/7faff0fb-2922-485a-853e-20b4d81cbc7a
2026-08-10 09:25:24,170 [INFO]     PDF trouvé: قرار فتح المباراة (score: 25)
2026-08-10 09:25:24,171 [INFO]   [EXPIRÉE] مباراة لتوظيف أستاذ محاضر من الدرجة أ - سلم 11... → 2026-08-03
2026-08-10 09:25:24,172 [INFO]   Détails: https://www.emploi-public.ma/ar/%D8%AA%D9%81%D8%A7%D8%B5%D9%8A%D9%84/%D8%A7%D9%84%D9%85%D8%A8%D8%A7%D8%B1%D9%8A%D8%A7%D8%AA/2c15e888-7029-4082-9334-eef194ee5586
2026-08-10 09:25:25,021 [INFO]     PDF trouvé: قرار فتح المباراة (score: 25)
2026-08-10 09:25:25,022 [INFO]   [EXPIRÉE] مباراة لتوظيف متصرف من الدرجة الثانية - سلم 11... → 2026-08-03
2026-08-10 09:25:25,022 [INFO]   Détails: https://www.emploi-public.ma/ar/%D8%AA%D9%81%D8%A7%D8%B5%D9%8A%D9%84/%D8%A7%D9%84%D9%85%D8%A8%D8%A7%D8%B1%D9%8A%D8%A7%D8%AA/d543668b-c808-4ac0-933b-4301237f9f67
2026-08-10 09:25:25,615 [INFO]     PDF trouvé: قرار فتح المباراة (score: 25)
2026-08-10 09:25:25,616 [INFO]   [EXPIRÉE] مباراة لتوظيف متصرف من الدرجة الثالثة - سلم 10... → 2026-07-31
2026-08-10 09:25:25,616 [INFO]   Détails: https://www.emploi-public.ma/ar/%D8%AA%D9%81%D8%A7%D8%B5%D9%8A%D9%84/%D8%A7%D9%84%D9%85%D8%A8%D8%A7%D8%B1%D9%8A%D8%A7%D8%AA/78699344-c4d1-4204-ad40-9749cc0563aa
2026-08-10 09:25:27,540 [INFO]     PDF trouvé: قرار فتح المباراة (score: 25)
2026-08-10 09:25:27,541 [INFO]   [EXPIRÉE] لائحة المدعوين لإجراء الاختبار الكتابي لمباراة توظيف طبيب من... → 2026-07-23
2026-08-10 09:25:27,542 [INFO]   Détails: https://www.emploi-public.ma/ar/%D8%AA%D9%81%D8%A7%D8%B5%D9%8A%D9%84/%D8%A7%D9%84%D9%85%D8%A8%D8%A7%D8%B1%D9%8A%D8%A7%D8%AA/b62a7d1c-c399-48cd-ab9f-adca105db22f
2026-08-10 09:25:29,239 [INFO]     PDF trouvé: قرار فتح المباراة (score: 25)
2026-08-10 09:25:29,240 [INFO]   [EXPIRÉE] لائحة المدعوين لإجراء الاختبار الكتابي لمباراة توظيف أستاذ م... → 2026-07-21
2026-08-10 09:25:29,241 [INFO]   Détails: https://www.emploi-public.ma/ar/%D8%AA%D9%81%D8%A7%D8%B5%D9%8A%D9%84/%D8%A7%D9%84%D9%85%D8%A8%D8%A7%D8%B1%D9%8A%D8%A7%D8%AA/dc6005fa-8f1f-418f-baed-64e9caca12f6
2026-08-10 09:25:30,867 [INFO]     PDF trouvé: قرار فتح المباراة (score: 25)
2026-08-10 09:25:30,869 [INFO]   [EXPIRÉE] لائحة المدعوين لإجراء الاختبار الكتابي لمباراة توظيف تقني من... → 2026-07-21
2026-08-10 09:25:30,869 [INFO]   Détails: https://www.emploi-public.ma/ar/%D8%AA%D9%81%D8%A7%D8%B5%D9%8A%D9%84/%D8%A7%D9%84%D9%85%D8%A8%D8%A7%D8%B1%D9%8A%D8%A7%D8%AA/7d4f66b4-2f8c-4dbf-94ea-99d5943a7378
2026-08-10 09:25:31,868 [INFO]     PDF trouvé: قرار فتح المباراة (score: 25)
2026-08-10 09:25:31,869 [INFO]   [EXPIRÉE] لائحة المدعوين لإجراء الاختبار الكتابي لمباراة توظيف متصرف م... → 2026-07-21
2026-08-10 09:25:31,870 [INFO]   Détails: https://www.emploi-public.ma/ar/%D8%AA%D9%81%D8%A7%D8%B5%D9%8A%D9%84/%D8%A7%D9%84%D9%85%D8%A8%D8%A7%D8%B1%D9%8A%D8%A7%D8%AA/e372c384-b595-401d-bfa7-77c67af01fbe
2026-08-10 09:25:32,775 [INFO]     PDF trouvé: قرار فتح المباراة (score: 25)
2026-08-10 09:25:32,776 [INFO]   [EXPIRÉE] لائحة المدعوين لإجراء الاختبار الكتابي لمباراة توظيف متصرف م... → 2026-07-21
2026-08-10 09:25:32,777 [INFO]   Détails: https://www.emploi-public.ma/ar/%D8%AA%D9%81%D8%A7%D8%B5%D9%8A%D9%84/%D8%A7%D9%84%D9%85%D8%A8%D8%A7%D8%B1%D9%8A%D8%A7%D8%AA/606d3ff2-2e7a-4174-9d74-713c58402b8a
2026-08-10 09:25:35,297 [INFO]     PDF trouvé: قرار فتح المباراة (score: 25)
2026-08-10 09:25:35,298 [INFO]   [EXPIRÉE] لائحة الناجحين في مباراة التوظيف طبيب من الدرجة الأولى - سلم... → 2026-07-21
2026-08-10 09:25:35,299 [INFO] Page 5/5
2026-08-10 09:25:35,299 [INFO] Scraping page: https://www.emploi-public.ma/ar/قائمة-المباريات?page=4
2026-08-10 09:25:37,278 [INFO]   → 9 annonces trouvées sur cette page
2026-08-10 09:25:37,279 [INFO]   Détails: https://www.emploi-public.ma/ar/%D8%AA%D9%81%D8%A7%D8%B5%D9%8A%D9%84/%D8%A7%D9%84%D9%85%D8%A8%D8%A7%D8%B1%D9%8A%D8%A7%D8%AA/9740d64c-8b1b-47b8-abe8-00b3575d4aa9
2026-08-10 09:25:38,024 [INFO]     PDF trouvé: قرار فتح المباراة (score: 25)
2026-08-10 09:25:38,025 [INFO]   [EXPIRÉE] لائحة المدعوين لإجراء الاختبار الكتابي لمباراة توظيف مهندس د... → 2026-07-20
2026-08-10 09:25:38,026 [INFO]   Détails: https://www.emploi-public.ma/ar/%D8%AA%D9%81%D8%A7%D8%B5%D9%8A%D9%84/%D8%A7%D9%84%D9%85%D8%A8%D8%A7%D8%B1%D9%8A%D8%A7%D8%AA/b89b6b38-795f-49af-9d00-910305760e85
2026-08-10 09:25:38,800 [INFO]     PDF trouvé: قرار فتح المباراة (score: 25)
2026-08-10 09:25:38,801 [INFO]   [EXPIRÉE] لائحة المدعوين لإجراء الاختبار الكتابي لمباراة توظيف متصرف م... → 2026-07-20
2026-08-10 09:25:38,801 [INFO]   Détails: https://www.emploi-public.ma/ar/%D8%AA%D9%81%D8%A7%D8%B5%D9%8A%D9%84/%D8%A7%D9%84%D9%85%D8%A8%D8%A7%D8%B1%D9%8A%D8%A7%D8%AA/f33919ef-c4a4-41c0-9927-744882ec1140
2026-08-10 09:25:40,124 [INFO]     PDF trouvé: قرار فتح المباراة (score: 25)
2026-08-10 09:25:40,125 [INFO]   [EXPIRÉE] لائحة المدعوين لإجراء الاختبار الكتابي لمباراة توظيف تقني من... → 2026-07-20
2026-08-10 09:25:40,125 [INFO]   Détails: https://www.emploi-public.ma/ar/%D8%AA%D9%81%D8%A7%D8%B5%D9%8A%D9%84/%D8%A7%D9%84%D9%85%D8%A8%D8%A7%D8%B1%D9%8A%D8%A7%D8%AA/00afdf47-67cd-4c3b-910d-295480956c45
2026-08-10 09:25:40,964 [INFO]     PDF trouvé: قرار فتح المباراة (score: 25)
2026-08-10 09:25:40,965 [INFO]   [EXPIRÉE] لائحة المدعوين لإجراء الاختبار الكتابي لمباراة توظيف متصرف م... → 2026-07-20
2026-08-10 09:25:40,965 [INFO]   Détails: https://www.emploi-public.ma/ar/%D8%AA%D9%81%D8%A7%D8%B5%D9%8A%D9%84/%D8%A7%D9%84%D9%85%D8%A8%D8%A7%D8%B1%D9%8A%D8%A7%D8%AA/0c6baf5e-be9d-4ef5-a8f7-b9044cf640d5
2026-08-10 09:25:41,700 [INFO]     PDF trouvé: قرار فتح المباراة (score: 25)
2026-08-10 09:25:41,701 [INFO]   [EXPIRÉE] لائحة الناجحين في مباراة التوظيف جراح أسنان من الدرجة الأولى... → 2026-07-15
2026-08-10 09:25:41,701 [INFO]   Détails: https://www.emploi-public.ma/ar/%D8%AA%D9%81%D8%A7%D8%B5%D9%8A%D9%84/%D8%A7%D9%84%D9%85%D8%A8%D8%A7%D8%B1%D9%8A%D8%A7%D8%AA/c6303b4c-114c-4b25-b6c5-eca77cba3dad
2026-08-10 09:25:42,522 [INFO]     PDF trouvé: قرار فتح المباراة (score: 25)
2026-08-10 09:25:42,523 [INFO]   [EXPIRÉE] لائحة الناجحين في مباراة التوظيف صيدلي من الدرجة الأولى - سل... → 2026-07-15
2026-08-10 09:25:42,523 [INFO]   Détails: https://www.emploi-public.ma/ar/%D8%AA%D9%81%D8%A7%D8%B5%D9%8A%D9%84/%D8%A7%D9%84%D9%85%D8%A8%D8%A7%D8%B1%D9%8A%D8%A7%D8%AA/1f901e2f-de1d-4110-874d-d5d890119e69
2026-08-10 09:25:43,247 [INFO]     PDF trouvé: قرار فتح المباراة (score: 25)
2026-08-10 09:25:43,248 [INFO]   [EXPIRÉE] لائحة الناجحين في مباراة التوظيف طبيب من الدرجة الأولى - سلم... → 2026-07-15
2026-08-10 09:25:43,248 [INFO]   Détails: https://www.emploi-public.ma/ar/%D8%AA%D9%81%D8%A7%D8%B5%D9%8A%D9%84/%D8%A7%D9%84%D9%85%D8%A8%D8%A7%D8%B1%D9%8A%D8%A7%D8%AA/c83d70e2-ec18-4f3b-b97f-03d080ad762a
2026-08-10 09:25:44,015 [INFO]     PDF trouvé: قرار فتح المباراة (score: 25)
2026-08-10 09:25:44,016 [INFO]   [EXPIRÉE] لائحة الناجحين في مباراة التوظيف تقني من الدرجة الرابعة - سل... → 2026-07-14
2026-08-10 09:25:44,016 [INFO]   Détails: https://www.emploi-public.ma/ar/%D8%AA%D9%81%D8%A7%D8%B5%D9%8A%D9%84/%D8%A7%D9%84%D9%85%D8%A8%D8%A7%D8%B1%D9%8A%D8%A7%D8%AA/c3749204-66e1-4485-a631-e7ede10e21ab
2026-08-10 09:25:44,749 [INFO]     PDF trouvé: قرار فتح المباراة (score: 25)
2026-08-10 09:25:44,750 [INFO]   [EXPIRÉE] لائحة الناجحين في مباراة التوظيف تقني من الدرجة الثالثة - سل... → 2026-07-14
2026-08-10 09:25:44,750 [INFO] 
--- Catégorie: تشغيل الخبراء ---
2026-08-10 09:25:44,750 [INFO] Page 1/5
2026-08-10 09:25:44,750 [INFO] Scraping page: https://www.emploi-public.ma/ar/قائمة-تشغيل-الخبراء
2026-08-10 09:25:45,439 [INFO]   → 9 annonces trouvées sur cette page
2026-08-10 09:25:45,440 [INFO]   Détails: https://www.emploi-public.ma/ar/%D8%AA%D9%81%D8%A7%D8%B5%D9%8A%D9%84/%D8%AA%D8%B4%D8%BA%D9%8A%D9%84-%D8%A7%D9%84%D8%AE%D8%A8%D8%B1%D8%A7%D8%A1/9ec33ce6-535f-4934-affb-1a818c2ed40c
2026-08-10 09:25:46,212 [INFO]     PDF trouvé: قرار فتح باب الترشيح (score: 35)
2026-08-10 09:25:46,213 [INFO]   [EN COURS] فتح باب الترشيح لمنصب خبير... → 2026-08-24
2026-08-10 09:25:46,214 [INFO]   Détails: https://www.emploi-public.ma/ar/%D8%AA%D9%81%D8%A7%D8%B5%D9%8A%D9%84/%D8%AA%D8%B4%D8%BA%D9%8A%D9%84-%D8%A7%D9%84%D8%AE%D8%A8%D8%B1%D8%A7%D8%A1/8d8d7aa5-5ea0-4632-92f2-e11bc1d6c351
2026-08-10 09:25:46,828 [INFO]     PDF trouvé: قرار فتح باب الترشيح (score: 35)
2026-08-10 09:25:46,829 [INFO]   [EN COURS] فتح باب الترشيح لمنصب خبير في الشؤون التنظيمية للأدوية... → 2026-09-20
2026-08-10 09:25:46,829 [INFO]   Détails: https://www.emploi-public.ma/ar/%D8%AA%D9%81%D8%A7%D8%B5%D9%8A%D9%84/%D8%AA%D8%B4%D8%BA%D9%8A%D9%84-%D8%A7%D9%84%D8%AE%D8%A8%D8%B1%D8%A7%D8%A1/4854b58c-c09e-4edd-9a39-c01a0c414425
2026-08-10 09:25:48,167 [INFO]     PDF trouvé: قرار فتح باب الترشيح (score: 35)
2026-08-10 09:25:48,168 [INFO]   [EXPIRÉE] لائحة الناجحين لمنصب خبير في مجال الملاحة التجارية... → 2026-04-12
2026-08-10 09:25:48,168 [INFO]   Détails: https://www.emploi-public.ma/ar/%D8%AA%D9%81%D8%A7%D8%B5%D9%8A%D9%84/%D8%AA%D8%B4%D8%BA%D9%8A%D9%84-%D8%A7%D9%84%D8%AE%D8%A8%D8%B1%D8%A7%D8%A1/ff8d6494-748d-4698-8ef0-676cbd5b1951
2026-08-10 09:25:53,524 [INFO]     PDF trouvé: قرار فتح باب الترشيح (score: 35)
2026-08-10 09:25:53,525 [INFO]   [EXPIRÉE] فتح باب الترشيح لمنصب خبير في الشؤون القانونية... → 2026-06-25
2026-08-10 09:25:53,525 [INFO]   Détails: https://www.emploi-public.ma/ar/%D8%AA%D9%81%D8%A7%D8%B5%D9%8A%D9%84/%D8%AA%D8%B4%D8%BA%D9%8A%D9%84-%D8%A7%D9%84%D8%AE%D8%A8%D8%B1%D8%A7%D8%A1/abce4b98-a1d8-48f9-a84c-053f53697154
2026-08-10 09:25:54,150 [INFO]     PDF trouvé: قرار فتح باب الترشيح (score: 35)
2026-08-10 09:25:54,151 [INFO]   [EXPIRÉE] فتح باب الترشيح لمنصب خبير... → 2026-06-15
2026-08-10 09:25:54,151 [INFO]   Détails: https://www.emploi-public.ma/ar/%D8%AA%D9%81%D8%A7%D8%B5%D9%8A%D9%84/%D8%AA%D8%B4%D8%BA%D9%8A%D9%84-%D8%A7%D9%84%D8%AE%D8%A8%D8%B1%D8%A7%D8%A1/5030f678-19f4-4bc0-96c6-f5462b134c1c
2026-08-10 09:25:55,278 [INFO]     PDF trouvé: قرار فتح باب الترشيح (score: 35)
2026-08-10 09:25:55,278 [INFO]   [EXPIRÉE] فتح باب الترشيح لمنصب خبير... → 2026-06-08
2026-08-10 09:25:55,279 [INFO]   Détails: https://www.emploi-public.ma/ar/%D8%AA%D9%81%D8%A7%D8%B5%D9%8A%D9%84/%D8%AA%D8%B4%D8%BA%D9%8A%D9%84-%D8%A7%D9%84%D8%AE%D8%A8%D8%B1%D8%A7%D8%A1/b0a97522-0c72-4a26-8b32-da0c02e79891
2026-08-10 09:25:55,999 [INFO]     PDF trouvé: قرار فتح باب الترشيح (score: 35)
2026-08-10 09:25:56,000 [INFO]   [EXPIRÉE] فتح باب الترشيح لمنصب خبير متعاقد... → 2026-06-03
2026-08-10 09:25:56,000 [INFO]   Détails: https://www.emploi-public.ma/ar/%D8%AA%D9%81%D8%A7%D8%B5%D9%8A%D9%84/%D8%AA%D8%B4%D8%BA%D9%8A%D9%84-%D8%A7%D9%84%D8%AE%D8%A8%D8%B1%D8%A7%D8%A1/b3f7145b-9f2a-4cb4-aef7-1d917c679a65
2026-08-10 09:25:57,238 [INFO]     PDF trouvé: قرار فتح باب الترشيح (score: 35)
2026-08-10 09:25:57,239 [INFO]   [EXPIRÉE] فتح باب الترشيح لمنصب خبير... → 2026-05-29
2026-08-10 09:25:57,239 [INFO]   Détails: https://www.emploi-public.ma/ar/%D8%AA%D9%81%D8%A7%D8%B5%D9%8A%D9%84/%D8%AA%D8%B4%D8%BA%D9%8A%D9%84-%D8%A7%D9%84%D8%AE%D8%A8%D8%B1%D8%A7%D8%A1/d9255cd9-fe2e-4248-8eba-adf58b668823
2026-08-10 09:25:58,384 [INFO]     PDF trouvé: قرار فتح باب الترشيح (score: 35)
2026-08-10 09:25:58,385 [INFO]   [EXPIRÉE] فتح باب الترشيح لمنصب خبير في مجال التفاوض والسياسة التجارية... → 2026-04-03
2026-08-10 09:25:58,385 [INFO] Page 2/5
2026-08-10 09:25:58,385 [INFO] Scraping page: https://www.emploi-public.ma/ar/قائمة-تشغيل-الخبراء?page=1
2026-08-10 09:26:00,519 [INFO]   → 9 annonces trouvées sur cette page
2026-08-10 09:26:00,520 [INFO]   Détails: https://www.emploi-public.ma/ar/%D8%AA%D9%81%D8%A7%D8%B5%D9%8A%D9%84/%D8%AA%D8%B4%D8%BA%D9%8A%D9%84-%D8%A7%D9%84%D8%AE%D8%A8%D8%B1%D8%A7%D8%A1/9ec33ce6-535f-4934-affb-1a818c2ed40c
2026-08-10 09:26:01,127 [INFO]     PDF trouvé: قرار فتح باب الترشيح (score: 35)
2026-08-10 09:26:01,128 [INFO]   [EN COURS] فتح باب الترشيح لمنصب خبير... → 2026-08-24
2026-08-10 09:26:01,128 [INFO]   Détails: https://www.emploi-public.ma/ar/%D8%AA%D9%81%D8%A7%D8%B5%D9%8A%D9%84/%D8%AA%D8%B4%D8%BA%D9%8A%D9%84-%D8%A7%D9%84%D8%AE%D8%A8%D8%B1%D8%A7%D8%A1/8d8d7aa5-5ea0-4632-92f2-e11bc1d6c351
2026-08-10 09:26:01,724 [INFO]     PDF trouvé: قرار فتح باب الترشيح (score: 35)
2026-08-10 09:26:01,725 [INFO]   [EN COURS] فتح باب الترشيح لمنصب خبير في الشؤون التنظيمية للأدوية... → 2026-09-20
2026-08-10 09:26:01,725 [INFO]   Détails: https://www.emploi-public.ma/ar/%D8%AA%D9%81%D8%A7%D8%B5%D9%8A%D9%84/%D8%AA%D8%B4%D8%BA%D9%8A%D9%84-%D8%A7%D9%84%D8%AE%D8%A8%D8%B1%D8%A7%D8%A1/4854b58c-c09e-4edd-9a39-c01a0c414425
2026-08-10 09:26:02,319 [INFO]     PDF trouvé: قرار فتح باب الترشيح (score: 35)
2026-08-10 09:26:02,321 [INFO]   [EXPIRÉE] لائحة الناجحين لمنصب خبير في مجال الملاحة التجارية... → 2026-04-12
2026-08-10 09:26:02,321 [INFO]   Détails: https://www.emploi-public.ma/ar/%D8%AA%D9%81%D8%A7%D8%B5%D9%8A%D9%84/%D8%AA%D8%B4%D8%BA%D9%8A%D9%84-%D8%A7%D9%84%D8%AE%D8%A8%D8%B1%D8%A7%D8%A1/ff8d6494-748d-4698-8ef0-676cbd5b1951
2026-08-10 09:26:02,888 [INFO]     PDF trouvé: قرار فتح باب الترشيح (score: 35)
2026-08-10 09:26:02,890 [INFO]   [EXPIRÉE] فتح باب الترشيح لمنصب خبير في الشؤون القانونية... → 2026-06-25
2026-08-10 09:26:02,890 [INFO]   Détails: https://www.emploi-public.ma/ar/%D8%AA%D9%81%D8%A7%D8%B5%D9%8A%D9%84/%D8%AA%D8%B4%D8%BA%D9%8A%D9%84-%D8%A7%D9%84%D8%AE%D8%A8%D8%B1%D8%A7%D8%A1/abce4b98-a1d8-48f9-a84c-053f53697154
2026-08-10 09:26:03,452 [INFO]     PDF trouvé: قرار فتح باب الترشيح (score: 35)
2026-08-10 09:26:03,453 [INFO]   [EXPIRÉE] فتح باب الترشيح لمنصب خبير... → 2026-06-15
2026-08-10 09:26:03,453 [INFO]   Détails: https://www.emploi-public.ma/ar/%D8%AA%D9%81%D8%A7%D8%B5%D9%8A%D9%84/%D8%AA%D8%B4%D8%BA%D9%8A%D9%84-%D8%A7%D9%84%D8%AE%D8%A8%D8%B1%D8%A7%D8%A1/5030f678-19f4-4bc0-96c6-f5462b134c1c
2026-08-10 09:26:04,055 [INFO]     PDF trouvé: قرار فتح باب الترشيح (score: 35)
2026-08-10 09:26:04,056 [INFO]   [EXPIRÉE] فتح باب الترشيح لمنصب خبير... → 2026-06-08
2026-08-10 09:26:04,056 [INFO]   Détails: https://www.emploi-public.ma/ar/%D8%AA%D9%81%D8%A7%D8%B5%D9%8A%D9%84/%D8%AA%D8%B4%D8%BA%D9%8A%D9%84-%D8%A7%D9%84%D8%AE%D8%A8%D8%B1%D8%A7%D8%A1/b0a97522-0c72-4a26-8b32-da0c02e79891
2026-08-10 09:26:09,833 [INFO]     PDF trouvé: قرار فتح باب الترشيح (score: 35)
2026-08-10 09:26:09,834 [INFO]   [EXPIRÉE] فتح باب الترشيح لمنصب خبير متعاقد... → 2026-06-03
2026-08-10 09:26:09,834 [INFO]   Détails: https://www.emploi-public.ma/ar/%D8%AA%D9%81%D8%A7%D8%B5%D9%8A%D9%84/%D8%AA%D8%B4%D8%BA%D9%8A%D9%84-%D8%A7%D9%84%D8%AE%D8%A8%D8%B1%D8%A7%D8%A1/b3f7145b-9f2a-4cb4-aef7-1d917c679a65
2026-08-10 09:26:15,326 [INFO]     PDF trouvé: قرار فتح باب الترشيح (score: 35)
2026-08-10 09:26:15,327 [INFO]   [EXPIRÉE] فتح باب الترشيح لمنصب خبير... → 2026-05-29
2026-08-10 09:26:15,327 [INFO]   Détails: https://www.emploi-public.ma/ar/%D8%AA%D9%81%D8%A7%D8%B5%D9%8A%D9%84/%D8%AA%D8%B4%D8%BA%D9%8A%D9%84-%D8%A7%D9%84%D8%AE%D8%A8%D8%B1%D8%A7%D8%A1/d9255cd9-fe2e-4248-8eba-adf58b668823
2026-08-10 09:26:16,052 [INFO]     PDF trouvé: قرار فتح باب الترشيح (score: 35)
2026-08-10 09:26:16,053 [INFO]   [EXPIRÉE] فتح باب الترشيح لمنصب خبير في مجال التفاوض والسياسة التجارية... → 2026-04-03
2026-08-10 09:26:16,053 [INFO] Page 3/5
2026-08-10 09:26:16,053 [INFO] Scraping page: https://www.emploi-public.ma/ar/قائمة-تشغيل-الخبراء?page=2
2026-08-10 09:26:17,049 [INFO]   → 9 annonces trouvées sur cette page
2026-08-10 09:26:17,050 [INFO]   Détails: https://www.emploi-public.ma/ar/%D8%AA%D9%81%D8%A7%D8%B5%D9%8A%D9%84/%D8%AA%D8%B4%D8%BA%D9%8A%D9%84-%D8%A7%D9%84%D8%AE%D8%A8%D8%B1%D8%A7%D8%A1/0236914d-e17c-41c5-a5be-e632ad35f838
2026-08-10 09:26:17,721 [INFO]     PDF trouvé: قرار فتح باب الترشيح (score: 35)
2026-08-10 09:26:17,722 [INFO]   [EXPIRÉE] فتح باب الترشيح لمنصب خبير... → 2026-03-17
2026-08-10 09:26:17,722 [INFO]   Détails: https://www.emploi-public.ma/ar/%D8%AA%D9%81%D8%A7%D8%B5%D9%8A%D9%84/%D8%AA%D8%B4%D8%BA%D9%8A%D9%84-%D8%A7%D9%84%D8%AE%D8%A8%D8%B1%D8%A7%D8%A1/2a449c40-1832-450d-9eae-a70607bcac07
2026-08-10 09:26:19,392 [INFO]     PDF trouvé: قرار فتح باب الترشيح (score: 35)
2026-08-10 09:26:19,393 [INFO]   [EXPIRÉE] فتح باب الترشيح لمنصب خبير... → 2026-03-16
2026-08-10 09:26:19,393 [INFO]   Détails: https://www.emploi-public.ma/ar/%D8%AA%D9%81%D8%A7%D8%B5%D9%8A%D9%84/%D8%AA%D8%B4%D8%BA%D9%8A%D9%84-%D8%A7%D9%84%D8%AE%D8%A8%D8%B1%D8%A7%D8%A1/1f2e38a5-0fe9-4f17-89fb-d23ab9140242
2026-08-10 09:26:24,750 [INFO]     PDF trouvé: قرار فتح باب الترشيح (score: 35)
2026-08-10 09:26:24,751 [INFO]   [EXPIRÉE] فتح باب الترشيح لمنصب خبير في المجالات المرتبطة بتطوير آليات... → 2026-03-12
2026-08-10 09:26:24,752 [INFO]   Détails: https://www.emploi-public.ma/ar/%D8%AA%D9%81%D8%A7%D8%B5%D9%8A%D9%84/%D8%AA%D8%B4%D8%BA%D9%8A%D9%84-%D8%A7%D9%84%D8%AE%D8%A8%D8%B1%D8%A7%D8%A1/2401abad-8177-4fdc-8c76-354d03f61cd3
2026-08-10 09:26:25,810 [INFO]     PDF trouvé: قرار فتح باب الترشيح (score: 35)
2026-08-10 09:26:25,811 [INFO]   [EXPIRÉE] فتح باب الترشيح لمنصب خبير... → 2026-02-18
2026-08-10 09:26:25,811 [INFO]   Détails: https://www.emploi-public.ma/ar/%D8%AA%D9%81%D8%A7%D8%B5%D9%8A%D9%84/%D8%AA%D8%B4%D8%BA%D9%8A%D9%84-%D8%A7%D9%84%D8%AE%D8%A8%D8%B1%D8%A7%D8%A1/ad16f9e2-25eb-4a06-9a7a-572410c14d55
2026-08-10 09:26:26,384 [INFO]     PDF trouvé: قرار فتح باب الترشيح (score: 35)
2026-08-10 09:26:26,385 [INFO]   [EXPIRÉE] فتح باب الترشيح لمنصب خبير في مجال حكامة المؤسسات والمنشآت ا... → 2025-12-23
2026-08-10 09:26:26,385 [INFO]   Détails: https://www.emploi-public.ma/ar/%D8%AA%D9%81%D8%A7%D8%B5%D9%8A%D9%84/%D8%AA%D8%B4%D8%BA%D9%8A%D9%84-%D8%A7%D9%84%D8%AE%D8%A8%D8%B1%D8%A7%D8%A1/302ab5a1-fa28-4ec1-9341-8ba50b6bf810
2026-08-10 09:26:27,396 [INFO]     PDF trouvé: قرار فتح باب الترشيح (score: 35)
2026-08-10 09:26:27,397 [INFO]   [EXPIRÉE] فتح باب الترشيح لمنصب خبير بموجب عقد... → 2025-12-21
2026-08-10 09:26:27,397 [INFO]   Détails: https://www.emploi-public.ma/ar/%D8%AA%D9%81%D8%A7%D8%B5%D9%8A%D9%84/%D8%AA%D8%B4%D8%BA%D9%8A%D9%84-%D8%A7%D9%84%D8%AE%D8%A8%D8%B1%D8%A7%D8%A1/f9f74e66-af9e-4c4a-9cec-491e7d25fbbb
2026-08-10 09:26:29,049 [INFO]     PDF trouvé: قرار فتح باب الترشيح (score: 35)
2026-08-10 09:26:29,050 [INFO]   [EXPIRÉE] لائحة الناجحين لمنصب خبير في مجال التقييم ومنح التراخيص... → 2025-12-06
2026-08-10 09:26:29,051 [INFO]   Détails: https://www.emploi-public.ma/ar/%D8%AA%D9%81%D8%A7%D8%B5%D9%8A%D9%84/%D8%AA%D8%B4%D8%BA%D9%8A%D9%84-%D8%A7%D9%84%D8%AE%D8%A8%D8%B1%D8%A7%D8%A1/99f49e97-4b0e-4897-b1c6-a1a811d179d9
2026-08-10 09:26:31,603 [INFO]     PDF trouvé: قرار فتح باب الترشيح (score: 35)
2026-08-10 09:26:31,604 [INFO]   [EXPIRÉE] لائحة الناجحين لمنصب خبيرفي مجال مراقبة الجودة الدوائية... → 2025-12-06
2026-08-10 09:26:31,604 [INFO]   Détails: https://www.emploi-public.ma/ar/%D8%AA%D9%81%D8%A7%D8%B5%D9%8A%D9%84/%D8%AA%D8%B4%D8%BA%D9%8A%D9%84-%D8%A7%D9%84%D8%AE%D8%A8%D8%B1%D8%A7%D8%A1/121493c9-78d8-44bf-b408-e42f8bf43d27
2026-08-10 09:26:32,644 [INFO]     PDF trouvé: قرار فتح باب الترشيح (score: 35)
2026-08-10 09:26:32,645 [INFO]   [EXPIRÉE] فتح باب الترشيح لمنصب خبير في التنسيق المؤسساتي والتعاون الد... → 2025-12-05
2026-08-10 09:26:32,645 [INFO] Page 4/5
2026-08-10 09:26:32,645 [INFO] Scraping page: https://www.emploi-public.ma/ar/قائمة-تشغيل-الخبراء?page=3
2026-08-10 09:26:36,317 [INFO]   → 9 annonces trouvées sur cette page
2026-08-10 09:26:36,318 [INFO]   Détails: https://www.emploi-public.ma/ar/%D8%AA%D9%81%D8%A7%D8%B5%D9%8A%D9%84/%D8%AA%D8%B4%D8%BA%D9%8A%D9%84-%D8%A7%D9%84%D8%AE%D8%A8%D8%B1%D8%A7%D8%A1/336eb4a9-c147-4981-94da-c636a748f7a0
2026-08-10 09:26:36,913 [INFO]     PDF trouvé: قرار فتح باب الترشيح (score: 35)
2026-08-10 09:26:36,914 [INFO]   [EXPIRÉE] لائحة الناجحين لمنصب خبير مكلف بقيادة إنجاز دراسات وأشغال مل... → 2025-09-30
2026-08-10 09:26:36,914 [INFO]   Détails: https://www.emploi-public.ma/ar/%D8%AA%D9%81%D8%A7%D8%B5%D9%8A%D9%84/%D8%AA%D8%B4%D8%BA%D9%8A%D9%84-%D8%A7%D9%84%D8%AE%D8%A8%D8%B1%D8%A7%D8%A1/0917753f-ac81-4229-b8d4-5292cae1510a
2026-08-10 09:26:37,687 [INFO]     PDF trouvé: قرار فتح باب الترشيح (score: 35)
2026-08-10 09:26:37,689 [INFO]   [EXPIRÉE] فتح باب الترشيح لمنصب خبير بموجب عقد... → 2025-06-11
2026-08-10 09:26:37,689 [INFO]   Détails: https://www.emploi-public.ma/ar/%D8%AA%D9%81%D8%A7%D8%B5%D9%8A%D9%84/%D8%AA%D8%B4%D8%BA%D9%8A%D9%84-%D8%A7%D9%84%D8%AE%D8%A8%D8%B1%D8%A7%D8%A1/1e6a6ce8-141e-4fe3-b660-097a9342e904
2026-08-10 09:26:40,402 [INFO]     PDF trouvé: قرار فتح باب الترشيح (score: 35)
2026-08-10 09:26:40,402 [INFO]   [EXPIRÉE] فتح باب الترشيح لمنصب خبير في مجال الشؤون القانونية... → 2025-06-09
2026-08-10 09:26:40,403 [INFO]   Détails: https://www.emploi-public.ma/ar/%D8%AA%D9%81%D8%A7%D8%B5%D9%8A%D9%84/%D8%AA%D8%B4%D8%BA%D9%8A%D9%84-%D8%A7%D9%84%D8%AE%D8%A8%D8%B1%D8%A7%D8%A1/9973e98f-4e11-40f1-aeae-194d055be60c
2026-08-10 09:26:41,474 [INFO]     PDF trouvé: قرار فتح باب الترشيح (score: 35)
2026-08-10 09:26:41,475 [INFO]   [EXPIRÉE] فتح باب الترشيح لمنصب خبير في مجال علوم المحيطات و البيئة ال... → 2025-06-06
2026-08-10 09:26:41,475 [INFO]   Détails: https://www.emploi-public.ma/ar/%D8%AA%D9%81%D8%A7%D8%B5%D9%8A%D9%84/%D8%AA%D8%B4%D8%BA%D9%8A%D9%84-%D8%A7%D9%84%D8%AE%D8%A8%D8%B1%D8%A7%D8%A1/c4333ade-5b69-4a9b-b1d6-23858dca3e02
2026-08-10 09:26:42,498 [INFO]     PDF trouvé: قرار فتح باب الترشيح (score: 35)
2026-08-10 09:26:42,499 [INFO]   [EXPIRÉE] فتح باب الترشيح لمنصب 4 خبراء في المجالات المبينة في بطائق ا... → 2025-05-14
2026-08-10 09:26:42,499 [INFO]   Détails: https://www.emploi-public.ma/ar/%D8%AA%D9%81%D8%A7%D8%B5%D9%8A%D9%84/%D8%AA%D8%B4%D8%BA%D9%8A%D9%84-%D8%A7%D9%84%D8%AE%D8%A8%D8%B1%D8%A7%D8%A1/3d556890-d88a-4b78-aa10-b953f3a04785
2026-08-10 09:26:43,134 [INFO]     PDF trouvé: قرار فتح باب الترشيح (score: 35)
2026-08-10 09:26:43,135 [INFO]   [EXPIRÉE] فتح باب الترشيح لمنصب خبير في الشؤون القانونية... → 2025-05-02
2026-08-10 09:26:43,135 [INFO]   Détails: https://www.emploi-public.ma/ar/%D8%AA%D9%81%D8%A7%D8%B5%D9%8A%D9%84/%D8%AA%D8%B4%D8%BA%D9%8A%D9%84-%D8%A7%D9%84%D8%AE%D8%A8%D8%B1%D8%A7%D8%A1/1d5f52e9-1b4b-423d-bf9b-935a34d3caf2
2026-08-10 09:26:43,895 [INFO]     PDF trouvé: قرار فتح باب الترشيح (score: 35)
2026-08-10 09:26:43,896 [INFO]   [EXPIRÉE] فتح باب الترشيح لمنصب خبير بعقد... → 2025-04-18
2026-08-10 09:26:43,896 [INFO]   Détails: https://www.emploi-public.ma/ar/%D8%AA%D9%81%D8%A7%D8%B5%D9%8A%D9%84/%D8%AA%D8%B4%D8%BA%D9%8A%D9%84-%D8%A7%D9%84%D8%AE%D8%A8%D8%B1%D8%A7%D8%A1/ee7b273d-5714-41aa-9489-a47d37eb618e
2026-08-10 09:26:45,715 [INFO]     PDF trouvé: قرار فتح باب الترشيح (score: 35)
2026-08-10 09:26:45,716 [INFO]   [EXPIRÉE] فتح باب الترشيح لمنصب خبيرفي مجال السياسة المائية و الري... → 2025-04-07
2026-08-10 09:26:45,716 [INFO]   Détails: https://www.emploi-public.ma/ar/%D8%AA%D9%81%D8%A7%D8%B5%D9%8A%D9%84/%D8%AA%D8%B4%D8%BA%D9%8A%D9%84-%D8%A7%D9%84%D8%AE%D8%A8%D8%B1%D8%A7%D8%A1/74c6b2c0-7af0-4688-937b-1881caa843f0
2026-08-10 09:26:46,728 [INFO]     PDF trouvé: قرار فتح باب الترشيح (score: 35)
2026-08-10 09:26:46,729 [INFO]   [EXPIRÉE] فتح باب الترشيح لمنصب خبير في مجال السمعي البصري و السينما... → 2025-03-31
2026-08-10 09:26:46,729 [INFO] Page 5/5
2026-08-10 09:26:46,729 [INFO] Scraping page: https://www.emploi-public.ma/ar/قائمة-تشغيل-الخبراء?page=4
2026-08-10 09:26:47,642 [INFO]   → 9 annonces trouvées sur cette page
2026-08-10 09:26:47,643 [INFO]   Détails: https://www.emploi-public.ma/ar/%D8%AA%D9%81%D8%A7%D8%B5%D9%8A%D9%84/%D8%AA%D8%B4%D8%BA%D9%8A%D9%84-%D8%A7%D9%84%D8%AE%D8%A8%D8%B1%D8%A7%D8%A1/efe61f8c-79ae-41bf-851e-67e779047d6a
2026-08-10 09:26:48,409 [INFO]     PDF trouvé: قرار فتح باب الترشيح (score: 35)
2026-08-10 09:26:48,410 [INFO]   [EXPIRÉE] فتح باب الترشيح لمنصب منصب خبير في المجال المرتبط بمجال الهن... → 2025-03-27
2026-08-10 09:26:48,411 [INFO]   Détails: https://www.emploi-public.ma/ar/%D8%AA%D9%81%D8%A7%D8%B5%D9%8A%D9%84/%D8%AA%D8%B4%D8%BA%D9%8A%D9%84-%D8%A7%D9%84%D8%AE%D8%A8%D8%B1%D8%A7%D8%A1/a538c27d-7e09-4441-9551-b22fe9e9d017
2026-08-10 09:26:49,228 [INFO]     PDF trouvé: قرار فتح باب الترشيح (score: 35)
2026-08-10 09:26:49,229 [INFO]   [EXPIRÉE] فتح باب الترشيح لمنصب خبير في مجال إستراتيجية منظومة التعليم... → 2025-03-21
2026-08-10 09:26:49,229 [INFO]   Détails: https://www.emploi-public.ma/ar/%D8%AA%D9%81%D8%A7%D8%B5%D9%8A%D9%84/%D8%AA%D8%B4%D8%BA%D9%8A%D9%84-%D8%A7%D9%84%D8%AE%D8%A8%D8%B1%D8%A7%D8%A1/c8ffa879-6f01-46df-9beb-eb9ae0a6f554
2026-08-10 09:26:50,236 [INFO]     PDF trouvé: قرار فتح باب الترشيح (score: 35)
2026-08-10 09:26:50,237 [INFO]   [EXPIRÉE] فتح باب الترشيح لمنصب خبير في مجال صياغة إستراتيجية شاملة و ... → 2025-03-21
2026-08-10 09:26:50,237 [INFO]   Détails: https://www.emploi-public.ma/ar/%D8%AA%D9%81%D8%A7%D8%B5%D9%8A%D9%84/%D8%AA%D8%B4%D8%BA%D9%8A%D9%84-%D8%A7%D9%84%D8%AE%D8%A8%D8%B1%D8%A7%D8%A1/55bfa14b-dac1-4967-b1b6-8983cea09ed9
2026-08-10 09:26:50,860 [INFO]     PDF trouvé: قرار فتح باب الترشيح (score: 35)
2026-08-10 09:26:50,861 [INFO]   [EXPIRÉE] فتح باب الترشيح لمنصب خبير في مجال نظم المعلوميات... → 2025-03-21
2026-08-10 09:26:50,861 [INFO]   Détails: https://www.emploi-public.ma/ar/%D8%AA%D9%81%D8%A7%D8%B5%D9%8A%D9%84/%D8%AA%D8%B4%D8%BA%D9%8A%D9%84-%D8%A7%D9%84%D8%AE%D8%A8%D8%B1%D8%A7%D8%A1/cf3172d1-8c15-4404-b1ff-21c154c7da2f
2026-08-10 09:26:51,636 [INFO]     PDF trouvé: قرار فتح باب الترشيح (score: 35)
2026-08-10 09:26:51,637 [INFO]   [EXPIRÉE] فتح باب الترشيح لمنصب خبير في مجال تطوير التعاون... → 2025-03-21
2026-08-10 09:26:51,638 [INFO]   Détails: https://www.emploi-public.ma/ar/%D8%AA%D9%81%D8%A7%D8%B5%D9%8A%D9%84/%D8%AA%D8%B4%D8%BA%D9%8A%D9%84-%D8%A7%D9%84%D8%AE%D8%A8%D8%B1%D8%A7%D8%A1/9ebae75d-f857-4c4d-9e16-0108b872c04f
2026-08-10 09:26:52,510 [INFO]     PDF trouvé: قرار فتح باب الترشيح (score: 35)
2026-08-10 09:26:52,511 [INFO]   [EXPIRÉE] فتح باب الترشيح لمنصب إدارة المشاريع و التدبير الإداري و الم... → 2025-03-19
2026-08-10 09:26:52,511 [INFO]   Détails: https://www.emploi-public.ma/ar/%D8%AA%D9%81%D8%A7%D8%B5%D9%8A%D9%84/%D8%AA%D8%B4%D8%BA%D9%8A%D9%84-%D8%A7%D9%84%D8%AE%D8%A8%D8%B1%D8%A7%D8%A1/0608bdd0-0a58-4c90-a1d5-bd3483116452
2026-08-10 09:26:53,096 [INFO]     PDF trouvé: قرار فتح باب الترشيح (score: 35)
2026-08-10 09:26:53,097 [INFO]   [EXPIRÉE] فتح باب الترشيح لمنصب منصب خبير في مجال البحوث والتجارب العل... → 2025-02-03
2026-08-10 09:26:53,098 [INFO]   Détails: https://www.emploi-public.ma/ar/%D8%AA%D9%81%D8%A7%D8%B5%D9%8A%D9%84/%D8%AA%D8%B4%D8%BA%D9%8A%D9%84-%D8%A7%D9%84%D8%AE%D8%A8%D8%B1%D8%A7%D8%A1/0cff84fa-82b2-4363-93e0-a88e5063ef0b
2026-08-10 09:26:53,924 [INFO]     PDF trouvé: قرار فتح باب الترشيح (score: 35)
2026-08-10 09:26:53,925 [INFO]   [EXPIRÉE] فتح باب الترشيح لمنصب خبير في مجال تدبير وتسيير أسواق الحبوب... → 2025-01-27
2026-08-10 09:26:53,925 [INFO]   Détails: https://www.emploi-public.ma/ar/%D8%AA%D9%81%D8%A7%D8%B5%D9%8A%D9%84/%D8%AA%D8%B4%D8%BA%D9%8A%D9%84-%D8%A7%D9%84%D8%AE%D8%A8%D8%B1%D8%A7%D8%A1/74373088-bc5e-4908-985b-9b0086ffaed3
2026-08-10 09:26:54,861 [INFO]     PDF trouvé: قرار فتح باب الترشيح (score: 35)
2026-08-10 09:26:54,862 [INFO]   [EXPIRÉE] فتح باب الترشيح لمنصب خبير... → 2025-01-24
2026-08-10 09:26:54,868 [INFO] 
============================================================
2026-08-10 09:26:54,868 [INFO] RÉSUMÉ
2026-08-10 09:26:54,868 [INFO] ============================================================
2026-08-10 09:26:54,868 [INFO] Annonces traitées: 200
2026-08-10 09:26:54,868 [INFO] Dates en cours: 59
2026-08-10 09:26:54,868 [INFO] Dates expirées: 96
2026-08-10 09:26:54,869 [INFO] Total résultats en base: 469
2026-08-10 09:26:55,937 [INFO] Email envoyé à cavalkhalid@gmail.com
2026-08-10 09:26:55,937 [INFO] 
Scraper terminé.
