2026-07-21 16:19:18,642 [INFO] ============================================================
2026-07-21 16:19:18,642 [INFO] DÉMARRAGE DU SCRAPER emploi-public.ma (FR)
2026-07-21 16:19:18,642 [INFO] Date: 2026-07-21 16:19:18
2026-07-21 16:19:18,642 [INFO] ============================================================
2026-07-21 16:19:18,642 [INFO] Annonces déjà traitées: 0
2026-07-21 16:19:18,642 [INFO] 
--- Catégorie: Concours de recrutement ---
2026-07-21 16:19:18,642 [INFO] Page 1/3
2026-07-21 16:19:18,642 [INFO] Scraping page: https://www.emploi-public.ma/fr/concours-liste
2026-07-21 16:19:19,865 [INFO]   → 9 annonces trouvées sur cette page
2026-07-21 16:19:19,866 [INFO]   Détails: https://www.emploi-public.ma/fr/concours/details/c27ac1df-953a-4b58-a2e2-e273271f18b1
2026-07-21 16:19:22,027 [INFO]     PDF trouvé: Arrêté d'ouverture du concours
2026-07-21 16:19:22,028 [INFO]   [EN COURS] Avis de concours de recrutement de Adjoint technique 2ème gr... → 2026-08-05
2026-07-21 16:19:22,028 [INFO]     → PDF: https://www.emploi-public.ma/fr/concours/download/arrete/c27ac1df-953a-4b58-a2e2-e273271f18b1
2026-07-21 16:19:23,273 [INFO]     → Pas de match région
2026-07-21 16:19:23,273 [INFO]   Détails: https://www.emploi-public.ma/fr/concours/details/7faff0fb-2922-485a-853e-20b4d81cbc7a
2026-07-21 16:19:29,153 [INFO]     PDF trouvé: Arrêté d'ouverture du concours
2026-07-21 16:19:29,154 [INFO]   [EN COURS] Avis de concours de recrutement de Maître de conférences gra... → 2026-08-03
2026-07-21 16:19:29,155 [INFO]     → PDF: https://www.emploi-public.ma/fr/concours/download/arrete/7faff0fb-2922-485a-853e-20b4d81cbc7a
2026-07-21 16:19:30,629 [INFO]     → Pas de match région
2026-07-21 16:19:30,629 [INFO]   Détails: https://www.emploi-public.ma/fr/concours/details/2c15e888-7029-4082-9334-eef194ee5586
2026-07-21 16:19:31,274 [INFO]     PDF trouvé: Arrêté d'ouverture du concours
2026-07-21 16:19:31,275 [INFO]   [EN COURS] Avis de concours de recrutement de Administrateur 2ème grade... → 2026-08-03
2026-07-21 16:19:31,276 [INFO]     → PDF: https://www.emploi-public.ma/fr/concours/download/arrete/2c15e888-7029-4082-9334-eef194ee5586
2026-07-21 16:19:32,177 [INFO]     → Région trouvée dans le texte de la page: Tiznit
2026-07-21 16:19:32,177 [INFO]     ✓✓✓ MATCH RÉGION: Tiznit
2026-07-21 16:19:32,177 [INFO]   Détails: https://www.emploi-public.ma/fr/concours/details/d543668b-c808-4ac0-933b-4301237f9f67
2026-07-21 16:19:32,738 [INFO]     PDF trouvé: Arrêté d'ouverture du concours
2026-07-21 16:19:32,739 [INFO]   [EN COURS] Avis de concours de recrutement de Administrateur 3ème grade... → 2026-07-31
2026-07-21 16:19:32,740 [INFO]     → PDF: https://www.emploi-public.ma/fr/concours/download/arrete/d543668b-c808-4ac0-933b-4301237f9f67
2026-07-21 16:19:34,107 [INFO]     → Pas de match région
2026-07-21 16:19:34,108 [INFO]   Détails: https://www.emploi-public.ma/fr/concours/details/78699344-c4d1-4204-ad40-9749cc0563aa
2026-07-21 16:19:35,258 [INFO]     PDF trouvé: Arrêté d'ouverture du concours
2026-07-21 16:19:35,259 [INFO]   [EN COURS] Avis de concours de recrutement de Médecins premier grade - ... → 2026-07-23
2026-07-21 16:19:35,260 [INFO]     → PDF: https://www.emploi-public.ma/fr/concours/download/arrete/78699344-c4d1-4204-ad40-9749cc0563aa
2026-07-21 16:19:36,102 [INFO]     → Région trouvée dans le texte de la page: Tiznit
2026-07-21 16:19:36,102 [INFO]     ✓✓✓ MATCH RÉGION: Tiznit
2026-07-21 16:19:36,102 [INFO]   Détails: https://www.emploi-public.ma/fr/concours/details/b62a7d1c-c399-48cd-ab9f-adca105db22f
2026-07-21 16:19:37,214 [INFO]     PDF trouvé: Arrêté d'ouverture du concours
2026-07-21 16:19:37,215 [INFO]   [EN COURS] Avis de concours de recrutement de Maître de conférences gra... → 2026-07-21
2026-07-21 16:19:37,216 [INFO]     → PDF: https://www.emploi-public.ma/fr/concours/download/arrete/b62a7d1c-c399-48cd-ab9f-adca105db22f
2026-07-21 16:19:43,815 [INFO]     → Pas de match région
2026-07-21 16:19:43,815 [INFO]   Détails: https://www.emploi-public.ma/fr/concours/details/dc6005fa-8f1f-418f-baed-64e9caca12f6
2026-07-21 16:19:44,402 [INFO]     PDF trouvé: Arrêté d'ouverture du concours
2026-07-21 16:19:44,404 [INFO]   [EN COURS] Avis de concours de recrutement de Technicien de 3ème grade ... → 2026-07-21
2026-07-21 16:19:44,404 [INFO]     → PDF: https://www.emploi-public.ma/fr/concours/download/arrete/dc6005fa-8f1f-418f-baed-64e9caca12f6
2026-07-21 16:19:45,470 [INFO]     → Région trouvée dans le texte de la page: Tiznit
2026-07-21 16:19:45,470 [INFO]     ✓✓✓ MATCH RÉGION: Tiznit
2026-07-21 16:19:45,470 [INFO]   Détails: https://www.emploi-public.ma/fr/concours/details/7d4f66b4-2f8c-4dbf-94ea-99d5943a7378
2026-07-21 16:19:46,095 [INFO]     PDF trouvé: Arrêté d'ouverture du concours
2026-07-21 16:19:46,097 [INFO]   [EN COURS] Avis de concours de recrutement de Administrateur 3ème grade... → 2026-07-21
2026-07-21 16:19:46,097 [INFO]     → PDF: https://www.emploi-public.ma/fr/concours/download/arrete/7d4f66b4-2f8c-4dbf-94ea-99d5943a7378
2026-07-21 16:19:48,002 [INFO]     → Région trouvée dans le texte de la page: Tiznit
2026-07-21 16:19:48,002 [INFO]     ✓✓✓ MATCH RÉGION: Tiznit
2026-07-21 16:19:48,002 [INFO]   Détails: https://www.emploi-public.ma/fr/concours/details/e372c384-b595-401d-bfa7-77c67af01fbe
2026-07-21 16:19:48,498 [INFO]     PDF trouvé: Arrêté d'ouverture du concours
2026-07-21 16:19:48,499 [INFO]   [EN COURS] Avis de concours de recrutement de Administrateur 2ème grade... → 2026-07-21
2026-07-21 16:19:48,499 [INFO]     → PDF: https://www.emploi-public.ma/fr/concours/download/arrete/e372c384-b595-401d-bfa7-77c67af01fbe
2026-07-21 16:19:50,801 [INFO]     → Région trouvée dans le texte de la page: Tiznit
2026-07-21 16:19:50,801 [INFO]     ✓✓✓ MATCH RÉGION: Tiznit
2026-07-21 16:19:50,801 [INFO] Page 2/3
2026-07-21 16:19:50,801 [INFO] Scraping page: https://www.emploi-public.ma/fr/concours-liste?page=1
2026-07-21 16:19:53,322 [INFO]   → 9 annonces trouvées sur cette page
2026-07-21 16:19:53,324 [INFO]   [DÉJÀ VU] Avis de concours de recrutement de Adjoint technique 2ème gr...
2026-07-21 16:19:53,324 [INFO]   [DÉJÀ VU] Avis de concours de recrutement de Maître de conférences gra...
2026-07-21 16:19:53,324 [INFO]   [DÉJÀ VU] Avis de concours de recrutement de Administrateur 2ème grade...
2026-07-21 16:19:53,324 [INFO]   [DÉJÀ VU] Avis de concours de recrutement de Administrateur 3ème grade...
2026-07-21 16:19:53,324 [INFO]   [DÉJÀ VU] Avis de concours de recrutement de Médecins premier grade - ...
2026-07-21 16:19:53,324 [INFO]   [DÉJÀ VU] Avis de concours de recrutement de Maître de conférences gra...
2026-07-21 16:19:53,324 [INFO]   [DÉJÀ VU] Avis de concours de recrutement de Technicien de 3ème grade ...
2026-07-21 16:19:53,324 [INFO]   [DÉJÀ VU] Avis de concours de recrutement de Administrateur 3ème grade...
2026-07-21 16:19:53,324 [INFO]   [DÉJÀ VU] Avis de concours de recrutement de Administrateur 2ème grade...
2026-07-21 16:19:53,324 [INFO] Page 3/3
2026-07-21 16:19:53,324 [INFO] Scraping page: https://www.emploi-public.ma/fr/concours-liste?page=2
2026-07-21 16:19:54,122 [INFO]   → 9 annonces trouvées sur cette page
2026-07-21 16:19:54,123 [INFO]   Détails: https://www.emploi-public.ma/fr/concours/details/606d3ff2-2e7a-4174-9d74-713c58402b8a
2026-07-21 16:19:55,340 [INFO]     PDF trouvé: Arrêté d'ouverture du concours
2026-07-21 16:19:55,341 [INFO]   [EN COURS] Avis de concours de recrutement de Médecins premier grade - ... → 2026-07-21
2026-07-21 16:19:55,341 [INFO]     → PDF: https://www.emploi-public.ma/fr/concours/download/arrete/606d3ff2-2e7a-4174-9d74-713c58402b8a
2026-07-21 16:19:59,427 [INFO]     → Région trouvée dans le texte de la page: Tiznit
2026-07-21 16:19:59,427 [INFO]     ✓✓✓ MATCH RÉGION: Tiznit
2026-07-21 16:19:59,427 [INFO]   Détails: https://www.emploi-public.ma/fr/concours/details/9740d64c-8b1b-47b8-abe8-00b3575d4aa9
2026-07-21 16:20:00,079 [INFO]     PDF trouvé: Arrêté d'ouverture du concours
2026-07-21 16:20:00,080 [INFO]   [EXPIRÉE] Avis de concours de recrutement de Ingénieur d'Etat 1er grad... → 2026-07-20
2026-07-21 16:20:00,080 [INFO]   Détails: https://www.emploi-public.ma/fr/concours/details/b89b6b38-795f-49af-9d00-910305760e85
2026-07-21 16:20:01,006 [INFO]     PDF trouvé: Arrêté d'ouverture du concours
2026-07-21 16:20:01,007 [INFO]   [EXPIRÉE] Avis de concours de recrutement de Administrateur 2ème grade... → 2026-07-20
2026-07-21 16:20:01,008 [INFO]   Détails: https://www.emploi-public.ma/fr/concours/details/f33919ef-c4a4-41c0-9927-744882ec1140
2026-07-21 16:20:01,938 [INFO]     PDF trouvé: Arrêté d'ouverture du concours
2026-07-21 16:20:01,939 [INFO]   [EXPIRÉE] Avis de concours de recrutement de Technicien de 3ème grade ... → 2026-07-20
2026-07-21 16:20:01,940 [INFO]   Détails: https://www.emploi-public.ma/fr/concours/details/00afdf47-67cd-4c3b-910d-295480956c45
2026-07-21 16:20:04,121 [INFO]     PDF trouvé: Arrêté d'ouverture du concours
2026-07-21 16:20:04,122 [INFO]   [EXPIRÉE] Avis de concours de recrutement de Administrateur 3ème grade... → 2026-07-20
2026-07-21 16:20:04,122 [INFO]   Détails: https://www.emploi-public.ma/fr/concours/details/0c6baf5e-be9d-4ef5-a8f7-b9044cf640d5
2026-07-21 16:20:04,713 [INFO]     PDF trouvé: Arrêté d'ouverture du concours
2026-07-21 16:20:04,715 [INFO]   [EXPIRÉE] Publication de la liste des convoqués pour l'examen écrit du... → 2026-07-15
2026-07-21 16:20:04,715 [INFO]   Détails: https://www.emploi-public.ma/fr/concours/details/c6303b4c-114c-4b25-b6c5-eca77cba3dad
2026-07-21 16:20:05,408 [INFO]     PDF trouvé: Arrêté d'ouverture du concours
2026-07-21 16:20:05,409 [INFO]   [EXPIRÉE] Publication de la liste des convoqués pour l'examen écrit du... → 2026-07-15
2026-07-21 16:20:05,409 [INFO]   Détails: https://www.emploi-public.ma/fr/concours/details/1f901e2f-de1d-4110-874d-d5d890119e69
2026-07-21 16:20:08,132 [INFO]     PDF trouvé: Arrêté d'ouverture du concours
2026-07-21 16:20:08,133 [INFO]   [EXPIRÉE] Publication de la liste des convoqués pour l'examen écrit du... → 2026-07-15
2026-07-21 16:20:08,133 [INFO]   Détails: https://www.emploi-public.ma/fr/concours/details/c83d70e2-ec18-4f3b-b97f-03d080ad762a
2026-07-21 16:20:08,774 [INFO]     PDF trouvé: Arrêté d'ouverture du concours
2026-07-21 16:20:08,775 [INFO]   [EXPIRÉE] Publication de la liste des convoqués pour l'examen écrit du... → 2026-07-14
2026-07-21 16:20:08,775 [INFO] 
--- Catégorie: Emplois supérieurs ---
2026-07-21 16:20:08,775 [INFO] Page 1/3
2026-07-21 16:20:08,775 [INFO] Scraping page: https://www.emploi-public.ma/fr/emploi-sup-liste
2026-07-21 16:20:10,003 [INFO]   → 9 annonces trouvées sur cette page
2026-07-21 16:20:10,004 [INFO]   Détails: https://www.emploi-public.ma/fr/emploi-sup/details/d75f25b8-e1b6-4bba-9bf2-9bcc6a5e913c
2026-07-21 16:20:10,589 [INFO]     PDF trouvé: Arrêté d'appel à candidature
2026-07-21 16:20:10,591 [INFO]   [EN COURS] Avis d'emplois supérieurs Directeur des statuts et des Eudes... → 2026-07-21
2026-07-21 16:20:10,591 [INFO]     → PDF: https://www.emploi-public.ma/fr/emploi-sup/download/arrete/d75f25b8-e1b6-4bba-9bf2-9bcc6a5e913c
2026-07-21 16:20:12,847 [INFO]     → Pas de match région
2026-07-21 16:20:12,847 [INFO]   Détails: https://www.emploi-public.ma/fr/emploi-sup/details/2c16f418-dd0f-4bb2-b66e-f926057114f9
2026-07-21 16:20:13,533 [INFO]     PDF trouvé: Arrêté d'appel à candidature
2026-07-21 16:20:13,534 [INFO]   [EN COURS] Avis d'emplois supérieurs Directeur de la jeunesse... → 2026-07-27
2026-07-21 16:20:13,534 [INFO]     → PDF: https://www.emploi-public.ma/fr/emploi-sup/download/arrete/2c16f418-dd0f-4bb2-b66e-f926057114f9
2026-07-21 16:20:14,917 [INFO]     → Pas de match région
2026-07-21 16:20:14,918 [INFO]   Détails: https://www.emploi-public.ma/fr/emploi-sup/details/43fe4445-da66-401e-a3c4-2562a221a332
2026-07-21 16:20:15,507 [INFO]     PDF trouvé: Arrêté d'appel à candidature
2026-07-21 16:20:15,508 [INFO]   [EN COURS] Avis d'emplois supérieurs DIRECTEUR FONSAFJS... → 2026-07-27
2026-07-21 16:20:15,508 [INFO]     → PDF: https://www.emploi-public.ma/fr/emploi-sup/download/arrete/43fe4445-da66-401e-a3c4-2562a221a332
2026-07-21 16:20:17,724 [INFO]     → Pas de match région
2026-07-21 16:20:17,724 [INFO]   Détails: https://www.emploi-public.ma/fr/emploi-sup/details/4d6a3c99-2658-4cfd-99b5-bc5c012c8e55
2026-07-21 16:20:21,901 [INFO]     PDF trouvé: Arrêté d'appel à candidature
2026-07-21 16:20:21,903 [INFO]   [EXPIRÉE] Avis d'emplois supérieurs Directeur(trice) du Centre nationa... → 2026-07-17
2026-07-21 16:20:21,903 [INFO]   Détails: https://www.emploi-public.ma/fr/emploi-sup/details/803881f5-f7fa-4f8f-b2cd-d6b1566b7fe5
2026-07-21 16:20:22,480 [INFO]     PDF trouvé: Arrêté d'appel à candidature
2026-07-21 16:20:22,481 [INFO]   [EN COURS] Avis d'emplois supérieurs DIRECTEUR DE L’INSTITUT SUPERIEUR ... → 2026-07-28
2026-07-21 16:20:22,481 [INFO]     → PDF: https://www.emploi-public.ma/fr/emploi-sup/download/arrete/803881f5-f7fa-4f8f-b2cd-d6b1566b7fe5
2026-07-21 16:20:23,466 [INFO]     → Pas de match région
2026-07-21 16:20:23,466 [INFO]   Détails: https://www.emploi-public.ma/fr/emploi-sup/details/d5445636-5a56-491e-9305-8cd418b361f8
2026-07-21 16:20:24,043 [INFO]     PDF trouvé: Arrêté d'appel à candidature
2026-07-21 16:20:24,044 [INFO]   [EXPIRÉE] Avis d'emplois supérieurs Directeur de l'Aménagement du Terr... → 2026-07-13
2026-07-21 16:20:24,044 [INFO]   Détails: https://www.emploi-public.ma/fr/emploi-sup/details/a19c981f-5e73-4699-978a-3c26f387e76d
2026-07-21 16:20:24,622 [INFO]     PDF trouvé: Arrêté d'appel à candidature
2026-07-21 16:20:24,623 [INFO]   [EXPIRÉE] Avis d'emplois supérieurs Directeur de l'Agence Urbaine d'Al... → 2026-07-13
2026-07-21 16:20:24,623 [INFO]   Détails: https://www.emploi-public.ma/fr/emploi-sup/details/c3eed04a-67b9-4ceb-b4c3-b32e0273c191
2026-07-21 16:20:25,202 [INFO]     PDF trouvé: Arrêté d'appel à candidature
2026-07-21 16:20:25,203 [INFO]   [EXPIRÉE] Avis d'emplois supérieurs Directeur de l'Agence Urbaine de L... → 2026-07-13
2026-07-21 16:20:25,203 [INFO]   Détails: https://www.emploi-public.ma/fr/emploi-sup/details/6bbca177-c943-4200-991d-4945c7de6c3e
2026-07-21 16:20:28,658 [INFO]     PDF trouvé: Arrêté d'appel à candidature
2026-07-21 16:20:28,659 [INFO]   [EXPIRÉE] Avis d'emplois supérieurs Directeur(trice) des affaires géné... → 2026-07-03
2026-07-21 16:20:28,659 [INFO] Page 2/3
2026-07-21 16:20:28,659 [INFO] Scraping page: https://www.emploi-public.ma/fr/emploi-sup-liste?page=1
2026-07-21 16:20:29,441 [INFO]   → 9 annonces trouvées sur cette page
2026-07-21 16:20:29,443 [INFO]   [DÉJÀ VU] Avis d'emplois supérieurs Directeur des statuts et des Eudes...
2026-07-21 16:20:29,443 [INFO]   [DÉJÀ VU] Avis d'emplois supérieurs Directeur de la jeunesse...
2026-07-21 16:20:29,443 [INFO]   [DÉJÀ VU] Avis d'emplois supérieurs DIRECTEUR FONSAFJS...
2026-07-21 16:20:29,443 [INFO]   [DÉJÀ VU] Avis d'emplois supérieurs Directeur(trice) du Centre nationa...
2026-07-21 16:20:29,443 [INFO]   [DÉJÀ VU] Avis d'emplois supérieurs DIRECTEUR DE L’INSTITUT SUPERIEUR ...
2026-07-21 16:20:29,443 [INFO]   [DÉJÀ VU] Avis d'emplois supérieurs Directeur de l'Aménagement du Terr...
2026-07-21 16:20:29,443 [INFO]   [DÉJÀ VU] Avis d'emplois supérieurs Directeur de l'Agence Urbaine d'Al...
2026-07-21 16:20:29,443 [INFO]   [DÉJÀ VU] Avis d'emplois supérieurs Directeur de l'Agence Urbaine de L...
2026-07-21 16:20:29,443 [INFO]   [DÉJÀ VU] Avis d'emplois supérieurs Directeur(trice) des affaires géné...
2026-07-21 16:20:29,443 [INFO] Page 3/3
2026-07-21 16:20:29,443 [INFO] Scraping page: https://www.emploi-public.ma/fr/emploi-sup-liste?page=2
2026-07-21 16:20:33,349 [INFO]   → 9 annonces trouvées sur cette page
2026-07-21 16:20:33,350 [INFO]   Détails: https://www.emploi-public.ma/fr/emploi-sup/details/971391f4-c3ed-4054-b39a-d498fdbfba4b
2026-07-21 16:20:34,070 [INFO]     PDF trouvé: Arrêté d'appel à candidature
2026-07-21 16:20:34,071 [INFO]   [EXPIRÉE] Avis d'emplois supérieurs Directeur(trice) de l’Institut Roy... → 2026-07-03
2026-07-21 16:20:34,071 [INFO]   Détails: https://www.emploi-public.ma/fr/emploi-sup/details/1afa70c8-a02b-457d-98c8-6787ae253f28
2026-07-21 16:20:35,264 [INFO]     PDF trouvé: Arrêté d'appel à candidature
2026-07-21 16:20:35,265 [INFO]   [EXPIRÉE] Avis d'emplois supérieurs Directeur de l'Ecole des Sciences ... → 2026-06-30
2026-07-21 16:20:35,265 [INFO]   Détails: https://www.emploi-public.ma/fr/emploi-sup/details/e1c5923d-7307-42c7-90ed-21db5ce34a49
2026-07-21 16:20:40,756 [INFO]     PDF trouvé: Arrêté d'appel à candidature
2026-07-21 16:20:40,757 [INFO]   [EXPIRÉE] Avis d'emplois supérieurs Directeur des législations des Inf... → 2026-06-29
2026-07-21 16:20:40,757 [INFO]   Détails: https://www.emploi-public.ma/fr/emploi-sup/details/cb431ce3-c104-457a-b464-8ca3b4a5fe55
2026-07-21 16:20:41,462 [INFO]     PDF trouvé: Arrêté d'appel à candidature
2026-07-21 16:20:41,463 [INFO]   [EXPIRÉE] Avis d'emplois supérieurs Directeur des législations de la g... → 2026-06-29
2026-07-21 16:20:41,463 [INFO]   Détails: https://www.emploi-public.ma/fr/emploi-sup/details/83256c4b-36f7-461e-8579-7dbec3b6aae0
2026-07-21 16:20:42,208 [INFO]     PDF trouvé: Arrêté d'appel à candidature
2026-07-21 16:20:42,210 [INFO]   [EXPIRÉE] Avis d'emplois supérieurs Doyen de la Faculté de Médecine et... → 2026-06-26
2026-07-21 16:20:42,210 [INFO]   Détails: https://www.emploi-public.ma/fr/emploi-sup/details/e1054489-8a0a-4d64-92ab-55a9dbb52ac5
2026-07-21 16:20:42,870 [INFO]     PDF trouvé: Arrêté d'appel à candidature
2026-07-21 16:20:42,871 [INFO]   [EXPIRÉE] Avis d'emplois supérieurs Directeur de l'Ecole Mohammadia de... → 2026-06-26
2026-07-21 16:20:42,871 [INFO]   Détails: https://www.emploi-public.ma/fr/emploi-sup/details/4276b348-5dae-41c9-b638-6ca89ffaf304
2026-07-21 16:20:43,487 [INFO]     PDF trouvé: Arrêté d'appel à candidature
2026-07-21 16:20:43,488 [INFO]   [EXPIRÉE] Avis d'emplois supérieurs Directeur(trice) du Centre régiona... → 2026-06-22
2026-07-21 16:20:43,488 [INFO]   Détails: https://www.emploi-public.ma/fr/emploi-sup/details/0f48ee65-4c13-4056-a870-a38f35f26eee
2026-07-21 16:20:44,185 [INFO]     PDF trouvé: Arrêté d'appel à candidature
2026-07-21 16:20:44,186 [INFO]   [EXPIRÉE] Avis d'emplois supérieurs Directeur des statuts et des Eudes... → 2026-06-22
2026-07-21 16:20:44,187 [INFO]   Détails: https://www.emploi-public.ma/fr/emploi-sup/details/17544c4c-7a33-48bd-be97-d4e261c4b1ba
2026-07-21 16:20:46,222 [INFO]     PDF trouvé: Arrêté d'appel à candidature
2026-07-21 16:20:46,223 [INFO]   [EXPIRÉE] Avis d'emplois supérieurs Directeur(trice) général(e) de l’o... → 2026-06-19
2026-07-21 16:20:46,223 [INFO] 
--- Catégorie: Postes de responsabilités ---
2026-07-21 16:20:46,223 [INFO] Page 1/3
2026-07-21 16:20:46,224 [INFO] Scraping page: https://www.emploi-public.ma/fr/postes-respo-liste
2026-07-21 16:20:47,053 [INFO]   → 13 annonces trouvées sur cette page
2026-07-21 16:20:47,054 [INFO]   Détails: https://www.emploi-public.ma/fr/postes-respo/details/8191a001-182e-490c-a582-5cf834f5eeb7
2026-07-21 16:20:48,054 [INFO]     PDF trouvé: Arrêté d'appel à candidature
2026-07-21 16:20:48,056 [INFO]   [EXPIRÉE] Publication de la liste des résultats pour les Postes de res... → 2026-05-18
2026-07-21 16:20:48,056 [INFO]   Détails: https://www.emploi-public.ma/fr/postes-respo/details/a35f3c8e-0667-423a-a54c-978dbf200428
2026-07-21 16:20:49,212 [INFO]     PDF trouvé: Arrêté d'appel à candidature
2026-07-21 16:20:49,214 [INFO]   [EXPIRÉE] Publication de la liste des résultats pour les Postes de res... → 2026-07-08
2026-07-21 16:20:49,214 [INFO]   Détails: https://www.emploi-public.ma/fr/postes-respo/details/c570c40b-7e53-4d54-ba1a-13f0893e857c
2026-07-21 16:20:49,874 [INFO]     PDF trouvé: Arrêté d'appel à candidature
2026-07-21 16:20:49,875 [INFO]   [EN COURS] Avis de Postes de responsabilités au Conseil national des dr... → 2026-08-10
2026-07-21 16:20:49,876 [INFO]     → PDF: https://www.emploi-public.ma/fr/postes-respo/download/arrete/c570c40b-7e53-4d54-ba1a-13f0893e857c
2026-07-21 16:20:58,238 [INFO]     → Pas de match région
2026-07-21 16:20:58,238 [INFO]   Détails: https://www.emploi-public.ma/fr/postes-respo/details/1bdf85ad-c948-4784-b473-af98b5a2bdc4
2026-07-21 16:21:00,024 [INFO]     PDF trouvé: Arrêté d'appel à candidature
2026-07-21 16:21:00,025 [INFO]   [EXPIRÉE] Publication de la liste des convoqués pour l'appel à candida... → 2026-05-25
2026-07-21 16:21:00,025 [INFO]   Détails: https://www.emploi-public.ma/fr/postes-respo/details/b2591536-0a21-45a1-8b3f-43030a0c8988
2026-07-21 16:21:02,127 [INFO]     PDF trouvé: Arrêté d'appel à candidature
2026-07-21 16:21:02,128 [INFO]   [EXPIRÉE] Publication de la liste des résultats pour les Postes de res... → 2026-07-08
2026-07-21 16:21:02,129 [INFO]   Détails: https://www.emploi-public.ma/fr/postes-respo/details/c4f5cb55-ee66-4bf2-b1f2-cf71a2c23130
2026-07-21 16:21:05,546 [INFO]     PDF trouvé: Arrêté d'appel à candidature
2026-07-21 16:21:05,548 [INFO]   [EXPIRÉE] Publication de la liste des résultats pour les Postes de res... → 2026-03-27
2026-07-21 16:21:05,548 [INFO]   Détails: https://www.emploi-public.ma/fr/postes-respo/details/22705a8c-da33-4075-8bf0-5ed6d7154128
2026-07-21 16:21:06,197 [INFO]     PDF trouvé: Arrêté d'appel à candidature
2026-07-21 16:21:06,198 [INFO]   [EN COURS] Avis de Postes de responsabilités au Délégation générale à l... → 2026-08-17
2026-07-21 16:21:06,198 [INFO]     → PDF: https://www.emploi-public.ma/fr/postes-respo/download/arrete/22705a8c-da33-4075-8bf0-5ed6d7154128
2026-07-21 16:21:08,122 [INFO]     → Pas de match région
2026-07-21 16:21:08,122 [INFO]   Détails: https://www.emploi-public.ma/fr/postes-respo/details/e774ca4d-81dc-42d4-8139-14553b32118f
2026-07-21 16:21:08,962 [INFO]     PDF trouvé: Arrêté d'appel à candidature
2026-07-21 16:21:08,963 [INFO]   [EN COURS] Avis de Postes de responsabilités au Ministère de la Jeuness... → 2026-08-04
2026-07-21 16:21:08,963 [INFO]     → PDF: https://www.emploi-public.ma/fr/postes-respo/download/arrete/e774ca4d-81dc-42d4-8139-14553b32118f
2026-07-21 16:21:12,170 [INFO]     → Pas de match région
2026-07-21 16:21:12,170 [INFO]   Détails: https://www.emploi-public.ma/fr/postes-respo/details/f80e03a8-5337-47bc-891d-cd3da5e49bfb
2026-07-21 16:21:13,024 [INFO]     PDF trouvé: Arrêté d'appel à candidature
2026-07-21 16:21:13,025 [INFO]   [EXPIRÉE] Avis de Postes de responsabilités au Ministère de l'intérieu... → 2026-07-20
2026-07-21 16:21:13,025 [INFO]   Détails: https://www.emploi-public.ma/fr/postes-respo/details/d009480c-71a6-41f0-bc4c-2b019d70a27f
2026-07-21 16:21:13,670 [INFO]     PDF trouvé: Arrêté d'appel à candidature
2026-07-21 16:21:13,671 [INFO]   [EN COURS] Chef(fe) de la Division Navigation Aérienne au sein de l’Aér... → 2026-07-22
2026-07-21 16:21:13,671 [INFO]     → PDF: https://www.emploi-public.ma/fr/postes-respo/download/arrete/d009480c-71a6-41f0-bc4c-2b019d70a27f
2026-07-21 16:21:17,880 [INFO]     → Région trouvée dans le texte de la page: Agadir
2026-07-21 16:21:17,880 [INFO]     ✓✓✓ MATCH RÉGION: Agadir
2026-07-21 16:21:17,880 [INFO]   Détails: https://www.emploi-public.ma/fr/postes-respo/details/29d81367-f52a-409e-892d-e1baaff34479
2026-07-21 16:21:26,795 [INFO]     PDF trouvé: Arrêté d'appel à candidature
2026-07-21 16:21:26,797 [INFO]   [EN COURS] Chef(fe) de la Division Navigation Aérienne au sein de l’Aér... → 2026-07-22
2026-07-21 16:21:26,797 [INFO]     → PDF: https://www.emploi-public.ma/fr/postes-respo/download/arrete/29d81367-f52a-409e-892d-e1baaff34479
2026-07-21 16:21:30,307 [INFO]     → Région trouvée dans le texte de la page: Agadir
2026-07-21 16:21:30,307 [INFO]     ✓✓✓ MATCH RÉGION: Agadir
2026-07-21 16:21:30,307 [INFO]   Détails: https://www.emploi-public.ma/fr/postes-respo/details/af5851aa-a314-4090-8ebd-37dd73d202a7
2026-07-21 16:21:31,013 [INFO]     PDF trouvé: Arrêté d'appel à candidature
2026-07-21 16:21:31,015 [INFO]   [EN COURS] Chef(fe) de la Division Salle Technique relevant du CCR d’Ag... → 2026-07-22
2026-07-21 16:21:31,015 [INFO]     → PDF: https://www.emploi-public.ma/fr/postes-respo/download/arrete/af5851aa-a314-4090-8ebd-37dd73d202a7
2026-07-21 16:21:34,415 [INFO]     → Région trouvée dans le texte de la page: Agadir
2026-07-21 16:21:34,415 [INFO]     ✓✓✓ MATCH RÉGION: Agadir
2026-07-21 16:21:34,415 [INFO]   Détails: https://www.emploi-public.ma/fr/postes-respo/details/c634b29a-0dd6-40c1-9603-491b02375c83
2026-07-21 16:21:34,978 [INFO]     PDF trouvé: Arrêté d'appel à candidature
2026-07-21 16:21:34,979 [INFO]   [EN COURS] Chef(fe) de la Division Formation relevant du CCR d’Agadir a... → 2026-07-22
2026-07-21 16:21:34,979 [INFO]     → PDF: https://www.emploi-public.ma/fr/postes-respo/download/arrete/c634b29a-0dd6-40c1-9603-491b02375c83
2026-07-21 16:21:38,289 [INFO]     → Région trouvée dans le texte de la page: Agadir
2026-07-21 16:21:38,289 [INFO]     ✓✓✓ MATCH RÉGION: Agadir
2026-07-21 16:21:38,289 [INFO] Page 2/3
2026-07-21 16:21:38,289 [INFO] Scraping page: https://www.emploi-public.ma/fr/postes-respo-liste?page=1
2026-07-21 16:21:39,013 [INFO]   → 13 annonces trouvées sur cette page
2026-07-21 16:21:39,014 [INFO]   [DÉJÀ VU] Publication de la liste des résultats pour les Postes de res...
2026-07-21 16:21:39,014 [INFO]   [DÉJÀ VU] Publication de la liste des résultats pour les Postes de res...
2026-07-21 16:21:39,014 [INFO]   [DÉJÀ VU] Avis de Postes de responsabilités au Conseil national des dr...
2026-07-21 16:21:39,014 [INFO]   [DÉJÀ VU] Publication de la liste des convoqués pour l'appel à candida...
2026-07-21 16:21:39,014 [INFO]   [DÉJÀ VU] Publication de la liste des résultats pour les Postes de res...
2026-07-21 16:21:39,014 [INFO]   [DÉJÀ VU] Publication de la liste des résultats pour les Postes de res...
2026-07-21 16:21:39,014 [INFO]   [DÉJÀ VU] Avis de Postes de responsabilités au Délégation générale à l...
2026-07-21 16:21:39,014 [INFO]   [DÉJÀ VU] Avis de Postes de responsabilités au Ministère de la Jeuness...
2026-07-21 16:21:39,014 [INFO]   [DÉJÀ VU] Avis de Postes de responsabilités au Ministère de l'intérieu...
2026-07-21 16:21:39,014 [INFO]   [DÉJÀ VU] Chef(fe) de la Division Navigation Aérienne au sein de l’Aér...
2026-07-21 16:21:39,014 [INFO]   [DÉJÀ VU] Chef(fe) de la Division Navigation Aérienne au sein de l’Aér...
2026-07-21 16:21:39,014 [INFO]   [DÉJÀ VU] Chef(fe) de la Division Salle Technique relevant du CCR d’Ag...
2026-07-21 16:21:39,014 [INFO]   [DÉJÀ VU] Chef(fe) de la Division Formation relevant du CCR d’Agadir a...
2026-07-21 16:21:39,014 [INFO] Page 3/3
2026-07-21 16:21:39,014 [INFO] Scraping page: https://www.emploi-public.ma/fr/postes-respo-liste?page=2
2026-07-21 16:21:39,714 [INFO]   → 13 annonces trouvées sur cette page
2026-07-21 16:21:39,715 [INFO]   Détails: https://www.emploi-public.ma/fr/postes-respo/details/5d665ecc-2ba0-419a-81e1-a402431adc16
2026-07-21 16:21:40,346 [INFO]     PDF trouvé: Arrêté d'appel à candidature
2026-07-21 16:21:40,347 [INFO]   [EN COURS] Avis de Postes de responsabilités au Ministère de la Jeuness... → 2026-08-03
2026-07-21 16:21:40,348 [INFO]     → PDF: https://www.emploi-public.ma/fr/postes-respo/download/arrete/5d665ecc-2ba0-419a-81e1-a402431adc16
2026-07-21 16:21:41,220 [INFO]     → Pas de match région
2026-07-21 16:21:41,220 [INFO]   Détails: https://www.emploi-public.ma/fr/postes-respo/details/f6181909-9d0e-4bf9-aa98-7c5bb916b755
2026-07-21 16:21:42,087 [INFO]     PDF trouvé: Arrêté d'appel à candidature
2026-07-21 16:21:42,088 [INFO]   [EN COURS] Avis de Postes de responsabilités au Ministère de la Jeuness... → 2026-08-03
2026-07-21 16:21:42,089 [INFO]     → PDF: https://www.emploi-public.ma/fr/postes-respo/download/arrete/f6181909-9d0e-4bf9-aa98-7c5bb916b755
2026-07-21 16:21:42,941 [INFO]     → Pas de match région
2026-07-21 16:21:42,941 [INFO]   Détails: https://www.emploi-public.ma/fr/postes-respo/details/33fadd95-e7a3-48e9-9532-58ab3fef908c
2026-07-21 16:21:43,496 [INFO]     PDF trouvé: Arrêté d'appel à candidature
2026-07-21 16:21:43,497 [INFO]   [EN COURS] Avis de Postes de responsabilités au Ministère de la Jeuness... → 2026-08-03
2026-07-21 16:21:43,497 [INFO]     → PDF: https://www.emploi-public.ma/fr/postes-respo/download/arrete/33fadd95-e7a3-48e9-9532-58ab3fef908c
2026-07-21 16:21:44,363 [INFO]     → Pas de match région
2026-07-21 16:21:44,364 [INFO]   Détails: https://www.emploi-public.ma/fr/postes-respo/details/17642040-c2de-4150-bf47-0523cb6a6615
2026-07-21 16:21:45,449 [INFO]     PDF trouvé: Arrêté d'appel à candidature
2026-07-21 16:21:45,450 [INFO]   [EN COURS] Avis de Postes de responsabilités au Ministère de la Jeuness... → 2026-08-03
2026-07-21 16:21:45,450 [INFO]     → PDF: https://www.emploi-public.ma/fr/postes-respo/download/arrete/17642040-c2de-4150-bf47-0523cb6a6615
2026-07-21 16:21:51,075 [INFO]     → Pas de match région
2026-07-21 16:21:51,075 [INFO]   Détails: https://www.emploi-public.ma/fr/postes-respo/details/f8baf400-d3be-464c-a9cd-a75fc5d8a8bc
2026-07-21 16:21:52,214 [INFO]     PDF trouvé: Arrêté d'appel à candidature
2026-07-21 16:21:52,215 [INFO]   [EN COURS] Avis de Postes de responsabilités au Ministère de la Jeuness... → 2026-08-03
2026-07-21 16:21:52,215 [INFO]     → PDF: https://www.emploi-public.ma/fr/postes-respo/download/arrete/f8baf400-d3be-464c-a9cd-a75fc5d8a8bc
2026-07-21 16:21:52,971 [INFO]     → Pas de match région
2026-07-21 16:21:52,971 [INFO]   Détails: https://www.emploi-public.ma/fr/postes-respo/details/a2d8ded6-f6da-4802-aa9c-5d77f0e0e766
2026-07-21 16:21:53,697 [INFO]     PDF trouvé: Arrêté d'appel à candidature
2026-07-21 16:21:53,698 [INFO]   [EN COURS] Avis de Postes de responsabilités au Ministère de l’Économie... → 2026-08-04
2026-07-21 16:21:53,699 [INFO]     → PDF: https://www.emploi-public.ma/fr/postes-respo/download/arrete/a2d8ded6-f6da-4802-aa9c-5d77f0e0e766
2026-07-21 16:21:55,414 [INFO]     → Pas de match région
2026-07-21 16:21:55,415 [INFO]   Détails: https://www.emploi-public.ma/fr/postes-respo/details/9627a9bd-e2a2-49f4-87d0-21bbe0f298a6
2026-07-21 16:21:56,663 [INFO]     PDF trouvé: Arrêté d'appel à candidature
2026-07-21 16:21:56,665 [INFO]   [EXPIRÉE] Avis de Postes de responsabilités au Ministère de l’intérieu... → 2026-07-17
2026-07-21 16:21:56,665 [INFO]   Détails: https://www.emploi-public.ma/fr/postes-respo/details/5f889aec-aea1-4bcd-92d5-5b798b207e69
2026-07-21 16:21:57,486 [INFO]     PDF trouvé: Arrêté d'appel à candidature
2026-07-21 16:21:57,488 [INFO]   [EXPIRÉE] Publication de la liste des convoqués pour l'appel à candida... → 2026-07-10
2026-07-21 16:21:57,488 [INFO]   Détails: https://www.emploi-public.ma/fr/postes-respo/details/2901b05e-8b4e-4745-b87d-a8cf158f579f
2026-07-21 16:21:58,053 [INFO]     PDF trouvé: Arrêté d'appel à candidature
2026-07-21 16:21:58,054 [INFO]   [EN COURS] Avis de Postes de responsabilités au Ministère de l’Equipeme... → 2026-07-23
2026-07-21 16:21:58,055 [INFO]     → PDF: https://www.emploi-public.ma/fr/postes-respo/download/arrete/2901b05e-8b4e-4745-b87d-a8cf158f579f
2026-07-21 16:22:02,802 [INFO]     → Pas de match région
2026-07-21 16:22:02,802 [INFO]   [DÉJÀ VU] Chef(fe) de la Division Navigation Aérienne au sein de l’Aér...
2026-07-21 16:22:02,802 [INFO]   [DÉJÀ VU] Chef(fe) de la Division Navigation Aérienne au sein de l’Aér...
2026-07-21 16:22:02,802 [INFO]   [DÉJÀ VU] Chef(fe) de la Division Salle Technique relevant du CCR d’Ag...
2026-07-21 16:22:02,802 [INFO]   [DÉJÀ VU] Chef(fe) de la Division Formation relevant du CCR d’Agadir a...
2026-07-21 16:22:02,802 [INFO] 
--- Catégorie: Recrutement des experts ---
2026-07-21 16:22:02,802 [INFO] Page 1/3
2026-07-21 16:22:02,802 [INFO] Scraping page: https://www.emploi-public.ma/fr/experts-liste
2026-07-21 16:22:03,512 [INFO]   → 9 annonces trouvées sur cette page
2026-07-21 16:22:03,513 [INFO]   Détails: https://www.emploi-public.ma/fr/experts/details/ff8d6494-748d-4698-8ef0-676cbd5b1951
2026-07-21 16:22:04,115 [INFO]     PDF trouvé: Arrêté d'appel à candidature
2026-07-21 16:22:04,116 [INFO]   [EXPIRÉE] Appel à candidature pour le poste Expert des Affaires Juridi... → 2026-06-25
2026-07-21 16:22:04,116 [INFO]   Détails: https://www.emploi-public.ma/fr/experts/details/abce4b98-a1d8-48f9-a84c-053f53697154
2026-07-21 16:22:04,737 [INFO]     PDF trouvé: Arrêté d'appel à candidature
2026-07-21 16:22:04,739 [INFO]   [EXPIRÉE] Appel à candidature pour le poste expert... → 2026-06-15
2026-07-21 16:22:04,739 [INFO]   Détails: https://www.emploi-public.ma/fr/experts/details/5030f678-19f4-4bc0-96c6-f5462b134c1c
2026-07-21 16:22:05,481 [INFO]     PDF trouvé: Arrêté d'appel à candidature
2026-07-21 16:22:05,483 [INFO]   [EXPIRÉE] Appel à candidature pour le poste expert... → 2026-06-08
2026-07-21 16:22:05,483 [INFO]   Détails: https://www.emploi-public.ma/fr/experts/details/b0a97522-0c72-4a26-8b32-da0c02e79891
2026-07-21 16:22:06,051 [INFO]     PDF trouvé: Arrêté d'appel à candidature
2026-07-21 16:22:06,053 [INFO]   [EXPIRÉE] Appel à candidature pour le poste EXPERT CONTRACTUEL... → 2026-06-03
2026-07-21 16:22:06,053 [INFO]   Détails: https://www.emploi-public.ma/fr/experts/details/b3f7145b-9f2a-4cb4-aef7-1d917c679a65
2026-07-21 16:22:06,608 [INFO]     PDF trouvé: Arrêté d'appel à candidature
2026-07-21 16:22:06,609 [INFO]   [EXPIRÉE] Appel à candidature pour le poste expert... → 2026-05-29
2026-07-21 16:22:06,610 [INFO]   Détails: https://www.emploi-public.ma/fr/experts/details/4854b58c-c09e-4edd-9a39-c01a0c414425
2026-07-21 16:22:07,914 [INFO]     PDF trouvé: Arrêté d'appel à candidature
2026-07-21 16:22:07,915 [INFO]   [EXPIRÉE] Appel à candidature pour le poste EXPERT EN STRATEGIE ET ANA... → 2026-04-12
2026-07-21 16:22:07,916 [INFO]   Détails: https://www.emploi-public.ma/fr/experts/details/d9255cd9-fe2e-4248-8eba-adf58b668823
2026-07-21 16:22:08,479 [INFO]     PDF trouvé: Arrêté d'appel à candidature
2026-07-21 16:22:08,480 [INFO]   [EXPIRÉE] Appel à candidature pour le poste Expert en matière de négoc... → 2026-04-03
2026-07-21 16:22:08,480 [INFO]   Détails: https://www.emploi-public.ma/fr/experts/details/0236914d-e17c-41c5-a5be-e632ad35f838
2026-07-21 16:22:15,463 [INFO]     PDF trouvé: Arrêté d'appel à candidature
2026-07-21 16:22:15,465 [INFO]   [EXPIRÉE] Appel à candidature pour le poste expert... → 2026-03-17
2026-07-21 16:22:15,465 [INFO]   Détails: https://www.emploi-public.ma/fr/experts/details/2a449c40-1832-450d-9eae-a70607bcac07
2026-07-21 16:22:16,057 [INFO]     PDF trouvé: Arrêté d'appel à candidature
2026-07-21 16:22:16,058 [INFO]   [EXPIRÉE] Appel à candidature pour le poste Expert... → 2026-03-16
2026-07-21 16:22:16,058 [INFO] Page 2/3
2026-07-21 16:22:16,058 [INFO] Scraping page: https://www.emploi-public.ma/fr/experts-liste?page=1
2026-07-21 16:22:16,661 [INFO]   → 9 annonces trouvées sur cette page
2026-07-21 16:22:16,662 [INFO]   [DÉJÀ VU] Appel à candidature pour le poste Expert des Affaires Juridi...
2026-07-21 16:22:16,663 [INFO]   [DÉJÀ VU] Appel à candidature pour le poste expert...
2026-07-21 16:22:16,663 [INFO]   [DÉJÀ VU] Appel à candidature pour le poste expert...
2026-07-21 16:22:16,663 [INFO]   [DÉJÀ VU] Appel à candidature pour le poste EXPERT CONTRACTUEL...
2026-07-21 16:22:16,663 [INFO]   [DÉJÀ VU] Appel à candidature pour le poste expert...
2026-07-21 16:22:16,663 [INFO]   [DÉJÀ VU] Appel à candidature pour le poste EXPERT EN STRATEGIE ET ANA...
2026-07-21 16:22:16,663 [INFO]   [DÉJÀ VU] Appel à candidature pour le poste Expert en matière de négoc...
2026-07-21 16:22:16,663 [INFO]   [DÉJÀ VU] Appel à candidature pour le poste expert...
2026-07-21 16:22:16,663 [INFO]   [DÉJÀ VU] Appel à candidature pour le poste Expert...
2026-07-21 16:22:16,663 [INFO] Page 3/3
2026-07-21 16:22:16,663 [INFO] Scraping page: https://www.emploi-public.ma/fr/experts-liste?page=2
2026-07-21 16:22:17,280 [INFO]   → 9 annonces trouvées sur cette page
2026-07-21 16:22:17,281 [INFO]   Détails: https://www.emploi-public.ma/fr/experts/details/1f2e38a5-0fe9-4f17-89fb-d23ab9140242
2026-07-21 16:22:17,881 [INFO]     PDF trouvé: Arrêté d'appel à candidature
2026-07-21 16:22:17,882 [INFO]   [EXPIRÉE] Appel à candidature pour le poste expert dans les domaines l... → 2026-03-12
2026-07-21 16:22:17,883 [INFO]   Détails: https://www.emploi-public.ma/fr/experts/details/2401abad-8177-4fdc-8c76-354d03f61cd3
2026-07-21 16:22:18,700 [INFO]     PDF trouvé: Arrêté d'appel à candidature
2026-07-21 16:22:18,701 [INFO]   [EXPIRÉE] Appel à candidature pour le poste expert... → 2026-02-18
2026-07-21 16:22:18,701 [INFO]   Détails: https://www.emploi-public.ma/fr/experts/details/ad16f9e2-25eb-4a06-9a7a-572410c14d55
2026-07-21 16:22:20,497 [INFO]     PDF trouvé: Arrêté d'appel à candidature
2026-07-21 16:22:20,499 [INFO]   [EXPIRÉE] Appel à candidature pour le poste Expert en gouvernance des ... → 2025-12-23
2026-07-21 16:22:20,499 [INFO]   Détails: https://www.emploi-public.ma/fr/experts/details/302ab5a1-fa28-4ec1-9341-8ba50b6bf810
2026-07-21 16:22:22,254 [INFO]     PDF trouvé: Arrêté d'appel à candidature
2026-07-21 16:22:22,255 [INFO]   [EXPIRÉE] Appel à candidature pour le poste expert... → 2025-12-21
2026-07-21 16:22:22,255 [INFO]   Détails: https://www.emploi-public.ma/fr/experts/details/f9f74e66-af9e-4c4a-9cec-491e7d25fbbb
2026-07-21 16:22:22,912 [INFO]     PDF trouvé: Arrêté d'appel à candidature
2026-07-21 16:22:22,913 [INFO]   [EXPIRÉE] Publication de la liste des résultats pour le poste de Exper... → 2025-12-06
2026-07-21 16:22:22,914 [INFO]   Détails: https://www.emploi-public.ma/fr/experts/details/99f49e97-4b0e-4897-b1c6-a1a811d179d9
2026-07-21 16:22:23,598 [INFO]     PDF trouvé: Arrêté d'appel à candidature
2026-07-21 16:22:23,599 [INFO]   [EXPIRÉE] Publication de la liste des résultats pour le poste de Exper... → 2025-12-06
2026-07-21 16:22:23,599 [INFO]   Détails: https://www.emploi-public.ma/fr/experts/details/121493c9-78d8-44bf-b408-e42f8bf43d27
2026-07-21 16:22:24,174 [INFO]     PDF trouvé: Arrêté d'appel à candidature
2026-07-21 16:22:24,175 [INFO]   [EXPIRÉE] Appel à candidature pour le poste Expert en coordination ins... → 2025-12-05
2026-07-21 16:22:24,175 [INFO]   Détails: https://www.emploi-public.ma/fr/experts/details/336eb4a9-c147-4981-94da-c636a748f7a0
2026-07-21 16:22:24,756 [INFO]     PDF trouvé: Arrêté d'appel à candidature
2026-07-21 16:22:24,757 [INFO]   [EXPIRÉE] Publication de la liste des résultats pour le poste de Exper... → 2025-09-30
2026-07-21 16:22:24,757 [INFO]   Détails: https://www.emploi-public.ma/fr/experts/details/0917753f-ac81-4229-b8d4-5292cae1510a
2026-07-21 16:22:25,344 [INFO]     PDF trouvé: Arrêté d'appel à candidature
2026-07-21 16:22:25,346 [INFO]   [EXPIRÉE] Appel à candidature pour le poste Expert contractuel... → 2025-06-11
2026-07-21 16:22:25,346 [INFO] 
============================================================
2026-07-21 16:22:25,346 [INFO] RÉSUMÉ
2026-07-21 16:22:25,346 [INFO] ============================================================
2026-07-21 16:22:25,346 [INFO] Annonces traitées: 120
2026-07-21 16:22:25,346 [INFO] Dates en cours: 28
2026-07-21 16:22:25,346 [INFO] Dates expirées: 48
2026-07-21 16:22:25,346 [INFO] PDF lus: 28
2026-07-21 16:22:25,346 [INFO] Match région: 10
2026-07-21 16:22:25,346 [INFO] Nouveaux résultats: 10
2026-07-21 16:22:25,346 [INFO] Total résultats en base: 10
2026-07-21 16:22:26,496 [INFO] Email envoyé à cavalkhalid@gmail.com
2026-07-21 16:22:26,496 [INFO] 
Scraper terminé.
2026-07-23 15:17:25,655 [INFO] ============================================================
2026-07-23 15:17:25,655 [INFO] DÉMARRAGE DU SCRAPER emploi-public.ma (FR)
2026-07-23 15:17:25,655 [INFO] Date: 2026-07-23 15:17:25
2026-07-23 15:17:25,655 [INFO] ============================================================
2026-07-23 15:17:25,656 [INFO] Annonces déjà traitées: 76
2026-07-23 15:17:25,656 [INFO] 
--- Catégorie: Concours de recrutement ---
2026-07-23 15:17:25,656 [INFO] Page 1/3
2026-07-23 15:17:25,656 [INFO] Scraping page: https://www.emploi-public.ma/fr/concours-liste
2026-07-23 15:17:26,768 [INFO]   → 9 annonces trouvées sur cette page
2026-07-23 15:17:26,769 [INFO]   Détails: https://www.emploi-public.ma/fr/concours/details/d91438ac-a7df-48aa-a29d-ea568c52b32e
2026-07-23 15:17:28,034 [INFO]     PDF trouvé: Arrêté d'ouverture du concours (score: 25)
2026-07-23 15:17:28,035 [INFO]   [EN COURS] Avis de concours de recrutement de Technicien de 3ème grade ... → 2026-08-07
2026-07-23 15:17:28,035 [INFO]     → PDF: https://www.emploi-public.ma/fr/concours/download/arrete/d91438ac-a7df-48aa-a29d-ea568c52b32e
2026-07-23 15:17:30,580 [INFO]     → Région trouvée dans le texte de la page: Tiznit
2026-07-23 15:17:30,580 [INFO]     ✓✓✓ MATCH RÉGION: Tiznit
2026-07-23 15:17:30,580 [INFO]   Détails: https://www.emploi-public.ma/fr/concours/details/6aa579ad-7abb-44f1-b036-56e9fbafced8
2026-07-23 15:17:34,730 [INFO]     PDF trouvé: Arrêté d'ouverture du concours (score: 25)
2026-07-23 15:17:34,731 [INFO]   [EN COURS] Avis de concours de recrutement de Administrateur 2ème grade... → 2026-08-07
2026-07-23 15:17:34,731 [INFO]     → PDF: https://www.emploi-public.ma/fr/concours/download/arrete/6aa579ad-7abb-44f1-b036-56e9fbafced8
2026-07-23 15:17:37,624 [INFO]     → Région trouvée dans le texte de la page: Tiznit
2026-07-23 15:17:37,624 [INFO]     ✓✓✓ MATCH RÉGION: Tiznit
2026-07-23 15:17:37,624 [INFO]   [DÉJÀ VU] Avis de concours de recrutement de Adjoint technique 2ème gr...
2026-07-23 15:17:37,624 [INFO]   [DÉJÀ VU] Avis de concours de recrutement de Maître de conférences gra...
2026-07-23 15:17:37,624 [INFO]   [DÉJÀ VU] Avis de concours de recrutement de Administrateur 2ème grade...
2026-07-23 15:17:37,624 [INFO]   [DÉJÀ VU] Avis de concours de recrutement de Administrateur 3ème grade...
2026-07-23 15:17:37,624 [INFO]   [DÉJÀ VU] Avis de concours de recrutement de Médecins premier grade - ...
2026-07-23 15:17:37,624 [INFO]   [DÉJÀ VU] Avis de concours de recrutement de Maître de conférences gra...
2026-07-23 15:17:37,624 [INFO]   [DÉJÀ VU] Avis de concours de recrutement de Technicien de 3ème grade ...
2026-07-23 15:17:37,624 [INFO] Page 2/3
2026-07-23 15:17:37,624 [INFO] Scraping page: https://www.emploi-public.ma/fr/concours-liste?page=1
2026-07-23 15:17:42,009 [INFO]   → 9 annonces trouvées sur cette page
2026-07-23 15:17:42,010 [INFO]   [DÉJÀ VU] Avis de concours de recrutement de Technicien de 3ème grade ...
2026-07-23 15:17:42,011 [INFO]   [DÉJÀ VU] Avis de concours de recrutement de Administrateur 2ème grade...
2026-07-23 15:17:42,011 [INFO]   [DÉJÀ VU] Avis de concours de recrutement de Adjoint technique 2ème gr...
2026-07-23 15:17:42,011 [INFO]   [DÉJÀ VU] Avis de concours de recrutement de Maître de conférences gra...
2026-07-23 15:17:42,011 [INFO]   [DÉJÀ VU] Avis de concours de recrutement de Administrateur 2ème grade...
2026-07-23 15:17:42,011 [INFO]   [DÉJÀ VU] Avis de concours de recrutement de Administrateur 3ème grade...
2026-07-23 15:17:42,011 [INFO]   [DÉJÀ VU] Avis de concours de recrutement de Médecins premier grade - ...
2026-07-23 15:17:42,011 [INFO]   [DÉJÀ VU] Avis de concours de recrutement de Maître de conférences gra...
2026-07-23 15:17:42,011 [INFO]   [DÉJÀ VU] Avis de concours de recrutement de Technicien de 3ème grade ...
2026-07-23 15:17:42,011 [INFO] Page 3/3
2026-07-23 15:17:42,011 [INFO] Scraping page: https://www.emploi-public.ma/fr/concours-liste?page=2
2026-07-23 15:17:42,987 [INFO]   → 9 annonces trouvées sur cette page
2026-07-23 15:17:42,988 [INFO]   [DÉJÀ VU] Avis de concours de recrutement de Administrateur 3ème grade...
2026-07-23 15:17:42,989 [INFO]   [DÉJÀ VU] Avis de concours de recrutement de Administrateur 2ème grade...
2026-07-23 15:17:42,989 [INFO]   [DÉJÀ VU] Publication de la liste des convoqués pour l'examen écrit du...
2026-07-23 15:17:42,989 [INFO]   [DÉJÀ VU] Avis de concours de recrutement de Ingénieur d'Etat 1er grad...
2026-07-23 15:17:42,989 [INFO]   [DÉJÀ VU] Avis de concours de recrutement de Administrateur 2ème grade...
2026-07-23 15:17:42,989 [INFO]   [DÉJÀ VU] Avis de concours de recrutement de Technicien de 3ème grade ...
2026-07-23 15:17:42,989 [INFO]   [DÉJÀ VU] Avis de concours de recrutement de Administrateur 3ème grade...
2026-07-23 15:17:42,989 [INFO]   [DÉJÀ VU] Publication de la liste des résultats pour le concours de re...
2026-07-23 15:17:42,989 [INFO]   [DÉJÀ VU] Publication de la liste des résultats pour le concours de re...
2026-07-23 15:17:42,989 [INFO] 
--- Catégorie: Emplois supérieurs ---
2026-07-23 15:17:42,989 [INFO] Page 1/3
2026-07-23 15:17:42,989 [INFO] Scraping page: https://www.emploi-public.ma/fr/emploi-sup-liste
2026-07-23 15:17:43,582 [INFO]   → 9 annonces trouvées sur cette page
2026-07-23 15:17:43,584 [INFO]   Détails: https://www.emploi-public.ma/fr/emploi-sup/details/fb33496a-b3e4-46d5-a556-86d0223b04f8
2026-07-23 15:17:46,483 [WARNING] Format de date non reconnu: 30
2026-07-23 15:17:46,484 [INFO]     PDF trouvé: Arrêté d'appel à candidature (score: 20)
2026-07-23 15:17:46,486 [INFO]   [PAS DE DATE] Avis d'emplois supérieurs Directeur(trice) des Affaires géné...
2026-07-23 15:17:46,486 [INFO]   [DÉJÀ VU] Avis d'emplois supérieurs Directeur des statuts et des Eudes...
2026-07-23 15:17:46,486 [INFO]   [DÉJÀ VU] Avis d'emplois supérieurs Directeur de la jeunesse...
2026-07-23 15:17:46,486 [INFO]   [DÉJÀ VU] Avis d'emplois supérieurs DIRECTEUR FONSAFJS...
2026-07-23 15:17:46,486 [INFO]   [DÉJÀ VU] Avis d'emplois supérieurs Directeur(trice) du Centre nationa...
2026-07-23 15:17:46,486 [INFO]   [DÉJÀ VU] Avis d'emplois supérieurs DIRECTEUR DE L’INSTITUT SUPERIEUR ...
2026-07-23 15:17:46,486 [INFO]   [DÉJÀ VU] Avis d'emplois supérieurs Directeur de l'Aménagement du Terr...
2026-07-23 15:17:46,486 [INFO]   [DÉJÀ VU] Avis d'emplois supérieurs Directeur de l'Agence Urbaine d'Al...
2026-07-23 15:17:46,486 [INFO]   [DÉJÀ VU] Avis d'emplois supérieurs Directeur de l'Agence Urbaine de L...
2026-07-23 15:17:46,486 [INFO] Page 2/3
2026-07-23 15:17:46,486 [INFO] Scraping page: https://www.emploi-public.ma/fr/emploi-sup-liste?page=1
2026-07-23 15:17:47,378 [INFO]   → 9 annonces trouvées sur cette page
2026-07-23 15:17:47,380 [INFO]   [DÉJÀ VU] Avis d'emplois supérieurs Directeur(trice) des Affaires géné...
2026-07-23 15:17:47,380 [INFO]   [DÉJÀ VU] Avis d'emplois supérieurs Directeur des statuts et des Eudes...
2026-07-23 15:17:47,380 [INFO]   [DÉJÀ VU] Avis d'emplois supérieurs Directeur de la jeunesse...
2026-07-23 15:17:47,380 [INFO]   [DÉJÀ VU] Avis d'emplois supérieurs DIRECTEUR FONSAFJS...
2026-07-23 15:17:47,380 [INFO]   [DÉJÀ VU] Avis d'emplois supérieurs Directeur(trice) du Centre nationa...
2026-07-23 15:17:47,380 [INFO]   [DÉJÀ VU] Avis d'emplois supérieurs DIRECTEUR DE L’INSTITUT SUPERIEUR ...
2026-07-23 15:17:47,380 [INFO]   [DÉJÀ VU] Avis d'emplois supérieurs Directeur de l'Aménagement du Terr...
2026-07-23 15:17:47,380 [INFO]   [DÉJÀ VU] Avis d'emplois supérieurs Directeur de l'Agence Urbaine d'Al...
2026-07-23 15:17:47,380 [INFO]   [DÉJÀ VU] Avis d'emplois supérieurs Directeur de l'Agence Urbaine de L...
2026-07-23 15:17:47,380 [INFO] Page 3/3
2026-07-23 15:17:47,380 [INFO] Scraping page: https://www.emploi-public.ma/fr/emploi-sup-liste?page=2
2026-07-23 15:17:50,976 [INFO]   → 9 annonces trouvées sur cette page
2026-07-23 15:17:50,977 [INFO]   [DÉJÀ VU] Avis d'emplois supérieurs Directeur(trice) des affaires géné...
2026-07-23 15:17:50,977 [INFO]   [DÉJÀ VU] Avis d'emplois supérieurs Directeur(trice) de l’Institut Roy...
2026-07-23 15:17:50,977 [INFO]   [DÉJÀ VU] Avis d'emplois supérieurs Directeur de l'Ecole des Sciences ...
2026-07-23 15:17:50,977 [INFO]   [DÉJÀ VU] Avis d'emplois supérieurs Directeur des législations des Inf...
2026-07-23 15:17:50,977 [INFO]   [DÉJÀ VU] Avis d'emplois supérieurs Directeur des législations de la g...
2026-07-23 15:17:50,977 [INFO]   [DÉJÀ VU] Avis d'emplois supérieurs Doyen de la Faculté de Médecine et...
2026-07-23 15:17:50,977 [INFO]   [DÉJÀ VU] Avis d'emplois supérieurs Directeur de l'Ecole Mohammadia de...
2026-07-23 15:17:50,977 [INFO]   [DÉJÀ VU] Avis d'emplois supérieurs Directeur(trice) du Centre régiona...
2026-07-23 15:17:50,977 [INFO]   [DÉJÀ VU] Avis d'emplois supérieurs Directeur des statuts et des Eudes...
2026-07-23 15:17:50,977 [INFO] 
--- Catégorie: Postes de responsabilités ---
2026-07-23 15:17:50,978 [INFO] Page 1/3
2026-07-23 15:17:50,978 [INFO] Scraping page: https://www.emploi-public.ma/fr/postes-respo-liste
2026-07-23 15:17:52,001 [INFO]   → 13 annonces trouvées sur cette page
2026-07-23 15:17:52,002 [INFO]   Détails: https://www.emploi-public.ma/fr/postes-respo/details/1f0f0446-8044-4bda-a4f1-6e55b963a62f
2026-07-23 15:17:52,795 [INFO]     PDF trouvé: Arrêté d'appel à candidature (score: 20)
2026-07-23 15:17:52,796 [INFO]   [EXPIRÉE] Publication de la liste des convoqués pour l'appel à candida... → 2026-06-29
2026-07-23 15:17:52,796 [INFO]   Détails: https://www.emploi-public.ma/fr/postes-respo/details/716ae71a-4687-466a-ae3c-6f09c68b0175
2026-07-23 15:17:58,498 [INFO]     PDF trouvé: Arrêté d'appel à candidature (score: 20)
2026-07-23 15:17:58,499 [INFO]   [EXPIRÉE] Publication de la liste des convoqués pour l'appel à candida... → 2026-04-17
2026-07-23 15:17:58,500 [INFO]   Détails: https://www.emploi-public.ma/fr/postes-respo/details/cec09eea-b8ec-4b2f-a2da-3be6b1cfae34
2026-07-23 15:18:05,623 [INFO]     PDF trouvé: Arrêté d'appel à candidature (score: 20)
2026-07-23 15:18:05,624 [INFO]   [EXPIRÉE] Publication de la liste des résultats pour les Postes de res... → 2026-06-19
2026-07-23 15:18:05,624 [INFO]   Détails: https://www.emploi-public.ma/fr/postes-respo/details/9d0a2934-38fb-4fa5-a988-258254414db5
2026-07-23 15:18:11,047 [INFO]     PDF trouvé: Arrêté d'appel à candidature (score: 20)
2026-07-23 15:18:11,048 [INFO]   [EXPIRÉE] Publication de la liste des résultats pour les Postes de res... → 2026-06-15
2026-07-23 15:18:11,048 [INFO]   Détails: https://www.emploi-public.ma/fr/postes-respo/details/2327c25e-e050-4ea3-8970-df20522676e3
2026-07-23 15:18:13,531 [INFO]     PDF trouvé: Arrêté d'appel à candidature (score: 20)
2026-07-23 15:18:13,533 [INFO]   [EXPIRÉE] Publication de la liste des résultats pour les Postes de res... → 2026-06-15
2026-07-23 15:18:13,533 [INFO]   Détails: https://www.emploi-public.ma/fr/postes-respo/details/6f560704-3786-4bb7-9810-2f2ce23eecfb
2026-07-23 15:18:17,568 [INFO]     PDF trouvé: Arrêté d'appel à candidature (score: 20)
2026-07-23 15:18:17,570 [INFO]   [EXPIRÉE] Publication de la liste des résultats pour les Postes de res... → 2026-06-12
2026-07-23 15:18:17,570 [INFO]   Détails: https://www.emploi-public.ma/fr/postes-respo/details/e2af6bdf-76e9-4dab-b88d-71c8a95777ef
2026-07-23 15:18:18,944 [INFO]     PDF trouvé: Arrêté d'appel à candidature (score: 20)
2026-07-23 15:18:18,945 [INFO]   [EXPIRÉE] Publication de la liste des résultats pour les Postes de res... → 2026-05-25
2026-07-23 15:18:18,945 [INFO]   Détails: https://www.emploi-public.ma/fr/postes-respo/details/e87230b9-5c31-441a-99c0-ef3d70e8fccb
2026-07-23 15:18:20,423 [INFO]     PDF trouvé: Arrêté d'appel à candidature (score: 20)
2026-07-23 15:18:20,424 [INFO]   [EXPIRÉE] Avis de Postes de responsabilités au Ministère de l’intérieu... → 2026-07-22
2026-07-23 15:18:20,424 [INFO]   Détails: https://www.emploi-public.ma/fr/postes-respo/details/cb10246f-888d-4789-9322-8d88f1ca4e21
2026-07-23 15:18:21,771 [INFO]     PDF trouvé: Arrêté d'appel à candidature (score: 20)
2026-07-23 15:18:21,772 [INFO]   [EXPIRÉE] Avis de Postes de responsabilités au Ministère de l’intérieu... → 2026-07-22
2026-07-23 15:18:21,772 [INFO]   Détails: https://www.emploi-public.ma/fr/postes-respo/details/3bf6fefc-6a61-4192-a4cd-b507b00a7eaa
2026-07-23 15:18:22,640 [INFO]     PDF trouvé: Arrêté d'appel à candidature (score: 20)
2026-07-23 15:18:22,641 [INFO]   [EN COURS] (RH 28/2026) Chef du Service des Examens... → 2026-07-24
2026-07-23 15:18:22,641 [INFO]     → PDF: https://www.emploi-public.ma/fr/postes-respo/download/arrete/3bf6fefc-6a61-4192-a4cd-b507b00a7eaa
2026-07-23 15:18:23,665 [INFO]     ✓✓✓ MATCH RÉGION: National (toutes les régions)
2026-07-23 15:18:23,665 [INFO]   Détails: https://www.emploi-public.ma/fr/postes-respo/details/c7204179-edb5-416f-ab16-b5b50f7476a0
2026-07-23 15:18:24,858 [INFO]     PDF trouvé: Arrêté d'appel à candidature (score: 20)
2026-07-23 15:18:24,859 [INFO]   [EN COURS] Chef Division Achat et moyen généraux... → 2026-07-24
2026-07-23 15:18:24,859 [INFO]     → PDF: https://www.emploi-public.ma/fr/postes-respo/download/arrete/c7204179-edb5-416f-ab16-b5b50f7476a0
2026-07-23 15:18:26,219 [INFO]     → Région trouvée dans le texte de la page: National (toutes les régions)
2026-07-23 15:18:26,220 [INFO]     ✓✓✓ MATCH RÉGION: National (toutes les régions)
2026-07-23 15:18:26,220 [INFO]   Détails: https://www.emploi-public.ma/fr/postes-respo/details/3700a21f-51f5-4646-9042-bf45ec615192
2026-07-23 15:18:26,979 [INFO]     PDF trouvé: Arrêté d'appel à candidature (score: 20)
2026-07-23 15:18:26,980 [INFO]   [EN COURS] Appel à candidature pour les postes de responsabilité au Pré... → 2026-07-24
2026-07-23 15:18:26,980 [INFO]     → PDF: https://www.emploi-public.ma/fr/postes-respo/download/arrete/3700a21f-51f5-4646-9042-bf45ec615192
2026-07-23 15:18:37,213 [INFO]     → Région trouvée dans le texte de la page: National (toutes les régions)
2026-07-23 15:18:37,213 [INFO]     ✓✓✓ MATCH RÉGION: National (toutes les régions)
2026-07-23 15:18:37,213 [INFO]   Détails: https://www.emploi-public.ma/fr/postes-respo/details/a26be0a2-1ba7-4524-a8e3-04ae4e699e12
2026-07-23 15:18:38,272 [INFO]     PDF trouvé: Arrêté d'appel à candidature (score: 20)
2026-07-23 15:18:38,273 [INFO]   [EN COURS] Appel à candidature pour les postes de responsabilité au Pro... → 2026-07-24
2026-07-23 15:18:38,274 [INFO]     → PDF: https://www.emploi-public.ma/fr/postes-respo/download/arrete/a26be0a2-1ba7-4524-a8e3-04ae4e699e12
2026-07-23 15:18:40,618 [INFO]     → Région trouvée dans le texte de la page: National (toutes les régions)
2026-07-23 15:18:40,618 [INFO]     ✓✓✓ MATCH RÉGION: National (toutes les régions)
2026-07-23 15:18:40,618 [INFO] Page 2/3
2026-07-23 15:18:40,618 [INFO] Scraping page: https://www.emploi-public.ma/fr/postes-respo-liste?page=1
2026-07-23 15:18:43,544 [INFO]   → 13 annonces trouvées sur cette page
2026-07-23 15:18:43,545 [INFO]   [DÉJÀ VU] Publication de la liste des convoqués pour l'appel à candida...
2026-07-23 15:18:43,546 [INFO]   [DÉJÀ VU] Publication de la liste des convoqués pour l'appel à candida...
2026-07-23 15:18:43,546 [INFO]   [DÉJÀ VU] Publication de la liste des résultats pour les Postes de res...
2026-07-23 15:18:43,546 [INFO]   [DÉJÀ VU] Publication de la liste des résultats pour les Postes de res...
2026-07-23 15:18:43,546 [INFO]   [DÉJÀ VU] Publication de la liste des résultats pour les Postes de res...
2026-07-23 15:18:43,546 [INFO]   [DÉJÀ VU] Publication de la liste des résultats pour les Postes de res...
2026-07-23 15:18:43,546 [INFO]   [DÉJÀ VU] Publication de la liste des résultats pour les Postes de res...
2026-07-23 15:18:43,546 [INFO]   [DÉJÀ VU] Avis de Postes de responsabilités au Ministère de l’intérieu...
2026-07-23 15:18:43,546 [INFO]   [DÉJÀ VU] Avis de Postes de responsabilités au Ministère de l’intérieu...
2026-07-23 15:18:43,546 [INFO]   [DÉJÀ VU] (RH 28/2026) Chef du Service des Examens...
2026-07-23 15:18:43,546 [INFO]   [DÉJÀ VU] Chef Division Achat et moyen généraux...
2026-07-23 15:18:43,546 [INFO]   [DÉJÀ VU] Appel à candidature pour les postes de responsabilité au Pré...
2026-07-23 15:18:43,546 [INFO]   [DÉJÀ VU] Appel à candidature pour les postes de responsabilité au Pro...
2026-07-23 15:18:43,546 [INFO] Page 3/3
2026-07-23 15:18:43,546 [INFO] Scraping page: https://www.emploi-public.ma/fr/postes-respo-liste?page=2
2026-07-23 15:18:44,335 [INFO]   → 13 annonces trouvées sur cette page
2026-07-23 15:18:44,337 [INFO]   Détails: https://www.emploi-public.ma/fr/postes-respo/details/3b6918d1-3c36-4588-a26b-fbe714b6e52d
2026-07-23 15:18:45,130 [INFO]     PDF trouvé: Arrêté d'appel à candidature (score: 20)
2026-07-23 15:18:45,131 [INFO]   [EXPIRÉE] Publication de la liste des convoqués pour l'appel à candida... → 2026-06-24
2026-07-23 15:18:45,131 [INFO]   Détails: https://www.emploi-public.ma/fr/postes-respo/details/eb11c5f5-5e0a-4093-be4a-be951ac1d902
2026-07-23 15:18:47,529 [INFO]     PDF trouvé: Arrêté d'appel à candidature (score: 20)
2026-07-23 15:18:47,530 [INFO]   [EN COURS] Avis de Postes de responsabilités au Ministère de la Jeuness... → 2026-08-05
2026-07-23 15:18:47,530 [INFO]     → PDF: https://www.emploi-public.ma/fr/postes-respo/download/arrete/eb11c5f5-5e0a-4093-be4a-be951ac1d902
2026-07-23 15:18:49,397 [INFO]     → Région trouvée dans le texte de la page: National (toutes les régions)
2026-07-23 15:18:49,397 [INFO]     ✓✓✓ MATCH RÉGION: National (toutes les régions)
2026-07-23 15:18:49,397 [INFO]   Détails: https://www.emploi-public.ma/fr/postes-respo/details/19cf5e66-9675-4021-ab42-b1b0b537132c
2026-07-23 15:18:50,367 [INFO]     PDF trouvé: Arrêté d'appel à candidature (score: 20)
2026-07-23 15:18:50,368 [INFO]   [EN COURS] Avis de Postes de responsabilités au Ministère de la Jeuness... → 2026-08-05
2026-07-23 15:18:50,369 [INFO]     → PDF: https://www.emploi-public.ma/fr/postes-respo/download/arrete/19cf5e66-9675-4021-ab42-b1b0b537132c
2026-07-23 15:18:54,813 [INFO]     → Région trouvée dans le texte de la page: National (toutes les régions)
2026-07-23 15:18:54,813 [INFO]     ✓✓✓ MATCH RÉGION: National (toutes les régions)
2026-07-23 15:18:54,813 [INFO]   Détails: https://www.emploi-public.ma/fr/postes-respo/details/6cf979b2-4c4d-4d2e-8ddf-8b1bbb09eb3e
2026-07-23 15:18:55,713 [INFO]     PDF trouvé: Arrêté d'appel à candidature (score: 20)
2026-07-23 15:18:55,714 [INFO]   [EN COURS] Avis de Postes de responsabilités au Ministère de l'intérieu... → 2026-08-24
2026-07-23 15:18:55,714 [INFO]     → PDF: https://www.emploi-public.ma/fr/postes-respo/download/arrete/6cf979b2-4c4d-4d2e-8ddf-8b1bbb09eb3e
2026-07-23 15:19:17,296 [INFO]     ✓✓✓ MATCH RÉGION: Tiznit
2026-07-23 15:19:17,296 [INFO]   Détails: https://www.emploi-public.ma/fr/postes-respo/details/2cba0974-d7be-4c5d-859c-b8bc800df124
2026-07-23 15:19:18,127 [INFO]     PDF trouvé: Arrêté d'appel à candidature (score: 20)
2026-07-23 15:19:18,128 [INFO]   [EN COURS] Avis de Postes de responsabilités au Ministère de l'intérieu... → 2026-08-24
2026-07-23 15:19:18,128 [INFO]     → PDF: https://www.emploi-public.ma/fr/postes-respo/download/arrete/2cba0974-d7be-4c5d-859c-b8bc800df124
2026-07-23 15:19:26,686 [INFO]     → Région trouvée dans le texte de la page: Tiznit
2026-07-23 15:19:26,686 [INFO]     ✓✓✓ MATCH RÉGION: Tiznit
2026-07-23 15:19:26,686 [INFO]   Détails: https://www.emploi-public.ma/fr/postes-respo/details/881fad78-1510-43dd-a038-743c67dd20f8
2026-07-23 15:19:27,888 [INFO]     PDF trouvé: Arrêté d'appel à candidature (score: 20)
2026-07-23 15:19:27,890 [INFO]   [EXPIRÉE] Publication de la liste des convoqués pour l'appel à candida... → 2026-04-24
2026-07-23 15:19:27,890 [INFO]   Détails: https://www.emploi-public.ma/fr/postes-respo/details/dd4ef999-edb7-4d73-a51f-f94527df58d6
2026-07-23 15:19:28,864 [INFO]     PDF trouvé: Arrêté d'appel à candidature (score: 20)
2026-07-23 15:19:28,865 [INFO]   [EN COURS] Avis de Postes de responsabilités au Ministère de l’Agricult... → 2026-08-03
2026-07-23 15:19:28,866 [INFO]     → PDF: https://www.emploi-public.ma/fr/postes-respo/download/arrete/dd4ef999-edb7-4d73-a51f-f94527df58d6
2026-07-23 15:19:30,057 [INFO]     → Région trouvée dans le texte de la page: National (toutes les régions)
2026-07-23 15:19:30,057 [INFO]     ✓✓✓ MATCH RÉGION: National (toutes les régions)
2026-07-23 15:19:30,057 [INFO]   [DÉJÀ VU] Publication de la liste des résultats pour les Postes de res...
2026-07-23 15:19:30,057 [INFO]   [DÉJÀ VU] Publication de la liste des résultats pour les Postes de res...
2026-07-23 15:19:30,057 [INFO]   [DÉJÀ VU] (RH 28/2026) Chef du Service des Examens...
2026-07-23 15:19:30,057 [INFO]   [DÉJÀ VU] Chef Division Achat et moyen généraux...
2026-07-23 15:19:30,057 [INFO]   [DÉJÀ VU] Appel à candidature pour les postes de responsabilité au Pré...
2026-07-23 15:19:30,057 [INFO]   [DÉJÀ VU] Appel à candidature pour les postes de responsabilité au Pro...
2026-07-23 15:19:30,057 [INFO] 
--- Catégorie: Recrutement des experts ---
2026-07-23 15:19:30,057 [INFO] Page 1/3
2026-07-23 15:19:30,057 [INFO] Scraping page: https://www.emploi-public.ma/fr/experts-liste
2026-07-23 15:19:32,820 [INFO]   → 9 annonces trouvées sur cette page
2026-07-23 15:19:32,821 [INFO]   [DÉJÀ VU] Publication de la liste des résultats pour le poste de EXPER...
2026-07-23 15:19:32,821 [INFO]   [DÉJÀ VU] Appel à candidature pour le poste Expert des Affaires Juridi...
2026-07-23 15:19:32,821 [INFO]   [DÉJÀ VU] Appel à candidature pour le poste expert...
2026-07-23 15:19:32,821 [INFO]   [DÉJÀ VU] Appel à candidature pour le poste expert...
2026-07-23 15:19:32,821 [INFO]   [DÉJÀ VU] Appel à candidature pour le poste EXPERT CONTRACTUEL...
2026-07-23 15:19:32,821 [INFO]   [DÉJÀ VU] Appel à candidature pour le poste expert...
2026-07-23 15:19:32,821 [INFO]   [DÉJÀ VU] Appel à candidature pour le poste Expert en matière de négoc...
2026-07-23 15:19:32,821 [INFO]   [DÉJÀ VU] Appel à candidature pour le poste expert...
2026-07-23 15:19:32,821 [INFO]   [DÉJÀ VU] Appel à candidature pour le poste Expert...
2026-07-23 15:19:32,821 [INFO] Page 2/3
2026-07-23 15:19:32,821 [INFO] Scraping page: https://www.emploi-public.ma/fr/experts-liste?page=1
2026-07-23 15:19:33,830 [INFO]   → 9 annonces trouvées sur cette page
2026-07-23 15:19:33,831 [INFO]   [DÉJÀ VU] Publication de la liste des résultats pour le poste de EXPER...
2026-07-23 15:19:33,832 [INFO]   [DÉJÀ VU] Appel à candidature pour le poste Expert des Affaires Juridi...
2026-07-23 15:19:33,832 [INFO]   [DÉJÀ VU] Appel à candidature pour le poste expert...
2026-07-23 15:19:33,832 [INFO]   [DÉJÀ VU] Appel à candidature pour le poste expert...
2026-07-23 15:19:33,832 [INFO]   [DÉJÀ VU] Appel à candidature pour le poste EXPERT CONTRACTUEL...
2026-07-23 15:19:33,832 [INFO]   [DÉJÀ VU] Appel à candidature pour le poste expert...
2026-07-23 15:19:33,832 [INFO]   [DÉJÀ VU] Appel à candidature pour le poste Expert en matière de négoc...
2026-07-23 15:19:33,832 [INFO]   [DÉJÀ VU] Appel à candidature pour le poste expert...
2026-07-23 15:19:33,832 [INFO]   [DÉJÀ VU] Appel à candidature pour le poste Expert...
2026-07-23 15:19:33,832 [INFO] Page 3/3
2026-07-23 15:19:33,832 [INFO] Scraping page: https://www.emploi-public.ma/fr/experts-liste?page=2
2026-07-23 15:19:34,577 [INFO]   → 9 annonces trouvées sur cette page
2026-07-23 15:19:34,578 [INFO]   [DÉJÀ VU] Appel à candidature pour le poste expert dans les domaines l...
2026-07-23 15:19:34,578 [INFO]   [DÉJÀ VU] Appel à candidature pour le poste expert...
2026-07-23 15:19:34,578 [INFO]   [DÉJÀ VU] Appel à candidature pour le poste Expert en gouvernance des ...
2026-07-23 15:19:34,578 [INFO]   [DÉJÀ VU] Appel à candidature pour le poste expert...
2026-07-23 15:19:34,578 [INFO]   [DÉJÀ VU] Publication de la liste des résultats pour le poste de Exper...
2026-07-23 15:19:34,578 [INFO]   [DÉJÀ VU] Publication de la liste des résultats pour le poste de Exper...
2026-07-23 15:19:34,578 [INFO]   [DÉJÀ VU] Appel à candidature pour le poste Expert en coordination ins...
2026-07-23 15:19:34,578 [INFO]   [DÉJÀ VU] Publication de la liste des résultats pour le poste de Exper...
2026-07-23 15:19:34,578 [INFO]   [DÉJÀ VU] Appel à candidature pour le poste Expert contractuel...
2026-07-23 15:19:34,579 [INFO] 
============================================================
2026-07-23 15:19:34,579 [INFO] RÉSUMÉ
2026-07-23 15:19:34,579 [INFO] ============================================================
2026-07-23 15:19:34,579 [INFO] Annonces traitées: 120
2026-07-23 15:19:34,579 [INFO] Dates en cours: 11
2026-07-23 15:19:34,579 [INFO] Dates expirées: 11
2026-07-23 15:19:34,579 [INFO] PDF lus: 11
2026-07-23 15:19:34,579 [INFO] Match région: 11
2026-07-23 15:19:34,579 [INFO] Nouveaux résultats: 11
2026-07-23 15:19:34,580 [INFO] Total résultats en base: 21
2026-07-23 15:19:36,367 [INFO] Email envoyé à cavalkhalid@gmail.com
2026-07-23 15:19:36,367 [INFO] 
Scraper terminé.
2026-07-23 15:25:58,439 [INFO] ============================================================
2026-07-23 15:25:58,439 [INFO] DÉMARRAGE DU SCRAPER emploi-public.ma (FR) - MODE TOUTES ANNONCES EN COURS
2026-07-23 15:25:58,439 [INFO] Date: 2026-07-23 15:25:58
2026-07-23 15:25:58,439 [INFO] ============================================================
2026-07-23 15:25:58,439 [INFO] Annonces déjà traitées: 99
2026-07-23 15:25:58,440 [INFO] 
--- Catégorie: Concours de recrutement ---
2026-07-23 15:25:58,440 [INFO] Page 1/3
2026-07-23 15:25:58,440 [INFO] Scraping page: https://www.emploi-public.ma/fr/concours-liste
2026-07-23 15:26:01,161 [INFO]   → 9 annonces trouvées sur cette page
2026-07-23 15:26:01,162 [INFO]   [DÉJÀ VU] Avis de concours de recrutement de Technicien de 3ème grade ...
2026-07-23 15:26:01,162 [INFO]   [DÉJÀ VU] Avis de concours de recrutement de Administrateur 2ème grade...
2026-07-23 15:26:01,162 [INFO]   [DÉJÀ VU] Avis de concours de recrutement de Adjoint technique 2ème gr...
2026-07-23 15:26:01,162 [INFO]   [DÉJÀ VU] Avis de concours de recrutement de Maître de conférences gra...
2026-07-23 15:26:01,162 [INFO]   [DÉJÀ VU] Avis de concours de recrutement de Administrateur 2ème grade...
2026-07-23 15:26:01,162 [INFO]   [DÉJÀ VU] Avis de concours de recrutement de Administrateur 3ème grade...
2026-07-23 15:26:01,162 [INFO]   [DÉJÀ VU] Avis de concours de recrutement de Médecins premier grade - ...
2026-07-23 15:26:01,162 [INFO]   [DÉJÀ VU] Avis de concours de recrutement de Maître de conférences gra...
2026-07-23 15:26:01,162 [INFO]   [DÉJÀ VU] Avis de concours de recrutement de Technicien de 3ème grade ...
2026-07-23 15:26:01,162 [INFO] Page 2/3
2026-07-23 15:26:01,162 [INFO] Scraping page: https://www.emploi-public.ma/fr/concours-liste?page=1
2026-07-23 15:26:02,688 [INFO]   → 9 annonces trouvées sur cette page
2026-07-23 15:26:02,689 [INFO]   [DÉJÀ VU] Avis de concours de recrutement de Technicien de 3ème grade ...
2026-07-23 15:26:02,689 [INFO]   [DÉJÀ VU] Avis de concours de recrutement de Administrateur 2ème grade...
2026-07-23 15:26:02,689 [INFO]   [DÉJÀ VU] Avis de concours de recrutement de Adjoint technique 2ème gr...
2026-07-23 15:26:02,689 [INFO]   [DÉJÀ VU] Avis de concours de recrutement de Maître de conférences gra...
2026-07-23 15:26:02,689 [INFO]   [DÉJÀ VU] Avis de concours de recrutement de Administrateur 2ème grade...
2026-07-23 15:26:02,689 [INFO]   [DÉJÀ VU] Avis de concours de recrutement de Administrateur 3ème grade...
2026-07-23 15:26:02,689 [INFO]   [DÉJÀ VU] Avis de concours de recrutement de Médecins premier grade - ...
2026-07-23 15:26:02,689 [INFO]   [DÉJÀ VU] Avis de concours de recrutement de Maître de conférences gra...
2026-07-23 15:26:02,689 [INFO]   [DÉJÀ VU] Avis de concours de recrutement de Technicien de 3ème grade ...
2026-07-23 15:26:02,689 [INFO] Page 3/3
2026-07-23 15:26:02,690 [INFO] Scraping page: https://www.emploi-public.ma/fr/concours-liste?page=2
2026-07-23 15:26:04,061 [INFO]   → 9 annonces trouvées sur cette page
2026-07-23 15:26:04,062 [INFO]   [DÉJÀ VU] Avis de concours de recrutement de Administrateur 3ème grade...
2026-07-23 15:26:04,062 [INFO]   [DÉJÀ VU] Avis de concours de recrutement de Administrateur 2ème grade...
2026-07-23 15:26:04,062 [INFO]   [DÉJÀ VU] Publication de la liste des convoqués pour l'examen écrit du...
2026-07-23 15:26:04,062 [INFO]   [DÉJÀ VU] Avis de concours de recrutement de Ingénieur d'Etat 1er grad...
2026-07-23 15:26:04,062 [INFO]   [DÉJÀ VU] Avis de concours de recrutement de Administrateur 2ème grade...
2026-07-23 15:26:04,062 [INFO]   [DÉJÀ VU] Avis de concours de recrutement de Technicien de 3ème grade ...
2026-07-23 15:26:04,062 [INFO]   [DÉJÀ VU] Avis de concours de recrutement de Administrateur 3ème grade...
2026-07-23 15:26:04,063 [INFO]   [DÉJÀ VU] Publication de la liste des résultats pour le concours de re...
2026-07-23 15:26:04,063 [INFO]   [DÉJÀ VU] Publication de la liste des résultats pour le concours de re...
2026-07-23 15:26:04,063 [INFO] 
--- Catégorie: Emplois supérieurs ---
2026-07-23 15:26:04,063 [INFO] Page 1/3
2026-07-23 15:26:04,063 [INFO] Scraping page: https://www.emploi-public.ma/fr/emploi-sup-liste
2026-07-23 15:26:09,616 [INFO]   → 9 annonces trouvées sur cette page
2026-07-23 15:26:09,617 [INFO]   [DÉJÀ VU] Avis d'emplois supérieurs Directeur(trice) des Affaires géné...
2026-07-23 15:26:09,617 [INFO]   [DÉJÀ VU] Avis d'emplois supérieurs Directeur des statuts et des Eudes...
2026-07-23 15:26:09,617 [INFO]   [DÉJÀ VU] Avis d'emplois supérieurs Directeur de la jeunesse...
2026-07-23 15:26:09,618 [INFO]   [DÉJÀ VU] Avis d'emplois supérieurs DIRECTEUR FONSAFJS...
2026-07-23 15:26:09,618 [INFO]   [DÉJÀ VU] Avis d'emplois supérieurs Directeur(trice) du Centre nationa...
2026-07-23 15:26:09,618 [INFO]   [DÉJÀ VU] Avis d'emplois supérieurs DIRECTEUR DE L’INSTITUT SUPERIEUR ...
2026-07-23 15:26:09,618 [INFO]   [DÉJÀ VU] Avis d'emplois supérieurs Directeur de l'Aménagement du Terr...
2026-07-23 15:26:09,618 [INFO]   [DÉJÀ VU] Avis d'emplois supérieurs Directeur de l'Agence Urbaine d'Al...
2026-07-23 15:26:09,618 [INFO]   [DÉJÀ VU] Avis d'emplois supérieurs Directeur de l'Agence Urbaine de L...
2026-07-23 15:26:09,618 [INFO] Page 2/3
2026-07-23 15:26:09,618 [INFO] Scraping page: https://www.emploi-public.ma/fr/emploi-sup-liste?page=1
2026-07-23 15:26:12,405 [INFO]   → 9 annonces trouvées sur cette page
2026-07-23 15:26:12,406 [INFO]   [DÉJÀ VU] Avis d'emplois supérieurs Directeur(trice) des Affaires géné...
2026-07-23 15:26:12,406 [INFO]   [DÉJÀ VU] Avis d'emplois supérieurs Directeur des statuts et des Eudes...
2026-07-23 15:26:12,406 [INFO]   [DÉJÀ VU] Avis d'emplois supérieurs Directeur de la jeunesse...
2026-07-23 15:26:12,406 [INFO]   [DÉJÀ VU] Avis d'emplois supérieurs DIRECTEUR FONSAFJS...
2026-07-23 15:26:12,406 [INFO]   [DÉJÀ VU] Avis d'emplois supérieurs Directeur(trice) du Centre nationa...
2026-07-23 15:26:12,406 [INFO]   [DÉJÀ VU] Avis d'emplois supérieurs DIRECTEUR DE L’INSTITUT SUPERIEUR ...
2026-07-23 15:26:12,406 [INFO]   [DÉJÀ VU] Avis d'emplois supérieurs Directeur de l'Aménagement du Terr...
2026-07-23 15:26:12,406 [INFO]   [DÉJÀ VU] Avis d'emplois supérieurs Directeur de l'Agence Urbaine d'Al...
2026-07-23 15:26:12,406 [INFO]   [DÉJÀ VU] Avis d'emplois supérieurs Directeur de l'Agence Urbaine de L...
2026-07-23 15:26:12,406 [INFO] Page 3/3
2026-07-23 15:26:12,406 [INFO] Scraping page: https://www.emploi-public.ma/fr/emploi-sup-liste?page=2
2026-07-23 15:26:13,808 [INFO]   → 9 annonces trouvées sur cette page
2026-07-23 15:26:13,809 [INFO]   [DÉJÀ VU] Avis d'emplois supérieurs Directeur(trice) des affaires géné...
2026-07-23 15:26:13,809 [INFO]   [DÉJÀ VU] Avis d'emplois supérieurs Directeur(trice) de l’Institut Roy...
2026-07-23 15:26:13,809 [INFO]   [DÉJÀ VU] Avis d'emplois supérieurs Directeur de l'Ecole des Sciences ...
2026-07-23 15:26:13,809 [INFO]   [DÉJÀ VU] Avis d'emplois supérieurs Directeur des législations des Inf...
2026-07-23 15:26:13,809 [INFO]   [DÉJÀ VU] Avis d'emplois supérieurs Directeur des législations de la g...
2026-07-23 15:26:13,809 [INFO]   [DÉJÀ VU] Avis d'emplois supérieurs Doyen de la Faculté de Médecine et...
2026-07-23 15:26:13,809 [INFO]   [DÉJÀ VU] Avis d'emplois supérieurs Directeur de l'Ecole Mohammadia de...
2026-07-23 15:26:13,809 [INFO]   [DÉJÀ VU] Avis d'emplois supérieurs Directeur(trice) du Centre régiona...
2026-07-23 15:26:13,810 [INFO]   [DÉJÀ VU] Avis d'emplois supérieurs Directeur des statuts et des Eudes...
2026-07-23 15:26:13,810 [INFO] 
--- Catégorie: Postes de responsabilités ---
2026-07-23 15:26:13,810 [INFO] Page 1/3
2026-07-23 15:26:13,810 [INFO] Scraping page: https://www.emploi-public.ma/fr/postes-respo-liste
2026-07-23 15:26:15,018 [INFO]   → 13 annonces trouvées sur cette page
2026-07-23 15:26:15,019 [INFO]   [DÉJÀ VU] Publication de la liste des convoqués pour l'appel à candida...
2026-07-23 15:26:15,019 [INFO]   [DÉJÀ VU] Publication de la liste des convoqués pour l'appel à candida...
2026-07-23 15:26:15,020 [INFO]   [DÉJÀ VU] Publication de la liste des résultats pour les Postes de res...
2026-07-23 15:26:15,020 [INFO]   [DÉJÀ VU] Publication de la liste des résultats pour les Postes de res...
2026-07-23 15:26:15,020 [INFO]   [DÉJÀ VU] Publication de la liste des résultats pour les Postes de res...
2026-07-23 15:26:15,020 [INFO]   [DÉJÀ VU] Publication de la liste des résultats pour les Postes de res...
2026-07-23 15:26:15,020 [INFO]   [DÉJÀ VU] Publication de la liste des résultats pour les Postes de res...
2026-07-23 15:26:15,020 [INFO]   [DÉJÀ VU] Avis de Postes de responsabilités au Ministère de l’intérieu...
2026-07-23 15:26:15,020 [INFO]   [DÉJÀ VU] Avis de Postes de responsabilités au Ministère de l’intérieu...
2026-07-23 15:26:15,020 [INFO]   [DÉJÀ VU] (RH 28/2026) Chef du Service des Examens...
2026-07-23 15:26:15,020 [INFO]   [DÉJÀ VU] Chef Division Achat et moyen généraux...
2026-07-23 15:26:15,020 [INFO]   [DÉJÀ VU] Appel à candidature pour les postes de responsabilité au Pré...
2026-07-23 15:26:15,020 [INFO]   [DÉJÀ VU] Appel à candidature pour les postes de responsabilité au Pro...
2026-07-23 15:26:15,020 [INFO] Page 2/3
2026-07-23 15:26:15,020 [INFO] Scraping page: https://www.emploi-public.ma/fr/postes-respo-liste?page=1
2026-07-23 15:26:16,183 [INFO]   → 13 annonces trouvées sur cette page
2026-07-23 15:26:16,184 [INFO]   [DÉJÀ VU] Publication de la liste des convoqués pour l'appel à candida...
2026-07-23 15:26:16,184 [INFO]   [DÉJÀ VU] Publication de la liste des convoqués pour l'appel à candida...
2026-07-23 15:26:16,184 [INFO]   [DÉJÀ VU] Publication de la liste des résultats pour les Postes de res...
2026-07-23 15:26:16,184 [INFO]   [DÉJÀ VU] Publication de la liste des résultats pour les Postes de res...
2026-07-23 15:26:16,184 [INFO]   [DÉJÀ VU] Publication de la liste des résultats pour les Postes de res...
2026-07-23 15:26:16,184 [INFO]   [DÉJÀ VU] Publication de la liste des résultats pour les Postes de res...
2026-07-23 15:26:16,184 [INFO]   [DÉJÀ VU] Publication de la liste des résultats pour les Postes de res...
2026-07-23 15:26:16,184 [INFO]   [DÉJÀ VU] Avis de Postes de responsabilités au Ministère de l’intérieu...
2026-07-23 15:26:16,184 [INFO]   [DÉJÀ VU] Avis de Postes de responsabilités au Ministère de l’intérieu...
2026-07-23 15:26:16,185 [INFO]   [DÉJÀ VU] (RH 28/2026) Chef du Service des Examens...
2026-07-23 15:26:16,185 [INFO]   [DÉJÀ VU] Chef Division Achat et moyen généraux...
2026-07-23 15:26:16,185 [INFO]   [DÉJÀ VU] Appel à candidature pour les postes de responsabilité au Pré...
2026-07-23 15:26:16,185 [INFO]   [DÉJÀ VU] Appel à candidature pour les postes de responsabilité au Pro...
2026-07-23 15:26:16,185 [INFO] Page 3/3
2026-07-23 15:26:16,185 [INFO] Scraping page: https://www.emploi-public.ma/fr/postes-respo-liste?page=2
2026-07-23 15:26:18,894 [INFO]   → 13 annonces trouvées sur cette page
2026-07-23 15:26:18,895 [INFO]   [DÉJÀ VU] Publication de la liste des convoqués pour l'appel à candida...
2026-07-23 15:26:18,895 [INFO]   [DÉJÀ VU] Avis de Postes de responsabilités au Ministère de la Jeuness...
2026-07-23 15:26:18,895 [INFO]   [DÉJÀ VU] Avis de Postes de responsabilités au Ministère de la Jeuness...
2026-07-23 15:26:18,895 [INFO]   [DÉJÀ VU] Avis de Postes de responsabilités au Ministère de l'intérieu...
2026-07-23 15:26:18,895 [INFO]   [DÉJÀ VU] Avis de Postes de responsabilités au Ministère de l'intérieu...
2026-07-23 15:26:18,896 [INFO]   [DÉJÀ VU] Publication de la liste des convoqués pour l'appel à candida...
2026-07-23 15:26:18,896 [INFO]   [DÉJÀ VU] Avis de Postes de responsabilités au Ministère de l’Agricult...
2026-07-23 15:26:18,896 [INFO]   [DÉJÀ VU] Publication de la liste des résultats pour les Postes de res...
2026-07-23 15:26:18,896 [INFO]   [DÉJÀ VU] Publication de la liste des résultats pour les Postes de res...
2026-07-23 15:26:18,896 [INFO]   [DÉJÀ VU] (RH 28/2026) Chef du Service des Examens...
2026-07-23 15:26:18,896 [INFO]   [DÉJÀ VU] Chef Division Achat et moyen généraux...
2026-07-23 15:26:18,896 [INFO]   [DÉJÀ VU] Appel à candidature pour les postes de responsabilité au Pré...
2026-07-23 15:26:18,896 [INFO]   [DÉJÀ VU] Appel à candidature pour les postes de responsabilité au Pro...
2026-07-23 15:26:18,896 [INFO] 
--- Catégorie: Recrutement des experts ---
2026-07-23 15:26:18,896 [INFO] Page 1/3
2026-07-23 15:26:18,896 [INFO] Scraping page: https://www.emploi-public.ma/fr/experts-liste
2026-07-23 15:26:19,781 [INFO]   → 9 annonces trouvées sur cette page
2026-07-23 15:26:19,782 [INFO]   [DÉJÀ VU] Publication de la liste des résultats pour le poste de EXPER...
2026-07-23 15:26:19,782 [INFO]   [DÉJÀ VU] Appel à candidature pour le poste Expert des Affaires Juridi...
2026-07-23 15:26:19,782 [INFO]   [DÉJÀ VU] Appel à candidature pour le poste expert...
2026-07-23 15:26:19,782 [INFO]   [DÉJÀ VU] Appel à candidature pour le poste expert...
2026-07-23 15:26:19,782 [INFO]   [DÉJÀ VU] Appel à candidature pour le poste EXPERT CONTRACTUEL...
2026-07-23 15:26:19,782 [INFO]   [DÉJÀ VU] Appel à candidature pour le poste expert...
2026-07-23 15:26:19,782 [INFO]   [DÉJÀ VU] Appel à candidature pour le poste Expert en matière de négoc...
2026-07-23 15:26:19,782 [INFO]   [DÉJÀ VU] Appel à candidature pour le poste expert...
2026-07-23 15:26:19,782 [INFO]   [DÉJÀ VU] Appel à candidature pour le poste Expert...
2026-07-23 15:26:19,782 [INFO] Page 2/3
2026-07-23 15:26:19,782 [INFO] Scraping page: https://www.emploi-public.ma/fr/experts-liste?page=1
2026-07-23 15:26:20,871 [INFO]   → 9 annonces trouvées sur cette page
2026-07-23 15:26:20,872 [INFO]   [DÉJÀ VU] Publication de la liste des résultats pour le poste de EXPER...
2026-07-23 15:26:20,872 [INFO]   [DÉJÀ VU] Appel à candidature pour le poste Expert des Affaires Juridi...
2026-07-23 15:26:20,872 [INFO]   [DÉJÀ VU] Appel à candidature pour le poste expert...
2026-07-23 15:26:20,872 [INFO]   [DÉJÀ VU] Appel à candidature pour le poste expert...
2026-07-23 15:26:20,872 [INFO]   [DÉJÀ VU] Appel à candidature pour le poste EXPERT CONTRACTUEL...
2026-07-23 15:26:20,872 [INFO]   [DÉJÀ VU] Appel à candidature pour le poste expert...
2026-07-23 15:26:20,872 [INFO]   [DÉJÀ VU] Appel à candidature pour le poste Expert en matière de négoc...
2026-07-23 15:26:20,872 [INFO]   [DÉJÀ VU] Appel à candidature pour le poste expert...
2026-07-23 15:26:20,872 [INFO]   [DÉJÀ VU] Appel à candidature pour le poste Expert...
2026-07-23 15:26:20,872 [INFO] Page 3/3
2026-07-23 15:26:20,872 [INFO] Scraping page: https://www.emploi-public.ma/fr/experts-liste?page=2
2026-07-23 15:26:22,571 [INFO]   → 9 annonces trouvées sur cette page
2026-07-23 15:26:22,573 [INFO]   [DÉJÀ VU] Appel à candidature pour le poste expert dans les domaines l...
2026-07-23 15:26:22,573 [INFO]   [DÉJÀ VU] Appel à candidature pour le poste expert...
2026-07-23 15:26:22,573 [INFO]   [DÉJÀ VU] Appel à candidature pour le poste Expert en gouvernance des ...
2026-07-23 15:26:22,573 [INFO]   [DÉJÀ VU] Appel à candidature pour le poste expert...
2026-07-23 15:26:22,573 [INFO]   [DÉJÀ VU] Publication de la liste des résultats pour le poste de Exper...
2026-07-23 15:26:22,573 [INFO]   [DÉJÀ VU] Publication de la liste des résultats pour le poste de Exper...
2026-07-23 15:26:22,573 [INFO]   [DÉJÀ VU] Appel à candidature pour le poste Expert en coordination ins...
2026-07-23 15:26:22,573 [INFO]   [DÉJÀ VU] Publication de la liste des résultats pour le poste de Exper...
2026-07-23 15:26:22,573 [INFO]   [DÉJÀ VU] Appel à candidature pour le poste Expert contractuel...
2026-07-23 15:26:22,574 [INFO] 
============================================================
2026-07-23 15:26:22,574 [INFO] RÉSUMÉ
2026-07-23 15:26:22,574 [INFO] ============================================================
2026-07-23 15:26:22,574 [INFO] Annonces traitées: 120
2026-07-23 15:26:22,574 [INFO] Dates en cours: 0
2026-07-23 15:26:22,574 [INFO] Dates expirées: 0
2026-07-23 15:26:22,574 [INFO] Nouveaux résultats: 0
2026-07-23 15:26:22,574 [INFO] Total résultats en base: 21
2026-07-23 15:26:24,916 [INFO] Email envoyé à cavalkhalid@gmail.com
2026-07-23 15:26:24,916 [INFO] 
Scraper terminé.
2026-07-23 15:58:24,463 [INFO] ============================================================
2026-07-23 15:58:24,463 [INFO] DÉMARRAGE DU SCRAPER emploi-public.ma (FR)
2026-07-23 15:58:24,463 [INFO] Date: 2026-07-23 15:58:24
2026-07-23 15:58:24,463 [INFO] ============================================================
2026-07-23 15:58:24,463 [INFO] 
--- Catégorie: Concours de recrutement ---
2026-07-23 15:58:24,463 [INFO] Page 1/5
2026-07-23 15:58:24,464 [INFO] Scraping page: https://www.emploi-public.ma/fr/concours-liste
2026-07-23 15:58:25,508 [INFO]   → 9 annonces trouvées sur cette page
2026-07-23 15:58:25,509 [INFO]   Détails: https://www.emploi-public.ma/fr/concours/details/d91438ac-a7df-48aa-a29d-ea568c52b32e
2026-07-23 15:58:26,800 [INFO]     PDF trouvé: Arrêté d'ouverture du concours (score: 25)
2026-07-23 15:58:26,801 [INFO]   [EN COURS] Avis de concours de recrutement de Technicien de 3ème grade ... → 2026-08-07
2026-07-23 15:58:26,801 [INFO]   Détails: https://www.emploi-public.ma/fr/concours/details/6aa579ad-7abb-44f1-b036-56e9fbafced8
2026-07-23 15:58:27,626 [INFO]     PDF trouvé: Arrêté d'ouverture du concours (score: 25)
2026-07-23 15:58:27,627 [INFO]   [EN COURS] Avis de concours de recrutement de Administrateur 2ème grade... → 2026-08-07
2026-07-23 15:58:27,627 [INFO]   Détails: https://www.emploi-public.ma/fr/concours/details/c27ac1df-953a-4b58-a2e2-e273271f18b1
2026-07-23 15:58:29,002 [INFO]     PDF trouvé: Arrêté d'ouverture du concours (score: 25)
2026-07-23 15:58:29,003 [INFO]   [EN COURS] Avis de concours de recrutement de Adjoint technique 2ème gr... → 2026-08-05
2026-07-23 15:58:29,003 [INFO]   Détails: https://www.emploi-public.ma/fr/concours/details/7faff0fb-2922-485a-853e-20b4d81cbc7a
2026-07-23 15:58:30,630 [INFO]     PDF trouvé: Arrêté d'ouverture du concours (score: 25)
2026-07-23 15:58:30,631 [INFO]   [EN COURS] Avis de concours de recrutement de Maître de conférences gra... → 2026-08-03
2026-07-23 15:58:30,631 [INFO]   Détails: https://www.emploi-public.ma/fr/concours/details/2c15e888-7029-4082-9334-eef194ee5586
2026-07-23 15:58:31,893 [INFO]     PDF trouvé: Arrêté d'ouverture du concours (score: 25)
2026-07-23 15:58:31,895 [INFO]   [EN COURS] Avis de concours de recrutement de Administrateur 2ème grade... → 2026-08-03
2026-07-23 15:58:31,895 [INFO]   Détails: https://www.emploi-public.ma/fr/concours/details/d543668b-c808-4ac0-933b-4301237f9f67
2026-07-23 15:58:32,816 [INFO]     PDF trouvé: Arrêté d'ouverture du concours (score: 25)
2026-07-23 15:58:32,817 [INFO]   [EN COURS] Avis de concours de recrutement de Administrateur 3ème grade... → 2026-07-31
2026-07-23 15:58:32,817 [INFO]   Détails: https://www.emploi-public.ma/fr/concours/details/78699344-c4d1-4204-ad40-9749cc0563aa
2026-07-23 15:58:33,639 [INFO]     PDF trouvé: Arrêté d'ouverture du concours (score: 25)
2026-07-23 15:58:33,640 [INFO]   [EN COURS] Avis de concours de recrutement de Médecins premier grade - ... → 2026-07-23
2026-07-23 15:58:33,640 [INFO]   Détails: https://www.emploi-public.ma/fr/concours/details/b62a7d1c-c399-48cd-ab9f-adca105db22f
2026-07-23 15:58:34,429 [INFO]     PDF trouvé: Arrêté d'ouverture du concours (score: 25)
2026-07-23 15:58:34,430 [INFO]   [EXPIRÉE] Avis de concours de recrutement de Maître de conférences gra... → 2026-07-21
2026-07-23 15:58:34,430 [INFO]   Détails: https://www.emploi-public.ma/fr/concours/details/dc6005fa-8f1f-418f-baed-64e9caca12f6
2026-07-23 15:58:35,454 [INFO]     PDF trouvé: Arrêté d'ouverture du concours (score: 25)
2026-07-23 15:58:35,455 [INFO]   [EXPIRÉE] Avis de concours de recrutement de Technicien de 3ème grade ... → 2026-07-21
2026-07-23 15:58:35,455 [INFO] Page 2/5
2026-07-23 15:58:35,455 [INFO] Scraping page: https://www.emploi-public.ma/fr/concours-liste?page=1
2026-07-23 15:58:36,651 [INFO]   → 9 annonces trouvées sur cette page
2026-07-23 15:58:36,652 [INFO]   Détails: https://www.emploi-public.ma/fr/concours/details/d91438ac-a7df-48aa-a29d-ea568c52b32e
2026-07-23 15:58:37,445 [INFO]     PDF trouvé: Arrêté d'ouverture du concours (score: 25)
2026-07-23 15:58:37,446 [INFO]   [EN COURS] Avis de concours de recrutement de Technicien de 3ème grade ... → 2026-08-07
2026-07-23 15:58:37,446 [INFO]   Détails: https://www.emploi-public.ma/fr/concours/details/6aa579ad-7abb-44f1-b036-56e9fbafced8
2026-07-23 15:58:38,774 [INFO]     PDF trouvé: Arrêté d'ouverture du concours (score: 25)
2026-07-23 15:58:38,775 [INFO]   [EN COURS] Avis de concours de recrutement de Administrateur 2ème grade... → 2026-08-07
2026-07-23 15:58:38,776 [INFO]   Détails: https://www.emploi-public.ma/fr/concours/details/c27ac1df-953a-4b58-a2e2-e273271f18b1
2026-07-23 15:58:39,618 [INFO]     PDF trouvé: Arrêté d'ouverture du concours (score: 25)
2026-07-23 15:58:39,619 [INFO]   [EN COURS] Avis de concours de recrutement de Adjoint technique 2ème gr... → 2026-08-05
2026-07-23 15:58:39,619 [INFO]   Détails: https://www.emploi-public.ma/fr/concours/details/7faff0fb-2922-485a-853e-20b4d81cbc7a
2026-07-23 15:58:40,563 [INFO]     PDF trouvé: Arrêté d'ouverture du concours (score: 25)
2026-07-23 15:58:40,564 [INFO]   [EN COURS] Avis de concours de recrutement de Maître de conférences gra... → 2026-08-03
2026-07-23 15:58:40,565 [INFO]   Détails: https://www.emploi-public.ma/fr/concours/details/2c15e888-7029-4082-9334-eef194ee5586
2026-07-23 15:58:41,681 [INFO]     PDF trouvé: Arrêté d'ouverture du concours (score: 25)
2026-07-23 15:58:41,682 [INFO]   [EN COURS] Avis de concours de recrutement de Administrateur 2ème grade... → 2026-08-03
2026-07-23 15:58:41,682 [INFO]   Détails: https://www.emploi-public.ma/fr/concours/details/d543668b-c808-4ac0-933b-4301237f9f67
2026-07-23 15:58:42,378 [INFO]     PDF trouvé: Arrêté d'ouverture du concours (score: 25)
2026-07-23 15:58:42,379 [INFO]   [EN COURS] Avis de concours de recrutement de Administrateur 3ème grade... → 2026-07-31
2026-07-23 15:58:42,380 [INFO]   Détails: https://www.emploi-public.ma/fr/concours/details/78699344-c4d1-4204-ad40-9749cc0563aa
2026-07-23 15:58:43,077 [INFO]     PDF trouvé: Arrêté d'ouverture du concours (score: 25)
2026-07-23 15:58:43,078 [INFO]   [EN COURS] Avis de concours de recrutement de Médecins premier grade - ... → 2026-07-23
2026-07-23 15:58:43,079 [INFO]   Détails: https://www.emploi-public.ma/fr/concours/details/b62a7d1c-c399-48cd-ab9f-adca105db22f
2026-07-23 15:58:43,777 [INFO]     PDF trouvé: Arrêté d'ouverture du concours (score: 25)
2026-07-23 15:58:43,778 [INFO]   [EXPIRÉE] Avis de concours de recrutement de Maître de conférences gra... → 2026-07-21
2026-07-23 15:58:43,778 [INFO]   Détails: https://www.emploi-public.ma/fr/concours/details/dc6005fa-8f1f-418f-baed-64e9caca12f6
2026-07-23 15:58:44,424 [INFO]     PDF trouvé: Arrêté d'ouverture du concours (score: 25)
2026-07-23 15:58:44,425 [INFO]   [EXPIRÉE] Avis de concours de recrutement de Technicien de 3ème grade ... → 2026-07-21
2026-07-23 15:58:44,425 [INFO] Page 3/5
2026-07-23 15:58:44,425 [INFO] Scraping page: https://www.emploi-public.ma/fr/concours-liste?page=2
2026-07-23 15:58:45,326 [INFO]   → 9 annonces trouvées sur cette page
2026-07-23 15:58:45,327 [INFO]   Détails: https://www.emploi-public.ma/fr/concours/details/7d4f66b4-2f8c-4dbf-94ea-99d5943a7378
2026-07-23 15:58:46,914 [INFO]     PDF trouvé: Arrêté d'ouverture du concours (score: 25)
2026-07-23 15:58:46,915 [INFO]   [EXPIRÉE] Avis de concours de recrutement de Administrateur 3ème grade... → 2026-07-21
2026-07-23 15:58:46,915 [INFO]   Détails: https://www.emploi-public.ma/fr/concours/details/e372c384-b595-401d-bfa7-77c67af01fbe
2026-07-23 15:58:47,845 [INFO]     PDF trouvé: Arrêté d'ouverture du concours (score: 25)
2026-07-23 15:58:47,846 [INFO]   [EXPIRÉE] Avis de concours de recrutement de Administrateur 2ème grade... → 2026-07-21
2026-07-23 15:58:47,846 [INFO]   Détails: https://www.emploi-public.ma/fr/concours/details/606d3ff2-2e7a-4174-9d74-713c58402b8a
2026-07-23 15:58:48,919 [INFO]     PDF trouvé: Arrêté d'ouverture du concours (score: 25)
2026-07-23 15:58:48,920 [INFO]   [EXPIRÉE] Publication de la liste des convoqués pour l'examen écrit du... → 2026-07-21
2026-07-23 15:58:48,920 [INFO]   Détails: https://www.emploi-public.ma/fr/concours/details/9740d64c-8b1b-47b8-abe8-00b3575d4aa9
2026-07-23 15:58:50,340 [INFO]     PDF trouvé: Arrêté d'ouverture du concours (score: 25)
2026-07-23 15:58:50,341 [INFO]   [EXPIRÉE] Publication de la liste des convoqués pour l'examen écrit du... → 2026-07-20
2026-07-23 15:58:50,341 [INFO]   Détails: https://www.emploi-public.ma/fr/concours/details/b89b6b38-795f-49af-9d00-910305760e85
2026-07-23 15:58:51,058 [INFO]     PDF trouvé: Arrêté d'ouverture du concours (score: 25)
2026-07-23 15:58:51,059 [INFO]   [EXPIRÉE] Avis de concours de recrutement de Administrateur 2ème grade... → 2026-07-20
2026-07-23 15:58:51,059 [INFO]   Détails: https://www.emploi-public.ma/fr/concours/details/f33919ef-c4a4-41c0-9927-744882ec1140
2026-07-23 15:58:52,391 [INFO]     PDF trouvé: Arrêté d'ouverture du concours (score: 25)
2026-07-23 15:58:52,393 [INFO]   [EXPIRÉE] Avis de concours de recrutement de Technicien de 3ème grade ... → 2026-07-20
2026-07-23 15:58:52,393 [INFO]   Détails: https://www.emploi-public.ma/fr/concours/details/00afdf47-67cd-4c3b-910d-295480956c45
2026-07-23 15:58:55,238 [INFO]     PDF trouvé: Arrêté d'ouverture du concours (score: 25)
2026-07-23 15:58:55,239 [INFO]   [EXPIRÉE] Avis de concours de recrutement de Administrateur 3ème grade... → 2026-07-20
2026-07-23 15:58:55,239 [INFO]   Détails: https://www.emploi-public.ma/fr/concours/details/0c6baf5e-be9d-4ef5-a8f7-b9044cf640d5
2026-07-23 15:58:57,287 [INFO]     PDF trouvé: Arrêté d'ouverture du concours (score: 25)
2026-07-23 15:58:57,288 [INFO]   [EXPIRÉE] Publication de la liste des résultats pour le concours de re... → 2026-07-15
2026-07-23 15:58:57,288 [INFO]   Détails: https://www.emploi-public.ma/fr/concours/details/c6303b4c-114c-4b25-b6c5-eca77cba3dad
2026-07-23 15:58:58,406 [INFO]     PDF trouvé: Arrêté d'ouverture du concours (score: 25)
2026-07-23 15:58:58,407 [INFO]   [EXPIRÉE] Publication de la liste des résultats pour le concours de re... → 2026-07-15
2026-07-23 15:58:58,408 [INFO] Page 4/5
2026-07-23 15:58:58,408 [INFO] Scraping page: https://www.emploi-public.ma/fr/concours-liste?page=3
2026-07-23 15:59:00,458 [INFO]   → 9 annonces trouvées sur cette page
2026-07-23 15:59:00,459 [INFO]   Détails: https://www.emploi-public.ma/fr/concours/details/1f901e2f-de1d-4110-874d-d5d890119e69
2026-07-23 15:59:01,157 [INFO]     PDF trouvé: Arrêté d'ouverture du concours (score: 25)
2026-07-23 15:59:01,158 [INFO]   [EXPIRÉE] Publication de la liste des résultats pour le concours de re... → 2026-07-15
2026-07-23 15:59:01,158 [INFO]   Détails: https://www.emploi-public.ma/fr/concours/details/c83d70e2-ec18-4f3b-b97f-03d080ad762a
2026-07-23 15:59:04,537 [INFO]     PDF trouvé: Arrêté d'ouverture du concours (score: 25)
2026-07-23 15:59:04,538 [INFO]   [EXPIRÉE] Publication de la liste des convoqués pour l'examen écrit du... → 2026-07-14
2026-07-23 15:59:04,538 [INFO]   Détails: https://www.emploi-public.ma/fr/concours/details/c3749204-66e1-4485-a631-e7ede10e21ab
2026-07-23 15:59:05,980 [INFO]     PDF trouvé: Arrêté d'ouverture du concours (score: 25)
2026-07-23 15:59:05,981 [INFO]   [EXPIRÉE] Publication de la liste des convoqués pour l'examen écrit du... → 2026-07-14
2026-07-23 15:59:05,981 [INFO]   Détails: https://www.emploi-public.ma/fr/concours/details/26ae2262-926d-4bfb-9614-069a15e9bd9a
2026-07-23 15:59:06,742 [INFO]     PDF trouvé: Arrêté d'ouverture du concours (score: 25)
2026-07-23 15:59:06,743 [INFO]   [EXPIRÉE] Avis de concours de recrutement de Administrateur 3ème grade... → 2026-07-10
2026-07-23 15:59:06,743 [INFO]   Détails: https://www.emploi-public.ma/fr/concours/details/2c92d6ee-4fbb-4b59-a9ad-4e38969b0090
2026-07-23 15:59:09,268 [INFO]     PDF trouvé: Arrêté d'ouverture du concours (score: 25)
2026-07-23 15:59:09,269 [INFO]   [EXPIRÉE] Avis de concours de recrutement de Technicien de 3ème grade ... → 2026-07-10
2026-07-23 15:59:09,269 [INFO]   Détails: https://www.emploi-public.ma/fr/concours/details/ae470720-4f4f-49dc-b23e-070911905f42
2026-07-23 15:59:10,059 [INFO]     PDF trouvé: Arrêté d'ouverture du concours (score: 25)
2026-07-23 15:59:10,060 [INFO]   [EXPIRÉE] Avis de concours de recrutement de Ingénieur d'Etat 1er grad... → 2026-07-15
2026-07-23 15:59:10,060 [INFO]   Détails: https://www.emploi-public.ma/fr/concours/details/55e548c6-a895-450f-a875-9e03c69c4399
2026-07-23 15:59:10,785 [INFO]     PDF trouvé: Arrêté d'ouverture du concours (score: 25)
2026-07-23 15:59:10,786 [INFO]   [EXPIRÉE] Publication de la liste des convoqués pour l'examen écrit du... → 2026-07-10
2026-07-23 15:59:10,786 [INFO]   Détails: https://www.emploi-public.ma/fr/concours/details/d763af32-c1bf-4d3d-a000-8fe89e3adcd6
2026-07-23 15:59:11,482 [INFO]     PDF trouvé: Arrêté d'ouverture du concours (score: 25)
2026-07-23 15:59:11,483 [INFO]   [EXPIRÉE] Publication de la liste des convoqués pour l'examen écrit du... → 2026-07-10
2026-07-23 15:59:11,483 [INFO]   Détails: https://www.emploi-public.ma/fr/concours/details/17e879b8-5dad-4d10-8ade-60bb345d6021
2026-07-23 15:59:12,348 [INFO]     PDF trouvé: Arrêté d'ouverture du concours (score: 25)
2026-07-23 15:59:12,349 [INFO]   [EXPIRÉE] Publication de la liste des convoqués pour l'examen écrit du... → 2026-07-10
2026-07-23 15:59:12,350 [INFO] Page 5/5
2026-07-23 15:59:12,350 [INFO] Scraping page: https://www.emploi-public.ma/fr/concours-liste?page=4
2026-07-23 15:59:13,378 [INFO]   → 9 annonces trouvées sur cette page
2026-07-23 15:59:13,379 [INFO]   Détails: https://www.emploi-public.ma/fr/concours/details/663f2fe1-79f4-494e-bd69-60ee602b0100
2026-07-23 15:59:14,778 [INFO]     PDF trouvé: Arrêté d'ouverture du concours (score: 25)
2026-07-23 15:59:14,779 [INFO]   [EXPIRÉE] Publication de la liste des résultats pour le concours de re... → 2026-07-08
2026-07-23 15:59:14,779 [INFO]   Détails: https://www.emploi-public.ma/fr/concours/details/e0e94841-e2f1-459b-88a9-7ceb0971aacc
2026-07-23 15:59:15,559 [INFO]     PDF trouvé: Arrêté d'ouverture du concours (score: 25)
2026-07-23 15:59:15,560 [INFO]   [EXPIRÉE] Publication de la liste des résultats pour le concours de re... → 2026-07-08
2026-07-23 15:59:15,560 [INFO]   Détails: https://www.emploi-public.ma/fr/concours/details/6ced6faa-fac2-45e6-a71c-41cb176ee394
2026-07-23 15:59:17,653 [INFO]     PDF trouvé: Arrêté d'ouverture du concours (score: 25)
2026-07-23 15:59:17,654 [INFO]   [EXPIRÉE] Publication de la liste des résultats pour le concours de re... → 2026-07-08
2026-07-23 15:59:17,654 [INFO]   Détails: https://www.emploi-public.ma/fr/concours/details/7a16b629-f483-4401-b81f-98470cd70599
2026-07-23 15:59:18,495 [INFO]     PDF trouvé: Arrêté d'ouverture du concours (score: 25)
2026-07-23 15:59:18,496 [INFO]   [EXPIRÉE] Publication de la liste des convoqués pour l'examen écrit du... → 2026-07-06
2026-07-23 15:59:18,496 [INFO]   Détails: https://www.emploi-public.ma/fr/concours/details/764e7f8d-1133-4f7c-a874-adf5b4450042
2026-07-23 15:59:19,180 [INFO]     PDF trouvé: Arrêté d'ouverture du concours (score: 25)
2026-07-23 15:59:19,181 [INFO]   [EXPIRÉE] Publication de la liste des convoqués pour l'examen écrit du... → 2026-07-06
2026-07-23 15:59:19,181 [INFO]   Détails: https://www.emploi-public.ma/fr/concours/details/0c5e7ce3-67b2-4905-96a5-420146cd2945
2026-07-23 15:59:19,929 [INFO]     PDF trouvé: Arrêté d'ouverture du concours (score: 25)
2026-07-23 15:59:19,930 [INFO]   [EXPIRÉE] Publication de la liste des convoqués pour l'examen écrit du... → 2026-06-26
2026-07-23 15:59:19,930 [INFO]   Détails: https://www.emploi-public.ma/fr/concours/details/47bf580b-6681-4117-9673-4163c4d5c58f
2026-07-23 15:59:22,492 [INFO]     PDF trouvé: Arrêté d'ouverture du concours (score: 25)
2026-07-23 15:59:22,493 [INFO]   [EXPIRÉE] Publication de la liste des résultats pour le concours de re... → 2026-06-25
2026-07-23 15:59:22,493 [INFO]   Détails: https://www.emploi-public.ma/fr/concours/details/5a5a3bc5-cd39-4c9e-b68f-5ecf53d4f690
2026-07-23 15:59:23,116 [INFO]     PDF trouvé: Arrêté d'ouverture du concours (score: 25)
2026-07-23 15:59:23,117 [INFO]   [EXPIRÉE] Publication de la liste des convoqués pour l'examen écrit du... → 2026-06-23
2026-07-23 15:59:23,117 [INFO]   Détails: https://www.emploi-public.ma/fr/concours/details/575250a4-8e33-4c6c-802e-538da1313ac6
2026-07-23 15:59:23,903 [INFO]     PDF trouvé: Arrêté d'ouverture du concours (score: 25)
2026-07-23 15:59:23,904 [INFO]   [EXPIRÉE] Publication de la liste des convoqués pour l'entretien oral ... → 2026-06-23
2026-07-23 15:59:23,904 [INFO] 
--- Catégorie: Emplois supérieurs ---
2026-07-23 15:59:23,904 [INFO] Page 1/5
2026-07-23 15:59:23,904 [INFO] Scraping page: https://www.emploi-public.ma/fr/emploi-sup-liste
2026-07-23 15:59:28,077 [INFO]   → 9 annonces trouvées sur cette page
2026-07-23 15:59:28,078 [INFO]   Détails: https://www.emploi-public.ma/fr/emploi-sup/details/fb33496a-b3e4-46d5-a556-86d0223b04f8
2026-07-23 15:59:30,930 [WARNING] Format de date non reconnu: 30
2026-07-23 15:59:30,931 [INFO]     PDF trouvé: Arrêté d'appel à candidature (score: 20)
2026-07-23 15:59:30,932 [INFO]   [PAS DE DATE] Avis d'emplois supérieurs Directeur(trice) des Affaires géné...
2026-07-23 15:59:30,932 [INFO]   Détails: https://www.emploi-public.ma/fr/emploi-sup/details/d75f25b8-e1b6-4bba-9bf2-9bcc6a5e913c
2026-07-23 15:59:31,552 [WARNING] Format de date non reconnu: 30
2026-07-23 15:59:31,553 [INFO]     PDF trouvé: Arrêté d'appel à candidature (score: 20)
2026-07-23 15:59:31,554 [INFO]   [PAS DE DATE] Avis d'emplois supérieurs Directeur des statuts et des Eudes...
2026-07-23 15:59:31,554 [INFO]   Détails: https://www.emploi-public.ma/fr/emploi-sup/details/2c16f418-dd0f-4bb2-b66e-f926057114f9
2026-07-23 15:59:32,332 [WARNING] Format de date non reconnu: 30
2026-07-23 15:59:32,333 [INFO]     PDF trouvé: Arrêté d'appel à candidature (score: 20)
2026-07-23 15:59:32,334 [INFO]   [PAS DE DATE] Avis d'emplois supérieurs Directeur de la jeunesse...
2026-07-23 15:59:32,334 [INFO]   Détails: https://www.emploi-public.ma/fr/emploi-sup/details/43fe4445-da66-401e-a3c4-2562a221a332
2026-07-23 15:59:33,038 [WARNING] Format de date non reconnu: 30
2026-07-23 15:59:33,039 [INFO]     PDF trouvé: Arrêté d'appel à candidature (score: 20)
2026-07-23 15:59:33,040 [INFO]   [PAS DE DATE] Avis d'emplois supérieurs DIRECTEUR FONSAFJS...
2026-07-23 15:59:33,040 [INFO]   Détails: https://www.emploi-public.ma/fr/emploi-sup/details/4d6a3c99-2658-4cfd-99b5-bc5c012c8e55
2026-07-23 15:59:33,889 [WARNING] Format de date non reconnu: 30
2026-07-23 15:59:33,890 [INFO]     PDF trouvé: Arrêté d'appel à candidature (score: 20)
2026-07-23 15:59:33,891 [INFO]   [PAS DE DATE] Avis d'emplois supérieurs Directeur(trice) du Centre nationa...
2026-07-23 15:59:33,891 [INFO]   Détails: https://www.emploi-public.ma/fr/emploi-sup/details/803881f5-f7fa-4f8f-b2cd-d6b1566b7fe5
2026-07-23 15:59:34,578 [WARNING] Format de date non reconnu: 30
2026-07-23 15:59:34,579 [INFO]     PDF trouvé: Arrêté d'appel à candidature (score: 20)
2026-07-23 15:59:34,580 [INFO]   [PAS DE DATE] Avis d'emplois supérieurs DIRECTEUR DE L’INSTITUT SUPERIEUR ...
2026-07-23 15:59:34,580 [INFO]   Détails: https://www.emploi-public.ma/fr/emploi-sup/details/d5445636-5a56-491e-9305-8cd418b361f8
2026-07-23 15:59:35,538 [WARNING] Format de date non reconnu: 00
2026-07-23 15:59:35,539 [INFO]     PDF trouvé: Arrêté d'appel à candidature (score: 20)
2026-07-23 15:59:35,540 [INFO]   [PAS DE DATE] Avis d'emplois supérieurs Directeur de l'Aménagement du Terr...
2026-07-23 15:59:35,540 [INFO]   Détails: https://www.emploi-public.ma/fr/emploi-sup/details/a19c981f-5e73-4699-978a-3c26f387e76d
2026-07-23 15:59:36,220 [WARNING] Format de date non reconnu: 00
2026-07-23 15:59:36,221 [INFO]     PDF trouvé: Arrêté d'appel à candidature (score: 20)
2026-07-23 15:59:36,222 [INFO]   [PAS DE DATE] Avis d'emplois supérieurs Directeur de l'Agence Urbaine d'Al...
2026-07-23 15:59:36,222 [INFO]   Détails: https://www.emploi-public.ma/fr/emploi-sup/details/c3eed04a-67b9-4ceb-b4c3-b32e0273c191
2026-07-23 15:59:36,906 [WARNING] Format de date non reconnu: 00
2026-07-23 15:59:36,907 [INFO]     PDF trouvé: Arrêté d'appel à candidature (score: 20)
2026-07-23 15:59:36,908 [INFO]   [PAS DE DATE] Avis d'emplois supérieurs Directeur de l'Agence Urbaine de L...
2026-07-23 15:59:36,908 [INFO] Page 2/5
2026-07-23 15:59:36,908 [INFO] Scraping page: https://www.emploi-public.ma/fr/emploi-sup-liste?page=1
2026-07-23 15:59:37,549 [INFO]   → 9 annonces trouvées sur cette page
2026-07-23 15:59:37,550 [INFO]   Détails: https://www.emploi-public.ma/fr/emploi-sup/details/fb33496a-b3e4-46d5-a556-86d0223b04f8
2026-07-23 15:59:38,202 [WARNING] Format de date non reconnu: 30
2026-07-23 15:59:38,203 [INFO]     PDF trouvé: Arrêté d'appel à candidature (score: 20)
2026-07-23 15:59:38,204 [INFO]   [PAS DE DATE] Avis d'emplois supérieurs Directeur(trice) des Affaires géné...
2026-07-23 15:59:38,204 [INFO]   Détails: https://www.emploi-public.ma/fr/emploi-sup/details/d75f25b8-e1b6-4bba-9bf2-9bcc6a5e913c
2026-07-23 15:59:39,275 [WARNING] Format de date non reconnu: 30
2026-07-23 15:59:39,276 [INFO]     PDF trouvé: Arrêté d'appel à candidature (score: 20)
2026-07-23 15:59:39,277 [INFO]   [PAS DE DATE] Avis d'emplois supérieurs Directeur des statuts et des Eudes...
2026-07-23 15:59:39,277 [INFO]   Détails: https://www.emploi-public.ma/fr/emploi-sup/details/2c16f418-dd0f-4bb2-b66e-f926057114f9
2026-07-23 15:59:40,364 [WARNING] Format de date non reconnu: 30
2026-07-23 15:59:40,365 [INFO]     PDF trouvé: Arrêté d'appel à candidature (score: 20)
2026-07-23 15:59:40,366 [INFO]   [PAS DE DATE] Avis d'emplois supérieurs Directeur de la jeunesse...
2026-07-23 15:59:40,366 [INFO]   Détails: https://www.emploi-public.ma/fr/emploi-sup/details/43fe4445-da66-401e-a3c4-2562a221a332
2026-07-23 15:59:41,168 [WARNING] Format de date non reconnu: 30
2026-07-23 15:59:41,169 [INFO]     PDF trouvé: Arrêté d'appel à candidature (score: 20)
2026-07-23 15:59:41,170 [INFO]   [PAS DE DATE] Avis d'emplois supérieurs DIRECTEUR FONSAFJS...
2026-07-23 15:59:41,171 [INFO]   Détails: https://www.emploi-public.ma/fr/emploi-sup/details/4d6a3c99-2658-4cfd-99b5-bc5c012c8e55
2026-07-23 15:59:41,791 [WARNING] Format de date non reconnu: 30
2026-07-23 15:59:41,792 [INFO]     PDF trouvé: Arrêté d'appel à candidature (score: 20)
2026-07-23 15:59:41,793 [INFO]   [PAS DE DATE] Avis d'emplois supérieurs Directeur(trice) du Centre nationa...
2026-07-23 15:59:41,793 [INFO]   Détails: https://www.emploi-public.ma/fr/emploi-sup/details/803881f5-f7fa-4f8f-b2cd-d6b1566b7fe5
2026-07-23 15:59:42,624 [WARNING] Format de date non reconnu: 30
2026-07-23 15:59:42,625 [INFO]     PDF trouvé: Arrêté d'appel à candidature (score: 20)
2026-07-23 15:59:42,626 [INFO]   [PAS DE DATE] Avis d'emplois supérieurs DIRECTEUR DE L’INSTITUT SUPERIEUR ...
2026-07-23 15:59:42,626 [INFO]   Détails: https://www.emploi-public.ma/fr/emploi-sup/details/d5445636-5a56-491e-9305-8cd418b361f8
2026-07-23 15:59:43,527 [WARNING] Format de date non reconnu: 00
2026-07-23 15:59:43,528 [INFO]     PDF trouvé: Arrêté d'appel à candidature (score: 20)
2026-07-23 15:59:43,529 [INFO]   [PAS DE DATE] Avis d'emplois supérieurs Directeur de l'Aménagement du Terr...
2026-07-23 15:59:43,529 [INFO]   Détails: https://www.emploi-public.ma/fr/emploi-sup/details/a19c981f-5e73-4699-978a-3c26f387e76d
2026-07-23 15:59:44,207 [WARNING] Format de date non reconnu: 00
2026-07-23 15:59:44,208 [INFO]     PDF trouvé: Arrêté d'appel à candidature (score: 20)
2026-07-23 15:59:44,209 [INFO]   [PAS DE DATE] Avis d'emplois supérieurs Directeur de l'Agence Urbaine d'Al...
2026-07-23 15:59:44,209 [INFO]   Détails: https://www.emploi-public.ma/fr/emploi-sup/details/c3eed04a-67b9-4ceb-b4c3-b32e0273c191
2026-07-23 15:59:44,813 [WARNING] Format de date non reconnu: 00
2026-07-23 15:59:44,814 [INFO]     PDF trouvé: Arrêté d'appel à candidature (score: 20)
2026-07-23 15:59:44,815 [INFO]   [PAS DE DATE] Avis d'emplois supérieurs Directeur de l'Agence Urbaine de L...
2026-07-23 15:59:44,815 [INFO] Page 3/5
2026-07-23 15:59:44,815 [INFO] Scraping page: https://www.emploi-public.ma/fr/emploi-sup-liste?page=2
2026-07-23 15:59:45,476 [INFO]   → 9 annonces trouvées sur cette page
2026-07-23 15:59:45,477 [INFO]   Détails: https://www.emploi-public.ma/fr/emploi-sup/details/6bbca177-c943-4200-991d-4945c7de6c3e
2026-07-23 15:59:46,408 [WARNING] Format de date non reconnu: 30
2026-07-23 15:59:46,409 [INFO]     PDF trouvé: Arrêté d'appel à candidature (score: 20)
2026-07-23 15:59:46,410 [INFO]   [PAS DE DATE] Avis d'emplois supérieurs Directeur(trice) des affaires géné...
2026-07-23 15:59:46,410 [INFO]   Détails: https://www.emploi-public.ma/fr/emploi-sup/details/971391f4-c3ed-4054-b39a-d498fdbfba4b
2026-07-23 15:59:47,094 [WARNING] Format de date non reconnu: 30
2026-07-23 15:59:47,095 [INFO]     PDF trouvé: Arrêté d'appel à candidature (score: 20)
2026-07-23 15:59:47,096 [INFO]   [PAS DE DATE] Avis d'emplois supérieurs Directeur(trice) de l’Institut Roy...
2026-07-23 15:59:47,096 [INFO]   Détails: https://www.emploi-public.ma/fr/emploi-sup/details/1afa70c8-a02b-457d-98c8-6787ae253f28
2026-07-23 15:59:52,637 [WARNING] Format de date non reconnu: 30
2026-07-23 15:59:52,638 [INFO]     PDF trouvé: Arrêté d'appel à candidature (score: 20)
2026-07-23 15:59:52,639 [INFO]   [PAS DE DATE] Avis d'emplois supérieurs Directeur de l'Ecole des Sciences ...
2026-07-23 15:59:52,639 [INFO]   Détails: https://www.emploi-public.ma/fr/emploi-sup/details/e1c5923d-7307-42c7-90ed-21db5ce34a49
2026-07-23 15:59:54,811 [WARNING] Format de date non reconnu: 30
2026-07-23 15:59:54,812 [INFO]     PDF trouvé: Arrêté d'appel à candidature (score: 20)
2026-07-23 15:59:54,813 [INFO]   [PAS DE DATE] Avis d'emplois supérieurs Directeur des législations des Inf...
2026-07-23 15:59:54,813 [INFO]   Détails: https://www.emploi-public.ma/fr/emploi-sup/details/cb431ce3-c104-457a-b464-8ca3b4a5fe55
2026-07-23 15:59:58,998 [WARNING] Format de date non reconnu: 30
2026-07-23 15:59:58,999 [INFO]     PDF trouvé: Arrêté d'appel à candidature (score: 20)
2026-07-23 15:59:59,000 [INFO]   [PAS DE DATE] Avis d'emplois supérieurs Directeur des législations de la g...
2026-07-23 15:59:59,000 [INFO]   Détails: https://www.emploi-public.ma/fr/emploi-sup/details/83256c4b-36f7-461e-8579-7dbec3b6aae0
2026-07-23 15:59:59,720 [WARNING] Format de date non reconnu: 30
2026-07-23 15:59:59,721 [INFO]     PDF trouvé: Arrêté d'appel à candidature (score: 20)
2026-07-23 15:59:59,722 [INFO]   [PAS DE DATE] Avis d'emplois supérieurs Doyen de la Faculté de Médecine et...
2026-07-23 15:59:59,723 [INFO]   Détails: https://www.emploi-public.ma/fr/emploi-sup/details/e1054489-8a0a-4d64-92ab-55a9dbb52ac5
2026-07-23 16:00:00,525 [WARNING] Format de date non reconnu: 30
2026-07-23 16:00:00,526 [INFO]     PDF trouvé: Arrêté d'appel à candidature (score: 20)
2026-07-23 16:00:00,527 [INFO]   [PAS DE DATE] Avis d'emplois supérieurs Directeur de l'Ecole Mohammadia de...
2026-07-23 16:00:00,527 [INFO]   Détails: https://www.emploi-public.ma/fr/emploi-sup/details/4276b348-5dae-41c9-b638-6ca89ffaf304
2026-07-23 16:00:02,154 [WARNING] Format de date non reconnu: 30
2026-07-23 16:00:02,155 [INFO]     PDF trouvé: Arrêté d'appel à candidature (score: 20)
2026-07-23 16:00:02,156 [INFO]   [PAS DE DATE] Avis d'emplois supérieurs Directeur(trice) du Centre régiona...
2026-07-23 16:00:02,156 [INFO]   Détails: https://www.emploi-public.ma/fr/emploi-sup/details/0f48ee65-4c13-4056-a870-a38f35f26eee
2026-07-23 16:00:02,766 [WARNING] Format de date non reconnu: 30
2026-07-23 16:00:02,767 [INFO]     PDF trouvé: Arrêté d'appel à candidature (score: 20)
2026-07-23 16:00:02,768 [INFO]   [PAS DE DATE] Avis d'emplois supérieurs Directeur des statuts et des Eudes...
2026-07-23 16:00:02,768 [INFO] Page 4/5
2026-07-23 16:00:02,768 [INFO] Scraping page: https://www.emploi-public.ma/fr/emploi-sup-liste?page=3
2026-07-23 16:00:03,468 [INFO]   → 9 annonces trouvées sur cette page
2026-07-23 16:00:03,469 [INFO]   Détails: https://www.emploi-public.ma/fr/emploi-sup/details/17544c4c-7a33-48bd-be97-d4e261c4b1ba
2026-07-23 16:00:05,679 [WARNING] Format de date non reconnu: 30
2026-07-23 16:00:05,680 [INFO]     PDF trouvé: Arrêté d'appel à candidature (score: 20)
2026-07-23 16:00:05,681 [INFO]   [PAS DE DATE] Avis d'emplois supérieurs Directeur(trice) général(e) de l’o...
2026-07-23 16:00:05,682 [INFO]   Détails: https://www.emploi-public.ma/fr/emploi-sup/details/2062be70-06c0-4b02-b143-bb2108a03421
2026-07-23 16:00:06,348 [WARNING] Format de date non reconnu: 30
2026-07-23 16:00:06,349 [INFO]     PDF trouvé: Arrêté d'appel à candidature (score: 20)
2026-07-23 16:00:06,350 [INFO]   [PAS DE DATE] Avis d'emplois supérieurs Directeur(trice) du Centre nationa...
2026-07-23 16:00:06,350 [INFO]   Détails: https://www.emploi-public.ma/fr/emploi-sup/details/5b7e6e30-4777-469d-9fa2-856d4390a35f
2026-07-23 16:00:07,672 [WARNING] Format de date non reconnu: 30
2026-07-23 16:00:07,673 [INFO]     PDF trouvé: Arrêté d'appel à candidature (score: 20)
2026-07-23 16:00:07,674 [INFO]   [PAS DE DATE] Avis d'emplois supérieurs Directeur de la jeunesse...
2026-07-23 16:00:07,674 [INFO]   Détails: https://www.emploi-public.ma/fr/emploi-sup/details/5313b8af-912f-4d82-b328-04c94fbe4562
2026-07-23 16:00:09,080 [WARNING] Format de date non reconnu: 30
2026-07-23 16:00:09,081 [INFO]     PDF trouvé: Arrêté d'appel à candidature (score: 20)
2026-07-23 16:00:09,082 [INFO]   [PAS DE DATE] Avis d'emplois supérieurs Directeur (ce) de la Coopération e...
2026-07-23 16:00:09,082 [INFO]   Détails: https://www.emploi-public.ma/fr/emploi-sup/details/52349e85-618a-444c-94ae-a269dcb8ede6
2026-07-23 16:00:09,706 [WARNING] Format de date non reconnu: 30
2026-07-23 16:00:09,707 [INFO]     PDF trouvé: Arrêté d'appel à candidature (score: 20)
2026-07-23 16:00:09,708 [INFO]   [PAS DE DATE] Avis d'emplois supérieurs Directeur (ce) des Ressources Huma...
2026-07-23 16:00:09,708 [INFO]   Détails: https://www.emploi-public.ma/fr/emploi-sup/details/b993993a-7a9f-4f82-a95d-4c705192b5c5
2026-07-23 16:00:10,370 [WARNING] Format de date non reconnu: 30
2026-07-23 16:00:10,371 [INFO]     PDF trouvé: Arrêté d'appel à candidature (score: 20)
2026-07-23 16:00:10,372 [INFO]   [PAS DE DATE] Avis d'emplois supérieurs Directeur(trice) de l’Académie rég...
2026-07-23 16:00:10,372 [INFO]   Détails: https://www.emploi-public.ma/fr/emploi-sup/details/a8514544-73e5-48b0-bc95-4e3782a246c4
2026-07-23 16:00:11,874 [WARNING] Format de date non reconnu: 30
2026-07-23 16:00:11,875 [INFO]     PDF trouvé: Arrêté d'appel à candidature (score: 20)
2026-07-23 16:00:11,876 [INFO]   [PAS DE DATE] Avis d'emplois supérieurs Directeur de l'Office Régional de ...
2026-07-23 16:00:11,876 [INFO]   Détails: https://www.emploi-public.ma/fr/emploi-sup/details/34737011-4b34-4d27-a8e4-f96374ce7e3b
2026-07-23 16:00:12,646 [WARNING] Format de date non reconnu: 30
2026-07-23 16:00:12,647 [INFO]     PDF trouvé: Arrêté d'appel à candidature (score: 20)
2026-07-23 16:00:12,648 [INFO]   [PAS DE DATE] Avis d'emplois supérieurs Directeur du Centre Régional d'Inv...
2026-07-23 16:00:12,648 [INFO]   Détails: https://www.emploi-public.ma/fr/emploi-sup/details/3848b51d-1643-4c8a-9d0a-0001f3ec1eb6
2026-07-23 16:00:13,177 [WARNING] Format de date non reconnu: 30
2026-07-23 16:00:13,179 [INFO]     PDF trouvé: Arrêté d'appel à candidature (score: 20)
2026-07-23 16:00:13,179 [INFO]   [PAS DE DATE] Avis d'emplois supérieurs Directeur des statistiques, des ét...
2026-07-23 16:00:13,180 [INFO] Page 5/5
2026-07-23 16:00:13,180 [INFO] Scraping page: https://www.emploi-public.ma/fr/emploi-sup-liste?page=4
2026-07-23 16:00:14,193 [INFO]   → 9 annonces trouvées sur cette page
2026-07-23 16:00:14,194 [INFO]   Détails: https://www.emploi-public.ma/fr/emploi-sup/details/f762f1b5-8e54-4277-9ceb-b77512a40379
2026-07-23 16:00:14,780 [WARNING] Format de date non reconnu: 30
2026-07-23 16:00:14,780 [INFO]     PDF trouvé: Arrêté d'appel à candidature (score: 20)
2026-07-23 16:00:14,781 [INFO]   [PAS DE DATE] Avis d'emplois supérieurs Directeur de l'Institut National S...
2026-07-23 16:00:14,782 [INFO]   Détails: https://www.emploi-public.ma/fr/emploi-sup/details/f398a7c1-f047-4cb7-95a2-e63106086337
2026-07-23 16:00:17,492 [WARNING] Format de date non reconnu: 30
2026-07-23 16:00:17,493 [INFO]     PDF trouvé: Arrêté d'appel à candidature (score: 20)
2026-07-23 16:00:17,494 [INFO]   [PAS DE DATE] Avis d'emplois supérieurs Directeur (ce) de l'Enseignement S...
2026-07-23 16:00:17,495 [INFO]   Détails: https://www.emploi-public.ma/fr/emploi-sup/details/b93e0027-1954-4712-8bb1-c6c3715e916c
2026-07-23 16:00:18,096 [INFO]     PDF trouvé: Arrêté d'appel à candidature (score: 20)
2026-07-23 16:00:18,097 [INFO]   [EXPIRÉE] Avis d'emplois supérieurs Directeur de l'Agence du bassin Hy... → 2026-05-14
2026-07-23 16:00:18,097 [INFO]   Détails: https://www.emploi-public.ma/fr/emploi-sup/details/50a4fceb-7a2a-4dfc-9d54-27d5969d8c20
2026-07-23 16:00:19,138 [WARNING] Format de date non reconnu: 30
2026-07-23 16:00:19,139 [INFO]     PDF trouvé: Arrêté d'appel à candidature (score: 20)
2026-07-23 16:00:19,140 [INFO]   [PAS DE DATE] Avis d'emplois supérieurs Directeur des Relations avec la So...
2026-07-23 16:00:19,140 [INFO]   Détails: https://www.emploi-public.ma/fr/emploi-sup/details/79e56e61-79b1-4b12-b93a-174e15b76e74
2026-07-23 16:00:20,123 [WARNING] Format de date non reconnu: 30
2026-07-23 16:00:20,124 [INFO]     PDF trouvé: Arrêté d'appel à candidature (score: 20)
2026-07-23 16:00:20,125 [INFO]   [PAS DE DATE] Avis d'emplois supérieurs Directeur de l'Institut Supérieur ...
2026-07-23 16:00:20,125 [INFO]   Détails: https://www.emploi-public.ma/fr/emploi-sup/details/cd433a5b-75fc-4eb0-b5d7-0a520ca6c2ab
2026-07-23 16:00:20,710 [WARNING] Format de date non reconnu: 30
2026-07-23 16:00:20,711 [INFO]     PDF trouvé: Arrêté d'appel à candidature (score: 20)
2026-07-23 16:00:20,712 [INFO]   [PAS DE DATE] Avis d'emplois supérieurs Secrétaire Général du Département ...
2026-07-23 16:00:20,712 [INFO]   Détails: https://www.emploi-public.ma/fr/emploi-sup/details/cf89dcaf-13b0-4674-befa-b629bfcf72cf
2026-07-23 16:00:21,303 [WARNING] Format de date non reconnu: 30
2026-07-23 16:00:21,304 [INFO]     PDF trouvé: Arrêté d'appel à candidature (score: 20)
2026-07-23 16:00:21,305 [INFO]   [PAS DE DATE] Avis d'emplois supérieurs secrétaire général -Département de...
2026-07-23 16:00:21,305 [INFO]   Détails: https://www.emploi-public.ma/fr/emploi-sup/details/60c54993-eb8f-49bd-8314-bad1d8a449fc
2026-07-23 16:00:21,942 [WARNING] Format de date non reconnu: 30
2026-07-23 16:00:21,943 [INFO]     PDF trouvé: Arrêté d'appel à candidature (score: 20)
2026-07-23 16:00:21,944 [INFO]   [PAS DE DATE] Avis d'emplois supérieurs Directeur de l'Institut commun pou...
2026-07-23 16:00:21,945 [INFO]   Détails: https://www.emploi-public.ma/fr/emploi-sup/details/92e67ee2-94ab-4326-ba3d-0942acdb235c
2026-07-23 16:00:24,143 [WARNING] Format de date non reconnu: 30
2026-07-23 16:00:24,144 [INFO]     PDF trouvé: Arrêté d'appel à candidature (score: 20)
2026-07-23 16:00:24,145 [INFO]   [PAS DE DATE] Avis d'emplois supérieurs directeur de l'emploi...
2026-07-23 16:00:24,145 [INFO] 
--- Catégorie: Postes de responsabilités ---
2026-07-23 16:00:24,146 [INFO] Page 1/5
2026-07-23 16:00:24,146 [INFO] Scraping page: https://www.emploi-public.ma/fr/postes-respo-liste
2026-07-23 16:00:24,978 [INFO]   → 13 annonces trouvées sur cette page
2026-07-23 16:00:24,979 [INFO]   Détails: https://www.emploi-public.ma/fr/postes-respo/details/2901b05e-8b4e-4745-b87d-a8cf158f579f
2026-07-23 16:00:25,752 [INFO]     PDF trouvé: Arrêté d'appel à candidature (score: 20)
2026-07-23 16:00:25,753 [INFO]   [EN COURS] Avis de Postes de responsabilités au Ministère de l’Equipeme... → 2026-07-23
2026-07-23 16:00:25,753 [INFO]   Détails: https://www.emploi-public.ma/fr/postes-respo/details/1f0f0446-8044-4bda-a4f1-6e55b963a62f
2026-07-23 16:00:27,284 [INFO]     PDF trouvé: Arrêté d'appel à candidature (score: 20)
2026-07-23 16:00:27,285 [INFO]   [EXPIRÉE] Publication de la liste des convoqués pour l'appel à candida... → 2026-06-29
2026-07-23 16:00:27,286 [INFO]   Détails: https://www.emploi-public.ma/fr/postes-respo/details/716ae71a-4687-466a-ae3c-6f09c68b0175
2026-07-23 16:00:28,178 [INFO]     PDF trouvé: Arrêté d'appel à candidature (score: 20)
2026-07-23 16:00:28,179 [INFO]   [EXPIRÉE] Publication de la liste des convoqués pour l'appel à candida... → 2026-04-17
2026-07-23 16:00:28,179 [INFO]   Détails: https://www.emploi-public.ma/fr/postes-respo/details/cec09eea-b8ec-4b2f-a2da-3be6b1cfae34
2026-07-23 16:00:28,960 [INFO]     PDF trouvé: Arrêté d'appel à candidature (score: 20)
2026-07-23 16:00:28,961 [INFO]   [EXPIRÉE] Publication de la liste des résultats pour les Postes de res... → 2026-06-19
2026-07-23 16:00:28,961 [INFO]   Détails: https://www.emploi-public.ma/fr/postes-respo/details/9d0a2934-38fb-4fa5-a988-258254414db5
2026-07-23 16:00:29,632 [INFO]     PDF trouvé: Arrêté d'appel à candidature (score: 20)
2026-07-23 16:00:29,633 [INFO]   [EXPIRÉE] Publication de la liste des résultats pour les Postes de res... → 2026-06-15
2026-07-23 16:00:29,633 [INFO]   Détails: https://www.emploi-public.ma/fr/postes-respo/details/2327c25e-e050-4ea3-8970-df20522676e3
2026-07-23 16:00:32,849 [INFO]     PDF trouvé: Arrêté d'appel à candidature (score: 20)
2026-07-23 16:00:32,850 [INFO]   [EXPIRÉE] Publication de la liste des résultats pour les Postes de res... → 2026-06-15
2026-07-23 16:00:32,850 [INFO]   Détails: https://www.emploi-public.ma/fr/postes-respo/details/6f560704-3786-4bb7-9810-2f2ce23eecfb
2026-07-23 16:00:33,722 [INFO]     PDF trouvé: Arrêté d'appel à candidature (score: 20)
2026-07-23 16:00:33,723 [INFO]   [EXPIRÉE] Publication de la liste des résultats pour les Postes de res... → 2026-06-12
2026-07-23 16:00:33,724 [INFO]   Détails: https://www.emploi-public.ma/fr/postes-respo/details/e2af6bdf-76e9-4dab-b88d-71c8a95777ef
2026-07-23 16:00:34,393 [INFO]     PDF trouvé: Arrêté d'appel à candidature (score: 20)
2026-07-23 16:00:34,394 [INFO]   [EXPIRÉE] Publication de la liste des résultats pour les Postes de res... → 2026-05-25
2026-07-23 16:00:34,394 [INFO]   Détails: https://www.emploi-public.ma/fr/postes-respo/details/e87230b9-5c31-441a-99c0-ef3d70e8fccb
2026-07-23 16:00:35,098 [INFO]     PDF trouvé: Arrêté d'appel à candidature (score: 20)
2026-07-23 16:00:35,099 [INFO]   [EXPIRÉE] Avis de Postes de responsabilités au Ministère de l’intérieu... → 2026-07-22
2026-07-23 16:00:35,100 [INFO]   Détails: https://www.emploi-public.ma/fr/postes-respo/details/3bf6fefc-6a61-4192-a4cd-b507b00a7eaa
2026-07-23 16:00:35,769 [INFO]     PDF trouvé: Arrêté d'appel à candidature (score: 20)
2026-07-23 16:00:35,770 [INFO]   [EN COURS] (RH 28/2026) Chef du Service des Examens... → 2026-07-24
2026-07-23 16:00:35,770 [INFO]   Détails: https://www.emploi-public.ma/fr/postes-respo/details/c7204179-edb5-416f-ab16-b5b50f7476a0
2026-07-23 16:00:37,328 [INFO]     PDF trouvé: Arrêté d'appel à candidature (score: 20)
2026-07-23 16:00:37,329 [INFO]   [EN COURS] Chef Division Achat et moyen généraux... → 2026-07-24
2026-07-23 16:00:37,329 [INFO]   Détails: https://www.emploi-public.ma/fr/postes-respo/details/3700a21f-51f5-4646-9042-bf45ec615192
2026-07-23 16:00:38,122 [INFO]     PDF trouvé: Arrêté d'appel à candidature (score: 20)
2026-07-23 16:00:38,123 [INFO]   [EN COURS] Appel à candidature pour les postes de responsabilité au Pré... → 2026-07-24
2026-07-23 16:00:38,123 [INFO]   Détails: https://www.emploi-public.ma/fr/postes-respo/details/a26be0a2-1ba7-4524-a8e3-04ae4e699e12
2026-07-23 16:00:39,038 [INFO]     PDF trouvé: Arrêté d'appel à candidature (score: 20)
2026-07-23 16:00:39,039 [INFO]   [EN COURS] Appel à candidature pour les postes de responsabilité au Pro... → 2026-07-24
2026-07-23 16:00:39,040 [INFO] Page 2/5
2026-07-23 16:00:39,040 [INFO] Scraping page: https://www.emploi-public.ma/fr/postes-respo-liste?page=1
2026-07-23 16:00:41,475 [INFO]   → 13 annonces trouvées sur cette page
2026-07-23 16:00:41,476 [INFO]   Détails: https://www.emploi-public.ma/fr/postes-respo/details/2901b05e-8b4e-4745-b87d-a8cf158f579f
2026-07-23 16:00:42,429 [INFO]     PDF trouvé: Arrêté d'appel à candidature (score: 20)
2026-07-23 16:00:42,430 [INFO]   [EN COURS] Avis de Postes de responsabilités au Ministère de l’Equipeme... → 2026-07-23
2026-07-23 16:00:42,430 [INFO]   Détails: https://www.emploi-public.ma/fr/postes-respo/details/1f0f0446-8044-4bda-a4f1-6e55b963a62f
2026-07-23 16:00:43,112 [INFO]     PDF trouvé: Arrêté d'appel à candidature (score: 20)
2026-07-23 16:00:43,113 [INFO]   [EXPIRÉE] Publication de la liste des convoqués pour l'appel à candida... → 2026-06-29
2026-07-23 16:00:43,114 [INFO]   Détails: https://www.emploi-public.ma/fr/postes-respo/details/716ae71a-4687-466a-ae3c-6f09c68b0175
2026-07-23 16:00:43,807 [INFO]     PDF trouvé: Arrêté d'appel à candidature (score: 20)
2026-07-23 16:00:43,808 [INFO]   [EXPIRÉE] Publication de la liste des convoqués pour l'appel à candida... → 2026-04-17
2026-07-23 16:00:43,809 [INFO]   Détails: https://www.emploi-public.ma/fr/postes-respo/details/cec09eea-b8ec-4b2f-a2da-3be6b1cfae34
2026-07-23 16:00:45,109 [INFO]     PDF trouvé: Arrêté d'appel à candidature (score: 20)
2026-07-23 16:00:45,110 [INFO]   [EXPIRÉE] Publication de la liste des résultats pour les Postes de res... → 2026-06-19
2026-07-23 16:00:45,111 [INFO]   Détails: https://www.emploi-public.ma/fr/postes-respo/details/9d0a2934-38fb-4fa5-a988-258254414db5
2026-07-23 16:00:45,843 [INFO]     PDF trouvé: Arrêté d'appel à candidature (score: 20)
2026-07-23 16:00:45,845 [INFO]   [EXPIRÉE] Publication de la liste des résultats pour les Postes de res... → 2026-06-15
2026-07-23 16:00:45,845 [INFO]   Détails: https://www.emploi-public.ma/fr/postes-respo/details/2327c25e-e050-4ea3-8970-df20522676e3
2026-07-23 16:00:47,209 [INFO]     PDF trouvé: Arrêté d'appel à candidature (score: 20)
2026-07-23 16:00:47,210 [INFO]   [EXPIRÉE] Publication de la liste des résultats pour les Postes de res... → 2026-06-15
2026-07-23 16:00:47,210 [INFO]   Détails: https://www.emploi-public.ma/fr/postes-respo/details/6f560704-3786-4bb7-9810-2f2ce23eecfb
2026-07-23 16:00:48,005 [INFO]     PDF trouvé: Arrêté d'appel à candidature (score: 20)
2026-07-23 16:00:48,006 [INFO]   [EXPIRÉE] Publication de la liste des résultats pour les Postes de res... → 2026-06-12
2026-07-23 16:00:48,006 [INFO]   Détails: https://www.emploi-public.ma/fr/postes-respo/details/e2af6bdf-76e9-4dab-b88d-71c8a95777ef
2026-07-23 16:00:48,829 [INFO]     PDF trouvé: Arrêté d'appel à candidature (score: 20)
2026-07-23 16:00:48,830 [INFO]   [EXPIRÉE] Publication de la liste des résultats pour les Postes de res... → 2026-05-25
2026-07-23 16:00:48,830 [INFO]   Détails: https://www.emploi-public.ma/fr/postes-respo/details/e87230b9-5c31-441a-99c0-ef3d70e8fccb
2026-07-23 16:00:50,094 [INFO]     PDF trouvé: Arrêté d'appel à candidature (score: 20)
2026-07-23 16:00:50,095 [INFO]   [EXPIRÉE] Avis de Postes de responsabilités au Ministère de l’intérieu... → 2026-07-22
2026-07-23 16:00:50,096 [INFO]   Détails: https://www.emploi-public.ma/fr/postes-respo/details/3bf6fefc-6a61-4192-a4cd-b507b00a7eaa
2026-07-23 16:00:52,268 [INFO]     PDF trouvé: Arrêté d'appel à candidature (score: 20)
2026-07-23 16:00:52,269 [INFO]   [EN COURS] (RH 28/2026) Chef du Service des Examens... → 2026-07-24
2026-07-23 16:00:52,269 [INFO]   Détails: https://www.emploi-public.ma/fr/postes-respo/details/c7204179-edb5-416f-ab16-b5b50f7476a0
2026-07-23 16:00:53,232 [INFO]     PDF trouvé: Arrêté d'appel à candidature (score: 20)
2026-07-23 16:00:53,233 [INFO]   [EN COURS] Chef Division Achat et moyen généraux... → 2026-07-24
2026-07-23 16:00:53,233 [INFO]   Détails: https://www.emploi-public.ma/fr/postes-respo/details/3700a21f-51f5-4646-9042-bf45ec615192
2026-07-23 16:00:53,904 [INFO]     PDF trouvé: Arrêté d'appel à candidature (score: 20)
2026-07-23 16:00:53,905 [INFO]   [EN COURS] Appel à candidature pour les postes de responsabilité au Pré... → 2026-07-24
2026-07-23 16:00:53,905 [INFO]   Détails: https://www.emploi-public.ma/fr/postes-respo/details/a26be0a2-1ba7-4524-a8e3-04ae4e699e12
2026-07-23 16:00:54,625 [INFO]     PDF trouvé: Arrêté d'appel à candidature (score: 20)
2026-07-23 16:00:54,625 [INFO]   [EN COURS] Appel à candidature pour les postes de responsabilité au Pro... → 2026-07-24
2026-07-23 16:00:54,626 [INFO] Page 3/5
2026-07-23 16:00:54,626 [INFO] Scraping page: https://www.emploi-public.ma/fr/postes-respo-liste?page=2
2026-07-23 16:00:55,434 [INFO]   → 13 annonces trouvées sur cette page
2026-07-23 16:00:55,435 [INFO]   Détails: https://www.emploi-public.ma/fr/postes-respo/details/cb10246f-888d-4789-9322-8d88f1ca4e21
2026-07-23 16:00:56,133 [INFO]     PDF trouvé: Arrêté d'appel à candidature (score: 20)
2026-07-23 16:00:56,134 [INFO]   [EXPIRÉE] Avis de Postes de responsabilités au Ministère de l’intérieu... → 2026-07-22
2026-07-23 16:00:56,134 [INFO]   Détails: https://www.emploi-public.ma/fr/postes-respo/details/3b6918d1-3c36-4588-a26b-fbe714b6e52d
2026-07-23 16:00:56,841 [INFO]     PDF trouvé: Arrêté d'appel à candidature (score: 20)
2026-07-23 16:00:56,842 [INFO]   [EXPIRÉE] Publication de la liste des convoqués pour l'appel à candida... → 2026-06-24
2026-07-23 16:00:56,843 [INFO]   Détails: https://www.emploi-public.ma/fr/postes-respo/details/eb11c5f5-5e0a-4093-be4a-be951ac1d902
2026-07-23 16:00:57,560 [INFO]     PDF trouvé: Arrêté d'appel à candidature (score: 20)
2026-07-23 16:00:57,561 [INFO]   [EN COURS] Avis de Postes de responsabilités au Ministère de la Jeuness... → 2026-08-05
2026-07-23 16:00:57,561 [INFO]   Détails: https://www.emploi-public.ma/fr/postes-respo/details/19cf5e66-9675-4021-ab42-b1b0b537132c
2026-07-23 16:00:58,583 [INFO]     PDF trouvé: Arrêté d'appel à candidature (score: 20)
2026-07-23 16:00:58,585 [INFO]   [EN COURS] Avis de Postes de responsabilités au Ministère de la Jeuness... → 2026-08-05
2026-07-23 16:00:58,585 [INFO]   Détails: https://www.emploi-public.ma/fr/postes-respo/details/6cf979b2-4c4d-4d2e-8ddf-8b1bbb09eb3e
2026-07-23 16:00:59,486 [INFO]     PDF trouvé: Arrêté d'appel à candidature (score: 20)
2026-07-23 16:00:59,487 [INFO]   [EN COURS] Avis de Postes de responsabilités au Ministère de l'intérieu... → 2026-08-24
2026-07-23 16:00:59,487 [INFO]   Détails: https://www.emploi-public.ma/fr/postes-respo/details/2cba0974-d7be-4c5d-859c-b8bc800df124
2026-07-23 16:01:00,157 [INFO]     PDF trouvé: Arrêté d'appel à candidature (score: 20)
2026-07-23 16:01:00,158 [INFO]   [EN COURS] Avis de Postes de responsabilités au Ministère de l'intérieu... → 2026-08-24
2026-07-23 16:01:00,158 [INFO]   Détails: https://www.emploi-public.ma/fr/postes-respo/details/881fad78-1510-43dd-a038-743c67dd20f8
2026-07-23 16:01:01,277 [INFO]     PDF trouvé: Arrêté d'appel à candidature (score: 20)
2026-07-23 16:01:01,278 [INFO]   [EXPIRÉE] Publication de la liste des convoqués pour l'appel à candida... → 2026-04-24
2026-07-23 16:01:01,278 [INFO]   Détails: https://www.emploi-public.ma/fr/postes-respo/details/dd4ef999-edb7-4d73-a51f-f94527df58d6
2026-07-23 16:01:01,960 [INFO]     PDF trouvé: Arrêté d'appel à candidature (score: 20)
2026-07-23 16:01:01,961 [INFO]   [EN COURS] Avis de Postes de responsabilités au Ministère de l’Agricult... → 2026-08-03
2026-07-23 16:01:01,962 [INFO]   Détails: https://www.emploi-public.ma/fr/postes-respo/details/8191a001-182e-490c-a582-5cf834f5eeb7
2026-07-23 16:01:04,031 [INFO]     PDF trouvé: Arrêté d'appel à candidature (score: 20)
2026-07-23 16:01:04,032 [INFO]   [EXPIRÉE] Publication de la liste des résultats pour les Postes de res... → 2026-05-18
2026-07-23 16:01:04,032 [INFO]   Détails: https://www.emploi-public.ma/fr/postes-respo/details/3bf6fefc-6a61-4192-a4cd-b507b00a7eaa
2026-07-23 16:01:04,745 [INFO]     PDF trouvé: Arrêté d'appel à candidature (score: 20)
2026-07-23 16:01:04,746 [INFO]   [EN COURS] (RH 28/2026) Chef du Service des Examens... → 2026-07-24
2026-07-23 16:01:04,746 [INFO]   Détails: https://www.emploi-public.ma/fr/postes-respo/details/c7204179-edb5-416f-ab16-b5b50f7476a0
2026-07-23 16:01:05,428 [INFO]     PDF trouvé: Arrêté d'appel à candidature (score: 20)
2026-07-23 16:01:05,429 [INFO]   [EN COURS] Chef Division Achat et moyen généraux... → 2026-07-24
2026-07-23 16:01:05,429 [INFO]   Détails: https://www.emploi-public.ma/fr/postes-respo/details/3700a21f-51f5-4646-9042-bf45ec615192
2026-07-23 16:01:06,672 [INFO]     PDF trouvé: Arrêté d'appel à candidature (score: 20)
2026-07-23 16:01:06,673 [INFO]   [EN COURS] Appel à candidature pour les postes de responsabilité au Pré... → 2026-07-24
2026-07-23 16:01:06,673 [INFO]   Détails: https://www.emploi-public.ma/fr/postes-respo/details/a26be0a2-1ba7-4524-a8e3-04ae4e699e12
2026-07-23 16:01:08,812 [INFO]     PDF trouvé: Arrêté d'appel à candidature (score: 20)
2026-07-23 16:01:08,813 [INFO]   [EN COURS] Appel à candidature pour les postes de responsabilité au Pro... → 2026-07-24
2026-07-23 16:01:08,813 [INFO] Page 4/5
2026-07-23 16:01:08,813 [INFO] Scraping page: https://www.emploi-public.ma/fr/postes-respo-liste?page=3
2026-07-23 16:01:09,940 [INFO]   → 13 annonces trouvées sur cette page
2026-07-23 16:01:09,941 [INFO]   Détails: https://www.emploi-public.ma/fr/postes-respo/details/a35f3c8e-0667-423a-a54c-978dbf200428
2026-07-23 16:01:10,644 [INFO]     PDF trouvé: Arrêté d'appel à candidature (score: 20)
2026-07-23 16:01:10,645 [INFO]   [EXPIRÉE] Publication de la liste des résultats pour les Postes de res... → 2026-07-08
2026-07-23 16:01:10,645 [INFO]   Détails: https://www.emploi-public.ma/fr/postes-respo/details/c570c40b-7e53-4d54-ba1a-13f0893e857c
2026-07-23 16:01:11,425 [INFO]     PDF trouvé: Arrêté d'appel à candidature (score: 20)
2026-07-23 16:01:11,426 [INFO]   [EN COURS] Avis de Postes de responsabilités au Conseil national des dr... → 2026-08-10
2026-07-23 16:01:11,426 [INFO]   Détails: https://www.emploi-public.ma/fr/postes-respo/details/1bdf85ad-c948-4784-b473-af98b5a2bdc4
2026-07-23 16:01:12,354 [INFO]     PDF trouvé: Arrêté d'appel à candidature (score: 20)
2026-07-23 16:01:12,355 [INFO]   [EXPIRÉE] Publication de la liste des convoqués pour l'appel à candida... → 2026-05-25
2026-07-23 16:01:12,355 [INFO]   Détails: https://www.emploi-public.ma/fr/postes-respo/details/b2591536-0a21-45a1-8b3f-43030a0c8988
2026-07-23 16:01:13,045 [INFO]     PDF trouvé: Arrêté d'appel à candidature (score: 20)
2026-07-23 16:01:13,046 [INFO]   [EXPIRÉE] Publication de la liste des résultats pour les Postes de res... → 2026-07-08
2026-07-23 16:01:13,046 [INFO]   Détails: https://www.emploi-public.ma/fr/postes-respo/details/c4f5cb55-ee66-4bf2-b1f2-cf71a2c23130
2026-07-23 16:01:16,485 [INFO]     PDF trouvé: Arrêté d'appel à candidature (score: 20)
2026-07-23 16:01:16,486 [INFO]   [EXPIRÉE] Publication de la liste des résultats pour les Postes de res... → 2026-03-27
2026-07-23 16:01:16,486 [INFO]   Détails: https://www.emploi-public.ma/fr/postes-respo/details/22705a8c-da33-4075-8bf0-5ed6d7154128
2026-07-23 16:01:18,404 [INFO]     PDF trouvé: Arrêté d'appel à candidature (score: 20)
2026-07-23 16:01:18,405 [INFO]   [EN COURS] Avis de Postes de responsabilités au Délégation générale à l... → 2026-08-17
2026-07-23 16:01:18,405 [INFO]   Détails: https://www.emploi-public.ma/fr/postes-respo/details/e774ca4d-81dc-42d4-8139-14553b32118f
2026-07-23 16:01:19,515 [INFO]     PDF trouvé: Arrêté d'appel à candidature (score: 20)
2026-07-23 16:01:19,517 [INFO]   [EN COURS] Avis de Postes de responsabilités au Ministère de la Jeuness... → 2026-08-04
2026-07-23 16:01:19,517 [INFO]   Détails: https://www.emploi-public.ma/fr/postes-respo/details/f80e03a8-5337-47bc-891d-cd3da5e49bfb
2026-07-23 16:01:20,208 [INFO]     PDF trouvé: Arrêté d'appel à candidature (score: 20)
2026-07-23 16:01:20,208 [INFO]   [EXPIRÉE] Avis de Postes de responsabilités au Ministère de l'intérieu... → 2026-07-20
2026-07-23 16:01:20,209 [INFO]   Détails: https://www.emploi-public.ma/fr/postes-respo/details/5d665ecc-2ba0-419a-81e1-a402431adc16
2026-07-23 16:01:20,948 [INFO]     PDF trouvé: Arrêté d'appel à candidature (score: 20)
2026-07-23 16:01:20,948 [INFO]   [EN COURS] Avis de Postes de responsabilités au Ministère de la Jeuness... → 2026-08-03
2026-07-23 16:01:20,949 [INFO]   Détails: https://www.emploi-public.ma/fr/postes-respo/details/3bf6fefc-6a61-4192-a4cd-b507b00a7eaa
2026-07-23 16:01:21,639 [INFO]     PDF trouvé: Arrêté d'appel à candidature (score: 20)
2026-07-23 16:01:21,640 [INFO]   [EN COURS] (RH 28/2026) Chef du Service des Examens... → 2026-07-24
2026-07-23 16:01:21,640 [INFO]   Détails: https://www.emploi-public.ma/fr/postes-respo/details/c7204179-edb5-416f-ab16-b5b50f7476a0
2026-07-23 16:01:22,873 [INFO]     PDF trouvé: Arrêté d'appel à candidature (score: 20)
2026-07-23 16:01:22,874 [INFO]   [EN COURS] Chef Division Achat et moyen généraux... → 2026-07-24
2026-07-23 16:01:22,874 [INFO]   Détails: https://www.emploi-public.ma/fr/postes-respo/details/3700a21f-51f5-4646-9042-bf45ec615192
2026-07-23 16:01:23,602 [INFO]     PDF trouvé: Arrêté d'appel à candidature (score: 20)
2026-07-23 16:01:23,603 [INFO]   [EN COURS] Appel à candidature pour les postes de responsabilité au Pré... → 2026-07-24
2026-07-23 16:01:23,603 [INFO]   Détails: https://www.emploi-public.ma/fr/postes-respo/details/a26be0a2-1ba7-4524-a8e3-04ae4e699e12
2026-07-23 16:01:24,379 [INFO]     PDF trouvé: Arrêté d'appel à candidature (score: 20)
2026-07-23 16:01:24,380 [INFO]   [EN COURS] Appel à candidature pour les postes de responsabilité au Pro... → 2026-07-24
2026-07-23 16:01:24,380 [INFO] Page 5/5
2026-07-23 16:01:24,380 [INFO] Scraping page: https://www.emploi-public.ma/fr/postes-respo-liste?page=4
2026-07-23 16:01:25,235 [INFO]   → 13 annonces trouvées sur cette page
2026-07-23 16:01:25,236 [INFO]   Détails: https://www.emploi-public.ma/fr/postes-respo/details/f6181909-9d0e-4bf9-aa98-7c5bb916b755
2026-07-23 16:01:26,037 [INFO]     PDF trouvé: Arrêté d'appel à candidature (score: 20)
2026-07-23 16:01:26,038 [INFO]   [EN COURS] Avis de Postes de responsabilités au Ministère de la Jeuness... → 2026-08-03
2026-07-23 16:01:26,039 [INFO]   Détails: https://www.emploi-public.ma/fr/postes-respo/details/33fadd95-e7a3-48e9-9532-58ab3fef908c
2026-07-23 16:01:26,773 [INFO]     PDF trouvé: Arrêté d'appel à candidature (score: 20)
2026-07-23 16:01:26,774 [INFO]   [EN COURS] Avis de Postes de responsabilités au Ministère de la Jeuness... → 2026-08-03
2026-07-23 16:01:26,774 [INFO]   Détails: https://www.emploi-public.ma/fr/postes-respo/details/17642040-c2de-4150-bf47-0523cb6a6615
2026-07-23 16:01:29,455 [INFO]     PDF trouvé: Arrêté d'appel à candidature (score: 20)
2026-07-23 16:01:29,456 [INFO]   [EN COURS] Avis de Postes de responsabilités au Ministère de la Jeuness... → 2026-08-03
2026-07-23 16:01:29,456 [INFO]   Détails: https://www.emploi-public.ma/fr/postes-respo/details/f8baf400-d3be-464c-a9cd-a75fc5d8a8bc
2026-07-23 16:01:30,240 [INFO]     PDF trouvé: Arrêté d'appel à candidature (score: 20)
2026-07-23 16:01:30,241 [INFO]   [EN COURS] Avis de Postes de responsabilités au Ministère de la Jeuness... → 2026-08-03
2026-07-23 16:01:30,241 [INFO]   Détails: https://www.emploi-public.ma/fr/postes-respo/details/a2d8ded6-f6da-4802-aa9c-5d77f0e0e766
2026-07-23 16:01:31,370 [INFO]     PDF trouvé: Arrêté d'appel à candidature (score: 20)
2026-07-23 16:01:31,371 [INFO]   [EN COURS] Avis de Postes de responsabilités au Ministère de l’Économie... → 2026-08-04
2026-07-23 16:01:31,371 [INFO]   Détails: https://www.emploi-public.ma/fr/postes-respo/details/9627a9bd-e2a2-49f4-87d0-21bbe0f298a6
2026-07-23 16:01:32,098 [INFO]     PDF trouvé: Arrêté d'appel à candidature (score: 20)
2026-07-23 16:01:32,099 [INFO]   [EXPIRÉE] Avis de Postes de responsabilités au Ministère de l’intérieu... → 2026-07-17
2026-07-23 16:01:32,099 [INFO]   Détails: https://www.emploi-public.ma/fr/postes-respo/details/5f889aec-aea1-4bcd-92d5-5b798b207e69
2026-07-23 16:01:32,812 [INFO]     PDF trouvé: Arrêté d'appel à candidature (score: 20)
2026-07-23 16:01:32,813 [INFO]   [EXPIRÉE] Publication de la liste des convoqués pour l'appel à candida... → 2026-07-10
2026-07-23 16:01:32,813 [INFO]   Détails: https://www.emploi-public.ma/fr/postes-respo/details/5f57728c-4ab5-4565-9e04-36f5b8e727d9
2026-07-23 16:01:33,801 [INFO]     PDF trouvé: Arrêté d'appel à candidature (score: 20)
2026-07-23 16:01:33,802 [INFO]   [EXPIRÉE] Avis de Postes de responsabilités au Ministère de l’intérieu... → 2026-07-17
2026-07-23 16:01:33,802 [INFO]   Détails: https://www.emploi-public.ma/fr/postes-respo/details/c4ac2878-050a-4908-86bc-a0f7ae46e4f4
2026-07-23 16:01:34,578 [INFO]     PDF trouvé: Arrêté d'appel à candidature (score: 20)
2026-07-23 16:01:34,579 [INFO]   [EXPIRÉE] Publication de la liste des convoqués pour l'appel à candida... → 2026-07-07
2026-07-23 16:01:34,579 [INFO]   Détails: https://www.emploi-public.ma/fr/postes-respo/details/3bf6fefc-6a61-4192-a4cd-b507b00a7eaa
2026-07-23 16:01:36,340 [INFO]     PDF trouvé: Arrêté d'appel à candidature (score: 20)
2026-07-23 16:01:36,341 [INFO]   [EN COURS] (RH 28/2026) Chef du Service des Examens... → 2026-07-24
2026-07-23 16:01:36,341 [INFO]   Détails: https://www.emploi-public.ma/fr/postes-respo/details/c7204179-edb5-416f-ab16-b5b50f7476a0
2026-07-23 16:01:38,480 [INFO]     PDF trouvé: Arrêté d'appel à candidature (score: 20)
2026-07-23 16:01:38,481 [INFO]   [EN COURS] Chef Division Achat et moyen généraux... → 2026-07-24
2026-07-23 16:01:38,481 [INFO]   Détails: https://www.emploi-public.ma/fr/postes-respo/details/3700a21f-51f5-4646-9042-bf45ec615192
2026-07-23 16:01:39,503 [INFO]     PDF trouvé: Arrêté d'appel à candidature (score: 20)
2026-07-23 16:01:39,504 [INFO]   [EN COURS] Appel à candidature pour les postes de responsabilité au Pré... → 2026-07-24
2026-07-23 16:01:39,504 [INFO]   Détails: https://www.emploi-public.ma/fr/postes-respo/details/a26be0a2-1ba7-4524-a8e3-04ae4e699e12
2026-07-23 16:01:40,954 [INFO]     PDF trouvé: Arrêté d'appel à candidature (score: 20)
2026-07-23 16:01:40,955 [INFO]   [EN COURS] Appel à candidature pour les postes de responsabilité au Pro... → 2026-07-24
2026-07-23 16:01:40,955 [INFO] 
--- Catégorie: Recrutement des experts ---
2026-07-23 16:01:40,955 [INFO] Page 1/5
2026-07-23 16:01:40,955 [INFO] Scraping page: https://www.emploi-public.ma/fr/experts-liste
2026-07-23 16:01:41,929 [INFO]   → 9 annonces trouvées sur cette page
2026-07-23 16:01:41,931 [INFO]   Détails: https://www.emploi-public.ma/fr/experts/details/4854b58c-c09e-4edd-9a39-c01a0c414425
2026-07-23 16:01:42,548 [INFO]     PDF trouvé: Arrêté d'appel à candidature (score: 20)
2026-07-23 16:01:42,549 [INFO]   [EXPIRÉE] Publication de la liste des résultats pour le poste de EXPER... → 2026-04-12
2026-07-23 16:01:42,549 [INFO]   Détails: https://www.emploi-public.ma/fr/experts/details/ff8d6494-748d-4698-8ef0-676cbd5b1951
2026-07-23 16:01:43,131 [INFO]     PDF trouvé: Arrêté d'appel à candidature (score: 20)
2026-07-23 16:01:43,132 [INFO]   [EXPIRÉE] Appel à candidature pour le poste Expert des Affaires Juridi... → 2026-06-25
2026-07-23 16:01:43,132 [INFO]   Détails: https://www.emploi-public.ma/fr/experts/details/abce4b98-a1d8-48f9-a84c-053f53697154
2026-07-23 16:01:44,062 [INFO]     PDF trouvé: Arrêté d'appel à candidature (score: 20)
2026-07-23 16:01:44,063 [INFO]   [EXPIRÉE] Appel à candidature pour le poste expert... → 2026-06-15
2026-07-23 16:01:44,063 [INFO]   Détails: https://www.emploi-public.ma/fr/experts/details/5030f678-19f4-4bc0-96c6-f5462b134c1c
2026-07-23 16:01:53,499 [INFO]     PDF trouvé: Arrêté d'appel à candidature (score: 20)
2026-07-23 16:01:53,501 [INFO]   [EXPIRÉE] Appel à candidature pour le poste expert... → 2026-06-08
2026-07-23 16:01:53,501 [INFO]   Détails: https://www.emploi-public.ma/fr/experts/details/b0a97522-0c72-4a26-8b32-da0c02e79891
2026-07-23 16:01:54,091 [INFO]     PDF trouvé: Arrêté d'appel à candidature (score: 20)
2026-07-23 16:01:54,092 [INFO]   [EXPIRÉE] Appel à candidature pour le poste EXPERT CONTRACTUEL... → 2026-06-03
2026-07-23 16:01:54,092 [INFO]   Détails: https://www.emploi-public.ma/fr/experts/details/b3f7145b-9f2a-4cb4-aef7-1d917c679a65
2026-07-23 16:01:54,778 [INFO]     PDF trouvé: Arrêté d'appel à candidature (score: 20)
2026-07-23 16:01:54,779 [INFO]   [EXPIRÉE] Appel à candidature pour le poste expert... → 2026-05-29
2026-07-23 16:01:54,779 [INFO]   Détails: https://www.emploi-public.ma/fr/experts/details/d9255cd9-fe2e-4248-8eba-adf58b668823
2026-07-23 16:01:55,811 [INFO]     PDF trouvé: Arrêté d'appel à candidature (score: 20)
2026-07-23 16:01:55,812 [INFO]   [EXPIRÉE] Appel à candidature pour le poste Expert en matière de négoc... → 2026-04-03
2026-07-23 16:01:55,812 [INFO]   Détails: https://www.emploi-public.ma/fr/experts/details/0236914d-e17c-41c5-a5be-e632ad35f838
2026-07-23 16:01:56,395 [INFO]     PDF trouvé: Arrêté d'appel à candidature (score: 20)
2026-07-23 16:01:56,396 [INFO]   [EXPIRÉE] Appel à candidature pour le poste expert... → 2026-03-17
2026-07-23 16:01:56,396 [INFO]   Détails: https://www.emploi-public.ma/fr/experts/details/2a449c40-1832-450d-9eae-a70607bcac07
2026-07-23 16:01:57,317 [INFO]     PDF trouvé: Arrêté d'appel à candidature (score: 20)
2026-07-23 16:01:57,318 [INFO]   [EXPIRÉE] Appel à candidature pour le poste Expert... → 2026-03-16
2026-07-23 16:01:57,318 [INFO] Page 2/5
2026-07-23 16:01:57,318 [INFO] Scraping page: https://www.emploi-public.ma/fr/experts-liste?page=1
2026-07-23 16:01:58,420 [INFO]   → 9 annonces trouvées sur cette page
2026-07-23 16:01:58,421 [INFO]   Détails: https://www.emploi-public.ma/fr/experts/details/4854b58c-c09e-4edd-9a39-c01a0c414425
2026-07-23 16:01:59,031 [INFO]     PDF trouvé: Arrêté d'appel à candidature (score: 20)
2026-07-23 16:01:59,032 [INFO]   [EXPIRÉE] Publication de la liste des résultats pour le poste de EXPER... → 2026-04-12
2026-07-23 16:01:59,032 [INFO]   Détails: https://www.emploi-public.ma/fr/experts/details/ff8d6494-748d-4698-8ef0-676cbd5b1951
2026-07-23 16:01:59,692 [INFO]     PDF trouvé: Arrêté d'appel à candidature (score: 20)
2026-07-23 16:01:59,693 [INFO]   [EXPIRÉE] Appel à candidature pour le poste Expert des Affaires Juridi... → 2026-06-25
2026-07-23 16:01:59,693 [INFO]   Détails: https://www.emploi-public.ma/fr/experts/details/abce4b98-a1d8-48f9-a84c-053f53697154
2026-07-23 16:02:01,048 [INFO]     PDF trouvé: Arrêté d'appel à candidature (score: 20)
2026-07-23 16:02:01,049 [INFO]   [EXPIRÉE] Appel à candidature pour le poste expert... → 2026-06-15
2026-07-23 16:02:01,049 [INFO]   Détails: https://www.emploi-public.ma/fr/experts/details/5030f678-19f4-4bc0-96c6-f5462b134c1c
2026-07-23 16:02:01,663 [INFO]     PDF trouvé: Arrêté d'appel à candidature (score: 20)
2026-07-23 16:02:01,664 [INFO]   [EXPIRÉE] Appel à candidature pour le poste expert... → 2026-06-08
2026-07-23 16:02:01,664 [INFO]   Détails: https://www.emploi-public.ma/fr/experts/details/b0a97522-0c72-4a26-8b32-da0c02e79891
2026-07-23 16:02:02,366 [INFO]     PDF trouvé: Arrêté d'appel à candidature (score: 20)
2026-07-23 16:02:02,367 [INFO]   [EXPIRÉE] Appel à candidature pour le poste EXPERT CONTRACTUEL... → 2026-06-03
2026-07-23 16:02:02,367 [INFO]   Détails: https://www.emploi-public.ma/fr/experts/details/b3f7145b-9f2a-4cb4-aef7-1d917c679a65
2026-07-23 16:02:02,999 [INFO]     PDF trouvé: Arrêté d'appel à candidature (score: 20)
2026-07-23 16:02:03,000 [INFO]   [EXPIRÉE] Appel à candidature pour le poste expert... → 2026-05-29
2026-07-23 16:02:03,000 [INFO]   Détails: https://www.emploi-public.ma/fr/experts/details/d9255cd9-fe2e-4248-8eba-adf58b668823
2026-07-23 16:02:04,047 [INFO]     PDF trouvé: Arrêté d'appel à candidature (score: 20)
2026-07-23 16:02:04,048 [INFO]   [EXPIRÉE] Appel à candidature pour le poste Expert en matière de négoc... → 2026-04-03
2026-07-23 16:02:04,048 [INFO]   Détails: https://www.emploi-public.ma/fr/experts/details/0236914d-e17c-41c5-a5be-e632ad35f838
2026-07-23 16:02:04,665 [INFO]     PDF trouvé: Arrêté d'appel à candidature (score: 20)
2026-07-23 16:02:04,666 [INFO]   [EXPIRÉE] Appel à candidature pour le poste expert... → 2026-03-17
2026-07-23 16:02:04,666 [INFO]   Détails: https://www.emploi-public.ma/fr/experts/details/2a449c40-1832-450d-9eae-a70607bcac07
2026-07-23 16:02:05,601 [INFO]     PDF trouvé: Arrêté d'appel à candidature (score: 20)
2026-07-23 16:02:05,602 [INFO]   [EXPIRÉE] Appel à candidature pour le poste Expert... → 2026-03-16
2026-07-23 16:02:05,602 [INFO] Page 3/5
2026-07-23 16:02:05,602 [INFO] Scraping page: https://www.emploi-public.ma/fr/experts-liste?page=2
2026-07-23 16:02:06,816 [INFO]   → 9 annonces trouvées sur cette page
2026-07-23 16:02:06,817 [INFO]   Détails: https://www.emploi-public.ma/fr/experts/details/1f2e38a5-0fe9-4f17-89fb-d23ab9140242
2026-07-23 16:02:07,661 [INFO]     PDF trouvé: Arrêté d'appel à candidature (score: 20)
2026-07-23 16:02:07,662 [INFO]   [EXPIRÉE] Appel à candidature pour le poste expert dans les domaines l... → 2026-03-12
2026-07-23 16:02:07,662 [INFO]   Détails: https://www.emploi-public.ma/fr/experts/details/2401abad-8177-4fdc-8c76-354d03f61cd3
2026-07-23 16:02:08,670 [INFO]     PDF trouvé: Arrêté d'appel à candidature (score: 20)
2026-07-23 16:02:08,671 [INFO]   [EXPIRÉE] Appel à candidature pour le poste expert... → 2026-02-18
2026-07-23 16:02:08,671 [INFO]   Détails: https://www.emploi-public.ma/fr/experts/details/ad16f9e2-25eb-4a06-9a7a-572410c14d55
2026-07-23 16:02:10,524 [INFO]     PDF trouvé: Arrêté d'appel à candidature (score: 20)
2026-07-23 16:02:10,525 [INFO]   [EXPIRÉE] Appel à candidature pour le poste Expert en gouvernance des ... → 2025-12-23
2026-07-23 16:02:10,525 [INFO]   Détails: https://www.emploi-public.ma/fr/experts/details/302ab5a1-fa28-4ec1-9341-8ba50b6bf810
2026-07-23 16:02:11,551 [INFO]     PDF trouvé: Arrêté d'appel à candidature (score: 20)
2026-07-23 16:02:11,552 [INFO]   [EXPIRÉE] Appel à candidature pour le poste expert... → 2025-12-21
2026-07-23 16:02:11,552 [INFO]   Détails: https://www.emploi-public.ma/fr/experts/details/f9f74e66-af9e-4c4a-9cec-491e7d25fbbb
2026-07-23 16:02:12,543 [INFO]     PDF trouvé: Arrêté d'appel à candidature (score: 20)
2026-07-23 16:02:12,544 [INFO]   [EXPIRÉE] Publication de la liste des résultats pour le poste de Exper... → 2025-12-06
2026-07-23 16:02:12,544 [INFO]   Détails: https://www.emploi-public.ma/fr/experts/details/99f49e97-4b0e-4897-b1c6-a1a811d179d9
2026-07-23 16:02:13,197 [INFO]     PDF trouvé: Arrêté d'appel à candidature (score: 20)
2026-07-23 16:02:13,198 [INFO]   [EXPIRÉE] Publication de la liste des résultats pour le poste de Exper... → 2025-12-06
2026-07-23 16:02:13,198 [INFO]   Détails: https://www.emploi-public.ma/fr/experts/details/121493c9-78d8-44bf-b408-e42f8bf43d27
2026-07-23 16:02:13,902 [INFO]     PDF trouvé: Arrêté d'appel à candidature (score: 20)
2026-07-23 16:02:13,903 [INFO]   [EXPIRÉE] Appel à candidature pour le poste Expert en coordination ins... → 2025-12-05
2026-07-23 16:02:13,904 [INFO]   Détails: https://www.emploi-public.ma/fr/experts/details/336eb4a9-c147-4981-94da-c636a748f7a0
2026-07-23 16:02:14,509 [INFO]     PDF trouvé: Arrêté d'appel à candidature (score: 20)
2026-07-23 16:02:14,510 [INFO]   [EXPIRÉE] Publication de la liste des résultats pour le poste de Exper... → 2025-09-30
2026-07-23 16:02:14,511 [INFO]   Détails: https://www.emploi-public.ma/fr/experts/details/0917753f-ac81-4229-b8d4-5292cae1510a
2026-07-23 16:02:15,441 [INFO]     PDF trouvé: Arrêté d'appel à candidature (score: 20)
2026-07-23 16:02:15,442 [INFO]   [EXPIRÉE] Appel à candidature pour le poste Expert contractuel... → 2025-06-11
2026-07-23 16:02:15,442 [INFO] Page 4/5
2026-07-23 16:02:15,442 [INFO] Scraping page: https://www.emploi-public.ma/fr/experts-liste?page=3
2026-07-23 16:02:16,049 [INFO]   → 9 annonces trouvées sur cette page
2026-07-23 16:02:16,050 [INFO]   Détails: https://www.emploi-public.ma/fr/experts/details/1e6a6ce8-141e-4fe3-b660-097a9342e904
2026-07-23 16:02:16,699 [INFO]     PDF trouvé: Arrêté d'appel à candidature (score: 20)
2026-07-23 16:02:16,700 [INFO]   [EXPIRÉE] Appel à candidature pour le poste expert en affaires juridiq... → 2025-06-09
2026-07-23 16:02:16,700 [INFO]   Détails: https://www.emploi-public.ma/fr/experts/details/9973e98f-4e11-40f1-aeae-194d055be60c
2026-07-23 16:02:17,389 [INFO]     PDF trouvé: Arrêté d'appel à candidature (score: 20)
2026-07-23 16:02:17,390 [INFO]   [EXPIRÉE] Appel à candidature pour le poste Expert en océanographie et... → 2025-06-06
2026-07-23 16:02:17,391 [INFO]   Détails: https://www.emploi-public.ma/fr/experts/details/c4333ade-5b69-4a9b-b1d6-23858dca3e02
2026-07-23 16:02:18,328 [INFO]     PDF trouvé: Arrêté d'appel à candidature (score: 20)
2026-07-23 16:02:18,329 [INFO]   [EXPIRÉE] Appel à candidature pour le poste Quatre experts aux compéte... → 2025-05-14
2026-07-23 16:02:18,329 [INFO]   Détails: https://www.emploi-public.ma/fr/experts/details/3d556890-d88a-4b78-aa10-b953f3a04785
2026-07-23 16:02:19,236 [INFO]     PDF trouvé: Arrêté d'appel à candidature (score: 20)
2026-07-23 16:02:19,237 [INFO]   [EXPIRÉE] Appel à candidature pour le poste expert en affaires juridiq... → 2025-05-02
2026-07-23 16:02:19,237 [INFO]   Détails: https://www.emploi-public.ma/fr/experts/details/1d5f52e9-1b4b-423d-bf9b-935a34d3caf2
2026-07-23 16:02:21,256 [INFO]     PDF trouvé: Arrêté d'appel à candidature (score: 20)
2026-07-23 16:02:21,257 [INFO]   [EXPIRÉE] Appel à candidature pour le poste expert... → 2025-04-18
2026-07-23 16:02:21,258 [INFO]   Détails: https://www.emploi-public.ma/fr/experts/details/ee7b273d-5714-41aa-9489-a47d37eb618e
2026-07-23 16:02:22,094 [INFO]     PDF trouvé: Arrêté d'appel à candidature (score: 20)
2026-07-23 16:02:22,095 [INFO]   [EXPIRÉE] Appel à candidature pour le poste Expert en Politique Hydriq... → 2025-04-07
2026-07-23 16:02:22,095 [INFO]   Détails: https://www.emploi-public.ma/fr/experts/details/74c6b2c0-7af0-4688-937b-1881caa843f0
2026-07-23 16:02:23,621 [INFO]     PDF trouvé: Arrêté d'appel à candidature (score: 20)
2026-07-23 16:02:23,622 [INFO]   [EXPIRÉE] Appel à candidature pour le poste expert dans le domaine de ... → 2025-03-31
2026-07-23 16:02:23,622 [INFO]   Détails: https://www.emploi-public.ma/fr/experts/details/efe61f8c-79ae-41bf-851e-67e779047d6a
2026-07-23 16:02:24,632 [INFO]     PDF trouvé: Arrêté d'appel à candidature (score: 20)
2026-07-23 16:02:24,633 [INFO]   [EXPIRÉE] Appel à candidature pour le poste Poste d'Expert en génie ci... → 2025-03-27
2026-07-23 16:02:24,633 [INFO]   Détails: https://www.emploi-public.ma/fr/experts/details/c8ffa879-6f01-46df-9beb-eb9ae0a6f554
2026-07-23 16:02:26,016 [INFO]     PDF trouvé: Arrêté d'appel à candidature (score: 20)
2026-07-23 16:02:26,017 [INFO]   [EXPIRÉE] Appel à candidature pour le poste خبير في مجال صياغة إستراتي... → 2025-03-21
2026-07-23 16:02:26,017 [INFO] Page 5/5
2026-07-23 16:02:26,017 [INFO] Scraping page: https://www.emploi-public.ma/fr/experts-liste?page=4
2026-07-23 16:02:26,671 [INFO]   → 9 annonces trouvées sur cette page
2026-07-23 16:02:26,672 [INFO]   Détails: https://www.emploi-public.ma/fr/experts/details/a538c27d-7e09-4441-9551-b22fe9e9d017
2026-07-23 16:02:30,530 [INFO]     PDF trouvé: Arrêté d'appel à candidature (score: 20)
2026-07-23 16:02:30,531 [INFO]   [EXPIRÉE] Appel à candidature pour le poste خبير في مجال إستراتيجية من... → 2025-03-21
2026-07-23 16:02:30,532 [INFO]   Détails: https://www.emploi-public.ma/fr/experts/details/cf3172d1-8c15-4404-b1ff-21c154c7da2f
2026-07-23 16:02:31,119 [INFO]     PDF trouvé: Arrêté d'appel à candidature (score: 20)
2026-07-23 16:02:31,120 [INFO]   [EXPIRÉE] Appel à candidature pour le poste خبير في مجال تطوير التعاون... → 2025-03-21
2026-07-23 16:02:31,120 [INFO]   Détails: https://www.emploi-public.ma/fr/experts/details/55bfa14b-dac1-4967-b1b6-8983cea09ed9
2026-07-23 16:02:32,132 [INFO]     PDF trouvé: Arrêté d'appel à candidature (score: 20)
2026-07-23 16:02:32,133 [INFO]   [EXPIRÉE] Appel à candidature pour le poste خبير في مجال نظم المعلوميا... → 2025-03-21
2026-07-23 16:02:32,133 [INFO]   Détails: https://www.emploi-public.ma/fr/experts/details/9ebae75d-f857-4c4d-9e16-0108b872c04f
2026-07-23 16:02:33,011 [INFO]     PDF trouvé: Arrêté d'appel à candidature (score: 20)
2026-07-23 16:02:33,013 [INFO]   [EXPIRÉE] Appel à candidature pour le poste gestion des projets et ges... → 2025-03-19
2026-07-23 16:02:33,013 [INFO]   Détails: https://www.emploi-public.ma/fr/experts/details/0608bdd0-0a58-4c90-a1d5-bd3483116452
2026-07-23 16:02:33,593 [INFO]     PDF trouvé: Arrêté d'appel à candidature (score: 20)
2026-07-23 16:02:33,594 [INFO]   [EXPIRÉE] Appel à candidature pour le poste Poste d'expert dans les re... → 2025-02-03
2026-07-23 16:02:33,594 [INFO]   Détails: https://www.emploi-public.ma/fr/experts/details/0cff84fa-82b2-4363-93e0-a88e5063ef0b
2026-07-23 16:02:35,501 [INFO]     PDF trouvé: Arrêté d'appel à candidature (score: 20)
2026-07-23 16:02:35,502 [INFO]   [EXPIRÉE] Appel à candidature pour le poste Expert en gestion des marc... → 2025-01-27
2026-07-23 16:02:35,502 [INFO]   Détails: https://www.emploi-public.ma/fr/experts/details/74373088-bc5e-4908-985b-9b0086ffaed3
2026-07-23 16:02:41,856 [INFO]     PDF trouvé: Arrêté d'appel à candidature (score: 20)
2026-07-23 16:02:41,857 [INFO]   [EXPIRÉE] Appel à candidature pour le poste Expert... → 2025-01-24
2026-07-23 16:02:41,857 [INFO]   Détails: https://www.emploi-public.ma/fr/experts/details/c14080a7-f964-4481-923d-668331b39671
2026-07-23 16:02:43,057 [INFO]     PDF trouvé: Arrêté d'appel à candidature (score: 20)
2026-07-23 16:02:43,059 [INFO]   [EXPIRÉE] Appel à candidature pour le poste Expert... → 2025-01-24
2026-07-23 16:02:43,059 [INFO]   Détails: https://www.emploi-public.ma/fr/experts/details/728ebc5b-6b53-4539-b18a-620011be8614
2026-07-23 16:02:43,712 [INFO]     PDF trouvé: Arrêté d'appel à candidature (score: 20)
2026-07-23 16:02:43,713 [INFO]   [EXPIRÉE] Appel à candidature pour le poste Expert... → 2025-01-24
2026-07-23 16:02:43,714 [INFO] 
============================================================
2026-07-23 16:02:43,715 [INFO] RÉSUMÉ
2026-07-23 16:02:43,715 [INFO] ============================================================
2026-07-23 16:02:43,715 [INFO] Annonces traitées: 200
2026-07-23 16:02:43,715 [INFO] Dates en cours: 50
2026-07-23 16:02:43,715 [INFO] Dates expirées: 106
2026-07-23 16:02:43,715 [INFO] Total résultats en base: 71
2026-07-23 16:02:45,048 [INFO] Email envoyé à cavalkhalid@gmail.com
2026-07-23 16:02:45,048 [INFO] 
Scraper terminé.
2026-07-25 10:37:59,283 [INFO] ============================================================
2026-07-25 10:37:59,283 [INFO] DÉMARRAGE DU SCRAPER emploi-public.ma (FR)
2026-07-25 10:37:59,283 [INFO] Date: 2026-07-25 10:37:59
2026-07-25 10:37:59,284 [INFO] ============================================================
2026-07-25 10:37:59,284 [INFO] 
--- Catégorie: Concours de recrutement ---
2026-07-25 10:37:59,284 [INFO] Page 1/5
2026-07-25 10:37:59,284 [INFO] Scraping page: https://www.emploi-public.ma/fr/concours-liste
2026-07-25 10:38:00,867 [INFO]   → 9 annonces trouvées sur cette page
2026-07-25 10:38:00,868 [INFO]   Détails: https://www.emploi-public.ma/fr/concours/details/74fa6128-711a-40b7-b71b-5b4388a2d9d4
2026-07-25 10:38:01,704 [INFO]     PDF trouvé: Arrêté d'ouverture du concours (score: 25)
2026-07-25 10:38:01,705 [INFO]   [EN COURS] Avis de concours de recrutement de Adjoint technique 2ème gr... → 2026-08-10
2026-07-25 10:38:01,705 [INFO]   Détails: https://www.emploi-public.ma/fr/concours/details/3d99718c-9c89-43ed-92b5-ec76b2c038b3
2026-07-25 10:38:02,583 [INFO]     PDF trouvé: Arrêté d'ouverture du concours (score: 25)
2026-07-25 10:38:02,584 [INFO]   [EN COURS] Avis de concours de recrutement de Technicien de 4ème grade ... → 2026-08-10
2026-07-25 10:38:02,584 [INFO]   Détails: https://www.emploi-public.ma/fr/concours/details/4e64e78f-621d-4e95-a829-a8b22986502a
2026-07-25 10:38:03,372 [INFO]     PDF trouvé: Arrêté d'ouverture du concours (score: 25)
2026-07-25 10:38:03,373 [INFO]   [EN COURS] Avis de concours de recrutement de Technicien de 3ème grade ... → 2026-08-10
2026-07-25 10:38:03,374 [INFO]   Détails: https://www.emploi-public.ma/fr/concours/details/bacf792b-04bc-4a4b-a73b-cc69eab17a49
2026-07-25 10:38:04,161 [INFO]     PDF trouvé: Arrêté d'ouverture du concours (score: 25)
2026-07-25 10:38:04,162 [INFO]   [EN COURS] Avis de concours de recrutement de Ingénieur d'Etat 1er grad... → 2026-08-10
2026-07-25 10:38:04,162 [INFO]   Détails: https://www.emploi-public.ma/fr/concours/details/3d6e4275-fe42-4fa4-b135-22595857f77b
2026-07-25 10:38:05,101 [INFO]     PDF trouvé: Arrêté d'ouverture du concours (score: 25)
2026-07-25 10:38:05,102 [INFO]   [EN COURS] Avis de concours de recrutement de Secrétaire des affaires é... → 2026-08-10
2026-07-25 10:38:05,102 [INFO]   Détails: https://www.emploi-public.ma/fr/concours/details/f8fd2d0d-5d98-42d7-8229-9924acf1c303
2026-07-25 10:38:05,890 [INFO]     PDF trouvé: Arrêté d'ouverture du concours (score: 25)
2026-07-25 10:38:05,891 [INFO]   [EN COURS] Avis de concours de recrutement de Conseiller des affaires é... → 2026-08-10
2026-07-25 10:38:05,891 [INFO]   Détails: https://www.emploi-public.ma/fr/concours/details/0d14767d-7b8a-4282-b397-96709c297e37
2026-07-25 10:38:06,847 [INFO]     PDF trouvé: Arrêté d'ouverture du concours (score: 25)
2026-07-25 10:38:06,848 [INFO]   [EN COURS] Avis de concours de recrutement de Inspecteur des Douanes de... → 2026-08-10
2026-07-25 10:38:06,848 [INFO]   Détails: https://www.emploi-public.ma/fr/concours/details/ab562af5-0ec1-4fe8-99a3-48cd82b59676
2026-07-25 10:38:08,483 [INFO]     PDF trouvé: Arrêté d'ouverture du concours (score: 25)
2026-07-25 10:38:08,485 [INFO]   [EN COURS] Avis de concours de recrutement de Ingénieur d’Etat  des Dou... → 2026-08-10
2026-07-25 10:38:08,485 [INFO]   Détails: https://www.emploi-public.ma/fr/concours/details/e9c0bb85-e735-4886-acf1-b3309ba4a205
2026-07-25 10:38:14,007 [INFO]     PDF trouvé: Arrêté d'ouverture du concours (score: 25)
2026-07-25 10:38:14,008 [INFO]   [EN COURS] Avis de concours de recrutement de Ingénieur d'Etat 1er grad... → 2026-08-10
2026-07-25 10:38:14,009 [INFO] Page 2/5
2026-07-25 10:38:14,009 [INFO] Scraping page: https://www.emploi-public.ma/fr/concours-liste?page=1
2026-07-25 10:38:15,005 [INFO]   → 9 annonces trouvées sur cette page
2026-07-25 10:38:15,006 [INFO]   Détails: https://www.emploi-public.ma/fr/concours/details/74fa6128-711a-40b7-b71b-5b4388a2d9d4
2026-07-25 10:38:15,566 [INFO]     PDF trouvé: Arrêté d'ouverture du concours (score: 25)
2026-07-25 10:38:15,567 [INFO]   [EN COURS] Avis de concours de recrutement de Adjoint technique 2ème gr... → 2026-08-10
2026-07-25 10:38:15,567 [INFO]   Détails: https://www.emploi-public.ma/fr/concours/details/3d99718c-9c89-43ed-92b5-ec76b2c038b3
2026-07-25 10:38:24,310 [INFO]     PDF trouvé: Arrêté d'ouverture du concours (score: 25)
2026-07-25 10:38:24,311 [INFO]   [EN COURS] Avis de concours de recrutement de Technicien de 4ème grade ... → 2026-08-10
2026-07-25 10:38:24,311 [INFO]   Détails: https://www.emploi-public.ma/fr/concours/details/4e64e78f-621d-4e95-a829-a8b22986502a
2026-07-25 10:38:25,406 [INFO]     PDF trouvé: Arrêté d'ouverture du concours (score: 25)
2026-07-25 10:38:25,407 [INFO]   [EN COURS] Avis de concours de recrutement de Technicien de 3ème grade ... → 2026-08-10
2026-07-25 10:38:25,407 [INFO]   Détails: https://www.emploi-public.ma/fr/concours/details/bacf792b-04bc-4a4b-a73b-cc69eab17a49
2026-07-25 10:38:26,579 [INFO]     PDF trouvé: Arrêté d'ouverture du concours (score: 25)
2026-07-25 10:38:26,581 [INFO]   [EN COURS] Avis de concours de recrutement de Ingénieur d'Etat 1er grad... → 2026-08-10
2026-07-25 10:38:26,581 [INFO]   Détails: https://www.emploi-public.ma/fr/concours/details/3d6e4275-fe42-4fa4-b135-22595857f77b
2026-07-25 10:38:34,710 [INFO]     PDF trouvé: Arrêté d'ouverture du concours (score: 25)
2026-07-25 10:38:34,711 [INFO]   [EN COURS] Avis de concours de recrutement de Secrétaire des affaires é... → 2026-08-10
2026-07-25 10:38:34,711 [INFO]   Détails: https://www.emploi-public.ma/fr/concours/details/f8fd2d0d-5d98-42d7-8229-9924acf1c303
2026-07-25 10:38:35,507 [INFO]     PDF trouvé: Arrêté d'ouverture du concours (score: 25)
2026-07-25 10:38:35,509 [INFO]   [EN COURS] Avis de concours de recrutement de Conseiller des affaires é... → 2026-08-10
2026-07-25 10:38:35,509 [INFO]   Détails: https://www.emploi-public.ma/fr/concours/details/0d14767d-7b8a-4282-b397-96709c297e37
2026-07-25 10:38:36,268 [INFO]     PDF trouvé: Arrêté d'ouverture du concours (score: 25)
2026-07-25 10:38:36,269 [INFO]   [EN COURS] Avis de concours de recrutement de Inspecteur des Douanes de... → 2026-08-10
2026-07-25 10:38:36,269 [INFO]   Détails: https://www.emploi-public.ma/fr/concours/details/ab562af5-0ec1-4fe8-99a3-48cd82b59676
2026-07-25 10:38:37,187 [INFO]     PDF trouvé: Arrêté d'ouverture du concours (score: 25)
2026-07-25 10:38:37,188 [INFO]   [EN COURS] Avis de concours de recrutement de Ingénieur d’Etat  des Dou... → 2026-08-10
2026-07-25 10:38:37,188 [INFO]   Détails: https://www.emploi-public.ma/fr/concours/details/e9c0bb85-e735-4886-acf1-b3309ba4a205
2026-07-25 10:38:38,060 [INFO]     PDF trouvé: Arrêté d'ouverture du concours (score: 25)
2026-07-25 10:38:38,061 [INFO]   [EN COURS] Avis de concours de recrutement de Ingénieur d'Etat 1er grad... → 2026-08-10
2026-07-25 10:38:38,061 [INFO] Page 3/5
2026-07-25 10:38:38,061 [INFO] Scraping page: https://www.emploi-public.ma/fr/concours-liste?page=2
2026-07-25 10:38:41,834 [INFO]   → 9 annonces trouvées sur cette page
2026-07-25 10:38:41,835 [INFO]   Détails: https://www.emploi-public.ma/fr/concours/details/d91438ac-a7df-48aa-a29d-ea568c52b32e
2026-07-25 10:38:44,612 [INFO]     PDF trouvé: Arrêté d'ouverture du concours (score: 25)
2026-07-25 10:38:44,613 [INFO]   [EN COURS] Avis de concours de recrutement de Technicien de 3ème grade ... → 2026-08-07
2026-07-25 10:38:44,613 [INFO]   Détails: https://www.emploi-public.ma/fr/concours/details/6aa579ad-7abb-44f1-b036-56e9fbafced8
2026-07-25 10:38:45,960 [INFO]     PDF trouvé: Arrêté d'ouverture du concours (score: 25)
2026-07-25 10:38:45,962 [INFO]   [EN COURS] Avis de concours de recrutement de Administrateur 2ème grade... → 2026-08-07
2026-07-25 10:38:45,962 [INFO]   Détails: https://www.emploi-public.ma/fr/concours/details/c27ac1df-953a-4b58-a2e2-e273271f18b1
2026-07-25 10:38:46,996 [INFO]     PDF trouvé: Arrêté d'ouverture du concours (score: 25)
2026-07-25 10:38:46,997 [INFO]   [EN COURS] Avis de concours de recrutement de Adjoint technique 2ème gr... → 2026-08-05
2026-07-25 10:38:46,998 [INFO]   Détails: https://www.emploi-public.ma/fr/concours/details/7faff0fb-2922-485a-853e-20b4d81cbc7a
2026-07-25 10:38:47,689 [INFO]     PDF trouvé: Arrêté d'ouverture du concours (score: 25)
2026-07-25 10:38:47,690 [INFO]   [EN COURS] Avis de concours de recrutement de Maître de conférences gra... → 2026-08-03
2026-07-25 10:38:47,690 [INFO]   Détails: https://www.emploi-public.ma/fr/concours/details/2c15e888-7029-4082-9334-eef194ee5586
2026-07-25 10:38:48,879 [INFO]     PDF trouvé: Arrêté d'ouverture du concours (score: 25)
2026-07-25 10:38:48,880 [INFO]   [EN COURS] Avis de concours de recrutement de Administrateur 2ème grade... → 2026-08-03
2026-07-25 10:38:48,881 [INFO]   Détails: https://www.emploi-public.ma/fr/concours/details/d543668b-c808-4ac0-933b-4301237f9f67
2026-07-25 10:38:49,549 [INFO]     PDF trouvé: Arrêté d'ouverture du concours (score: 25)
2026-07-25 10:38:49,550 [INFO]   [EN COURS] Avis de concours de recrutement de Administrateur 3ème grade... → 2026-07-31
2026-07-25 10:38:49,550 [INFO]   Détails: https://www.emploi-public.ma/fr/concours/details/78699344-c4d1-4204-ad40-9749cc0563aa
2026-07-25 10:38:52,170 [INFO]     PDF trouvé: Arrêté d'ouverture du concours (score: 25)
2026-07-25 10:38:52,171 [INFO]   [EXPIRÉE] Publication de la liste des convoqués pour l'examen écrit du... → 2026-07-23
2026-07-25 10:38:52,171 [INFO]   Détails: https://www.emploi-public.ma/fr/concours/details/b62a7d1c-c399-48cd-ab9f-adca105db22f
2026-07-25 10:38:52,851 [INFO]     PDF trouvé: Arrêté d'ouverture du concours (score: 25)
2026-07-25 10:38:52,852 [INFO]   [EXPIRÉE] Avis de concours de recrutement de Maître de conférences gra... → 2026-07-21
2026-07-25 10:38:52,852 [INFO]   Détails: https://www.emploi-public.ma/fr/concours/details/dc6005fa-8f1f-418f-baed-64e9caca12f6
2026-07-25 10:38:54,336 [INFO]     PDF trouvé: Arrêté d'ouverture du concours (score: 25)
2026-07-25 10:38:54,338 [INFO]   [EXPIRÉE] Avis de concours de recrutement de Technicien de 3ème grade ... → 2026-07-21
2026-07-25 10:38:54,338 [INFO] Page 4/5
2026-07-25 10:38:54,338 [INFO] Scraping page: https://www.emploi-public.ma/fr/concours-liste?page=3
2026-07-25 10:38:55,426 [INFO]   → 9 annonces trouvées sur cette page
2026-07-25 10:38:55,427 [INFO]   Détails: https://www.emploi-public.ma/fr/concours/details/7d4f66b4-2f8c-4dbf-94ea-99d5943a7378
2026-07-25 10:38:56,501 [INFO]     PDF trouvé: Arrêté d'ouverture du concours (score: 25)
2026-07-25 10:38:56,503 [INFO]   [EXPIRÉE] Avis de concours de recrutement de Administrateur 3ème grade... → 2026-07-21
2026-07-25 10:38:56,503 [INFO]   Détails: https://www.emploi-public.ma/fr/concours/details/e372c384-b595-401d-bfa7-77c67af01fbe
2026-07-25 10:38:57,809 [INFO]     PDF trouvé: Arrêté d'ouverture du concours (score: 25)
2026-07-25 10:38:57,810 [INFO]   [EXPIRÉE] Avis de concours de recrutement de Administrateur 2ème grade... → 2026-07-21
2026-07-25 10:38:57,810 [INFO]   Détails: https://www.emploi-public.ma/fr/concours/details/606d3ff2-2e7a-4174-9d74-713c58402b8a
2026-07-25 10:38:59,049 [INFO]     PDF trouvé: Arrêté d'ouverture du concours (score: 25)
2026-07-25 10:38:59,050 [INFO]   [EXPIRÉE] Publication de la liste des convoqués pour l'examen écrit du... → 2026-07-21
2026-07-25 10:38:59,050 [INFO]   Détails: https://www.emploi-public.ma/fr/concours/details/9740d64c-8b1b-47b8-abe8-00b3575d4aa9
2026-07-25 10:38:59,843 [INFO]     PDF trouvé: Arrêté d'ouverture du concours (score: 25)
2026-07-25 10:38:59,844 [INFO]   [EXPIRÉE] Publication de la liste des convoqués pour l'examen écrit du... → 2026-07-20
2026-07-25 10:38:59,844 [INFO]   Détails: https://www.emploi-public.ma/fr/concours/details/b89b6b38-795f-49af-9d00-910305760e85
2026-07-25 10:39:00,890 [INFO]     PDF trouvé: Arrêté d'ouverture du concours (score: 25)
2026-07-25 10:39:00,892 [INFO]   [EXPIRÉE] Publication de la liste des convoqués pour l'examen écrit du... → 2026-07-20
2026-07-25 10:39:00,892 [INFO]   Détails: https://www.emploi-public.ma/fr/concours/details/f33919ef-c4a4-41c0-9927-744882ec1140
2026-07-25 10:39:01,914 [INFO]     PDF trouvé: Arrêté d'ouverture du concours (score: 25)
2026-07-25 10:39:01,915 [INFO]   [EXPIRÉE] Publication de la liste des convoqués pour l'examen écrit du... → 2026-07-20
2026-07-25 10:39:01,916 [INFO]   Détails: https://www.emploi-public.ma/fr/concours/details/00afdf47-67cd-4c3b-910d-295480956c45
2026-07-25 10:39:02,646 [INFO]     PDF trouvé: Arrêté d'ouverture du concours (score: 25)
2026-07-25 10:39:02,647 [INFO]   [EXPIRÉE] Publication de la liste des convoqués pour l'examen écrit du... → 2026-07-20
2026-07-25 10:39:02,647 [INFO]   Détails: https://www.emploi-public.ma/fr/concours/details/0c6baf5e-be9d-4ef5-a8f7-b9044cf640d5
2026-07-25 10:39:03,517 [INFO]     PDF trouvé: Arrêté d'ouverture du concours (score: 25)
2026-07-25 10:39:03,518 [INFO]   [EXPIRÉE] Publication de la liste des résultats pour le concours de re... → 2026-07-15
2026-07-25 10:39:03,518 [INFO]   Détails: https://www.emploi-public.ma/fr/concours/details/c6303b4c-114c-4b25-b6c5-eca77cba3dad
2026-07-25 10:39:04,315 [INFO]     PDF trouvé: Arrêté d'ouverture du concours (score: 25)
2026-07-25 10:39:04,317 [INFO]   [EXPIRÉE] Publication de la liste des résultats pour le concours de re... → 2026-07-15
2026-07-25 10:39:04,317 [INFO] Page 5/5
2026-07-25 10:39:04,317 [INFO] Scraping page: https://www.emploi-public.ma/fr/concours-liste?page=4
2026-07-25 10:39:05,924 [INFO]   → 9 annonces trouvées sur cette page
2026-07-25 10:39:05,925 [INFO]   Détails: https://www.emploi-public.ma/fr/concours/details/1f901e2f-de1d-4110-874d-d5d890119e69
2026-07-25 10:39:06,724 [INFO]     PDF trouvé: Arrêté d'ouverture du concours (score: 25)
2026-07-25 10:39:06,726 [INFO]   [EXPIRÉE] Publication de la liste des résultats pour le concours de re... → 2026-07-15
2026-07-25 10:39:06,726 [INFO]   Détails: https://www.emploi-public.ma/fr/concours/details/c83d70e2-ec18-4f3b-b97f-03d080ad762a
2026-07-25 10:39:07,554 [INFO]     PDF trouvé: Arrêté d'ouverture du concours (score: 25)
2026-07-25 10:39:07,555 [INFO]   [EXPIRÉE] Publication de la liste des convoqués pour l'entretien oral ... → 2026-07-14
2026-07-25 10:39:07,555 [INFO]   Détails: https://www.emploi-public.ma/fr/concours/details/c3749204-66e1-4485-a631-e7ede10e21ab
2026-07-25 10:39:08,331 [INFO]     PDF trouvé: Arrêté d'ouverture du concours (score: 25)
2026-07-25 10:39:08,332 [INFO]   [EXPIRÉE] Publication de la liste des convoqués pour l'entretien oral ... → 2026-07-14
2026-07-25 10:39:08,332 [INFO]   Détails: https://www.emploi-public.ma/fr/concours/details/26ae2262-926d-4bfb-9614-069a15e9bd9a
2026-07-25 10:39:09,078 [INFO]     PDF trouvé: Arrêté d'ouverture du concours (score: 25)
2026-07-25 10:39:09,079 [INFO]   [EXPIRÉE] Avis de concours de recrutement de Administrateur 3ème grade... → 2026-07-10
2026-07-25 10:39:09,079 [INFO]   Détails: https://www.emploi-public.ma/fr/concours/details/2c92d6ee-4fbb-4b59-a9ad-4e38969b0090
2026-07-25 10:39:09,890 [INFO]     PDF trouvé: Arrêté d'ouverture du concours (score: 25)
2026-07-25 10:39:09,891 [INFO]   [EXPIRÉE] Avis de concours de recrutement de Technicien de 3ème grade ... → 2026-07-10
2026-07-25 10:39:09,891 [INFO]   Détails: https://www.emploi-public.ma/fr/concours/details/ae470720-4f4f-49dc-b23e-070911905f42
2026-07-25 10:39:10,840 [INFO]     PDF trouvé: Arrêté d'ouverture du concours (score: 25)
2026-07-25 10:39:10,841 [INFO]   [EXPIRÉE] Publication de la liste des convoqués pour l'examen écrit du... → 2026-07-15
2026-07-25 10:39:10,841 [INFO]   Détails: https://www.emploi-public.ma/fr/concours/details/55e548c6-a895-450f-a875-9e03c69c4399
2026-07-25 10:39:11,513 [INFO]     PDF trouvé: Arrêté d'ouverture du concours (score: 25)
2026-07-25 10:39:11,514 [INFO]   [EXPIRÉE] Publication de la liste des convoqués pour l'examen écrit du... → 2026-07-10
2026-07-25 10:39:11,514 [INFO]   Détails: https://www.emploi-public.ma/fr/concours/details/d763af32-c1bf-4d3d-a000-8fe89e3adcd6
2026-07-25 10:39:13,135 [INFO]     PDF trouvé: Arrêté d'ouverture du concours (score: 25)
2026-07-25 10:39:13,137 [INFO]   [EXPIRÉE] Publication de la liste des convoqués pour l'examen écrit du... → 2026-07-10
2026-07-25 10:39:13,137 [INFO]   Détails: https://www.emploi-public.ma/fr/concours/details/17e879b8-5dad-4d10-8ade-60bb345d6021
2026-07-25 10:39:14,000 [INFO]     PDF trouvé: Arrêté d'ouverture du concours (score: 25)
2026-07-25 10:39:14,001 [INFO]   [EXPIRÉE] Publication de la liste des convoqués pour l'examen écrit du... → 2026-07-10
2026-07-25 10:39:14,001 [INFO] 
--- Catégorie: Emplois supérieurs ---
2026-07-25 10:39:14,001 [INFO] Page 1/5
2026-07-25 10:39:14,001 [INFO] Scraping page: https://www.emploi-public.ma/fr/emploi-sup-liste
2026-07-25 10:39:15,245 [INFO]   → 9 annonces trouvées sur cette page
2026-07-25 10:39:15,246 [INFO]   Détails: https://www.emploi-public.ma/fr/emploi-sup/details/a260f3d6-19bf-4755-87e7-64988bd5d952
2026-07-25 10:39:15,956 [WARNING] Format de date non reconnu: 30
2026-07-25 10:39:15,957 [INFO]     PDF trouvé: Arrêté d'appel à candidature (score: 20)
2026-07-25 10:39:15,958 [INFO]   [PAS DE DATE] Avis d'emplois supérieurs directeur de l'Aéronautique Civile...
2026-07-25 10:39:15,958 [INFO]   Détails: https://www.emploi-public.ma/fr/emploi-sup/details/30d00bcd-df71-43f3-945e-2204e61cb425
2026-07-25 10:39:20,696 [WARNING] Format de date non reconnu: 30
2026-07-25 10:39:20,697 [INFO]     PDF trouvé: Arrêté d'appel à candidature (score: 20)
2026-07-25 10:39:20,698 [INFO]   [PAS DE DATE] Avis d'emplois supérieurs Directeur de l'Institut National d...
2026-07-25 10:39:20,698 [INFO]   Détails: https://www.emploi-public.ma/fr/emploi-sup/details/fb33496a-b3e4-46d5-a556-86d0223b04f8
2026-07-25 10:39:21,786 [WARNING] Format de date non reconnu: 30
2026-07-25 10:39:21,787 [INFO]     PDF trouvé: Arrêté d'appel à candidature (score: 20)
2026-07-25 10:39:21,788 [INFO]   [PAS DE DATE] Avis d'emplois supérieurs Directeur(trice) des Affaires géné...
2026-07-25 10:39:21,788 [INFO]   Détails: https://www.emploi-public.ma/fr/emploi-sup/details/d75f25b8-e1b6-4bba-9bf2-9bcc6a5e913c
2026-07-25 10:39:22,645 [WARNING] Format de date non reconnu: 30
2026-07-25 10:39:22,646 [INFO]     PDF trouvé: Arrêté d'appel à candidature (score: 20)
2026-07-25 10:39:22,647 [INFO]   [PAS DE DATE] Avis d'emplois supérieurs Directeur des statuts et des Eudes...
2026-07-25 10:39:22,647 [INFO]   Détails: https://www.emploi-public.ma/fr/emploi-sup/details/2c16f418-dd0f-4bb2-b66e-f926057114f9
2026-07-25 10:39:23,345 [WARNING] Format de date non reconnu: 30
2026-07-25 10:39:23,346 [INFO]     PDF trouvé: Arrêté d'appel à candidature (score: 20)
2026-07-25 10:39:23,347 [INFO]   [PAS DE DATE] Avis d'emplois supérieurs Directeur de la jeunesse...
2026-07-25 10:39:23,347 [INFO]   Détails: https://www.emploi-public.ma/fr/emploi-sup/details/43fe4445-da66-401e-a3c4-2562a221a332
2026-07-25 10:39:24,571 [WARNING] Format de date non reconnu: 30
2026-07-25 10:39:24,572 [INFO]     PDF trouvé: Arrêté d'appel à candidature (score: 20)
2026-07-25 10:39:24,573 [INFO]   [PAS DE DATE] Avis d'emplois supérieurs DIRECTEUR FONSAFJS...
2026-07-25 10:39:24,574 [INFO]   Détails: https://www.emploi-public.ma/fr/emploi-sup/details/4d6a3c99-2658-4cfd-99b5-bc5c012c8e55
2026-07-25 10:39:25,263 [WARNING] Format de date non reconnu: 30
2026-07-25 10:39:25,264 [INFO]     PDF trouvé: Arrêté d'appel à candidature (score: 20)
2026-07-25 10:39:25,266 [INFO]   [PAS DE DATE] Avis d'emplois supérieurs Directeur(trice) du Centre nationa...
2026-07-25 10:39:25,266 [INFO]   Détails: https://www.emploi-public.ma/fr/emploi-sup/details/803881f5-f7fa-4f8f-b2cd-d6b1566b7fe5
2026-07-25 10:39:26,262 [WARNING] Format de date non reconnu: 30
2026-07-25 10:39:26,263 [INFO]     PDF trouvé: Arrêté d'appel à candidature (score: 20)
2026-07-25 10:39:26,264 [INFO]   [PAS DE DATE] Avis d'emplois supérieurs DIRECTEUR DE L’INSTITUT SUPERIEUR ...
2026-07-25 10:39:26,264 [INFO]   Détails: https://www.emploi-public.ma/fr/emploi-sup/details/d5445636-5a56-491e-9305-8cd418b361f8
2026-07-25 10:39:26,950 [WARNING] Format de date non reconnu: 00
2026-07-25 10:39:26,951 [INFO]     PDF trouvé: Arrêté d'appel à candidature (score: 20)
2026-07-25 10:39:26,952 [INFO]   [PAS DE DATE] Avis d'emplois supérieurs Directeur de l'Aménagement du Terr...
2026-07-25 10:39:26,952 [INFO] Page 2/5
2026-07-25 10:39:26,952 [INFO] Scraping page: https://www.emploi-public.ma/fr/emploi-sup-liste?page=1
2026-07-25 10:39:27,686 [INFO]   → 9 annonces trouvées sur cette page
2026-07-25 10:39:27,686 [INFO]   Détails: https://www.emploi-public.ma/fr/emploi-sup/details/a260f3d6-19bf-4755-87e7-64988bd5d952
2026-07-25 10:39:28,361 [WARNING] Format de date non reconnu: 30
2026-07-25 10:39:28,362 [INFO]     PDF trouvé: Arrêté d'appel à candidature (score: 20)
2026-07-25 10:39:28,363 [INFO]   [PAS DE DATE] Avis d'emplois supérieurs directeur de l'Aéronautique Civile...
2026-07-25 10:39:28,363 [INFO]   Détails: https://www.emploi-public.ma/fr/emploi-sup/details/30d00bcd-df71-43f3-945e-2204e61cb425
2026-07-25 10:39:29,031 [WARNING] Format de date non reconnu: 30
2026-07-25 10:39:29,032 [INFO]     PDF trouvé: Arrêté d'appel à candidature (score: 20)
2026-07-25 10:39:29,033 [INFO]   [PAS DE DATE] Avis d'emplois supérieurs Directeur de l'Institut National d...
2026-07-25 10:39:29,033 [INFO]   Détails: https://www.emploi-public.ma/fr/emploi-sup/details/fb33496a-b3e4-46d5-a556-86d0223b04f8
2026-07-25 10:39:29,871 [WARNING] Format de date non reconnu: 30
2026-07-25 10:39:29,872 [INFO]     PDF trouvé: Arrêté d'appel à candidature (score: 20)
2026-07-25 10:39:29,873 [INFO]   [PAS DE DATE] Avis d'emplois supérieurs Directeur(trice) des Affaires géné...
2026-07-25 10:39:29,873 [INFO]   Détails: https://www.emploi-public.ma/fr/emploi-sup/details/d75f25b8-e1b6-4bba-9bf2-9bcc6a5e913c
2026-07-25 10:39:30,781 [WARNING] Format de date non reconnu: 30
2026-07-25 10:39:30,782 [INFO]     PDF trouvé: Arrêté d'appel à candidature (score: 20)
2026-07-25 10:39:30,783 [INFO]   [PAS DE DATE] Avis d'emplois supérieurs Directeur des statuts et des Eudes...
2026-07-25 10:39:30,783 [INFO]   Détails: https://www.emploi-public.ma/fr/emploi-sup/details/2c16f418-dd0f-4bb2-b66e-f926057114f9
2026-07-25 10:39:31,443 [WARNING] Format de date non reconnu: 30
2026-07-25 10:39:31,444 [INFO]     PDF trouvé: Arrêté d'appel à candidature (score: 20)
2026-07-25 10:39:31,445 [INFO]   [PAS DE DATE] Avis d'emplois supérieurs Directeur de la jeunesse...
2026-07-25 10:39:31,445 [INFO]   Détails: https://www.emploi-public.ma/fr/emploi-sup/details/43fe4445-da66-401e-a3c4-2562a221a332
2026-07-25 10:39:34,289 [WARNING] Format de date non reconnu: 30
2026-07-25 10:39:34,290 [INFO]     PDF trouvé: Arrêté d'appel à candidature (score: 20)
2026-07-25 10:39:34,291 [INFO]   [PAS DE DATE] Avis d'emplois supérieurs DIRECTEUR FONSAFJS...
2026-07-25 10:39:34,291 [INFO]   Détails: https://www.emploi-public.ma/fr/emploi-sup/details/4d6a3c99-2658-4cfd-99b5-bc5c012c8e55
2026-07-25 10:39:34,957 [WARNING] Format de date non reconnu: 30
2026-07-25 10:39:34,958 [INFO]     PDF trouvé: Arrêté d'appel à candidature (score: 20)
2026-07-25 10:39:34,959 [INFO]   [PAS DE DATE] Avis d'emplois supérieurs Directeur(trice) du Centre nationa...
2026-07-25 10:39:34,959 [INFO]   Détails: https://www.emploi-public.ma/fr/emploi-sup/details/803881f5-f7fa-4f8f-b2cd-d6b1566b7fe5
2026-07-25 10:39:35,643 [WARNING] Format de date non reconnu: 30
2026-07-25 10:39:35,644 [INFO]     PDF trouvé: Arrêté d'appel à candidature (score: 20)
2026-07-25 10:39:35,645 [INFO]   [PAS DE DATE] Avis d'emplois supérieurs DIRECTEUR DE L’INSTITUT SUPERIEUR ...
2026-07-25 10:39:35,645 [INFO]   Détails: https://www.emploi-public.ma/fr/emploi-sup/details/d5445636-5a56-491e-9305-8cd418b361f8
2026-07-25 10:39:38,769 [WARNING] Format de date non reconnu: 00
2026-07-25 10:39:38,770 [INFO]     PDF trouvé: Arrêté d'appel à candidature (score: 20)
2026-07-25 10:39:38,771 [INFO]   [PAS DE DATE] Avis d'emplois supérieurs Directeur de l'Aménagement du Terr...
2026-07-25 10:39:38,771 [INFO] Page 3/5
2026-07-25 10:39:38,771 [INFO] Scraping page: https://www.emploi-public.ma/fr/emploi-sup-liste?page=2
2026-07-25 10:39:39,538 [INFO]   → 9 annonces trouvées sur cette page
2026-07-25 10:39:39,539 [INFO]   Détails: https://www.emploi-public.ma/fr/emploi-sup/details/a19c981f-5e73-4699-978a-3c26f387e76d
2026-07-25 10:39:40,252 [WARNING] Format de date non reconnu: 00
2026-07-25 10:39:40,253 [INFO]     PDF trouvé: Arrêté d'appel à candidature (score: 20)
2026-07-25 10:39:40,254 [INFO]   [PAS DE DATE] Avis d'emplois supérieurs Directeur de l'Agence Urbaine d'Al...
2026-07-25 10:39:40,255 [INFO]   Détails: https://www.emploi-public.ma/fr/emploi-sup/details/c3eed04a-67b9-4ceb-b4c3-b32e0273c191
2026-07-25 10:39:40,923 [WARNING] Format de date non reconnu: 00
2026-07-25 10:39:40,924 [INFO]     PDF trouvé: Arrêté d'appel à candidature (score: 20)
2026-07-25 10:39:40,925 [INFO]   [PAS DE DATE] Avis d'emplois supérieurs Directeur de l'Agence Urbaine de L...
2026-07-25 10:39:40,925 [INFO]   Détails: https://www.emploi-public.ma/fr/emploi-sup/details/6bbca177-c943-4200-991d-4945c7de6c3e
2026-07-25 10:39:42,290 [WARNING] Format de date non reconnu: 30
2026-07-25 10:39:42,291 [INFO]     PDF trouvé: Arrêté d'appel à candidature (score: 20)
2026-07-25 10:39:42,292 [INFO]   [PAS DE DATE] Avis d'emplois supérieurs Directeur(trice) des affaires géné...
2026-07-25 10:39:42,292 [INFO]   Détails: https://www.emploi-public.ma/fr/emploi-sup/details/971391f4-c3ed-4054-b39a-d498fdbfba4b
2026-07-25 10:39:42,970 [WARNING] Format de date non reconnu: 30
2026-07-25 10:39:42,971 [INFO]     PDF trouvé: Arrêté d'appel à candidature (score: 20)
2026-07-25 10:39:42,972 [INFO]   [PAS DE DATE] Avis d'emplois supérieurs Directeur(trice) de l’Institut Roy...
2026-07-25 10:39:42,972 [INFO]   Détails: https://www.emploi-public.ma/fr/emploi-sup/details/1afa70c8-a02b-457d-98c8-6787ae253f28
2026-07-25 10:39:44,031 [WARNING] Format de date non reconnu: 30
2026-07-25 10:39:44,032 [INFO]     PDF trouvé: Arrêté d'appel à candidature (score: 20)
2026-07-25 10:39:44,033 [INFO]   [PAS DE DATE] Avis d'emplois supérieurs Directeur de l'Ecole des Sciences ...
2026-07-25 10:39:44,033 [INFO]   Détails: https://www.emploi-public.ma/fr/emploi-sup/details/e1c5923d-7307-42c7-90ed-21db5ce34a49
2026-07-25 10:39:45,067 [WARNING] Format de date non reconnu: 30
2026-07-25 10:39:45,068 [INFO]     PDF trouvé: Arrêté d'appel à candidature (score: 20)
2026-07-25 10:39:45,069 [INFO]   [PAS DE DATE] Avis d'emplois supérieurs Directeur des législations des Inf...
2026-07-25 10:39:45,069 [INFO]   Détails: https://www.emploi-public.ma/fr/emploi-sup/details/cb431ce3-c104-457a-b464-8ca3b4a5fe55
2026-07-25 10:39:45,765 [WARNING] Format de date non reconnu: 30
2026-07-25 10:39:45,766 [INFO]     PDF trouvé: Arrêté d'appel à candidature (score: 20)
2026-07-25 10:39:45,767 [INFO]   [PAS DE DATE] Avis d'emplois supérieurs Directeur des législations de la g...
2026-07-25 10:39:45,767 [INFO]   Détails: https://www.emploi-public.ma/fr/emploi-sup/details/83256c4b-36f7-461e-8579-7dbec3b6aae0
2026-07-25 10:39:46,481 [WARNING] Format de date non reconnu: 30
2026-07-25 10:39:46,482 [INFO]     PDF trouvé: Arrêté d'appel à candidature (score: 20)
2026-07-25 10:39:46,483 [INFO]   [PAS DE DATE] Avis d'emplois supérieurs Doyen de la Faculté de Médecine et...
2026-07-25 10:39:46,483 [INFO]   Détails: https://www.emploi-public.ma/fr/emploi-sup/details/e1054489-8a0a-4d64-92ab-55a9dbb52ac5
2026-07-25 10:39:47,154 [WARNING] Format de date non reconnu: 30
2026-07-25 10:39:47,155 [INFO]     PDF trouvé: Arrêté d'appel à candidature (score: 20)
2026-07-25 10:39:47,156 [INFO]   [PAS DE DATE] Avis d'emplois supérieurs Directeur de l'Ecole Mohammadia de...
2026-07-25 10:39:47,156 [INFO] Page 4/5
2026-07-25 10:39:47,156 [INFO] Scraping page: https://www.emploi-public.ma/fr/emploi-sup-liste?page=3
2026-07-25 10:39:47,860 [INFO]   → 9 annonces trouvées sur cette page
2026-07-25 10:39:47,861 [INFO]   Détails: https://www.emploi-public.ma/fr/emploi-sup/details/4276b348-5dae-41c9-b638-6ca89ffaf304
2026-07-25 10:39:48,520 [WARNING] Format de date non reconnu: 30
2026-07-25 10:39:48,521 [INFO]     PDF trouvé: Arrêté d'appel à candidature (score: 20)
2026-07-25 10:39:48,522 [INFO]   [PAS DE DATE] Avis d'emplois supérieurs Directeur(trice) du Centre régiona...
2026-07-25 10:39:48,522 [INFO]   Détails: https://www.emploi-public.ma/fr/emploi-sup/details/0f48ee65-4c13-4056-a870-a38f35f26eee
2026-07-25 10:39:49,258 [WARNING] Format de date non reconnu: 30
2026-07-25 10:39:49,259 [INFO]     PDF trouvé: Arrêté d'appel à candidature (score: 20)
2026-07-25 10:39:49,260 [INFO]   [PAS DE DATE] Avis d'emplois supérieurs Directeur des statuts et des Eudes...
2026-07-25 10:39:49,261 [INFO]   Détails: https://www.emploi-public.ma/fr/emploi-sup/details/17544c4c-7a33-48bd-be97-d4e261c4b1ba
2026-07-25 10:39:49,941 [WARNING] Format de date non reconnu: 30
2026-07-25 10:39:49,942 [INFO]     PDF trouvé: Arrêté d'appel à candidature (score: 20)
2026-07-25 10:39:49,943 [INFO]   [PAS DE DATE] Avis d'emplois supérieurs Directeur(trice) général(e) de l’o...
2026-07-25 10:39:49,943 [INFO]   Détails: https://www.emploi-public.ma/fr/emploi-sup/details/2062be70-06c0-4b02-b143-bb2108a03421
2026-07-25 10:39:50,691 [WARNING] Format de date non reconnu: 30
2026-07-25 10:39:50,692 [INFO]     PDF trouvé: Arrêté d'appel à candidature (score: 20)
2026-07-25 10:39:50,694 [INFO]   [PAS DE DATE] Avis d'emplois supérieurs Directeur(trice) du Centre nationa...
2026-07-25 10:39:50,694 [INFO]   Détails: https://www.emploi-public.ma/fr/emploi-sup/details/5b7e6e30-4777-469d-9fa2-856d4390a35f
2026-07-25 10:39:51,379 [WARNING] Format de date non reconnu: 30
2026-07-25 10:39:51,380 [INFO]     PDF trouvé: Arrêté d'appel à candidature (score: 20)
2026-07-25 10:39:51,381 [INFO]   [PAS DE DATE] Avis d'emplois supérieurs Directeur de la jeunesse...
2026-07-25 10:39:51,382 [INFO]   Détails: https://www.emploi-public.ma/fr/emploi-sup/details/5313b8af-912f-4d82-b328-04c94fbe4562
2026-07-25 10:39:52,044 [WARNING] Format de date non reconnu: 30
2026-07-25 10:39:52,045 [INFO]     PDF trouvé: Arrêté d'appel à candidature (score: 20)
2026-07-25 10:39:52,046 [INFO]   [PAS DE DATE] Avis d'emplois supérieurs Directeur (ce) de la Coopération e...
2026-07-25 10:39:52,046 [INFO]   Détails: https://www.emploi-public.ma/fr/emploi-sup/details/52349e85-618a-444c-94ae-a269dcb8ede6
2026-07-25 10:39:53,220 [WARNING] Format de date non reconnu: 30
2026-07-25 10:39:53,221 [INFO]     PDF trouvé: Arrêté d'appel à candidature (score: 20)
2026-07-25 10:39:53,222 [INFO]   [PAS DE DATE] Avis d'emplois supérieurs Directeur (ce) des Ressources Huma...
2026-07-25 10:39:53,222 [INFO]   Détails: https://www.emploi-public.ma/fr/emploi-sup/details/b993993a-7a9f-4f82-a95d-4c705192b5c5
2026-07-25 10:39:53,894 [WARNING] Format de date non reconnu: 30
2026-07-25 10:39:53,895 [INFO]     PDF trouvé: Arrêté d'appel à candidature (score: 20)
2026-07-25 10:39:53,896 [INFO]   [PAS DE DATE] Avis d'emplois supérieurs Directeur(trice) de l’Académie rég...
2026-07-25 10:39:53,896 [INFO]   Détails: https://www.emploi-public.ma/fr/emploi-sup/details/a8514544-73e5-48b0-bc95-4e3782a246c4
2026-07-25 10:39:54,589 [WARNING] Format de date non reconnu: 30
2026-07-25 10:39:54,590 [INFO]     PDF trouvé: Arrêté d'appel à candidature (score: 20)
2026-07-25 10:39:54,591 [INFO]   [PAS DE DATE] Avis d'emplois supérieurs Directeur de l'Office Régional de ...
2026-07-25 10:39:54,591 [INFO] Page 5/5
2026-07-25 10:39:54,591 [INFO] Scraping page: https://www.emploi-public.ma/fr/emploi-sup-liste?page=4
2026-07-25 10:39:55,368 [INFO]   → 9 annonces trouvées sur cette page
2026-07-25 10:39:55,369 [INFO]   Détails: https://www.emploi-public.ma/fr/emploi-sup/details/34737011-4b34-4d27-a8e4-f96374ce7e3b
2026-07-25 10:39:56,479 [WARNING] Format de date non reconnu: 30
2026-07-25 10:39:56,480 [INFO]     PDF trouvé: Arrêté d'appel à candidature (score: 20)
2026-07-25 10:39:56,481 [INFO]   [PAS DE DATE] Avis d'emplois supérieurs Directeur du Centre Régional d'Inv...
2026-07-25 10:39:56,482 [INFO]   Détails: https://www.emploi-public.ma/fr/emploi-sup/details/3848b51d-1643-4c8a-9d0a-0001f3ec1eb6
2026-07-25 10:39:57,150 [WARNING] Format de date non reconnu: 30
2026-07-25 10:39:57,151 [INFO]     PDF trouvé: Arrêté d'appel à candidature (score: 20)
2026-07-25 10:39:57,152 [INFO]   [PAS DE DATE] Avis d'emplois supérieurs Directeur des statistiques, des ét...
2026-07-25 10:39:57,152 [INFO]   Détails: https://www.emploi-public.ma/fr/emploi-sup/details/f762f1b5-8e54-4277-9ceb-b77512a40379
2026-07-25 10:39:57,893 [WARNING] Format de date non reconnu: 30
2026-07-25 10:39:57,894 [INFO]     PDF trouvé: Arrêté d'appel à candidature (score: 20)
2026-07-25 10:39:57,895 [INFO]   [PAS DE DATE] Avis d'emplois supérieurs Directeur de l'Institut National S...
2026-07-25 10:39:57,895 [INFO]   Détails: https://www.emploi-public.ma/fr/emploi-sup/details/f398a7c1-f047-4cb7-95a2-e63106086337
2026-07-25 10:39:58,560 [WARNING] Format de date non reconnu: 30
2026-07-25 10:39:58,561 [INFO]     PDF trouvé: Arrêté d'appel à candidature (score: 20)
2026-07-25 10:39:58,562 [INFO]   [PAS DE DATE] Avis d'emplois supérieurs Directeur (ce) de l'Enseignement S...
2026-07-25 10:39:58,562 [INFO]   Détails: https://www.emploi-public.ma/fr/emploi-sup/details/b93e0027-1954-4712-8bb1-c6c3715e916c
2026-07-25 10:39:59,258 [INFO]     PDF trouvé: Arrêté d'appel à candidature (score: 20)
2026-07-25 10:39:59,260 [INFO]   [EXPIRÉE] Avis d'emplois supérieurs Directeur de l'Agence du bassin Hy... → 2026-05-14
2026-07-25 10:39:59,260 [INFO]   Détails: https://www.emploi-public.ma/fr/emploi-sup/details/50a4fceb-7a2a-4dfc-9d54-27d5969d8c20
2026-07-25 10:39:59,963 [WARNING] Format de date non reconnu: 30
2026-07-25 10:39:59,964 [INFO]     PDF trouvé: Arrêté d'appel à candidature (score: 20)
2026-07-25 10:39:59,965 [INFO]   [PAS DE DATE] Avis d'emplois supérieurs Directeur des Relations avec la So...
2026-07-25 10:39:59,966 [INFO]   Détails: https://www.emploi-public.ma/fr/emploi-sup/details/79e56e61-79b1-4b12-b93a-174e15b76e74
2026-07-25 10:40:00,857 [WARNING] Format de date non reconnu: 30
2026-07-25 10:40:00,858 [INFO]     PDF trouvé: Arrêté d'appel à candidature (score: 20)
2026-07-25 10:40:00,859 [INFO]   [PAS DE DATE] Avis d'emplois supérieurs Directeur de l'Institut Supérieur ...
2026-07-25 10:40:00,859 [INFO]   Détails: https://www.emploi-public.ma/fr/emploi-sup/details/cd433a5b-75fc-4eb0-b5d7-0a520ca6c2ab
2026-07-25 10:40:01,532 [WARNING] Format de date non reconnu: 30
2026-07-25 10:40:01,533 [INFO]     PDF trouvé: Arrêté d'appel à candidature (score: 20)
2026-07-25 10:40:01,534 [INFO]   [PAS DE DATE] Avis d'emplois supérieurs Secrétaire Général du Département ...
2026-07-25 10:40:01,534 [INFO]   Détails: https://www.emploi-public.ma/fr/emploi-sup/details/cf89dcaf-13b0-4674-befa-b629bfcf72cf
2026-07-25 10:40:02,375 [WARNING] Format de date non reconnu: 30
2026-07-25 10:40:02,376 [INFO]     PDF trouvé: Arrêté d'appel à candidature (score: 20)
2026-07-25 10:40:02,377 [INFO]   [PAS DE DATE] Avis d'emplois supérieurs secrétaire général -Département de...
2026-07-25 10:40:02,378 [INFO] 
--- Catégorie: Postes de responsabilités ---
2026-07-25 10:40:02,378 [INFO] Page 1/5
2026-07-25 10:40:02,378 [INFO] Scraping page: https://www.emploi-public.ma/fr/postes-respo-liste
2026-07-25 10:40:03,294 [INFO]   → 13 annonces trouvées sur cette page
2026-07-25 10:40:03,295 [INFO]   Détails: https://www.emploi-public.ma/fr/postes-respo/details/0980a32b-6d19-43fe-9a78-fed5be8e0263
2026-07-25 10:40:04,150 [INFO]     PDF trouvé: Arrêté d'appel à candidature (score: 20)
2026-07-25 10:40:04,151 [INFO]   [EXPIRÉE] Avis de Postes de responsabilités au Ministère de l’intérieu... → 2026-07-24
2026-07-25 10:40:04,152 [INFO]   Détails: https://www.emploi-public.ma/fr/postes-respo/details/e22ab9f5-ac8e-4159-ba33-da0d5a040314
2026-07-25 10:40:04,919 [INFO]     PDF trouvé: Arrêté d'appel à candidature (score: 20)
2026-07-25 10:40:04,920 [INFO]   [EXPIRÉE] Avis de Postes de responsabilités au Ministère du Tourisme, ... → 2026-07-24
2026-07-25 10:40:04,920 [INFO]   Détails: https://www.emploi-public.ma/fr/postes-respo/details/8de5030f-7a8e-4e77-b6df-4d8be658c7e7
2026-07-25 10:40:05,715 [INFO]     PDF trouvé: Arrêté d'appel à candidature (score: 20)
2026-07-25 10:40:05,716 [INFO]   [EXPIRÉE] Publication de la liste des convoqués pour l'appel à candida... → 2026-04-05
2026-07-25 10:40:05,716 [INFO]   Détails: https://www.emploi-public.ma/fr/postes-respo/details/a3ff8765-f34b-4a36-9023-7ae112e77594
2026-07-25 10:40:06,485 [INFO]     PDF trouvé: Arrêté d'appel à candidature (score: 20)
2026-07-25 10:40:06,486 [INFO]   [EN COURS] Avis de Postes de responsabilités au Ministère de la Jeuness... → 2026-08-07
2026-07-25 10:40:06,486 [INFO]   Détails: https://www.emploi-public.ma/fr/postes-respo/details/c84a5637-77c0-4679-baa9-d49417d7e832
2026-07-25 10:40:07,269 [INFO]     PDF trouvé: Arrêté d'appel à candidature (score: 20)
2026-07-25 10:40:07,270 [INFO]   [EN COURS] Avis de Postes de responsabilités au Ministère de la Jeuness... → 2026-08-07
2026-07-25 10:40:07,270 [INFO]   Détails: https://www.emploi-public.ma/fr/postes-respo/details/c4ac2878-050a-4908-86bc-a0f7ae46e4f4
2026-07-25 10:40:08,076 [INFO]     PDF trouvé: Arrêté d'appel à candidature (score: 20)
2026-07-25 10:40:08,077 [INFO]   [EXPIRÉE] Publication de la liste des résultats pour les Postes de res... → 2026-07-07
2026-07-25 10:40:08,077 [INFO]   Détails: https://www.emploi-public.ma/fr/postes-respo/details/65bb098d-84db-4eea-a26f-408d847c19d6
2026-07-25 10:40:09,181 [INFO]     PDF trouvé: Arrêté d'appel à candidature (score: 20)
2026-07-25 10:40:09,183 [INFO]   [EXPIRÉE] Publication de la liste des convoqués pour l'appel à candida... → 2026-06-11
2026-07-25 10:40:09,183 [INFO]   Détails: https://www.emploi-public.ma/fr/postes-respo/details/4634f231-1c41-439b-9e77-a5c74ee289d4
2026-07-25 10:40:10,039 [INFO]     PDF trouvé: Arrêté d'appel à candidature (score: 20)
2026-07-25 10:40:10,040 [INFO]   [EXPIRÉE] Publication de la liste des convoqués pour l'appel à candida... → 2026-06-11
2026-07-25 10:40:10,040 [INFO]   Détails: https://www.emploi-public.ma/fr/postes-respo/details/36fa2f7f-c1b1-4034-9c58-493276fbf647
2026-07-25 10:40:10,997 [INFO]     PDF trouvé: Arrêté d'appel à candidature (score: 20)
2026-07-25 10:40:10,998 [INFO]   [EXPIRÉE] Publication de la liste des convoqués pour l'appel à candida... → 2026-06-11
2026-07-25 10:40:10,998 [INFO]   Détails: https://www.emploi-public.ma/fr/postes-respo/details/e1a006ee-57b4-4599-b8f6-02c633731638
2026-07-25 10:40:11,754 [INFO]     PDF trouvé: Arrêté d'appel à candidature (score: 20)
2026-07-25 10:40:11,755 [INFO]   [EN COURS] Officier(ère) de Permanence au rang de Chef(fe) de Service à... → 2026-07-27
2026-07-25 10:40:11,755 [INFO]   Détails: https://www.emploi-public.ma/fr/postes-respo/details/c9932c7c-6315-4222-8d28-37e8dcbf86b7
2026-07-25 10:40:12,612 [INFO]     PDF trouvé: Arrêté d'appel à candidature (score: 20)
2026-07-25 10:40:12,613 [INFO]   [EN COURS] Chef de Département Remboursement, Accords Préalables et Pri... → 2026-07-27
2026-07-25 10:40:12,613 [INFO]   Détails: https://www.emploi-public.ma/fr/postes-respo/details/39a003e8-9e1c-48f1-af30-945bf07c3db9
2026-07-25 10:40:13,423 [INFO]     PDF trouvé: Arrêté d'appel à candidature (score: 20)
2026-07-25 10:40:13,424 [INFO]   [EN COURS] Chef de Division Contrôle Médical à Priori et des Prestation... → 2026-07-27
2026-07-25 10:40:13,424 [INFO]   Détails: https://www.emploi-public.ma/fr/postes-respo/details/f9c3410a-a7c1-4545-a915-6bb6f06b4d81
2026-07-25 10:40:14,240 [INFO]     PDF trouvé: Arrêté d'appel à candidature (score: 20)
2026-07-25 10:40:14,241 [INFO]   [EN COURS] Appel à candidature pour les postes de responsabilité au Min... → 2026-07-27
2026-07-25 10:40:14,241 [INFO] Page 2/5
2026-07-25 10:40:14,241 [INFO] Scraping page: https://www.emploi-public.ma/fr/postes-respo-liste?page=1
2026-07-25 10:40:16,959 [INFO]   → 13 annonces trouvées sur cette page
2026-07-25 10:40:16,960 [INFO]   Détails: https://www.emploi-public.ma/fr/postes-respo/details/0980a32b-6d19-43fe-9a78-fed5be8e0263
2026-07-25 10:40:17,824 [INFO]     PDF trouvé: Arrêté d'appel à candidature (score: 20)
2026-07-25 10:40:17,825 [INFO]   [EXPIRÉE] Avis de Postes de responsabilités au Ministère de l’intérieu... → 2026-07-24
2026-07-25 10:40:17,825 [INFO]   Détails: https://www.emploi-public.ma/fr/postes-respo/details/e22ab9f5-ac8e-4159-ba33-da0d5a040314
2026-07-25 10:40:18,675 [INFO]     PDF trouvé: Arrêté d'appel à candidature (score: 20)
2026-07-25 10:40:18,676 [INFO]   [EXPIRÉE] Avis de Postes de responsabilités au Ministère du Tourisme, ... → 2026-07-24
2026-07-25 10:40:18,676 [INFO]   Détails: https://www.emploi-public.ma/fr/postes-respo/details/8de5030f-7a8e-4e77-b6df-4d8be658c7e7
2026-07-25 10:40:19,473 [INFO]     PDF trouvé: Arrêté d'appel à candidature (score: 20)
2026-07-25 10:40:19,474 [INFO]   [EXPIRÉE] Publication de la liste des convoqués pour l'appel à candida... → 2026-04-05
2026-07-25 10:40:19,475 [INFO]   Détails: https://www.emploi-public.ma/fr/postes-respo/details/a3ff8765-f34b-4a36-9023-7ae112e77594
2026-07-25 10:40:20,538 [INFO]     PDF trouvé: Arrêté d'appel à candidature (score: 20)
2026-07-25 10:40:20,539 [INFO]   [EN COURS] Avis de Postes de responsabilités au Ministère de la Jeuness... → 2026-08-07
2026-07-25 10:40:20,539 [INFO]   Détails: https://www.emploi-public.ma/fr/postes-respo/details/c84a5637-77c0-4679-baa9-d49417d7e832
2026-07-25 10:40:21,309 [INFO]     PDF trouvé: Arrêté d'appel à candidature (score: 20)
2026-07-25 10:40:21,310 [INFO]   [EN COURS] Avis de Postes de responsabilités au Ministère de la Jeuness... → 2026-08-07
2026-07-25 10:40:21,310 [INFO]   Détails: https://www.emploi-public.ma/fr/postes-respo/details/c4ac2878-050a-4908-86bc-a0f7ae46e4f4
2026-07-25 10:40:22,204 [INFO]     PDF trouvé: Arrêté d'appel à candidature (score: 20)
2026-07-25 10:40:22,205 [INFO]   [EXPIRÉE] Publication de la liste des résultats pour les Postes de res... → 2026-07-07
2026-07-25 10:40:22,205 [INFO]   Détails: https://www.emploi-public.ma/fr/postes-respo/details/65bb098d-84db-4eea-a26f-408d847c19d6
2026-07-25 10:40:22,978 [INFO]     PDF trouvé: Arrêté d'appel à candidature (score: 20)
2026-07-25 10:40:22,979 [INFO]   [EXPIRÉE] Publication de la liste des convoqués pour l'appel à candida... → 2026-06-11
2026-07-25 10:40:22,980 [INFO]   Détails: https://www.emploi-public.ma/fr/postes-respo/details/4634f231-1c41-439b-9e77-a5c74ee289d4
2026-07-25 10:40:25,713 [INFO]     PDF trouvé: Arrêté d'appel à candidature (score: 20)
2026-07-25 10:40:25,714 [INFO]   [EXPIRÉE] Publication de la liste des convoqués pour l'appel à candida... → 2026-06-11
2026-07-25 10:40:25,714 [INFO]   Détails: https://www.emploi-public.ma/fr/postes-respo/details/36fa2f7f-c1b1-4034-9c58-493276fbf647
2026-07-25 10:40:26,473 [INFO]     PDF trouvé: Arrêté d'appel à candidature (score: 20)
2026-07-25 10:40:26,474 [INFO]   [EXPIRÉE] Publication de la liste des convoqués pour l'appel à candida... → 2026-06-11
2026-07-25 10:40:26,474 [INFO]   Détails: https://www.emploi-public.ma/fr/postes-respo/details/e1a006ee-57b4-4599-b8f6-02c633731638
2026-07-25 10:40:27,335 [INFO]     PDF trouvé: Arrêté d'appel à candidature (score: 20)
2026-07-25 10:40:27,336 [INFO]   [EN COURS] Officier(ère) de Permanence au rang de Chef(fe) de Service à... → 2026-07-27
2026-07-25 10:40:27,336 [INFO]   Détails: https://www.emploi-public.ma/fr/postes-respo/details/c9932c7c-6315-4222-8d28-37e8dcbf86b7
2026-07-25 10:40:28,415 [INFO]     PDF trouvé: Arrêté d'appel à candidature (score: 20)
2026-07-25 10:40:28,416 [INFO]   [EN COURS] Chef de Département Remboursement, Accords Préalables et Pri... → 2026-07-27
2026-07-25 10:40:28,416 [INFO]   Détails: https://www.emploi-public.ma/fr/postes-respo/details/39a003e8-9e1c-48f1-af30-945bf07c3db9
2026-07-25 10:40:29,174 [INFO]     PDF trouvé: Arrêté d'appel à candidature (score: 20)
2026-07-25 10:40:29,175 [INFO]   [EN COURS] Chef de Division Contrôle Médical à Priori et des Prestation... → 2026-07-27
2026-07-25 10:40:29,175 [INFO]   Détails: https://www.emploi-public.ma/fr/postes-respo/details/f9c3410a-a7c1-4545-a915-6bb6f06b4d81
2026-07-25 10:40:29,945 [INFO]     PDF trouvé: Arrêté d'appel à candidature (score: 20)
2026-07-25 10:40:29,946 [INFO]   [EN COURS] Appel à candidature pour les postes de responsabilité au Min... → 2026-07-27
2026-07-25 10:40:29,946 [INFO] Page 3/5
2026-07-25 10:40:29,946 [INFO] Scraping page: https://www.emploi-public.ma/fr/postes-respo-liste?page=2
2026-07-25 10:40:31,223 [INFO]   → 13 annonces trouvées sur cette page
2026-07-25 10:40:31,224 [INFO]   Détails: https://www.emploi-public.ma/fr/postes-respo/details/506cdea9-bd57-40fd-8470-b783d8301a02
2026-07-25 10:40:32,109 [INFO]     PDF trouvé: Arrêté d'appel à candidature (score: 20)
2026-07-25 10:40:32,111 [INFO]   [EXPIRÉE] Publication de la liste des convoqués pour l'appel à candida... → 2026-06-11
2026-07-25 10:40:32,111 [INFO]   Détails: https://www.emploi-public.ma/fr/postes-respo/details/2901b05e-8b4e-4745-b87d-a8cf158f579f
2026-07-25 10:40:32,890 [INFO]     PDF trouvé: Arrêté d'appel à candidature (score: 20)
2026-07-25 10:40:32,891 [INFO]   [EXPIRÉE] Publication de la liste des convoqués pour l'appel à candida... → 2026-07-23
2026-07-25 10:40:32,891 [INFO]   Détails: https://www.emploi-public.ma/fr/postes-respo/details/f9c21d46-0b87-4c11-af2d-b5305b2fc6ad
2026-07-25 10:40:33,802 [INFO]     PDF trouvé: Arrêté d'appel à candidature (score: 20)
2026-07-25 10:40:33,803 [INFO]   [EN COURS] Avis de Postes de responsabilités au Ministère de l'Intérieu... → 2026-08-13
2026-07-25 10:40:33,803 [INFO]   Détails: https://www.emploi-public.ma/fr/postes-respo/details/1f0f0446-8044-4bda-a4f1-6e55b963a62f
2026-07-25 10:40:34,564 [INFO]     PDF trouvé: Arrêté d'appel à candidature (score: 20)
2026-07-25 10:40:34,565 [INFO]   [EXPIRÉE] Publication de la liste des convoqués pour l'appel à candida... → 2026-06-29
2026-07-25 10:40:34,565 [INFO]   Détails: https://www.emploi-public.ma/fr/postes-respo/details/716ae71a-4687-466a-ae3c-6f09c68b0175
2026-07-25 10:40:35,373 [INFO]     PDF trouvé: Arrêté d'appel à candidature (score: 20)
2026-07-25 10:40:35,374 [INFO]   [EXPIRÉE] Publication de la liste des convoqués pour l'appel à candida... → 2026-04-17
2026-07-25 10:40:35,374 [INFO]   Détails: https://www.emploi-public.ma/fr/postes-respo/details/cec09eea-b8ec-4b2f-a2da-3be6b1cfae34
2026-07-25 10:40:36,288 [INFO]     PDF trouvé: Arrêté d'appel à candidature (score: 20)
2026-07-25 10:40:36,289 [INFO]   [EXPIRÉE] Publication de la liste des résultats pour les Postes de res... → 2026-06-19
2026-07-25 10:40:36,289 [INFO]   Détails: https://www.emploi-public.ma/fr/postes-respo/details/9d0a2934-38fb-4fa5-a988-258254414db5
2026-07-25 10:40:37,081 [INFO]     PDF trouvé: Arrêté d'appel à candidature (score: 20)
2026-07-25 10:40:37,082 [INFO]   [EXPIRÉE] Publication de la liste des résultats pour les Postes de res... → 2026-06-15
2026-07-25 10:40:37,082 [INFO]   Détails: https://www.emploi-public.ma/fr/postes-respo/details/2327c25e-e050-4ea3-8970-df20522676e3
2026-07-25 10:40:37,841 [INFO]     PDF trouvé: Arrêté d'appel à candidature (score: 20)
2026-07-25 10:40:37,842 [INFO]   [EXPIRÉE] Publication de la liste des résultats pour les Postes de res... → 2026-06-15
2026-07-25 10:40:37,842 [INFO]   Détails: https://www.emploi-public.ma/fr/postes-respo/details/6f560704-3786-4bb7-9810-2f2ce23eecfb
2026-07-25 10:40:38,844 [INFO]     PDF trouvé: Arrêté d'appel à candidature (score: 20)
2026-07-25 10:40:38,845 [INFO]   [EXPIRÉE] Publication de la liste des résultats pour les Postes de res... → 2026-06-12
2026-07-25 10:40:38,845 [INFO]   Détails: https://www.emploi-public.ma/fr/postes-respo/details/e1a006ee-57b4-4599-b8f6-02c633731638
2026-07-25 10:40:39,752 [INFO]     PDF trouvé: Arrêté d'appel à candidature (score: 20)
2026-07-25 10:40:39,754 [INFO]   [EN COURS] Officier(ère) de Permanence au rang de Chef(fe) de Service à... → 2026-07-27
2026-07-25 10:40:39,754 [INFO]   Détails: https://www.emploi-public.ma/fr/postes-respo/details/c9932c7c-6315-4222-8d28-37e8dcbf86b7
2026-07-25 10:40:40,530 [INFO]     PDF trouvé: Arrêté d'appel à candidature (score: 20)
2026-07-25 10:40:40,531 [INFO]   [EN COURS] Chef de Département Remboursement, Accords Préalables et Pri... → 2026-07-27
2026-07-25 10:40:40,532 [INFO]   Détails: https://www.emploi-public.ma/fr/postes-respo/details/39a003e8-9e1c-48f1-af30-945bf07c3db9
2026-07-25 10:40:41,397 [INFO]     PDF trouvé: Arrêté d'appel à candidature (score: 20)
2026-07-25 10:40:41,398 [INFO]   [EN COURS] Chef de Division Contrôle Médical à Priori et des Prestation... → 2026-07-27
2026-07-25 10:40:41,398 [INFO]   Détails: https://www.emploi-public.ma/fr/postes-respo/details/f9c3410a-a7c1-4545-a915-6bb6f06b4d81
2026-07-25 10:40:42,797 [INFO]     PDF trouvé: Arrêté d'appel à candidature (score: 20)
2026-07-25 10:40:42,798 [INFO]   [EN COURS] Appel à candidature pour les postes de responsabilité au Min... → 2026-07-27
2026-07-25 10:40:42,798 [INFO] Page 4/5
2026-07-25 10:40:42,798 [INFO] Scraping page: https://www.emploi-public.ma/fr/postes-respo-liste?page=3
2026-07-25 10:40:43,659 [INFO]   → 13 annonces trouvées sur cette page
2026-07-25 10:40:43,660 [INFO]   Détails: https://www.emploi-public.ma/fr/postes-respo/details/e2af6bdf-76e9-4dab-b88d-71c8a95777ef
2026-07-25 10:40:44,431 [INFO]     PDF trouvé: Arrêté d'appel à candidature (score: 20)
2026-07-25 10:40:44,432 [INFO]   [EXPIRÉE] Publication de la liste des résultats pour les Postes de res... → 2026-05-25
2026-07-25 10:40:44,432 [INFO]   Détails: https://www.emploi-public.ma/fr/postes-respo/details/e87230b9-5c31-441a-99c0-ef3d70e8fccb
2026-07-25 10:40:45,221 [INFO]     PDF trouvé: Arrêté d'appel à candidature (score: 20)
2026-07-25 10:40:45,223 [INFO]   [EXPIRÉE] Avis de Postes de responsabilités au Ministère de l’intérieu... → 2026-07-22
2026-07-25 10:40:45,223 [INFO]   Détails: https://www.emploi-public.ma/fr/postes-respo/details/cb10246f-888d-4789-9322-8d88f1ca4e21
2026-07-25 10:40:46,323 [INFO]     PDF trouvé: Arrêté d'appel à candidature (score: 20)
2026-07-25 10:40:46,324 [INFO]   [EXPIRÉE] Avis de Postes de responsabilités au Ministère de l’intérieu... → 2026-07-22
2026-07-25 10:40:46,324 [INFO]   Détails: https://www.emploi-public.ma/fr/postes-respo/details/3b6918d1-3c36-4588-a26b-fbe714b6e52d
2026-07-25 10:40:47,103 [INFO]     PDF trouvé: Arrêté d'appel à candidature (score: 20)
2026-07-25 10:40:47,104 [INFO]   [EXPIRÉE] Publication de la liste des convoqués pour l'appel à candida... → 2026-06-24
2026-07-25 10:40:47,105 [INFO]   Détails: https://www.emploi-public.ma/fr/postes-respo/details/eb11c5f5-5e0a-4093-be4a-be951ac1d902
2026-07-25 10:40:47,903 [INFO]     PDF trouvé: Arrêté d'appel à candidature (score: 20)
2026-07-25 10:40:47,904 [INFO]   [EN COURS] Avis de Postes de responsabilités au Ministère de la Jeuness... → 2026-08-05
2026-07-25 10:40:47,904 [INFO]   Détails: https://www.emploi-public.ma/fr/postes-respo/details/19cf5e66-9675-4021-ab42-b1b0b537132c
2026-07-25 10:40:48,698 [INFO]     PDF trouvé: Arrêté d'appel à candidature (score: 20)
2026-07-25 10:40:48,699 [INFO]   [EN COURS] Avis de Postes de responsabilités au Ministère de la Jeuness... → 2026-08-05
2026-07-25 10:40:48,699 [INFO]   Détails: https://www.emploi-public.ma/fr/postes-respo/details/6cf979b2-4c4d-4d2e-8ddf-8b1bbb09eb3e
2026-07-25 10:40:49,503 [INFO]     PDF trouvé: Arrêté d'appel à candidature (score: 20)
2026-07-25 10:40:49,505 [INFO]   [EN COURS] Avis de Postes de responsabilités au Ministère de l'intérieu... → 2026-08-24
2026-07-25 10:40:49,505 [INFO]   Détails: https://www.emploi-public.ma/fr/postes-respo/details/2cba0974-d7be-4c5d-859c-b8bc800df124
2026-07-25 10:40:50,257 [INFO]     PDF trouvé: Arrêté d'appel à candidature (score: 20)
2026-07-25 10:40:50,259 [INFO]   [EN COURS] Avis de Postes de responsabilités au Ministère de l'intérieu... → 2026-08-24
2026-07-25 10:40:50,259 [INFO]   Détails: https://www.emploi-public.ma/fr/postes-respo/details/881fad78-1510-43dd-a038-743c67dd20f8
2026-07-25 10:40:51,104 [INFO]     PDF trouvé: Arrêté d'appel à candidature (score: 20)
2026-07-25 10:40:51,105 [INFO]   [EXPIRÉE] Publication de la liste des convoqués pour l'appel à candida... → 2026-04-24
2026-07-25 10:40:51,105 [INFO]   Détails: https://www.emploi-public.ma/fr/postes-respo/details/e1a006ee-57b4-4599-b8f6-02c633731638
2026-07-25 10:40:51,915 [INFO]     PDF trouvé: Arrêté d'appel à candidature (score: 20)
2026-07-25 10:40:51,917 [INFO]   [EN COURS] Officier(ère) de Permanence au rang de Chef(fe) de Service à... → 2026-07-27
2026-07-25 10:40:51,917 [INFO]   Détails: https://www.emploi-public.ma/fr/postes-respo/details/c9932c7c-6315-4222-8d28-37e8dcbf86b7
2026-07-25 10:40:54,571 [INFO]     PDF trouvé: Arrêté d'appel à candidature (score: 20)
2026-07-25 10:40:54,572 [INFO]   [EN COURS] Chef de Département Remboursement, Accords Préalables et Pri... → 2026-07-27
2026-07-25 10:40:54,572 [INFO]   Détails: https://www.emploi-public.ma/fr/postes-respo/details/39a003e8-9e1c-48f1-af30-945bf07c3db9
2026-07-25 10:40:55,472 [INFO]     PDF trouvé: Arrêté d'appel à candidature (score: 20)
2026-07-25 10:40:55,474 [INFO]   [EN COURS] Chef de Division Contrôle Médical à Priori et des Prestation... → 2026-07-27
2026-07-25 10:40:55,474 [INFO]   Détails: https://www.emploi-public.ma/fr/postes-respo/details/f9c3410a-a7c1-4545-a915-6bb6f06b4d81
2026-07-25 10:40:56,262 [INFO]     PDF trouvé: Arrêté d'appel à candidature (score: 20)
2026-07-25 10:40:56,264 [INFO]   [EN COURS] Appel à candidature pour les postes de responsabilité au Min... → 2026-07-27
2026-07-25 10:40:56,264 [INFO] Page 5/5
2026-07-25 10:40:56,264 [INFO] Scraping page: https://www.emploi-public.ma/fr/postes-respo-liste?page=4
2026-07-25 10:40:57,729 [INFO]   → 13 annonces trouvées sur cette page
2026-07-25 10:40:57,730 [INFO]   Détails: https://www.emploi-public.ma/fr/postes-respo/details/dd4ef999-edb7-4d73-a51f-f94527df58d6
2026-07-25 10:40:58,534 [INFO]     PDF trouvé: Arrêté d'appel à candidature (score: 20)
2026-07-25 10:40:58,535 [INFO]   [EN COURS] Avis de Postes de responsabilités au Ministère de l’Agricult... → 2026-08-03
2026-07-25 10:40:58,535 [INFO]   Détails: https://www.emploi-public.ma/fr/postes-respo/details/8191a001-182e-490c-a582-5cf834f5eeb7
2026-07-25 10:40:59,392 [INFO]     PDF trouvé: Arrêté d'appel à candidature (score: 20)
2026-07-25 10:40:59,393 [INFO]   [EXPIRÉE] Publication de la liste des résultats pour les Postes de res... → 2026-05-18
2026-07-25 10:40:59,393 [INFO]   Détails: https://www.emploi-public.ma/fr/postes-respo/details/a35f3c8e-0667-423a-a54c-978dbf200428
2026-07-25 10:41:00,223 [INFO]     PDF trouvé: Arrêté d'appel à candidature (score: 20)
2026-07-25 10:41:00,224 [INFO]   [EXPIRÉE] Publication de la liste des résultats pour les Postes de res... → 2026-07-08
2026-07-25 10:41:00,225 [INFO]   Détails: https://www.emploi-public.ma/fr/postes-respo/details/c570c40b-7e53-4d54-ba1a-13f0893e857c
2026-07-25 10:41:01,489 [INFO]     PDF trouvé: Arrêté d'appel à candidature (score: 20)
2026-07-25 10:41:01,491 [INFO]   [EN COURS] Avis de Postes de responsabilités au Conseil national des dr... → 2026-08-10
2026-07-25 10:41:01,491 [INFO]   Détails: https://www.emploi-public.ma/fr/postes-respo/details/1bdf85ad-c948-4784-b473-af98b5a2bdc4
2026-07-25 10:41:02,236 [INFO]     PDF trouvé: Arrêté d'appel à candidature (score: 20)
2026-07-25 10:41:02,237 [INFO]   [EXPIRÉE] Publication de la liste des convoqués pour l'appel à candida... → 2026-05-25
2026-07-25 10:41:02,237 [INFO]   Détails: https://www.emploi-public.ma/fr/postes-respo/details/b2591536-0a21-45a1-8b3f-43030a0c8988
2026-07-25 10:41:03,124 [INFO]     PDF trouvé: Arrêté d'appel à candidature (score: 20)
2026-07-25 10:41:03,125 [INFO]   [EXPIRÉE] Publication de la liste des résultats pour les Postes de res... → 2026-07-08
2026-07-25 10:41:03,125 [INFO]   Détails: https://www.emploi-public.ma/fr/postes-respo/details/c4f5cb55-ee66-4bf2-b1f2-cf71a2c23130
2026-07-25 10:41:07,033 [INFO]     PDF trouvé: Arrêté d'appel à candidature (score: 20)
2026-07-25 10:41:07,034 [INFO]   [EXPIRÉE] Publication de la liste des résultats pour les Postes de res... → 2026-03-27
2026-07-25 10:41:07,034 [INFO]   Détails: https://www.emploi-public.ma/fr/postes-respo/details/22705a8c-da33-4075-8bf0-5ed6d7154128
2026-07-25 10:41:07,812 [INFO]     PDF trouvé: Arrêté d'appel à candidature (score: 20)
2026-07-25 10:41:07,813 [INFO]   [EN COURS] Avis de Postes de responsabilités au Délégation générale à l... → 2026-08-17
2026-07-25 10:41:07,813 [INFO]   Détails: https://www.emploi-public.ma/fr/postes-respo/details/e774ca4d-81dc-42d4-8139-14553b32118f
2026-07-25 10:41:10,664 [INFO]     PDF trouvé: Arrêté d'appel à candidature (score: 20)
2026-07-25 10:41:10,665 [INFO]   [EN COURS] Avis de Postes de responsabilités au Ministère de la Jeuness... → 2026-08-04
2026-07-25 10:41:10,665 [INFO]   Détails: https://www.emploi-public.ma/fr/postes-respo/details/e1a006ee-57b4-4599-b8f6-02c633731638
2026-07-25 10:41:12,776 [INFO]     PDF trouvé: Arrêté d'appel à candidature (score: 20)
2026-07-25 10:41:12,777 [INFO]   [EN COURS] Officier(ère) de Permanence au rang de Chef(fe) de Service à... → 2026-07-27
2026-07-25 10:41:12,777 [INFO]   Détails: https://www.emploi-public.ma/fr/postes-respo/details/c9932c7c-6315-4222-8d28-37e8dcbf86b7
2026-07-25 10:41:20,043 [INFO]     PDF trouvé: Arrêté d'appel à candidature (score: 20)
2026-07-25 10:41:20,044 [INFO]   [EN COURS] Chef de Département Remboursement, Accords Préalables et Pri... → 2026-07-27
2026-07-25 10:41:20,044 [INFO]   Détails: https://www.emploi-public.ma/fr/postes-respo/details/39a003e8-9e1c-48f1-af30-945bf07c3db9
2026-07-25 10:41:21,904 [INFO]     PDF trouvé: Arrêté d'appel à candidature (score: 20)
2026-07-25 10:41:21,905 [INFO]   [EN COURS] Chef de Division Contrôle Médical à Priori et des Prestation... → 2026-07-27
2026-07-25 10:41:21,905 [INFO]   Détails: https://www.emploi-public.ma/fr/postes-respo/details/f9c3410a-a7c1-4545-a915-6bb6f06b4d81
2026-07-25 10:41:22,784 [INFO]     PDF trouvé: Arrêté d'appel à candidature (score: 20)
2026-07-25 10:41:22,785 [INFO]   [EN COURS] Appel à candidature pour les postes de responsabilité au Min... → 2026-07-27
2026-07-25 10:41:22,785 [INFO] 
--- Catégorie: Recrutement des experts ---
2026-07-25 10:41:22,785 [INFO] Page 1/5
2026-07-25 10:41:22,785 [INFO] Scraping page: https://www.emploi-public.ma/fr/experts-liste
2026-07-25 10:41:31,708 [INFO]   → 9 annonces trouvées sur cette page
2026-07-25 10:41:31,709 [INFO]   Détails: https://www.emploi-public.ma/fr/experts/details/4854b58c-c09e-4edd-9a39-c01a0c414425
2026-07-25 10:41:38,443 [INFO]     PDF trouvé: Arrêté d'appel à candidature (score: 20)
2026-07-25 10:41:38,444 [INFO]   [EXPIRÉE] Publication de la liste des résultats pour le poste de EXPER... → 2026-04-12
2026-07-25 10:41:38,444 [INFO]   Détails: https://www.emploi-public.ma/fr/experts/details/ff8d6494-748d-4698-8ef0-676cbd5b1951
2026-07-25 10:41:39,122 [INFO]     PDF trouvé: Arrêté d'appel à candidature (score: 20)
2026-07-25 10:41:39,124 [INFO]   [EXPIRÉE] Appel à candidature pour le poste Expert des Affaires Juridi... → 2026-06-25
2026-07-25 10:41:39,124 [INFO]   Détails: https://www.emploi-public.ma/fr/experts/details/abce4b98-a1d8-48f9-a84c-053f53697154
2026-07-25 10:41:39,799 [INFO]     PDF trouvé: Arrêté d'appel à candidature (score: 20)
2026-07-25 10:41:39,800 [INFO]   [EXPIRÉE] Appel à candidature pour le poste expert... → 2026-06-15
2026-07-25 10:41:39,800 [INFO]   Détails: https://www.emploi-public.ma/fr/experts/details/5030f678-19f4-4bc0-96c6-f5462b134c1c
2026-07-25 10:41:40,464 [INFO]     PDF trouvé: Arrêté d'appel à candidature (score: 20)
2026-07-25 10:41:40,465 [INFO]   [EXPIRÉE] Appel à candidature pour le poste expert... → 2026-06-08
2026-07-25 10:41:40,465 [INFO]   Détails: https://www.emploi-public.ma/fr/experts/details/b0a97522-0c72-4a26-8b32-da0c02e79891
2026-07-25 10:41:41,296 [INFO]     PDF trouvé: Arrêté d'appel à candidature (score: 20)
2026-07-25 10:41:41,297 [INFO]   [EXPIRÉE] Appel à candidature pour le poste EXPERT CONTRACTUEL... → 2026-06-03
2026-07-25 10:41:41,297 [INFO]   Détails: https://www.emploi-public.ma/fr/experts/details/b3f7145b-9f2a-4cb4-aef7-1d917c679a65
2026-07-25 10:41:43,357 [INFO]     PDF trouvé: Arrêté d'appel à candidature (score: 20)
2026-07-25 10:41:43,359 [INFO]   [EXPIRÉE] Appel à candidature pour le poste expert... → 2026-05-29
2026-07-25 10:41:43,359 [INFO]   Détails: https://www.emploi-public.ma/fr/experts/details/d9255cd9-fe2e-4248-8eba-adf58b668823
2026-07-25 10:41:44,115 [INFO]     PDF trouvé: Arrêté d'appel à candidature (score: 20)
2026-07-25 10:41:44,117 [INFO]   [EXPIRÉE] Appel à candidature pour le poste Expert en matière de négoc... → 2026-04-03
2026-07-25 10:41:44,117 [INFO]   Détails: https://www.emploi-public.ma/fr/experts/details/0236914d-e17c-41c5-a5be-e632ad35f838
2026-07-25 10:41:44,806 [INFO]     PDF trouvé: Arrêté d'appel à candidature (score: 20)
2026-07-25 10:41:44,807 [INFO]   [EXPIRÉE] Appel à candidature pour le poste expert... → 2026-03-17
2026-07-25 10:41:44,807 [INFO]   Détails: https://www.emploi-public.ma/fr/experts/details/2a449c40-1832-450d-9eae-a70607bcac07
2026-07-25 10:41:45,548 [INFO]     PDF trouvé: Arrêté d'appel à candidature (score: 20)
2026-07-25 10:41:45,550 [INFO]   [EXPIRÉE] Appel à candidature pour le poste Expert... → 2026-03-16
2026-07-25 10:41:45,550 [INFO] Page 2/5
2026-07-25 10:41:45,550 [INFO] Scraping page: https://www.emploi-public.ma/fr/experts-liste?page=1
2026-07-25 10:41:46,240 [INFO]   → 9 annonces trouvées sur cette page
2026-07-25 10:41:46,241 [INFO]   Détails: https://www.emploi-public.ma/fr/experts/details/4854b58c-c09e-4edd-9a39-c01a0c414425
2026-07-25 10:41:46,931 [INFO]     PDF trouvé: Arrêté d'appel à candidature (score: 20)
2026-07-25 10:41:46,932 [INFO]   [EXPIRÉE] Publication de la liste des résultats pour le poste de EXPER... → 2026-04-12
2026-07-25 10:41:46,932 [INFO]   Détails: https://www.emploi-public.ma/fr/experts/details/ff8d6494-748d-4698-8ef0-676cbd5b1951
2026-07-25 10:41:47,628 [INFO]     PDF trouvé: Arrêté d'appel à candidature (score: 20)
2026-07-25 10:41:47,630 [INFO]   [EXPIRÉE] Appel à candidature pour le poste Expert des Affaires Juridi... → 2026-06-25
2026-07-25 10:41:47,630 [INFO]   Détails: https://www.emploi-public.ma/fr/experts/details/abce4b98-a1d8-48f9-a84c-053f53697154
2026-07-25 10:41:48,349 [INFO]     PDF trouvé: Arrêté d'appel à candidature (score: 20)
2026-07-25 10:41:48,350 [INFO]   [EXPIRÉE] Appel à candidature pour le poste expert... → 2026-06-15
2026-07-25 10:41:48,350 [INFO]   Détails: https://www.emploi-public.ma/fr/experts/details/5030f678-19f4-4bc0-96c6-f5462b134c1c
2026-07-25 10:41:49,254 [INFO]     PDF trouvé: Arrêté d'appel à candidature (score: 20)
2026-07-25 10:41:49,256 [INFO]   [EXPIRÉE] Appel à candidature pour le poste expert... → 2026-06-08
2026-07-25 10:41:49,256 [INFO]   Détails: https://www.emploi-public.ma/fr/experts/details/b0a97522-0c72-4a26-8b32-da0c02e79891
2026-07-25 10:41:50,191 [INFO]     PDF trouvé: Arrêté d'appel à candidature (score: 20)
2026-07-25 10:41:50,192 [INFO]   [EXPIRÉE] Appel à candidature pour le poste EXPERT CONTRACTUEL... → 2026-06-03
2026-07-25 10:41:50,192 [INFO]   Détails: https://www.emploi-public.ma/fr/experts/details/b3f7145b-9f2a-4cb4-aef7-1d917c679a65
2026-07-25 10:41:50,903 [INFO]     PDF trouvé: Arrêté d'appel à candidature (score: 20)
2026-07-25 10:41:50,904 [INFO]   [EXPIRÉE] Appel à candidature pour le poste expert... → 2026-05-29
2026-07-25 10:41:50,904 [INFO]   Détails: https://www.emploi-public.ma/fr/experts/details/d9255cd9-fe2e-4248-8eba-adf58b668823
2026-07-25 10:41:51,618 [INFO]     PDF trouvé: Arrêté d'appel à candidature (score: 20)
2026-07-25 10:41:51,619 [INFO]   [EXPIRÉE] Appel à candidature pour le poste Expert en matière de négoc... → 2026-04-03
2026-07-25 10:41:51,620 [INFO]   Détails: https://www.emploi-public.ma/fr/experts/details/0236914d-e17c-41c5-a5be-e632ad35f838
2026-07-25 10:41:52,297 [INFO]     PDF trouvé: Arrêté d'appel à candidature (score: 20)
2026-07-25 10:41:52,298 [INFO]   [EXPIRÉE] Appel à candidature pour le poste expert... → 2026-03-17
2026-07-25 10:41:52,299 [INFO]   Détails: https://www.emploi-public.ma/fr/experts/details/2a449c40-1832-450d-9eae-a70607bcac07
2026-07-25 10:41:53,382 [INFO]     PDF trouvé: Arrêté d'appel à candidature (score: 20)
2026-07-25 10:41:53,383 [INFO]   [EXPIRÉE] Appel à candidature pour le poste Expert... → 2026-03-16
2026-07-25 10:41:53,383 [INFO] Page 3/5
2026-07-25 10:41:53,384 [INFO] Scraping page: https://www.emploi-public.ma/fr/experts-liste?page=2
2026-07-25 10:41:54,626 [INFO]   → 9 annonces trouvées sur cette page
2026-07-25 10:41:54,627 [INFO]   Détails: https://www.emploi-public.ma/fr/experts/details/1f2e38a5-0fe9-4f17-89fb-d23ab9140242
2026-07-25 10:41:55,291 [INFO]     PDF trouvé: Arrêté d'appel à candidature (score: 20)
2026-07-25 10:41:55,292 [INFO]   [EXPIRÉE] Appel à candidature pour le poste expert dans les domaines l... → 2026-03-12
2026-07-25 10:41:55,293 [INFO]   Détails: https://www.emploi-public.ma/fr/experts/details/2401abad-8177-4fdc-8c76-354d03f61cd3
2026-07-25 10:41:55,977 [INFO]     PDF trouvé: Arrêté d'appel à candidature (score: 20)
2026-07-25 10:41:55,978 [INFO]   [EXPIRÉE] Appel à candidature pour le poste expert... → 2026-02-18
2026-07-25 10:41:55,978 [INFO]   Détails: https://www.emploi-public.ma/fr/experts/details/ad16f9e2-25eb-4a06-9a7a-572410c14d55
2026-07-25 10:41:56,664 [INFO]     PDF trouvé: Arrêté d'appel à candidature (score: 20)
2026-07-25 10:41:56,665 [INFO]   [EXPIRÉE] Appel à candidature pour le poste Expert en gouvernance des ... → 2025-12-23
2026-07-25 10:41:56,665 [INFO]   Détails: https://www.emploi-public.ma/fr/experts/details/302ab5a1-fa28-4ec1-9341-8ba50b6bf810
2026-07-25 10:41:57,326 [INFO]     PDF trouvé: Arrêté d'appel à candidature (score: 20)
2026-07-25 10:41:57,327 [INFO]   [EXPIRÉE] Appel à candidature pour le poste expert... → 2025-12-21
2026-07-25 10:41:57,327 [INFO]   Détails: https://www.emploi-public.ma/fr/experts/details/f9f74e66-af9e-4c4a-9cec-491e7d25fbbb
2026-07-25 10:41:57,986 [INFO]     PDF trouvé: Arrêté d'appel à candidature (score: 20)
2026-07-25 10:41:57,987 [INFO]   [EXPIRÉE] Publication de la liste des résultats pour le poste de Exper... → 2025-12-06
2026-07-25 10:41:57,988 [INFO]   Détails: https://www.emploi-public.ma/fr/experts/details/99f49e97-4b0e-4897-b1c6-a1a811d179d9
2026-07-25 10:41:58,652 [INFO]     PDF trouvé: Arrêté d'appel à candidature (score: 20)
2026-07-25 10:41:58,653 [INFO]   [EXPIRÉE] Publication de la liste des résultats pour le poste de Exper... → 2025-12-06
2026-07-25 10:41:58,653 [INFO]   Détails: https://www.emploi-public.ma/fr/experts/details/121493c9-78d8-44bf-b408-e42f8bf43d27
2026-07-25 10:41:59,335 [INFO]     PDF trouvé: Arrêté d'appel à candidature (score: 20)
2026-07-25 10:41:59,336 [INFO]   [EXPIRÉE] Appel à candidature pour le poste Expert en coordination ins... → 2025-12-05
2026-07-25 10:41:59,337 [INFO]   Détails: https://www.emploi-public.ma/fr/experts/details/336eb4a9-c147-4981-94da-c636a748f7a0
2026-07-25 10:41:59,996 [INFO]     PDF trouvé: Arrêté d'appel à candidature (score: 20)
2026-07-25 10:41:59,997 [INFO]   [EXPIRÉE] Publication de la liste des résultats pour le poste de Exper... → 2025-09-30
2026-07-25 10:41:59,997 [INFO]   Détails: https://www.emploi-public.ma/fr/experts/details/0917753f-ac81-4229-b8d4-5292cae1510a
2026-07-25 10:42:00,673 [INFO]     PDF trouvé: Arrêté d'appel à candidature (score: 20)
2026-07-25 10:42:00,675 [INFO]   [EXPIRÉE] Appel à candidature pour le poste Expert contractuel... → 2025-06-11
2026-07-25 10:42:00,675 [INFO] Page 4/5
2026-07-25 10:42:00,675 [INFO] Scraping page: https://www.emploi-public.ma/fr/experts-liste?page=3
2026-07-25 10:42:01,838 [INFO]   → 9 annonces trouvées sur cette page
2026-07-25 10:42:01,839 [INFO]   Détails: https://www.emploi-public.ma/fr/experts/details/1e6a6ce8-141e-4fe3-b660-097a9342e904
2026-07-25 10:42:02,530 [INFO]     PDF trouvé: Arrêté d'appel à candidature (score: 20)
2026-07-25 10:42:02,531 [INFO]   [EXPIRÉE] Appel à candidature pour le poste expert en affaires juridiq... → 2025-06-09
2026-07-25 10:42:02,531 [INFO]   Détails: https://www.emploi-public.ma/fr/experts/details/9973e98f-4e11-40f1-aeae-194d055be60c
2026-07-25 10:42:03,253 [INFO]     PDF trouvé: Arrêté d'appel à candidature (score: 20)
2026-07-25 10:42:03,255 [INFO]   [EXPIRÉE] Appel à candidature pour le poste Expert en océanographie et... → 2025-06-06
2026-07-25 10:42:03,255 [INFO]   Détails: https://www.emploi-public.ma/fr/experts/details/c4333ade-5b69-4a9b-b1d6-23858dca3e02
2026-07-25 10:42:03,961 [INFO]     PDF trouvé: Arrêté d'appel à candidature (score: 20)
2026-07-25 10:42:03,962 [INFO]   [EXPIRÉE] Appel à candidature pour le poste Quatre experts aux compéte... → 2025-05-14
2026-07-25 10:42:03,962 [INFO]   Détails: https://www.emploi-public.ma/fr/experts/details/3d556890-d88a-4b78-aa10-b953f3a04785
2026-07-25 10:42:04,638 [INFO]     PDF trouvé: Arrêté d'appel à candidature (score: 20)
2026-07-25 10:42:04,639 [INFO]   [EXPIRÉE] Appel à candidature pour le poste expert en affaires juridiq... → 2025-05-02
2026-07-25 10:42:04,640 [INFO]   Détails: https://www.emploi-public.ma/fr/experts/details/1d5f52e9-1b4b-423d-bf9b-935a34d3caf2
2026-07-25 10:42:05,353 [INFO]     PDF trouvé: Arrêté d'appel à candidature (score: 20)
2026-07-25 10:42:05,354 [INFO]   [EXPIRÉE] Appel à candidature pour le poste expert... → 2025-04-18
2026-07-25 10:42:05,354 [INFO]   Détails: https://www.emploi-public.ma/fr/experts/details/ee7b273d-5714-41aa-9489-a47d37eb618e
2026-07-25 10:42:06,037 [INFO]     PDF trouvé: Arrêté d'appel à candidature (score: 20)
2026-07-25 10:42:06,038 [INFO]   [EXPIRÉE] Appel à candidature pour le poste Expert en Politique Hydriq... → 2025-04-07
2026-07-25 10:42:06,038 [INFO]   Détails: https://www.emploi-public.ma/fr/experts/details/74c6b2c0-7af0-4688-937b-1881caa843f0
2026-07-25 10:42:06,738 [INFO]     PDF trouvé: Arrêté d'appel à candidature (score: 20)
2026-07-25 10:42:06,739 [INFO]   [EXPIRÉE] Appel à candidature pour le poste expert dans le domaine de ... → 2025-03-31
2026-07-25 10:42:06,739 [INFO]   Détails: https://www.emploi-public.ma/fr/experts/details/efe61f8c-79ae-41bf-851e-67e779047d6a
2026-07-25 10:42:13,109 [INFO]     PDF trouvé: Arrêté d'appel à candidature (score: 20)
2026-07-25 10:42:13,111 [INFO]   [EXPIRÉE] Appel à candidature pour le poste Poste d'Expert en génie ci... → 2025-03-27
2026-07-25 10:42:13,111 [INFO]   Détails: https://www.emploi-public.ma/fr/experts/details/c8ffa879-6f01-46df-9beb-eb9ae0a6f554
2026-07-25 10:42:13,779 [INFO]     PDF trouvé: Arrêté d'appel à candidature (score: 20)
2026-07-25 10:42:13,780 [INFO]   [EXPIRÉE] Appel à candidature pour le poste خبير في مجال صياغة إستراتي... → 2025-03-21
2026-07-25 10:42:13,780 [INFO] Page 5/5
2026-07-25 10:42:13,780 [INFO] Scraping page: https://www.emploi-public.ma/fr/experts-liste?page=4
2026-07-25 10:42:14,465 [INFO]   → 9 annonces trouvées sur cette page
2026-07-25 10:42:14,466 [INFO]   Détails: https://www.emploi-public.ma/fr/experts/details/a538c27d-7e09-4441-9551-b22fe9e9d017
2026-07-25 10:42:15,131 [INFO]     PDF trouvé: Arrêté d'appel à candidature (score: 20)
2026-07-25 10:42:15,132 [INFO]   [EXPIRÉE] Appel à candidature pour le poste خبير في مجال إستراتيجية من... → 2025-03-21
2026-07-25 10:42:15,132 [INFO]   Détails: https://www.emploi-public.ma/fr/experts/details/cf3172d1-8c15-4404-b1ff-21c154c7da2f
2026-07-25 10:42:16,490 [INFO]     PDF trouvé: Arrêté d'appel à candidature (score: 20)
2026-07-25 10:42:16,491 [INFO]   [EXPIRÉE] Appel à candidature pour le poste خبير في مجال تطوير التعاون... → 2025-03-21
2026-07-25 10:42:16,492 [INFO]   Détails: https://www.emploi-public.ma/fr/experts/details/55bfa14b-dac1-4967-b1b6-8983cea09ed9
2026-07-25 10:42:17,562 [INFO]     PDF trouvé: Arrêté d'appel à candidature (score: 20)
2026-07-25 10:42:17,563 [INFO]   [EXPIRÉE] Appel à candidature pour le poste خبير في مجال نظم المعلوميا... → 2025-03-21
2026-07-25 10:42:17,563 [INFO]   Détails: https://www.emploi-public.ma/fr/experts/details/9ebae75d-f857-4c4d-9e16-0108b872c04f
2026-07-25 10:42:19,115 [INFO]     PDF trouvé: Arrêté d'appel à candidature (score: 20)
2026-07-25 10:42:19,116 [INFO]   [EXPIRÉE] Appel à candidature pour le poste gestion des projets et ges... → 2025-03-19
2026-07-25 10:42:19,116 [INFO]   Détails: https://www.emploi-public.ma/fr/experts/details/0608bdd0-0a58-4c90-a1d5-bd3483116452
2026-07-25 10:42:19,781 [INFO]     PDF trouvé: Arrêté d'appel à candidature (score: 20)
2026-07-25 10:42:19,782 [INFO]   [EXPIRÉE] Appel à candidature pour le poste Poste d'expert dans les re... → 2025-02-03
2026-07-25 10:42:19,782 [INFO]   Détails: https://www.emploi-public.ma/fr/experts/details/0cff84fa-82b2-4363-93e0-a88e5063ef0b
2026-07-25 10:42:20,488 [INFO]     PDF trouvé: Arrêté d'appel à candidature (score: 20)
2026-07-25 10:42:20,489 [INFO]   [EXPIRÉE] Appel à candidature pour le poste Expert en gestion des marc... → 2025-01-27
2026-07-25 10:42:20,490 [INFO]   Détails: https://www.emploi-public.ma/fr/experts/details/74373088-bc5e-4908-985b-9b0086ffaed3
2026-07-25 10:42:21,175 [INFO]     PDF trouvé: Arrêté d'appel à candidature (score: 20)
2026-07-25 10:42:21,176 [INFO]   [EXPIRÉE] Appel à candidature pour le poste Expert... → 2025-01-24
2026-07-25 10:42:21,176 [INFO]   Détails: https://www.emploi-public.ma/fr/experts/details/c14080a7-f964-4481-923d-668331b39671
2026-07-25 10:42:21,870 [INFO]     PDF trouvé: Arrêté d'appel à candidature (score: 20)
2026-07-25 10:42:21,871 [INFO]   [EXPIRÉE] Appel à candidature pour le poste Expert... → 2025-01-24
2026-07-25 10:42:21,872 [INFO]   Détails: https://www.emploi-public.ma/fr/experts/details/728ebc5b-6b53-4539-b18a-620011be8614
2026-07-25 10:42:22,524 [INFO]     PDF trouvé: Arrêté d'appel à candidature (score: 20)
2026-07-25 10:42:22,525 [INFO]   [EXPIRÉE] Appel à candidature pour le poste Expert... → 2025-01-24
2026-07-25 10:42:22,527 [INFO] 
============================================================
2026-07-25 10:42:22,527 [INFO] RÉSUMÉ
2026-07-25 10:42:22,527 [INFO] ============================================================
2026-07-25 10:42:22,527 [INFO] Annonces traitées: 200
2026-07-25 10:42:22,527 [INFO] Dates en cours: 57
2026-07-25 10:42:22,527 [INFO] Dates expirées: 99
2026-07-25 10:42:22,527 [INFO] Total résultats en base: 128
2026-07-25 10:42:24,870 [INFO] Email envoyé à cavalkhalid@gmail.com
2026-07-25 10:42:24,870 [INFO] 
Scraper terminé.
2026-07-28 11:22:51,927 [INFO] ============================================================
2026-07-28 11:22:51,927 [INFO] DÉMARRAGE DU SCRAPER emploi-public.ma (FR)
2026-07-28 11:22:51,927 [INFO] Date: 2026-07-28 11:22:51
2026-07-28 11:22:51,927 [INFO] ============================================================
2026-07-28 11:22:51,928 [INFO] 
--- Catégorie: Concours de recrutement ---
2026-07-28 11:22:51,928 [INFO] Page 1/5
2026-07-28 11:22:51,928 [INFO] Scraping page: https://www.emploi-public.ma/fr/concours-liste
2026-07-28 11:22:54,952 [INFO]   → 9 annonces trouvées sur cette page
2026-07-28 11:22:54,953 [INFO]   Détails: https://www.emploi-public.ma/fr/concours/details/74fa6128-711a-40b7-b71b-5b4388a2d9d4
2026-07-28 11:22:55,780 [INFO]     PDF trouvé: Arrêté d'ouverture du concours (score: 25)
2026-07-28 11:22:55,781 [INFO]   [EN COURS] Avis de concours de recrutement de Adjoint technique 2ème gr... → 2026-08-10
2026-07-28 11:22:55,781 [INFO]   Détails: https://www.emploi-public.ma/fr/concours/details/3d99718c-9c89-43ed-92b5-ec76b2c038b3
2026-07-28 11:22:56,597 [INFO]     PDF trouvé: Arrêté d'ouverture du concours (score: 25)
2026-07-28 11:22:56,597 [INFO]   [EN COURS] Avis de concours de recrutement de Technicien de 4ème grade ... → 2026-08-10
2026-07-28 11:22:56,598 [INFO]   Détails: https://www.emploi-public.ma/fr/concours/details/4e64e78f-621d-4e95-a829-a8b22986502a
2026-07-28 11:22:57,821 [INFO]     PDF trouvé: Arrêté d'ouverture du concours (score: 25)
2026-07-28 11:22:57,822 [INFO]   [EN COURS] Avis de concours de recrutement de Technicien de 3ème grade ... → 2026-08-10
2026-07-28 11:22:57,822 [INFO]   Détails: https://www.emploi-public.ma/fr/concours/details/bacf792b-04bc-4a4b-a73b-cc69eab17a49
2026-07-28 11:22:58,903 [INFO]     PDF trouvé: Arrêté d'ouverture du concours (score: 25)
2026-07-28 11:22:58,904 [INFO]   [EN COURS] Avis de concours de recrutement de Ingénieur d'Etat 1er grad... → 2026-08-10
2026-07-28 11:22:58,904 [INFO]   Détails: https://www.emploi-public.ma/fr/concours/details/3d6e4275-fe42-4fa4-b135-22595857f77b
2026-07-28 11:22:59,581 [INFO]     PDF trouvé: Arrêté d'ouverture du concours (score: 25)
2026-07-28 11:22:59,582 [INFO]   [EN COURS] Avis de concours de recrutement de Secrétaire des affaires é... → 2026-08-10
2026-07-28 11:22:59,582 [INFO]   Détails: https://www.emploi-public.ma/fr/concours/details/f8fd2d0d-5d98-42d7-8229-9924acf1c303
2026-07-28 11:23:00,395 [INFO]     PDF trouvé: Arrêté d'ouverture du concours (score: 25)
2026-07-28 11:23:00,396 [INFO]   [EN COURS] Avis de concours de recrutement de Conseiller des affaires é... → 2026-08-10
2026-07-28 11:23:00,396 [INFO]   Détails: https://www.emploi-public.ma/fr/concours/details/0d14767d-7b8a-4282-b397-96709c297e37
2026-07-28 11:23:01,762 [INFO]     PDF trouvé: Arrêté d'ouverture du concours (score: 25)
2026-07-28 11:23:01,763 [INFO]   [EN COURS] Avis de concours de recrutement de Inspecteur des Douanes de... → 2026-08-10
2026-07-28 11:23:01,764 [INFO]   Détails: https://www.emploi-public.ma/fr/concours/details/ab562af5-0ec1-4fe8-99a3-48cd82b59676
2026-07-28 11:23:05,851 [INFO]     PDF trouvé: Arrêté d'ouverture du concours (score: 25)
2026-07-28 11:23:05,852 [INFO]   [EN COURS] Avis de concours de recrutement de Ingénieur d’Etat  des Dou... → 2026-08-10
2026-07-28 11:23:05,852 [INFO]   Détails: https://www.emploi-public.ma/fr/concours/details/e9c0bb85-e735-4886-acf1-b3309ba4a205
2026-07-28 11:23:15,063 [INFO]     PDF trouvé: Arrêté d'ouverture du concours (score: 25)
2026-07-28 11:23:15,064 [INFO]   [EN COURS] Avis de concours de recrutement de Ingénieur d'Etat 1er grad... → 2026-08-10
2026-07-28 11:23:15,064 [INFO] Page 2/5
2026-07-28 11:23:15,064 [INFO] Scraping page: https://www.emploi-public.ma/fr/concours-liste?page=1
2026-07-28 11:23:17,848 [INFO]   → 9 annonces trouvées sur cette page
2026-07-28 11:23:17,849 [INFO]   Détails: https://www.emploi-public.ma/fr/concours/details/74fa6128-711a-40b7-b71b-5b4388a2d9d4
2026-07-28 11:23:19,103 [INFO]     PDF trouvé: Arrêté d'ouverture du concours (score: 25)
2026-07-28 11:23:19,104 [INFO]   [EN COURS] Avis de concours de recrutement de Adjoint technique 2ème gr... → 2026-08-10
2026-07-28 11:23:19,104 [INFO]   Détails: https://www.emploi-public.ma/fr/concours/details/3d99718c-9c89-43ed-92b5-ec76b2c038b3
2026-07-28 11:23:19,733 [INFO]     PDF trouvé: Arrêté d'ouverture du concours (score: 25)
2026-07-28 11:23:19,734 [INFO]   [EN COURS] Avis de concours de recrutement de Technicien de 4ème grade ... → 2026-08-10
2026-07-28 11:23:19,734 [INFO]   Détails: https://www.emploi-public.ma/fr/concours/details/4e64e78f-621d-4e95-a829-a8b22986502a
2026-07-28 11:23:20,860 [INFO]     PDF trouvé: Arrêté d'ouverture du concours (score: 25)
2026-07-28 11:23:20,860 [INFO]   [EN COURS] Avis de concours de recrutement de Technicien de 3ème grade ... → 2026-08-10
2026-07-28 11:23:20,861 [INFO]   Détails: https://www.emploi-public.ma/fr/concours/details/bacf792b-04bc-4a4b-a73b-cc69eab17a49
2026-07-28 11:23:21,677 [INFO]     PDF trouvé: Arrêté d'ouverture du concours (score: 25)
2026-07-28 11:23:21,678 [INFO]   [EN COURS] Avis de concours de recrutement de Ingénieur d'Etat 1er grad... → 2026-08-10
2026-07-28 11:23:21,680 [INFO]   Détails: https://www.emploi-public.ma/fr/concours/details/3d6e4275-fe42-4fa4-b135-22595857f77b
2026-07-28 11:23:22,576 [INFO]     PDF trouvé: Arrêté d'ouverture du concours (score: 25)
2026-07-28 11:23:22,577 [INFO]   [EN COURS] Avis de concours de recrutement de Secrétaire des affaires é... → 2026-08-10
2026-07-28 11:23:22,577 [INFO]   Détails: https://www.emploi-public.ma/fr/concours/details/f8fd2d0d-5d98-42d7-8229-9924acf1c303
2026-07-28 11:23:23,506 [INFO]     PDF trouvé: Arrêté d'ouverture du concours (score: 25)
2026-07-28 11:23:23,507 [INFO]   [EN COURS] Avis de concours de recrutement de Conseiller des affaires é... → 2026-08-10
2026-07-28 11:23:23,507 [INFO]   Détails: https://www.emploi-public.ma/fr/concours/details/0d14767d-7b8a-4282-b397-96709c297e37
2026-07-28 11:23:24,377 [INFO]     PDF trouvé: Arrêté d'ouverture du concours (score: 25)
2026-07-28 11:23:24,378 [INFO]   [EN COURS] Avis de concours de recrutement de Inspecteur des Douanes de... → 2026-08-10
2026-07-28 11:23:24,378 [INFO]   Détails: https://www.emploi-public.ma/fr/concours/details/ab562af5-0ec1-4fe8-99a3-48cd82b59676
2026-07-28 11:23:25,593 [INFO]     PDF trouvé: Arrêté d'ouverture du concours (score: 25)
2026-07-28 11:23:25,594 [INFO]   [EN COURS] Avis de concours de recrutement de Ingénieur d’Etat  des Dou... → 2026-08-10
2026-07-28 11:23:25,594 [INFO]   Détails: https://www.emploi-public.ma/fr/concours/details/e9c0bb85-e735-4886-acf1-b3309ba4a205
2026-07-28 11:23:26,437 [INFO]     PDF trouvé: Arrêté d'ouverture du concours (score: 25)
2026-07-28 11:23:26,438 [INFO]   [EN COURS] Avis de concours de recrutement de Ingénieur d'Etat 1er grad... → 2026-08-10
2026-07-28 11:23:26,438 [INFO] Page 3/5
2026-07-28 11:23:26,438 [INFO] Scraping page: https://www.emploi-public.ma/fr/concours-liste?page=2
2026-07-28 11:23:28,130 [INFO]   → 9 annonces trouvées sur cette page
2026-07-28 11:23:28,131 [INFO]   Détails: https://www.emploi-public.ma/fr/concours/details/d91438ac-a7df-48aa-a29d-ea568c52b32e
2026-07-28 11:23:29,258 [INFO]     PDF trouvé: Arrêté d'ouverture du concours (score: 25)
2026-07-28 11:23:29,259 [INFO]   [EN COURS] Avis de concours de recrutement de Technicien de 3ème grade ... → 2026-08-07
2026-07-28 11:23:29,260 [INFO]   Détails: https://www.emploi-public.ma/fr/concours/details/6aa579ad-7abb-44f1-b036-56e9fbafced8
2026-07-28 11:23:29,998 [INFO]     PDF trouvé: Arrêté d'ouverture du concours (score: 25)
2026-07-28 11:23:29,999 [INFO]   [EN COURS] Avis de concours de recrutement de Administrateur 2ème grade... → 2026-08-07
2026-07-28 11:23:29,999 [INFO]   Détails: https://www.emploi-public.ma/fr/concours/details/c27ac1df-953a-4b58-a2e2-e273271f18b1
2026-07-28 11:23:30,490 [INFO]     PDF trouvé: Arrêté d'ouverture du concours (score: 25)
2026-07-28 11:23:30,490 [INFO]   [EN COURS] Avis de concours de recrutement de Adjoint technique 2ème gr... → 2026-08-05
2026-07-28 11:23:30,491 [INFO]   Détails: https://www.emploi-public.ma/fr/concours/details/7faff0fb-2922-485a-853e-20b4d81cbc7a
2026-07-28 11:23:31,401 [INFO]     PDF trouvé: Arrêté d'ouverture du concours (score: 25)
2026-07-28 11:23:31,402 [INFO]   [EN COURS] Avis de concours de recrutement de Maître de conférences gra... → 2026-08-03
2026-07-28 11:23:31,402 [INFO]   Détails: https://www.emploi-public.ma/fr/concours/details/2c15e888-7029-4082-9334-eef194ee5586
2026-07-28 11:23:34,940 [INFO]     PDF trouvé: Arrêté d'ouverture du concours (score: 25)
2026-07-28 11:23:34,941 [INFO]   [EN COURS] Avis de concours de recrutement de Administrateur 2ème grade... → 2026-08-03
2026-07-28 11:23:34,941 [INFO]   Détails: https://www.emploi-public.ma/fr/concours/details/d543668b-c808-4ac0-933b-4301237f9f67
2026-07-28 11:23:35,592 [INFO]     PDF trouvé: Arrêté d'ouverture du concours (score: 25)
2026-07-28 11:23:35,592 [INFO]   [EN COURS] Avis de concours de recrutement de Administrateur 3ème grade... → 2026-07-31
2026-07-28 11:23:35,593 [INFO]   Détails: https://www.emploi-public.ma/fr/concours/details/78699344-c4d1-4204-ad40-9749cc0563aa
2026-07-28 11:23:36,319 [INFO]     PDF trouvé: Arrêté d'ouverture du concours (score: 25)
2026-07-28 11:23:36,319 [INFO]   [EXPIRÉE] Publication de la liste des convoqués pour l'examen écrit du... → 2026-07-23
2026-07-28 11:23:36,320 [INFO]   Détails: https://www.emploi-public.ma/fr/concours/details/b62a7d1c-c399-48cd-ab9f-adca105db22f
2026-07-28 11:23:40,400 [INFO]     PDF trouvé: Arrêté d'ouverture du concours (score: 25)
2026-07-28 11:23:40,402 [INFO]   [EXPIRÉE] Avis de concours de recrutement de Maître de conférences gra... → 2026-07-21
2026-07-28 11:23:40,402 [INFO]   Détails: https://www.emploi-public.ma/fr/concours/details/dc6005fa-8f1f-418f-baed-64e9caca12f6
2026-07-28 11:23:46,221 [INFO]     PDF trouvé: Arrêté d'ouverture du concours (score: 25)
2026-07-28 11:23:46,222 [INFO]   [EXPIRÉE] Publication de la liste des convoqués pour l'examen écrit du... → 2026-07-21
2026-07-28 11:23:46,222 [INFO] Page 4/5
2026-07-28 11:23:46,222 [INFO] Scraping page: https://www.emploi-public.ma/fr/concours-liste?page=3
2026-07-28 11:23:47,266 [INFO]   → 9 annonces trouvées sur cette page
2026-07-28 11:23:47,267 [INFO]   Détails: https://www.emploi-public.ma/fr/concours/details/7d4f66b4-2f8c-4dbf-94ea-99d5943a7378
2026-07-28 11:23:48,009 [INFO]     PDF trouvé: Arrêté d'ouverture du concours (score: 25)
2026-07-28 11:23:48,010 [INFO]   [EXPIRÉE] Publication de la liste des convoqués pour l'examen écrit du... → 2026-07-21
2026-07-28 11:23:48,010 [INFO]   Détails: https://www.emploi-public.ma/fr/concours/details/e372c384-b595-401d-bfa7-77c67af01fbe
2026-07-28 11:23:50,389 [INFO]     PDF trouvé: Arrêté d'ouverture du concours (score: 25)
2026-07-28 11:23:50,390 [INFO]   [EXPIRÉE] Publication de la liste des convoqués pour l'examen écrit du... → 2026-07-21
2026-07-28 11:23:50,390 [INFO]   Détails: https://www.emploi-public.ma/fr/concours/details/606d3ff2-2e7a-4174-9d74-713c58402b8a
2026-07-28 11:23:53,206 [INFO]     PDF trouvé: Arrêté d'ouverture du concours (score: 25)
2026-07-28 11:23:53,206 [INFO]   [EXPIRÉE] Publication de la liste des résultats pour le concours de re... → 2026-07-21
2026-07-28 11:23:53,207 [INFO]   Détails: https://www.emploi-public.ma/fr/concours/details/9740d64c-8b1b-47b8-abe8-00b3575d4aa9
2026-07-28 11:23:55,708 [INFO]     PDF trouvé: Arrêté d'ouverture du concours (score: 25)
2026-07-28 11:23:55,709 [INFO]   [EXPIRÉE] Publication de la liste des convoqués pour l'examen écrit du... → 2026-07-20
2026-07-28 11:23:55,709 [INFO]   Détails: https://www.emploi-public.ma/fr/concours/details/b89b6b38-795f-49af-9d00-910305760e85
2026-07-28 11:24:04,057 [INFO]     PDF trouvé: Arrêté d'ouverture du concours (score: 25)
2026-07-28 11:24:04,058 [INFO]   [EXPIRÉE] Publication de la liste des convoqués pour l'examen écrit du... → 2026-07-20
2026-07-28 11:24:04,058 [INFO]   Détails: https://www.emploi-public.ma/fr/concours/details/f33919ef-c4a4-41c0-9927-744882ec1140
2026-07-28 11:24:05,334 [INFO]     PDF trouvé: Arrêté d'ouverture du concours (score: 25)
2026-07-28 11:24:05,335 [INFO]   [EXPIRÉE] Publication de la liste des convoqués pour l'examen écrit du... → 2026-07-20
2026-07-28 11:24:05,335 [INFO]   Détails: https://www.emploi-public.ma/fr/concours/details/00afdf47-67cd-4c3b-910d-295480956c45
2026-07-28 11:24:10,571 [INFO]     PDF trouvé: Arrêté d'ouverture du concours (score: 25)
2026-07-28 11:24:10,572 [INFO]   [EXPIRÉE] Publication de la liste des convoqués pour l'examen écrit du... → 2026-07-20
2026-07-28 11:24:10,572 [INFO]   Détails: https://www.emploi-public.ma/fr/concours/details/0c6baf5e-be9d-4ef5-a8f7-b9044cf640d5
2026-07-28 11:24:11,506 [INFO]     PDF trouvé: Arrêté d'ouverture du concours (score: 25)
2026-07-28 11:24:11,507 [INFO]   [EXPIRÉE] Publication de la liste des résultats pour le concours de re... → 2026-07-15
2026-07-28 11:24:11,507 [INFO]   Détails: https://www.emploi-public.ma/fr/concours/details/c6303b4c-114c-4b25-b6c5-eca77cba3dad
2026-07-28 11:24:21,806 [INFO]     PDF trouvé: Arrêté d'ouverture du concours (score: 25)
2026-07-28 11:24:21,807 [INFO]   [EXPIRÉE] Publication de la liste des résultats pour le concours de re... → 2026-07-15
2026-07-28 11:24:21,807 [INFO] Page 5/5
2026-07-28 11:24:21,807 [INFO] Scraping page: https://www.emploi-public.ma/fr/concours-liste?page=4
2026-07-28 11:24:23,326 [INFO]   → 9 annonces trouvées sur cette page
2026-07-28 11:24:23,327 [INFO]   Détails: https://www.emploi-public.ma/fr/concours/details/1f901e2f-de1d-4110-874d-d5d890119e69
2026-07-28 11:24:24,550 [INFO]     PDF trouvé: Arrêté d'ouverture du concours (score: 25)
2026-07-28 11:24:24,551 [INFO]   [EXPIRÉE] Publication de la liste des résultats pour le concours de re... → 2026-07-15
2026-07-28 11:24:24,551 [INFO]   Détails: https://www.emploi-public.ma/fr/concours/details/c83d70e2-ec18-4f3b-b97f-03d080ad762a
2026-07-28 11:24:25,656 [INFO]     PDF trouvé: Arrêté d'ouverture du concours (score: 25)
2026-07-28 11:24:25,657 [INFO]   [EXPIRÉE] Publication de la liste des résultats pour le concours de re... → 2026-07-14
2026-07-28 11:24:25,657 [INFO]   Détails: https://www.emploi-public.ma/fr/concours/details/c3749204-66e1-4485-a631-e7ede10e21ab
2026-07-28 11:24:29,394 [INFO]     PDF trouvé: Arrêté d'ouverture du concours (score: 25)
2026-07-28 11:24:29,395 [INFO]   [EXPIRÉE] Publication de la liste des résultats pour le concours de re... → 2026-07-14
2026-07-28 11:24:29,395 [INFO]   Détails: https://www.emploi-public.ma/fr/concours/details/26ae2262-926d-4bfb-9614-069a15e9bd9a
2026-07-28 11:24:30,529 [INFO]     PDF trouvé: Arrêté d'ouverture du concours (score: 25)
2026-07-28 11:24:30,531 [INFO]   [EXPIRÉE] Avis de concours de recrutement de Administrateur 3ème grade... → 2026-07-10
2026-07-28 11:24:30,531 [INFO]   Détails: https://www.emploi-public.ma/fr/concours/details/2c92d6ee-4fbb-4b59-a9ad-4e38969b0090
2026-07-28 11:24:31,247 [INFO]     PDF trouvé: Arrêté d'ouverture du concours (score: 25)
2026-07-28 11:24:31,248 [INFO]   [EXPIRÉE] Avis de concours de recrutement de Technicien de 3ème grade ... → 2026-07-10
2026-07-28 11:24:31,248 [INFO]   Détails: https://www.emploi-public.ma/fr/concours/details/ae470720-4f4f-49dc-b23e-070911905f42
2026-07-28 11:24:32,274 [INFO]     PDF trouvé: Arrêté d'ouverture du concours (score: 25)
2026-07-28 11:24:32,275 [INFO]   [EXPIRÉE] Publication de la liste des convoqués pour l'examen écrit du... → 2026-07-15
2026-07-28 11:24:32,275 [INFO]   Détails: https://www.emploi-public.ma/fr/concours/details/55e548c6-a895-450f-a875-9e03c69c4399
2026-07-28 11:24:33,547 [INFO]     PDF trouvé: Arrêté d'ouverture du concours (score: 25)
2026-07-28 11:24:33,548 [INFO]   [EXPIRÉE] Publication de la liste des convoqués pour l'examen écrit du... → 2026-07-10
2026-07-28 11:24:33,548 [INFO]   Détails: https://www.emploi-public.ma/fr/concours/details/d763af32-c1bf-4d3d-a000-8fe89e3adcd6
2026-07-28 11:24:34,642 [INFO]     PDF trouvé: Arrêté d'ouverture du concours (score: 25)
2026-07-28 11:24:34,643 [INFO]   [EXPIRÉE] Publication de la liste des convoqués pour l'examen écrit du... → 2026-07-10
2026-07-28 11:24:34,643 [INFO]   Détails: https://www.emploi-public.ma/fr/concours/details/17e879b8-5dad-4d10-8ade-60bb345d6021
2026-07-28 11:24:35,738 [INFO]     PDF trouvé: Arrêté d'ouverture du concours (score: 25)
2026-07-28 11:24:35,739 [INFO]   [EXPIRÉE] Publication de la liste des convoqués pour l'examen écrit du... → 2026-07-10
2026-07-28 11:24:35,740 [INFO] 
--- Catégorie: Emplois supérieurs ---
2026-07-28 11:24:35,740 [INFO] Page 1/5
2026-07-28 11:24:35,740 [INFO] Scraping page: https://www.emploi-public.ma/fr/emploi-sup-liste
2026-07-28 11:24:39,700 [INFO]   → 9 annonces trouvées sur cette page
2026-07-28 11:24:39,701 [INFO]   Détails: https://www.emploi-public.ma/fr/emploi-sup/details/803881f5-f7fa-4f8f-b2cd-d6b1566b7fe5
2026-07-28 11:24:40,412 [WARNING] Format de date non reconnu: 30
2026-07-28 11:24:40,413 [INFO]     PDF trouvé: Arrêté d'appel à candidature (score: 20)
2026-07-28 11:24:40,414 [INFO]   [PAS DE DATE] Avis d'emplois supérieurs DIRECTEUR DE L’INSTITUT SUPERIEUR ...
2026-07-28 11:24:40,414 [INFO]   Détails: https://www.emploi-public.ma/fr/emploi-sup/details/43fe4445-da66-401e-a3c4-2562a221a332
2026-07-28 11:24:41,225 [WARNING] Format de date non reconnu: 30
2026-07-28 11:24:41,226 [INFO]     PDF trouvé: Arrêté d'appel à candidature (score: 20)
2026-07-28 11:24:41,227 [INFO]   [PAS DE DATE] Avis d'emplois supérieurs DIRECTEUR FONSAFJS...
2026-07-28 11:24:41,227 [INFO]   Détails: https://www.emploi-public.ma/fr/emploi-sup/details/2c16f418-dd0f-4bb2-b66e-f926057114f9
2026-07-28 11:24:43,146 [WARNING] Format de date non reconnu: 30
2026-07-28 11:24:43,147 [INFO]     PDF trouvé: Arrêté d'appel à candidature (score: 20)
2026-07-28 11:24:43,148 [INFO]   [PAS DE DATE] Avis d'emplois supérieurs Directeur de la jeunesse...
2026-07-28 11:24:43,148 [INFO]   Détails: https://www.emploi-public.ma/fr/emploi-sup/details/a260f3d6-19bf-4755-87e7-64988bd5d952
2026-07-28 11:24:49,055 [WARNING] Format de date non reconnu: 30
2026-07-28 11:24:49,056 [INFO]     PDF trouvé: Arrêté d'appel à candidature (score: 20)
2026-07-28 11:24:49,057 [INFO]   [PAS DE DATE] Avis d'emplois supérieurs directeur de l'Aéronautique Civile...
2026-07-28 11:24:49,057 [INFO]   Détails: https://www.emploi-public.ma/fr/emploi-sup/details/30d00bcd-df71-43f3-945e-2204e61cb425
2026-07-28 11:24:51,527 [WARNING] Format de date non reconnu: 30
2026-07-28 11:24:51,528 [INFO]     PDF trouvé: Arrêté d'appel à candidature (score: 20)
2026-07-28 11:24:51,529 [INFO]   [PAS DE DATE] Avis d'emplois supérieurs Directeur de l'Institut National d...
2026-07-28 11:24:51,529 [INFO]   Détails: https://www.emploi-public.ma/fr/emploi-sup/details/fb33496a-b3e4-46d5-a556-86d0223b04f8
2026-07-28 11:24:52,731 [WARNING] Format de date non reconnu: 30
2026-07-28 11:24:52,732 [INFO]     PDF trouvé: Arrêté d'appel à candidature (score: 20)
2026-07-28 11:24:52,733 [INFO]   [PAS DE DATE] Avis d'emplois supérieurs Directeur(trice) des Affaires géné...
2026-07-28 11:24:52,733 [INFO]   Détails: https://www.emploi-public.ma/fr/emploi-sup/details/d75f25b8-e1b6-4bba-9bf2-9bcc6a5e913c
2026-07-28 11:24:54,736 [WARNING] Format de date non reconnu: 30
2026-07-28 11:24:54,737 [INFO]     PDF trouvé: Arrêté d'appel à candidature (score: 20)
2026-07-28 11:24:54,738 [INFO]   [PAS DE DATE] Avis d'emplois supérieurs Directeur des statuts et des Eudes...
2026-07-28 11:24:54,738 [INFO]   Détails: https://www.emploi-public.ma/fr/emploi-sup/details/4d6a3c99-2658-4cfd-99b5-bc5c012c8e55
2026-07-28 11:24:55,858 [WARNING] Format de date non reconnu: 30
2026-07-28 11:24:55,859 [INFO]     PDF trouvé: Arrêté d'appel à candidature (score: 20)
2026-07-28 11:24:55,860 [INFO]   [PAS DE DATE] Avis d'emplois supérieurs Directeur(trice) du Centre nationa...
2026-07-28 11:24:55,860 [INFO]   Détails: https://www.emploi-public.ma/fr/emploi-sup/details/d5445636-5a56-491e-9305-8cd418b361f8
2026-07-28 11:24:56,828 [WARNING] Format de date non reconnu: 00
2026-07-28 11:24:56,829 [INFO]     PDF trouvé: Arrêté d'appel à candidature (score: 20)
2026-07-28 11:24:56,830 [INFO]   [PAS DE DATE] Avis d'emplois supérieurs Directeur de l'Aménagement du Terr...
2026-07-28 11:24:56,830 [INFO] Page 2/5
2026-07-28 11:24:56,830 [INFO] Scraping page: https://www.emploi-public.ma/fr/emploi-sup-liste?page=1
2026-07-28 11:24:57,938 [INFO]   → 9 annonces trouvées sur cette page
2026-07-28 11:24:57,940 [INFO]   Détails: https://www.emploi-public.ma/fr/emploi-sup/details/803881f5-f7fa-4f8f-b2cd-d6b1566b7fe5
2026-07-28 11:24:58,911 [WARNING] Format de date non reconnu: 30
2026-07-28 11:24:58,912 [INFO]     PDF trouvé: Arrêté d'appel à candidature (score: 20)
2026-07-28 11:24:58,913 [INFO]   [PAS DE DATE] Avis d'emplois supérieurs DIRECTEUR DE L’INSTITUT SUPERIEUR ...
2026-07-28 11:24:58,913 [INFO]   Détails: https://www.emploi-public.ma/fr/emploi-sup/details/43fe4445-da66-401e-a3c4-2562a221a332
2026-07-28 11:24:59,563 [WARNING] Format de date non reconnu: 30
2026-07-28 11:24:59,564 [INFO]     PDF trouvé: Arrêté d'appel à candidature (score: 20)
2026-07-28 11:24:59,565 [INFO]   [PAS DE DATE] Avis d'emplois supérieurs DIRECTEUR FONSAFJS...
2026-07-28 11:24:59,565 [INFO]   Détails: https://www.emploi-public.ma/fr/emploi-sup/details/2c16f418-dd0f-4bb2-b66e-f926057114f9
2026-07-28 11:25:02,556 [WARNING] Format de date non reconnu: 30
2026-07-28 11:25:02,557 [INFO]     PDF trouvé: Arrêté d'appel à candidature (score: 20)
2026-07-28 11:25:02,558 [INFO]   [PAS DE DATE] Avis d'emplois supérieurs Directeur de la jeunesse...
2026-07-28 11:25:02,559 [INFO]   Détails: https://www.emploi-public.ma/fr/emploi-sup/details/a260f3d6-19bf-4755-87e7-64988bd5d952
2026-07-28 11:25:05,221 [WARNING] Format de date non reconnu: 30
2026-07-28 11:25:05,222 [INFO]     PDF trouvé: Arrêté d'appel à candidature (score: 20)
2026-07-28 11:25:05,223 [INFO]   [PAS DE DATE] Avis d'emplois supérieurs directeur de l'Aéronautique Civile...
2026-07-28 11:25:05,223 [INFO]   Détails: https://www.emploi-public.ma/fr/emploi-sup/details/30d00bcd-df71-43f3-945e-2204e61cb425
2026-07-28 11:25:05,971 [WARNING] Format de date non reconnu: 30
2026-07-28 11:25:05,972 [INFO]     PDF trouvé: Arrêté d'appel à candidature (score: 20)
2026-07-28 11:25:05,973 [INFO]   [PAS DE DATE] Avis d'emplois supérieurs Directeur de l'Institut National d...
2026-07-28 11:25:05,973 [INFO]   Détails: https://www.emploi-public.ma/fr/emploi-sup/details/fb33496a-b3e4-46d5-a556-86d0223b04f8
2026-07-28 11:25:08,344 [WARNING] Format de date non reconnu: 30
2026-07-28 11:25:08,345 [INFO]     PDF trouvé: Arrêté d'appel à candidature (score: 20)
2026-07-28 11:25:08,346 [INFO]   [PAS DE DATE] Avis d'emplois supérieurs Directeur(trice) des Affaires géné...
2026-07-28 11:25:08,346 [INFO]   Détails: https://www.emploi-public.ma/fr/emploi-sup/details/d75f25b8-e1b6-4bba-9bf2-9bcc6a5e913c
2026-07-28 11:25:09,030 [WARNING] Format de date non reconnu: 30
2026-07-28 11:25:09,031 [INFO]     PDF trouvé: Arrêté d'appel à candidature (score: 20)
2026-07-28 11:25:09,032 [INFO]   [PAS DE DATE] Avis d'emplois supérieurs Directeur des statuts et des Eudes...
2026-07-28 11:25:09,032 [INFO]   Détails: https://www.emploi-public.ma/fr/emploi-sup/details/4d6a3c99-2658-4cfd-99b5-bc5c012c8e55
2026-07-28 11:25:10,039 [WARNING] Format de date non reconnu: 30
2026-07-28 11:25:10,040 [INFO]     PDF trouvé: Arrêté d'appel à candidature (score: 20)
2026-07-28 11:25:10,041 [INFO]   [PAS DE DATE] Avis d'emplois supérieurs Directeur(trice) du Centre nationa...
2026-07-28 11:25:10,041 [INFO]   Détails: https://www.emploi-public.ma/fr/emploi-sup/details/d5445636-5a56-491e-9305-8cd418b361f8
2026-07-28 11:25:11,191 [WARNING] Format de date non reconnu: 00
2026-07-28 11:25:11,192 [INFO]     PDF trouvé: Arrêté d'appel à candidature (score: 20)
2026-07-28 11:25:11,193 [INFO]   [PAS DE DATE] Avis d'emplois supérieurs Directeur de l'Aménagement du Terr...
2026-07-28 11:25:11,193 [INFO] Page 3/5
2026-07-28 11:25:11,193 [INFO] Scraping page: https://www.emploi-public.ma/fr/emploi-sup-liste?page=2
2026-07-28 11:25:12,296 [INFO]   → 9 annonces trouvées sur cette page
2026-07-28 11:25:12,297 [INFO]   Détails: https://www.emploi-public.ma/fr/emploi-sup/details/a19c981f-5e73-4699-978a-3c26f387e76d
2026-07-28 11:25:13,312 [WARNING] Format de date non reconnu: 00
2026-07-28 11:25:13,313 [INFO]     PDF trouvé: Arrêté d'appel à candidature (score: 20)
2026-07-28 11:25:13,314 [INFO]   [PAS DE DATE] Avis d'emplois supérieurs Directeur de l'Agence Urbaine d'Al...
2026-07-28 11:25:13,314 [INFO]   Détails: https://www.emploi-public.ma/fr/emploi-sup/details/c3eed04a-67b9-4ceb-b4c3-b32e0273c191
2026-07-28 11:25:14,793 [WARNING] Format de date non reconnu: 00
2026-07-28 11:25:14,794 [INFO]     PDF trouvé: Arrêté d'appel à candidature (score: 20)
2026-07-28 11:25:14,795 [INFO]   [PAS DE DATE] Avis d'emplois supérieurs Directeur de l'Agence Urbaine de L...
2026-07-28 11:25:14,795 [INFO]   Détails: https://www.emploi-public.ma/fr/emploi-sup/details/6bbca177-c943-4200-991d-4945c7de6c3e
2026-07-28 11:25:18,879 [WARNING] Format de date non reconnu: 30
2026-07-28 11:25:18,880 [INFO]     PDF trouvé: Arrêté d'appel à candidature (score: 20)
2026-07-28 11:25:18,881 [INFO]   [PAS DE DATE] Avis d'emplois supérieurs Directeur(trice) des affaires géné...
2026-07-28 11:25:18,881 [INFO]   Détails: https://www.emploi-public.ma/fr/emploi-sup/details/971391f4-c3ed-4054-b39a-d498fdbfba4b
2026-07-28 11:25:19,500 [WARNING] Format de date non reconnu: 30
2026-07-28 11:25:19,501 [INFO]     PDF trouvé: Arrêté d'appel à candidature (score: 20)
2026-07-28 11:25:19,502 [INFO]   [PAS DE DATE] Avis d'emplois supérieurs Directeur(trice) de l’Institut Roy...
2026-07-28 11:25:19,502 [INFO]   Détails: https://www.emploi-public.ma/fr/emploi-sup/details/1afa70c8-a02b-457d-98c8-6787ae253f28
2026-07-28 11:25:22,556 [WARNING] Format de date non reconnu: 30
2026-07-28 11:25:22,557 [INFO]     PDF trouvé: Arrêté d'appel à candidature (score: 20)
2026-07-28 11:25:22,558 [INFO]   [PAS DE DATE] Avis d'emplois supérieurs Directeur de l'Ecole des Sciences ...
2026-07-28 11:25:22,558 [INFO]   Détails: https://www.emploi-public.ma/fr/emploi-sup/details/e1c5923d-7307-42c7-90ed-21db5ce34a49
2026-07-28 11:25:23,531 [WARNING] Format de date non reconnu: 30
2026-07-28 11:25:23,532 [INFO]     PDF trouvé: Arrêté d'appel à candidature (score: 20)
2026-07-28 11:25:23,532 [INFO]   [PAS DE DATE] Avis d'emplois supérieurs Directeur des législations des Inf...
2026-07-28 11:25:23,533 [INFO]   Détails: https://www.emploi-public.ma/fr/emploi-sup/details/cb431ce3-c104-457a-b464-8ca3b4a5fe55
2026-07-28 11:25:28,419 [WARNING] Format de date non reconnu: 30
2026-07-28 11:25:28,420 [INFO]     PDF trouvé: Arrêté d'appel à candidature (score: 20)
2026-07-28 11:25:28,421 [INFO]   [PAS DE DATE] Avis d'emplois supérieurs Directeur des législations de la g...
2026-07-28 11:25:28,422 [INFO]   Détails: https://www.emploi-public.ma/fr/emploi-sup/details/83256c4b-36f7-461e-8579-7dbec3b6aae0
2026-07-28 11:25:30,065 [WARNING] Format de date non reconnu: 30
2026-07-28 11:25:30,066 [INFO]     PDF trouvé: Arrêté d'appel à candidature (score: 20)
2026-07-28 11:25:30,067 [INFO]   [PAS DE DATE] Avis d'emplois supérieurs Doyen de la Faculté de Médecine et...
2026-07-28 11:25:30,067 [INFO]   Détails: https://www.emploi-public.ma/fr/emploi-sup/details/e1054489-8a0a-4d64-92ab-55a9dbb52ac5
2026-07-28 11:25:31,185 [WARNING] Format de date non reconnu: 30
2026-07-28 11:25:31,186 [INFO]     PDF trouvé: Arrêté d'appel à candidature (score: 20)
2026-07-28 11:25:31,187 [INFO]   [PAS DE DATE] Avis d'emplois supérieurs Directeur de l'Ecole Mohammadia de...
2026-07-28 11:25:31,187 [INFO] Page 4/5
2026-07-28 11:25:31,187 [INFO] Scraping page: https://www.emploi-public.ma/fr/emploi-sup-liste?page=3
2026-07-28 11:25:32,273 [INFO]   → 9 annonces trouvées sur cette page
2026-07-28 11:25:32,275 [INFO]   Détails: https://www.emploi-public.ma/fr/emploi-sup/details/4276b348-5dae-41c9-b638-6ca89ffaf304
2026-07-28 11:25:32,988 [WARNING] Format de date non reconnu: 30
2026-07-28 11:25:32,989 [INFO]     PDF trouvé: Arrêté d'appel à candidature (score: 20)
2026-07-28 11:25:32,990 [INFO]   [PAS DE DATE] Avis d'emplois supérieurs Directeur(trice) du Centre régiona...
2026-07-28 11:25:32,990 [INFO]   Détails: https://www.emploi-public.ma/fr/emploi-sup/details/0f48ee65-4c13-4056-a870-a38f35f26eee
2026-07-28 11:25:33,947 [WARNING] Format de date non reconnu: 30
2026-07-28 11:25:33,948 [INFO]     PDF trouvé: Arrêté d'appel à candidature (score: 20)
2026-07-28 11:25:33,949 [INFO]   [PAS DE DATE] Avis d'emplois supérieurs Directeur des statuts et des Eudes...
2026-07-28 11:25:33,949 [INFO]   Détails: https://www.emploi-public.ma/fr/emploi-sup/details/17544c4c-7a33-48bd-be97-d4e261c4b1ba
2026-07-28 11:25:34,744 [WARNING] Format de date non reconnu: 30
2026-07-28 11:25:34,745 [INFO]     PDF trouvé: Arrêté d'appel à candidature (score: 20)
2026-07-28 11:25:34,746 [INFO]   [PAS DE DATE] Avis d'emplois supérieurs Directeur(trice) général(e) de l’o...
2026-07-28 11:25:34,746 [INFO]   Détails: https://www.emploi-public.ma/fr/emploi-sup/details/2062be70-06c0-4b02-b143-bb2108a03421
2026-07-28 11:25:35,376 [WARNING] Format de date non reconnu: 30
2026-07-28 11:25:35,377 [INFO]     PDF trouvé: Arrêté d'appel à candidature (score: 20)
2026-07-28 11:25:35,378 [INFO]   [PAS DE DATE] Avis d'emplois supérieurs Directeur(trice) du Centre nationa...
2026-07-28 11:25:35,378 [INFO]   Détails: https://www.emploi-public.ma/fr/emploi-sup/details/5b7e6e30-4777-469d-9fa2-856d4390a35f
2026-07-28 11:25:36,548 [WARNING] Format de date non reconnu: 30
2026-07-28 11:25:36,549 [INFO]     PDF trouvé: Arrêté d'appel à candidature (score: 20)
2026-07-28 11:25:36,550 [INFO]   [PAS DE DATE] Avis d'emplois supérieurs Directeur de la jeunesse...
2026-07-28 11:25:36,550 [INFO]   Détails: https://www.emploi-public.ma/fr/emploi-sup/details/5313b8af-912f-4d82-b328-04c94fbe4562
2026-07-28 11:25:39,968 [WARNING] Format de date non reconnu: 30
2026-07-28 11:25:39,969 [INFO]     PDF trouvé: Arrêté d'appel à candidature (score: 20)
2026-07-28 11:25:39,970 [INFO]   [PAS DE DATE] Avis d'emplois supérieurs Directeur (ce) de la Coopération e...
2026-07-28 11:25:39,970 [INFO]   Détails: https://www.emploi-public.ma/fr/emploi-sup/details/52349e85-618a-444c-94ae-a269dcb8ede6
2026-07-28 11:25:40,573 [WARNING] Format de date non reconnu: 30
2026-07-28 11:25:40,575 [INFO]     PDF trouvé: Arrêté d'appel à candidature (score: 20)
2026-07-28 11:25:40,575 [INFO]   [PAS DE DATE] Avis d'emplois supérieurs Directeur (ce) des Ressources Huma...
2026-07-28 11:25:40,576 [INFO]   Détails: https://www.emploi-public.ma/fr/emploi-sup/details/b993993a-7a9f-4f82-a95d-4c705192b5c5
2026-07-28 11:25:41,649 [WARNING] Format de date non reconnu: 30
2026-07-28 11:25:41,650 [INFO]     PDF trouvé: Arrêté d'appel à candidature (score: 20)
2026-07-28 11:25:41,651 [INFO]   [PAS DE DATE] Avis d'emplois supérieurs Directeur(trice) de l’Académie rég...
2026-07-28 11:25:41,651 [INFO]   Détails: https://www.emploi-public.ma/fr/emploi-sup/details/a8514544-73e5-48b0-bc95-4e3782a246c4
2026-07-28 11:25:44,267 [WARNING] Format de date non reconnu: 30
2026-07-28 11:25:44,268 [INFO]     PDF trouvé: Arrêté d'appel à candidature (score: 20)
2026-07-28 11:25:44,269 [INFO]   [PAS DE DATE] Avis d'emplois supérieurs Directeur de l'Office Régional de ...
2026-07-28 11:25:44,269 [INFO] Page 5/5
2026-07-28 11:25:44,269 [INFO] Scraping page: https://www.emploi-public.ma/fr/emploi-sup-liste?page=4
2026-07-28 11:25:45,198 [INFO]   → 9 annonces trouvées sur cette page
2026-07-28 11:25:45,199 [INFO]   Détails: https://www.emploi-public.ma/fr/emploi-sup/details/34737011-4b34-4d27-a8e4-f96374ce7e3b
2026-07-28 11:25:46,019 [WARNING] Format de date non reconnu: 30
2026-07-28 11:25:46,020 [INFO]     PDF trouvé: Arrêté d'appel à candidature (score: 20)
2026-07-28 11:25:46,021 [INFO]   [PAS DE DATE] Avis d'emplois supérieurs Directeur du Centre Régional d'Inv...
2026-07-28 11:25:46,021 [INFO]   Détails: https://www.emploi-public.ma/fr/emploi-sup/details/3848b51d-1643-4c8a-9d0a-0001f3ec1eb6
2026-07-28 11:25:47,168 [WARNING] Format de date non reconnu: 30
2026-07-28 11:25:47,169 [INFO]     PDF trouvé: Arrêté d'appel à candidature (score: 20)
2026-07-28 11:25:47,170 [INFO]   [PAS DE DATE] Avis d'emplois supérieurs Directeur des statistiques, des ét...
2026-07-28 11:25:47,170 [INFO]   Détails: https://www.emploi-public.ma/fr/emploi-sup/details/f762f1b5-8e54-4277-9ceb-b77512a40379
2026-07-28 11:25:47,793 [WARNING] Format de date non reconnu: 30
2026-07-28 11:25:47,794 [INFO]     PDF trouvé: Arrêté d'appel à candidature (score: 20)
2026-07-28 11:25:47,795 [INFO]   [PAS DE DATE] Avis d'emplois supérieurs Directeur de l'Institut National S...
2026-07-28 11:25:47,795 [INFO]   Détails: https://www.emploi-public.ma/fr/emploi-sup/details/f398a7c1-f047-4cb7-95a2-e63106086337
2026-07-28 11:25:48,459 [WARNING] Format de date non reconnu: 30
2026-07-28 11:25:48,460 [INFO]     PDF trouvé: Arrêté d'appel à candidature (score: 20)
2026-07-28 11:25:48,461 [INFO]   [PAS DE DATE] Avis d'emplois supérieurs Directeur (ce) de l'Enseignement S...
2026-07-28 11:25:48,461 [INFO]   Détails: https://www.emploi-public.ma/fr/emploi-sup/details/b93e0027-1954-4712-8bb1-c6c3715e916c
2026-07-28 11:25:49,338 [INFO]     PDF trouvé: Arrêté d'appel à candidature (score: 20)
2026-07-28 11:25:49,339 [INFO]   [EXPIRÉE] Avis d'emplois supérieurs Directeur de l'Agence du bassin Hy... → 2026-05-14
2026-07-28 11:25:49,339 [INFO]   Détails: https://www.emploi-public.ma/fr/emploi-sup/details/50a4fceb-7a2a-4dfc-9d54-27d5969d8c20
2026-07-28 11:25:49,922 [WARNING] Format de date non reconnu: 30
2026-07-28 11:25:49,923 [INFO]     PDF trouvé: Arrêté d'appel à candidature (score: 20)
2026-07-28 11:25:49,924 [INFO]   [PAS DE DATE] Avis d'emplois supérieurs Directeur des Relations avec la So...
2026-07-28 11:25:49,924 [INFO]   Détails: https://www.emploi-public.ma/fr/emploi-sup/details/79e56e61-79b1-4b12-b93a-174e15b76e74
2026-07-28 11:26:00,353 [WARNING] Format de date non reconnu: 30
2026-07-28 11:26:00,354 [INFO]     PDF trouvé: Arrêté d'appel à candidature (score: 20)
2026-07-28 11:26:00,355 [INFO]   [PAS DE DATE] Avis d'emplois supérieurs Directeur de l'Institut Supérieur ...
2026-07-28 11:26:00,355 [INFO]   Détails: https://www.emploi-public.ma/fr/emploi-sup/details/cd433a5b-75fc-4eb0-b5d7-0a520ca6c2ab
2026-07-28 11:26:01,278 [WARNING] Format de date non reconnu: 30
2026-07-28 11:26:01,279 [INFO]     PDF trouvé: Arrêté d'appel à candidature (score: 20)
2026-07-28 11:26:01,279 [INFO]   [PAS DE DATE] Avis d'emplois supérieurs Secrétaire Général du Département ...
2026-07-28 11:26:01,280 [INFO]   Détails: https://www.emploi-public.ma/fr/emploi-sup/details/cf89dcaf-13b0-4674-befa-b629bfcf72cf
2026-07-28 11:26:02,650 [WARNING] Format de date non reconnu: 30
2026-07-28 11:26:02,651 [INFO]     PDF trouvé: Arrêté d'appel à candidature (score: 20)
2026-07-28 11:26:02,652 [INFO]   [PAS DE DATE] Avis d'emplois supérieurs secrétaire général -Département de...
2026-07-28 11:26:02,652 [INFO] 
--- Catégorie: Postes de responsabilités ---
2026-07-28 11:26:02,652 [INFO] Page 1/5
2026-07-28 11:26:02,652 [INFO] Scraping page: https://www.emploi-public.ma/fr/postes-respo-liste
2026-07-28 11:26:04,664 [INFO]   → 13 annonces trouvées sur cette page
2026-07-28 11:26:04,665 [INFO]   Détails: https://www.emploi-public.ma/fr/postes-respo/details/881fad78-1510-43dd-a038-743c67dd20f8
2026-07-28 11:26:05,786 [INFO]     PDF trouvé: Arrêté d'appel à candidature (score: 20)
2026-07-28 11:26:05,788 [INFO]   [EXPIRÉE] Publication de la liste des résultats pour les Postes de res... → 2026-04-24
2026-07-28 11:26:05,788 [INFO]   Détails: https://www.emploi-public.ma/fr/postes-respo/details/f9c3410a-a7c1-4545-a915-6bb6f06b4d81
2026-07-28 11:26:09,220 [INFO]     PDF trouvé: Arrêté d'appel à candidature (score: 20)
2026-07-28 11:26:09,221 [INFO]   [EXPIRÉE] Avis de Postes de responsabilités au Ministère de la Jeuness... → 2026-07-27
2026-07-28 11:26:09,221 [INFO]   Détails: https://www.emploi-public.ma/fr/postes-respo/details/612573a1-79ab-4881-8d6d-9f2c884be589
2026-07-28 11:26:10,326 [INFO]     PDF trouvé: Arrêté d'appel à candidature (score: 20)
2026-07-28 11:26:10,327 [INFO]   [EXPIRÉE] Publication de la liste des résultats pour les Postes de res... → 2026-07-10
2026-07-28 11:26:10,327 [INFO]   Détails: https://www.emploi-public.ma/fr/postes-respo/details/558f23e7-7989-4f9c-92e0-0a469e30efd4
2026-07-28 11:26:11,055 [INFO]     PDF trouvé: Arrêté d'appel à candidature (score: 20)
2026-07-28 11:26:11,056 [INFO]   [EN COURS] Avis de Postes de responsabilités au Ministère de l’intérieu... → 2026-08-07
2026-07-28 11:26:11,056 [INFO]   Détails: https://www.emploi-public.ma/fr/postes-respo/details/5a13f04d-51f3-490a-8d5f-e8129d1b81cd
2026-07-28 11:26:11,858 [INFO]     PDF trouvé: Arrêté d'appel à candidature (score: 20)
2026-07-28 11:26:11,860 [INFO]   [EXPIRÉE] Publication de la liste des convoqués pour l'appel à candida... → 2025-10-23
2026-07-28 11:26:11,860 [INFO]   Détails: https://www.emploi-public.ma/fr/postes-respo/details/4b74dd44-e60b-4bf9-b229-9cbbd8da67fe
2026-07-28 11:26:12,644 [INFO]     PDF trouvé: Arrêté d'appel à candidature (score: 20)
2026-07-28 11:26:12,645 [INFO]   [EXPIRÉE] Publication de la liste des convoqués pour l'appel à candida... → 2026-01-23
2026-07-28 11:26:12,645 [INFO]   Détails: https://www.emploi-public.ma/fr/postes-respo/details/0980a32b-6d19-43fe-9a78-fed5be8e0263
2026-07-28 11:26:13,951 [INFO]     PDF trouvé: Arrêté d'appel à candidature (score: 20)
2026-07-28 11:26:13,952 [INFO]   [EXPIRÉE] Avis de Postes de responsabilités au Ministère de l’intérieu... → 2026-07-24
2026-07-28 11:26:13,952 [INFO]   Détails: https://www.emploi-public.ma/fr/postes-respo/details/e22ab9f5-ac8e-4159-ba33-da0d5a040314
2026-07-28 11:26:16,046 [INFO]     PDF trouvé: Arrêté d'appel à candidature (score: 20)
2026-07-28 11:26:16,047 [INFO]   [EXPIRÉE] Avis de Postes de responsabilités au Ministère du Tourisme, ... → 2026-07-24
2026-07-28 11:26:16,047 [INFO]   Détails: https://www.emploi-public.ma/fr/postes-respo/details/8de5030f-7a8e-4e77-b6df-4d8be658c7e7
2026-07-28 11:26:16,918 [INFO]     PDF trouvé: Arrêté d'appel à candidature (score: 20)
2026-07-28 11:26:16,919 [INFO]   [EXPIRÉE] Publication de la liste des convoqués pour l'appel à candida... → 2026-04-05
2026-07-28 11:26:16,919 [INFO]   Détails: https://www.emploi-public.ma/fr/postes-respo/details/496b5c80-5431-4b34-b3a6-e4e4088a9280
2026-07-28 11:26:18,537 [INFO]     PDF trouvé: Arrêté d'appel à candidature (score: 20)
2026-07-28 11:26:18,539 [INFO]   [EN COURS] Chef de service ressources humaines... → 2026-07-28
2026-07-28 11:26:18,539 [INFO]   Détails: https://www.emploi-public.ma/fr/postes-respo/details/2baa0d59-1224-4d68-b458-485f82987c4b
2026-07-28 11:26:19,759 [INFO]     PDF trouvé: Arrêté d'appel à candidature (score: 20)
2026-07-28 11:26:19,760 [INFO]   [EN COURS] Chef de division conseil des investisseurs... → 2026-07-28
2026-07-28 11:26:19,760 [INFO]   Détails: https://www.emploi-public.ma/fr/postes-respo/details/ed4a754f-909a-46af-9c2b-1e5cb5568848
2026-07-28 11:26:23,643 [INFO]     PDF trouvé: Arrêté d'appel à candidature (score: 20)
2026-07-28 11:26:23,644 [INFO]   [EN COURS] Recrutement de cinq chefs de Service... → 2026-07-29
2026-07-28 11:26:23,644 [INFO]   Détails: https://www.emploi-public.ma/fr/postes-respo/details/361d06f0-3608-475e-a552-8cb71a9cd5b4
2026-07-28 11:26:24,404 [INFO]     PDF trouvé: Arrêté d'appel à candidature (score: 20)
2026-07-28 11:26:24,405 [INFO]   [EN COURS] Appel à candidature pour les postes de responsabilité au Pro... → 2026-07-29
2026-07-28 11:26:24,406 [INFO] Page 2/5
2026-07-28 11:26:24,406 [INFO] Scraping page: https://www.emploi-public.ma/fr/postes-respo-liste?page=1
2026-07-28 11:26:27,750 [INFO]   → 13 annonces trouvées sur cette page
2026-07-28 11:26:27,751 [INFO]   Détails: https://www.emploi-public.ma/fr/postes-respo/details/881fad78-1510-43dd-a038-743c67dd20f8
2026-07-28 11:26:29,154 [INFO]     PDF trouvé: Arrêté d'appel à candidature (score: 20)
2026-07-28 11:26:29,155 [INFO]   [EXPIRÉE] Publication de la liste des résultats pour les Postes de res... → 2026-04-24
2026-07-28 11:26:29,155 [INFO]   Détails: https://www.emploi-public.ma/fr/postes-respo/details/f9c3410a-a7c1-4545-a915-6bb6f06b4d81
2026-07-28 11:26:30,266 [INFO]     PDF trouvé: Arrêté d'appel à candidature (score: 20)
2026-07-28 11:26:30,267 [INFO]   [EXPIRÉE] Avis de Postes de responsabilités au Ministère de la Jeuness... → 2026-07-27
2026-07-28 11:26:30,267 [INFO]   Détails: https://www.emploi-public.ma/fr/postes-respo/details/612573a1-79ab-4881-8d6d-9f2c884be589
2026-07-28 11:26:31,023 [INFO]     PDF trouvé: Arrêté d'appel à candidature (score: 20)
2026-07-28 11:26:31,024 [INFO]   [EXPIRÉE] Publication de la liste des résultats pour les Postes de res... → 2026-07-10
2026-07-28 11:26:31,024 [INFO]   Détails: https://www.emploi-public.ma/fr/postes-respo/details/558f23e7-7989-4f9c-92e0-0a469e30efd4
2026-07-28 11:26:31,931 [INFO]     PDF trouvé: Arrêté d'appel à candidature (score: 20)
2026-07-28 11:26:31,932 [INFO]   [EN COURS] Avis de Postes de responsabilités au Ministère de l’intérieu... → 2026-08-07
2026-07-28 11:26:31,932 [INFO]   Détails: https://www.emploi-public.ma/fr/postes-respo/details/5a13f04d-51f3-490a-8d5f-e8129d1b81cd
2026-07-28 11:26:32,947 [INFO]     PDF trouvé: Arrêté d'appel à candidature (score: 20)
2026-07-28 11:26:32,948 [INFO]   [EXPIRÉE] Publication de la liste des convoqués pour l'appel à candida... → 2025-10-23
2026-07-28 11:26:32,948 [INFO]   Détails: https://www.emploi-public.ma/fr/postes-respo/details/4b74dd44-e60b-4bf9-b229-9cbbd8da67fe
2026-07-28 11:26:33,719 [INFO]     PDF trouvé: Arrêté d'appel à candidature (score: 20)
2026-07-28 11:26:33,720 [INFO]   [EXPIRÉE] Publication de la liste des convoqués pour l'appel à candida... → 2026-01-23
2026-07-28 11:26:33,720 [INFO]   Détails: https://www.emploi-public.ma/fr/postes-respo/details/0980a32b-6d19-43fe-9a78-fed5be8e0263
2026-07-28 11:26:35,155 [INFO]     PDF trouvé: Arrêté d'appel à candidature (score: 20)
2026-07-28 11:26:35,156 [INFO]   [EXPIRÉE] Avis de Postes de responsabilités au Ministère de l’intérieu... → 2026-07-24
2026-07-28 11:26:35,156 [INFO]   Détails: https://www.emploi-public.ma/fr/postes-respo/details/e22ab9f5-ac8e-4159-ba33-da0d5a040314
2026-07-28 11:26:36,507 [INFO]     PDF trouvé: Arrêté d'appel à candidature (score: 20)
2026-07-28 11:26:36,508 [INFO]   [EXPIRÉE] Avis de Postes de responsabilités au Ministère du Tourisme, ... → 2026-07-24
2026-07-28 11:26:36,508 [INFO]   Détails: https://www.emploi-public.ma/fr/postes-respo/details/8de5030f-7a8e-4e77-b6df-4d8be658c7e7
2026-07-28 11:26:37,099 [INFO]     PDF trouvé: Arrêté d'appel à candidature (score: 20)
2026-07-28 11:26:37,100 [INFO]   [EXPIRÉE] Publication de la liste des convoqués pour l'appel à candida... → 2026-04-05
2026-07-28 11:26:37,100 [INFO]   Détails: https://www.emploi-public.ma/fr/postes-respo/details/496b5c80-5431-4b34-b3a6-e4e4088a9280
2026-07-28 11:26:37,915 [INFO]     PDF trouvé: Arrêté d'appel à candidature (score: 20)
2026-07-28 11:26:37,916 [INFO]   [EN COURS] Chef de service ressources humaines... → 2026-07-28
2026-07-28 11:26:37,916 [INFO]   Détails: https://www.emploi-public.ma/fr/postes-respo/details/2baa0d59-1224-4d68-b458-485f82987c4b
2026-07-28 11:26:38,794 [INFO]     PDF trouvé: Arrêté d'appel à candidature (score: 20)
2026-07-28 11:26:38,795 [INFO]   [EN COURS] Chef de division conseil des investisseurs... → 2026-07-28
2026-07-28 11:26:38,796 [INFO]   Détails: https://www.emploi-public.ma/fr/postes-respo/details/ed4a754f-909a-46af-9c2b-1e5cb5568848
2026-07-28 11:26:40,385 [INFO]     PDF trouvé: Arrêté d'appel à candidature (score: 20)
2026-07-28 11:26:40,386 [INFO]   [EN COURS] Recrutement de cinq chefs de Service... → 2026-07-29
2026-07-28 11:26:40,386 [INFO]   Détails: https://www.emploi-public.ma/fr/postes-respo/details/361d06f0-3608-475e-a552-8cb71a9cd5b4
2026-07-28 11:26:41,060 [INFO]     PDF trouvé: Arrêté d'appel à candidature (score: 20)
2026-07-28 11:26:41,061 [INFO]   [EN COURS] Appel à candidature pour les postes de responsabilité au Pro... → 2026-07-29
2026-07-28 11:26:41,062 [INFO] Page 3/5
2026-07-28 11:26:41,062 [INFO] Scraping page: https://www.emploi-public.ma/fr/postes-respo-liste?page=2
2026-07-28 11:26:42,289 [INFO]   → 13 annonces trouvées sur cette page
2026-07-28 11:26:42,290 [INFO]   Détails: https://www.emploi-public.ma/fr/postes-respo/details/a3ff8765-f34b-4a36-9023-7ae112e77594
2026-07-28 11:26:42,968 [INFO]     PDF trouvé: Arrêté d'appel à candidature (score: 20)
2026-07-28 11:26:42,969 [INFO]   [EN COURS] Avis de Postes de responsabilités au Ministère de la Jeuness... → 2026-08-07
2026-07-28 11:26:42,969 [INFO]   Détails: https://www.emploi-public.ma/fr/postes-respo/details/c84a5637-77c0-4679-baa9-d49417d7e832
2026-07-28 11:26:44,032 [INFO]     PDF trouvé: Arrêté d'appel à candidature (score: 20)
2026-07-28 11:26:44,033 [INFO]   [EN COURS] Avis de Postes de responsabilités au Ministère de la Jeuness... → 2026-08-07
2026-07-28 11:26:44,033 [INFO]   Détails: https://www.emploi-public.ma/fr/postes-respo/details/c4ac2878-050a-4908-86bc-a0f7ae46e4f4
2026-07-28 11:26:45,325 [INFO]     PDF trouvé: Arrêté d'appel à candidature (score: 20)
2026-07-28 11:26:45,326 [INFO]   [EXPIRÉE] Publication de la liste des résultats pour les Postes de res... → 2026-07-07
2026-07-28 11:26:45,326 [INFO]   Détails: https://www.emploi-public.ma/fr/postes-respo/details/65bb098d-84db-4eea-a26f-408d847c19d6
2026-07-28 11:26:46,008 [INFO]     PDF trouvé: Arrêté d'appel à candidature (score: 20)
2026-07-28 11:26:46,009 [INFO]   [EXPIRÉE] Publication de la liste des convoqués pour l'appel à candida... → 2026-06-11
2026-07-28 11:26:46,009 [INFO]   Détails: https://www.emploi-public.ma/fr/postes-respo/details/4634f231-1c41-439b-9e77-a5c74ee289d4
2026-07-28 11:26:48,499 [INFO]     PDF trouvé: Arrêté d'appel à candidature (score: 20)
2026-07-28 11:26:48,500 [INFO]   [EXPIRÉE] Publication de la liste des convoqués pour l'appel à candida... → 2026-06-11
2026-07-28 11:26:48,500 [INFO]   Détails: https://www.emploi-public.ma/fr/postes-respo/details/36fa2f7f-c1b1-4034-9c58-493276fbf647
2026-07-28 11:26:49,262 [INFO]     PDF trouvé: Arrêté d'appel à candidature (score: 20)
2026-07-28 11:26:49,263 [INFO]   [EXPIRÉE] Publication de la liste des convoqués pour l'appel à candida... → 2026-06-11
2026-07-28 11:26:49,263 [INFO]   Détails: https://www.emploi-public.ma/fr/postes-respo/details/506cdea9-bd57-40fd-8470-b783d8301a02
2026-07-28 11:26:50,682 [INFO]     PDF trouvé: Arrêté d'appel à candidature (score: 20)
2026-07-28 11:26:50,683 [INFO]   [EXPIRÉE] Publication de la liste des convoqués pour l'appel à candida... → 2026-06-11
2026-07-28 11:26:50,683 [INFO]   Détails: https://www.emploi-public.ma/fr/postes-respo/details/2901b05e-8b4e-4745-b87d-a8cf158f579f
2026-07-28 11:26:55,215 [INFO]     PDF trouvé: Arrêté d'appel à candidature (score: 20)
2026-07-28 11:26:55,216 [INFO]   [EXPIRÉE] Publication de la liste des convoqués pour l'appel à candida... → 2026-07-23
2026-07-28 11:26:55,216 [INFO]   Détails: https://www.emploi-public.ma/fr/postes-respo/details/f9c21d46-0b87-4c11-af2d-b5305b2fc6ad
2026-07-28 11:27:00,423 [INFO]     PDF trouvé: Arrêté d'appel à candidature (score: 20)
2026-07-28 11:27:00,424 [INFO]   [EN COURS] Avis de Postes de responsabilités au Ministère de l'Intérieu... → 2026-08-13
2026-07-28 11:27:00,424 [INFO]   Détails: https://www.emploi-public.ma/fr/postes-respo/details/496b5c80-5431-4b34-b3a6-e4e4088a9280
2026-07-28 11:27:01,916 [INFO]     PDF trouvé: Arrêté d'appel à candidature (score: 20)
2026-07-28 11:27:01,917 [INFO]   [EN COURS] Chef de service ressources humaines... → 2026-07-28
2026-07-28 11:27:01,917 [INFO]   Détails: https://www.emploi-public.ma/fr/postes-respo/details/2baa0d59-1224-4d68-b458-485f82987c4b
2026-07-28 11:27:04,299 [INFO]     PDF trouvé: Arrêté d'appel à candidature (score: 20)
2026-07-28 11:27:04,299 [INFO]   [EN COURS] Chef de division conseil des investisseurs... → 2026-07-28
2026-07-28 11:27:04,300 [INFO]   Détails: https://www.emploi-public.ma/fr/postes-respo/details/ed4a754f-909a-46af-9c2b-1e5cb5568848
2026-07-28 11:27:05,574 [INFO]     PDF trouvé: Arrêté d'appel à candidature (score: 20)
2026-07-28 11:27:05,575 [INFO]   [EN COURS] Recrutement de cinq chefs de Service... → 2026-07-29
2026-07-28 11:27:05,575 [INFO]   Détails: https://www.emploi-public.ma/fr/postes-respo/details/361d06f0-3608-475e-a552-8cb71a9cd5b4
2026-07-28 11:27:07,131 [INFO]     PDF trouvé: Arrêté d'appel à candidature (score: 20)
2026-07-28 11:27:07,132 [INFO]   [EN COURS] Appel à candidature pour les postes de responsabilité au Pro... → 2026-07-29
2026-07-28 11:27:07,132 [INFO] Page 4/5
2026-07-28 11:27:07,132 [INFO] Scraping page: https://www.emploi-public.ma/fr/postes-respo-liste?page=3
2026-07-28 11:27:07,917 [INFO]   → 13 annonces trouvées sur cette page
2026-07-28 11:27:07,918 [INFO]   Détails: https://www.emploi-public.ma/fr/postes-respo/details/1f0f0446-8044-4bda-a4f1-6e55b963a62f
2026-07-28 11:27:09,113 [INFO]     PDF trouvé: Arrêté d'appel à candidature (score: 20)
2026-07-28 11:27:09,114 [INFO]   [EXPIRÉE] Publication de la liste des convoqués pour l'appel à candida... → 2026-06-29
2026-07-28 11:27:09,114 [INFO]   Détails: https://www.emploi-public.ma/fr/postes-respo/details/716ae71a-4687-466a-ae3c-6f09c68b0175
2026-07-28 11:27:10,180 [INFO]     PDF trouvé: Arrêté d'appel à candidature (score: 20)
2026-07-28 11:27:10,181 [INFO]   [EXPIRÉE] Publication de la liste des convoqués pour l'appel à candida... → 2026-04-17
2026-07-28 11:27:10,182 [INFO]   Détails: https://www.emploi-public.ma/fr/postes-respo/details/cec09eea-b8ec-4b2f-a2da-3be6b1cfae34
2026-07-28 11:27:13,396 [INFO]     PDF trouvé: Arrêté d'appel à candidature (score: 20)
2026-07-28 11:27:13,397 [INFO]   [EXPIRÉE] Publication de la liste des résultats pour les Postes de res... → 2026-06-19
2026-07-28 11:27:13,397 [INFO]   Détails: https://www.emploi-public.ma/fr/postes-respo/details/9d0a2934-38fb-4fa5-a988-258254414db5
2026-07-28 11:27:14,404 [INFO]     PDF trouvé: Arrêté d'appel à candidature (score: 20)
2026-07-28 11:27:14,405 [INFO]   [EXPIRÉE] Publication de la liste des résultats pour les Postes de res... → 2026-06-15
2026-07-28 11:27:14,405 [INFO]   Détails: https://www.emploi-public.ma/fr/postes-respo/details/2327c25e-e050-4ea3-8970-df20522676e3
2026-07-28 11:27:23,025 [INFO]     PDF trouvé: Arrêté d'appel à candidature (score: 20)
2026-07-28 11:27:23,026 [INFO]   [EXPIRÉE] Publication de la liste des résultats pour les Postes de res... → 2026-06-15
2026-07-28 11:27:23,026 [INFO]   Détails: https://www.emploi-public.ma/fr/postes-respo/details/6f560704-3786-4bb7-9810-2f2ce23eecfb
2026-07-28 11:27:25,619 [INFO]     PDF trouvé: Arrêté d'appel à candidature (score: 20)
2026-07-28 11:27:25,620 [INFO]   [EXPIRÉE] Publication de la liste des résultats pour les Postes de res... → 2026-06-12
2026-07-28 11:27:25,621 [INFO]   Détails: https://www.emploi-public.ma/fr/postes-respo/details/e2af6bdf-76e9-4dab-b88d-71c8a95777ef
2026-07-28 11:27:26,689 [INFO]     PDF trouvé: Arrêté d'appel à candidature (score: 20)
2026-07-28 11:27:26,690 [INFO]   [EXPIRÉE] Publication de la liste des résultats pour les Postes de res... → 2026-05-25
2026-07-28 11:27:26,690 [INFO]   Détails: https://www.emploi-public.ma/fr/postes-respo/details/e87230b9-5c31-441a-99c0-ef3d70e8fccb
2026-07-28 11:27:27,513 [INFO]     PDF trouvé: Arrêté d'appel à candidature (score: 20)
2026-07-28 11:27:27,514 [INFO]   [EXPIRÉE] Avis de Postes de responsabilités au Ministère de l’intérieu... → 2026-07-22
2026-07-28 11:27:27,514 [INFO]   Détails: https://www.emploi-public.ma/fr/postes-respo/details/cb10246f-888d-4789-9322-8d88f1ca4e21
2026-07-28 11:27:29,576 [INFO]     PDF trouvé: Arrêté d'appel à candidature (score: 20)
2026-07-28 11:27:29,577 [INFO]   [EXPIRÉE] Avis de Postes de responsabilités au Ministère de l’intérieu... → 2026-07-22
2026-07-28 11:27:29,577 [INFO]   Détails: https://www.emploi-public.ma/fr/postes-respo/details/496b5c80-5431-4b34-b3a6-e4e4088a9280
2026-07-28 11:27:33,801 [INFO]     PDF trouvé: Arrêté d'appel à candidature (score: 20)
2026-07-28 11:27:33,802 [INFO]   [EN COURS] Chef de service ressources humaines... → 2026-07-28
2026-07-28 11:27:33,802 [INFO]   Détails: https://www.emploi-public.ma/fr/postes-respo/details/2baa0d59-1224-4d68-b458-485f82987c4b
2026-07-28 11:27:35,436 [INFO]     PDF trouvé: Arrêté d'appel à candidature (score: 20)
2026-07-28 11:27:35,438 [INFO]   [EN COURS] Chef de division conseil des investisseurs... → 2026-07-28
2026-07-28 11:27:35,438 [INFO]   Détails: https://www.emploi-public.ma/fr/postes-respo/details/ed4a754f-909a-46af-9c2b-1e5cb5568848
2026-07-28 11:27:37,989 [INFO]     PDF trouvé: Arrêté d'appel à candidature (score: 20)
2026-07-28 11:27:37,990 [INFO]   [EN COURS] Recrutement de cinq chefs de Service... → 2026-07-29
2026-07-28 11:27:37,990 [INFO]   Détails: https://www.emploi-public.ma/fr/postes-respo/details/361d06f0-3608-475e-a552-8cb71a9cd5b4
2026-07-28 11:27:38,851 [INFO]     PDF trouvé: Arrêté d'appel à candidature (score: 20)
2026-07-28 11:27:38,852 [INFO]   [EN COURS] Appel à candidature pour les postes de responsabilité au Pro... → 2026-07-29
2026-07-28 11:27:38,852 [INFO] Page 5/5
2026-07-28 11:27:38,852 [INFO] Scraping page: https://www.emploi-public.ma/fr/postes-respo-liste?page=4
2026-07-28 11:27:41,992 [INFO]   → 13 annonces trouvées sur cette page
2026-07-28 11:27:41,993 [INFO]   Détails: https://www.emploi-public.ma/fr/postes-respo/details/3b6918d1-3c36-4588-a26b-fbe714b6e52d
2026-07-28 11:27:43,082 [INFO]     PDF trouvé: Arrêté d'appel à candidature (score: 20)
2026-07-28 11:27:43,084 [INFO]   [EXPIRÉE] Publication de la liste des convoqués pour l'appel à candida... → 2026-06-24
2026-07-28 11:27:43,084 [INFO]   Détails: https://www.emploi-public.ma/fr/postes-respo/details/eb11c5f5-5e0a-4093-be4a-be951ac1d902
2026-07-28 11:27:46,183 [INFO]     PDF trouvé: Arrêté d'appel à candidature (score: 20)
2026-07-28 11:27:46,184 [INFO]   [EN COURS] Avis de Postes de responsabilités au Ministère de la Jeuness... → 2026-08-05
2026-07-28 11:27:46,185 [INFO]   Détails: https://www.emploi-public.ma/fr/postes-respo/details/19cf5e66-9675-4021-ab42-b1b0b537132c
2026-07-28 11:27:51,395 [INFO]     PDF trouvé: Arrêté d'appel à candidature (score: 20)
2026-07-28 11:27:51,396 [INFO]   [EN COURS] Avis de Postes de responsabilités au Ministère de la Jeuness... → 2026-08-05
2026-07-28 11:27:51,397 [INFO]   Détails: https://www.emploi-public.ma/fr/postes-respo/details/6cf979b2-4c4d-4d2e-8ddf-8b1bbb09eb3e
2026-07-28 11:27:52,304 [INFO]     PDF trouvé: Arrêté d'appel à candidature (score: 20)
2026-07-28 11:27:52,305 [INFO]   [EN COURS] Avis de Postes de responsabilités au Ministère de l'intérieu... → 2026-08-24
2026-07-28 11:27:52,305 [INFO]   Détails: https://www.emploi-public.ma/fr/postes-respo/details/2cba0974-d7be-4c5d-859c-b8bc800df124
2026-07-28 11:27:55,507 [INFO]     PDF trouvé: Arrêté d'appel à candidature (score: 20)
2026-07-28 11:27:55,508 [INFO]   [EN COURS] Avis de Postes de responsabilités au Ministère de l'intérieu... → 2026-08-24
2026-07-28 11:27:55,508 [INFO]   Détails: https://www.emploi-public.ma/fr/postes-respo/details/dd4ef999-edb7-4d73-a51f-f94527df58d6
2026-07-28 11:27:56,283 [INFO]     PDF trouvé: Arrêté d'appel à candidature (score: 20)
2026-07-28 11:27:56,284 [INFO]   [EN COURS] Avis de Postes de responsabilités au Ministère de l’Agricult... → 2026-08-03
2026-07-28 11:27:56,285 [INFO]   Détails: https://www.emploi-public.ma/fr/postes-respo/details/8191a001-182e-490c-a582-5cf834f5eeb7
2026-07-28 11:27:57,437 [INFO]     PDF trouvé: Arrêté d'appel à candidature (score: 20)
2026-07-28 11:27:57,438 [INFO]   [EXPIRÉE] Publication de la liste des résultats pour les Postes de res... → 2026-05-18
2026-07-28 11:27:57,439 [INFO]   Détails: https://www.emploi-public.ma/fr/postes-respo/details/a35f3c8e-0667-423a-a54c-978dbf200428
2026-07-28 11:27:58,364 [INFO]     PDF trouvé: Arrêté d'appel à candidature (score: 20)
2026-07-28 11:27:58,365 [INFO]   [EXPIRÉE] Publication de la liste des résultats pour les Postes de res... → 2026-07-08
2026-07-28 11:27:58,366 [INFO]   Détails: https://www.emploi-public.ma/fr/postes-respo/details/c570c40b-7e53-4d54-ba1a-13f0893e857c
2026-07-28 11:27:59,111 [INFO]     PDF trouvé: Arrêté d'appel à candidature (score: 20)
2026-07-28 11:27:59,112 [INFO]   [EN COURS] Avis de Postes de responsabilités au Conseil national des dr... → 2026-08-10
2026-07-28 11:27:59,112 [INFO]   Détails: https://www.emploi-public.ma/fr/postes-respo/details/496b5c80-5431-4b34-b3a6-e4e4088a9280
2026-07-28 11:27:59,970 [INFO]     PDF trouvé: Arrêté d'appel à candidature (score: 20)
2026-07-28 11:27:59,971 [INFO]   [EN COURS] Chef de service ressources humaines... → 2026-07-28
2026-07-28 11:27:59,971 [INFO]   Détails: https://www.emploi-public.ma/fr/postes-respo/details/2baa0d59-1224-4d68-b458-485f82987c4b
2026-07-28 11:28:01,475 [INFO]     PDF trouvé: Arrêté d'appel à candidature (score: 20)
2026-07-28 11:28:01,476 [INFO]   [EN COURS] Chef de division conseil des investisseurs... → 2026-07-28
2026-07-28 11:28:01,476 [INFO]   Détails: https://www.emploi-public.ma/fr/postes-respo/details/ed4a754f-909a-46af-9c2b-1e5cb5568848
2026-07-28 11:28:03,064 [INFO]     PDF trouvé: Arrêté d'appel à candidature (score: 20)
2026-07-28 11:28:03,065 [INFO]   [EN COURS] Recrutement de cinq chefs de Service... → 2026-07-29
2026-07-28 11:28:03,065 [INFO]   Détails: https://www.emploi-public.ma/fr/postes-respo/details/361d06f0-3608-475e-a552-8cb71a9cd5b4
2026-07-28 11:28:10,335 [INFO]     PDF trouvé: Arrêté d'appel à candidature (score: 20)
2026-07-28 11:28:10,336 [INFO]   [EN COURS] Appel à candidature pour les postes de responsabilité au Pro... → 2026-07-29
2026-07-28 11:28:10,336 [INFO] 
--- Catégorie: Recrutement des experts ---
2026-07-28 11:28:10,336 [INFO] Page 1/5
2026-07-28 11:28:10,337 [INFO] Scraping page: https://www.emploi-public.ma/fr/experts-liste
2026-07-28 11:28:12,619 [INFO]   → 9 annonces trouvées sur cette page
2026-07-28 11:28:12,620 [INFO]   Détails: https://www.emploi-public.ma/fr/experts/details/4854b58c-c09e-4edd-9a39-c01a0c414425
2026-07-28 11:28:13,893 [INFO]     PDF trouvé: Arrêté d'appel à candidature (score: 20)
2026-07-28 11:28:13,894 [INFO]   [EXPIRÉE] Publication de la liste des résultats pour le poste de EXPER... → 2026-04-12
2026-07-28 11:28:13,894 [INFO]   Détails: https://www.emploi-public.ma/fr/experts/details/ff8d6494-748d-4698-8ef0-676cbd5b1951
2026-07-28 11:28:18,532 [INFO]     PDF trouvé: Arrêté d'appel à candidature (score: 20)
2026-07-28 11:28:18,533 [INFO]   [EXPIRÉE] Appel à candidature pour le poste Expert des Affaires Juridi... → 2026-06-25
2026-07-28 11:28:18,533 [INFO]   Détails: https://www.emploi-public.ma/fr/experts/details/abce4b98-a1d8-48f9-a84c-053f53697154
2026-07-28 11:28:19,162 [INFO]     PDF trouvé: Arrêté d'appel à candidature (score: 20)
2026-07-28 11:28:19,163 [INFO]   [EXPIRÉE] Appel à candidature pour le poste expert... → 2026-06-15
2026-07-28 11:28:19,163 [INFO]   Détails: https://www.emploi-public.ma/fr/experts/details/5030f678-19f4-4bc0-96c6-f5462b134c1c
2026-07-28 11:28:19,992 [INFO]     PDF trouvé: Arrêté d'appel à candidature (score: 20)
2026-07-28 11:28:19,993 [INFO]   [EXPIRÉE] Appel à candidature pour le poste expert... → 2026-06-08
2026-07-28 11:28:19,993 [INFO]   Détails: https://www.emploi-public.ma/fr/experts/details/b0a97522-0c72-4a26-8b32-da0c02e79891
2026-07-28 11:28:20,707 [INFO]     PDF trouvé: Arrêté d'appel à candidature (score: 20)
2026-07-28 11:28:20,708 [INFO]   [EXPIRÉE] Appel à candidature pour le poste EXPERT CONTRACTUEL... → 2026-06-03
2026-07-28 11:28:20,708 [INFO]   Détails: https://www.emploi-public.ma/fr/experts/details/b3f7145b-9f2a-4cb4-aef7-1d917c679a65
2026-07-28 11:28:21,679 [INFO]     PDF trouvé: Arrêté d'appel à candidature (score: 20)
2026-07-28 11:28:21,680 [INFO]   [EXPIRÉE] Appel à candidature pour le poste expert... → 2026-05-29
2026-07-28 11:28:21,680 [INFO]   Détails: https://www.emploi-public.ma/fr/experts/details/d9255cd9-fe2e-4248-8eba-adf58b668823
2026-07-28 11:28:22,794 [INFO]     PDF trouvé: Arrêté d'appel à candidature (score: 20)
2026-07-28 11:28:22,796 [INFO]   [EXPIRÉE] Appel à candidature pour le poste Expert en matière de négoc... → 2026-04-03
2026-07-28 11:28:22,796 [INFO]   Détails: https://www.emploi-public.ma/fr/experts/details/0236914d-e17c-41c5-a5be-e632ad35f838
2026-07-28 11:28:24,256 [INFO]     PDF trouvé: Arrêté d'appel à candidature (score: 20)
2026-07-28 11:28:24,257 [INFO]   [EXPIRÉE] Appel à candidature pour le poste expert... → 2026-03-17
2026-07-28 11:28:24,257 [INFO]   Détails: https://www.emploi-public.ma/fr/experts/details/2a449c40-1832-450d-9eae-a70607bcac07
2026-07-28 11:28:25,048 [INFO]     PDF trouvé: Arrêté d'appel à candidature (score: 20)
2026-07-28 11:28:25,050 [INFO]   [EXPIRÉE] Appel à candidature pour le poste Expert... → 2026-03-16
2026-07-28 11:28:25,050 [INFO] Page 2/5
2026-07-28 11:28:25,050 [INFO] Scraping page: https://www.emploi-public.ma/fr/experts-liste?page=1
2026-07-28 11:28:27,026 [INFO]   → 9 annonces trouvées sur cette page
2026-07-28 11:28:27,027 [INFO]   Détails: https://www.emploi-public.ma/fr/experts/details/4854b58c-c09e-4edd-9a39-c01a0c414425
2026-07-28 11:28:29,700 [INFO]     PDF trouvé: Arrêté d'appel à candidature (score: 20)
2026-07-28 11:28:29,701 [INFO]   [EXPIRÉE] Publication de la liste des résultats pour le poste de EXPER... → 2026-04-12
2026-07-28 11:28:29,701 [INFO]   Détails: https://www.emploi-public.ma/fr/experts/details/ff8d6494-748d-4698-8ef0-676cbd5b1951
2026-07-28 11:28:31,066 [INFO]     PDF trouvé: Arrêté d'appel à candidature (score: 20)
2026-07-28 11:28:31,067 [INFO]   [EXPIRÉE] Appel à candidature pour le poste Expert des Affaires Juridi... → 2026-06-25
2026-07-28 11:28:31,067 [INFO]   Détails: https://www.emploi-public.ma/fr/experts/details/abce4b98-a1d8-48f9-a84c-053f53697154
2026-07-28 11:28:32,271 [INFO]     PDF trouvé: Arrêté d'appel à candidature (score: 20)
2026-07-28 11:28:32,272 [INFO]   [EXPIRÉE] Appel à candidature pour le poste expert... → 2026-06-15
2026-07-28 11:28:32,272 [INFO]   Détails: https://www.emploi-public.ma/fr/experts/details/5030f678-19f4-4bc0-96c6-f5462b134c1c
2026-07-28 11:28:33,301 [INFO]     PDF trouvé: Arrêté d'appel à candidature (score: 20)
2026-07-28 11:28:33,302 [INFO]   [EXPIRÉE] Appel à candidature pour le poste expert... → 2026-06-08
2026-07-28 11:28:33,302 [INFO]   Détails: https://www.emploi-public.ma/fr/experts/details/b0a97522-0c72-4a26-8b32-da0c02e79891
2026-07-28 11:28:36,198 [INFO]     PDF trouvé: Arrêté d'appel à candidature (score: 20)
2026-07-28 11:28:36,199 [INFO]   [EXPIRÉE] Appel à candidature pour le poste EXPERT CONTRACTUEL... → 2026-06-03
2026-07-28 11:28:36,199 [INFO]   Détails: https://www.emploi-public.ma/fr/experts/details/b3f7145b-9f2a-4cb4-aef7-1d917c679a65
2026-07-28 11:28:36,914 [INFO]     PDF trouvé: Arrêté d'appel à candidature (score: 20)
2026-07-28 11:28:36,915 [INFO]   [EXPIRÉE] Appel à candidature pour le poste expert... → 2026-05-29
2026-07-28 11:28:36,915 [INFO]   Détails: https://www.emploi-public.ma/fr/experts/details/d9255cd9-fe2e-4248-8eba-adf58b668823
2026-07-28 11:28:37,536 [INFO]     PDF trouvé: Arrêté d'appel à candidature (score: 20)
2026-07-28 11:28:37,537 [INFO]   [EXPIRÉE] Appel à candidature pour le poste Expert en matière de négoc... → 2026-04-03
2026-07-28 11:28:37,537 [INFO]   Détails: https://www.emploi-public.ma/fr/experts/details/0236914d-e17c-41c5-a5be-e632ad35f838
2026-07-28 11:28:38,276 [INFO]     PDF trouvé: Arrêté d'appel à candidature (score: 20)
2026-07-28 11:28:38,277 [INFO]   [EXPIRÉE] Appel à candidature pour le poste expert... → 2026-03-17
2026-07-28 11:28:38,278 [INFO]   Détails: https://www.emploi-public.ma/fr/experts/details/2a449c40-1832-450d-9eae-a70607bcac07
2026-07-28 11:28:40,464 [INFO]     PDF trouvé: Arrêté d'appel à candidature (score: 20)
2026-07-28 11:28:40,465 [INFO]   [EXPIRÉE] Appel à candidature pour le poste Expert... → 2026-03-16
2026-07-28 11:28:40,465 [INFO] Page 3/5
2026-07-28 11:28:40,465 [INFO] Scraping page: https://www.emploi-public.ma/fr/experts-liste?page=2
2026-07-28 11:28:41,142 [INFO]   → 9 annonces trouvées sur cette page
2026-07-28 11:28:41,144 [INFO]   Détails: https://www.emploi-public.ma/fr/experts/details/1f2e38a5-0fe9-4f17-89fb-d23ab9140242
2026-07-28 11:28:41,827 [INFO]     PDF trouvé: Arrêté d'appel à candidature (score: 20)
2026-07-28 11:28:41,828 [INFO]   [EXPIRÉE] Appel à candidature pour le poste expert dans les domaines l... → 2026-03-12
2026-07-28 11:28:41,828 [INFO]   Détails: https://www.emploi-public.ma/fr/experts/details/2401abad-8177-4fdc-8c76-354d03f61cd3
2026-07-28 11:28:43,164 [INFO]     PDF trouvé: Arrêté d'appel à candidature (score: 20)
2026-07-28 11:28:43,165 [INFO]   [EXPIRÉE] Appel à candidature pour le poste expert... → 2026-02-18
2026-07-28 11:28:43,165 [INFO]   Détails: https://www.emploi-public.ma/fr/experts/details/ad16f9e2-25eb-4a06-9a7a-572410c14d55
2026-07-28 11:28:44,376 [INFO]     PDF trouvé: Arrêté d'appel à candidature (score: 20)
2026-07-28 11:28:44,377 [INFO]   [EXPIRÉE] Appel à candidature pour le poste Expert en gouvernance des ... → 2025-12-23
2026-07-28 11:28:44,378 [INFO]   Détails: https://www.emploi-public.ma/fr/experts/details/302ab5a1-fa28-4ec1-9341-8ba50b6bf810
2026-07-28 11:29:02,572 [INFO]     PDF trouvé: Arrêté d'appel à candidature (score: 20)
2026-07-28 11:29:02,573 [INFO]   [EXPIRÉE] Appel à candidature pour le poste expert... → 2025-12-21
2026-07-28 11:29:02,573 [INFO]   Détails: https://www.emploi-public.ma/fr/experts/details/f9f74e66-af9e-4c4a-9cec-491e7d25fbbb
2026-07-28 11:29:10,093 [INFO]     PDF trouvé: Arrêté d'appel à candidature (score: 20)
2026-07-28 11:29:10,094 [INFO]   [EXPIRÉE] Publication de la liste des résultats pour le poste de Exper... → 2025-12-06
2026-07-28 11:29:10,094 [INFO]   Détails: https://www.emploi-public.ma/fr/experts/details/99f49e97-4b0e-4897-b1c6-a1a811d179d9
2026-07-28 11:29:10,831 [INFO]     PDF trouvé: Arrêté d'appel à candidature (score: 20)
2026-07-28 11:29:10,831 [INFO]   [EXPIRÉE] Publication de la liste des résultats pour le poste de Exper... → 2025-12-06
2026-07-28 11:29:10,832 [INFO]   Détails: https://www.emploi-public.ma/fr/experts/details/121493c9-78d8-44bf-b408-e42f8bf43d27
2026-07-28 11:29:11,654 [INFO]     PDF trouvé: Arrêté d'appel à candidature (score: 20)
2026-07-28 11:29:11,655 [INFO]   [EXPIRÉE] Appel à candidature pour le poste Expert en coordination ins... → 2025-12-05
2026-07-28 11:29:11,655 [INFO]   Détails: https://www.emploi-public.ma/fr/experts/details/336eb4a9-c147-4981-94da-c636a748f7a0
2026-07-28 11:29:12,466 [INFO]     PDF trouvé: Arrêté d'appel à candidature (score: 20)
2026-07-28 11:29:12,468 [INFO]   [EXPIRÉE] Publication de la liste des résultats pour le poste de Exper... → 2025-09-30
2026-07-28 11:29:12,468 [INFO]   Détails: https://www.emploi-public.ma/fr/experts/details/0917753f-ac81-4229-b8d4-5292cae1510a
2026-07-28 11:29:14,260 [INFO]     PDF trouvé: Arrêté d'appel à candidature (score: 20)
2026-07-28 11:29:14,262 [INFO]   [EXPIRÉE] Appel à candidature pour le poste Expert contractuel... → 2025-06-11
2026-07-28 11:29:14,262 [INFO] Page 4/5
2026-07-28 11:29:14,262 [INFO] Scraping page: https://www.emploi-public.ma/fr/experts-liste?page=3
2026-07-28 11:29:17,576 [INFO]   → 9 annonces trouvées sur cette page
2026-07-28 11:29:17,577 [INFO]   Détails: https://www.emploi-public.ma/fr/experts/details/1e6a6ce8-141e-4fe3-b660-097a9342e904
2026-07-28 11:29:23,562 [INFO]     PDF trouvé: Arrêté d'appel à candidature (score: 20)
2026-07-28 11:29:23,563 [INFO]   [EXPIRÉE] Appel à candidature pour le poste expert en affaires juridiq... → 2025-06-09
2026-07-28 11:29:23,564 [INFO]   Détails: https://www.emploi-public.ma/fr/experts/details/9973e98f-4e11-40f1-aeae-194d055be60c
2026-07-28 11:29:25,028 [INFO]     PDF trouvé: Arrêté d'appel à candidature (score: 20)
2026-07-28 11:29:25,029 [INFO]   [EXPIRÉE] Appel à candidature pour le poste Expert en océanographie et... → 2025-06-06
2026-07-28 11:29:25,029 [INFO]   Détails: https://www.emploi-public.ma/fr/experts/details/c4333ade-5b69-4a9b-b1d6-23858dca3e02
2026-07-28 11:29:30,082 [INFO]     PDF trouvé: Arrêté d'appel à candidature (score: 20)
2026-07-28 11:29:30,083 [INFO]   [EXPIRÉE] Appel à candidature pour le poste Quatre experts aux compéte... → 2025-05-14
2026-07-28 11:29:30,083 [INFO]   Détails: https://www.emploi-public.ma/fr/experts/details/3d556890-d88a-4b78-aa10-b953f3a04785
2026-07-28 11:29:31,119 [INFO]     PDF trouvé: Arrêté d'appel à candidature (score: 20)
2026-07-28 11:29:31,120 [INFO]   [EXPIRÉE] Appel à candidature pour le poste expert en affaires juridiq... → 2025-05-02
2026-07-28 11:29:31,120 [INFO]   Détails: https://www.emploi-public.ma/fr/experts/details/1d5f52e9-1b4b-423d-bf9b-935a34d3caf2
2026-07-28 11:29:34,753 [INFO]     PDF trouvé: Arrêté d'appel à candidature (score: 20)
2026-07-28 11:29:34,754 [INFO]   [EXPIRÉE] Appel à candidature pour le poste expert... → 2025-04-18
2026-07-28 11:29:34,754 [INFO]   Détails: https://www.emploi-public.ma/fr/experts/details/ee7b273d-5714-41aa-9489-a47d37eb618e
2026-07-28 11:29:37,755 [INFO]     PDF trouvé: Arrêté d'appel à candidature (score: 20)
2026-07-28 11:29:37,756 [INFO]   [EXPIRÉE] Appel à candidature pour le poste Expert en Politique Hydriq... → 2025-04-07
2026-07-28 11:29:37,756 [INFO]   Détails: https://www.emploi-public.ma/fr/experts/details/74c6b2c0-7af0-4688-937b-1881caa843f0
2026-07-28 11:29:39,020 [INFO]     PDF trouvé: Arrêté d'appel à candidature (score: 20)
2026-07-28 11:29:39,022 [INFO]   [EXPIRÉE] Appel à candidature pour le poste expert dans le domaine de ... → 2025-03-31
2026-07-28 11:29:39,022 [INFO]   Détails: https://www.emploi-public.ma/fr/experts/details/efe61f8c-79ae-41bf-851e-67e779047d6a
2026-07-28 11:29:39,670 [INFO]     PDF trouvé: Arrêté d'appel à candidature (score: 20)
2026-07-28 11:29:39,671 [INFO]   [EXPIRÉE] Appel à candidature pour le poste Poste d'Expert en génie ci... → 2025-03-27
2026-07-28 11:29:39,672 [INFO]   Détails: https://www.emploi-public.ma/fr/experts/details/c8ffa879-6f01-46df-9beb-eb9ae0a6f554
2026-07-28 11:29:40,700 [INFO]     PDF trouvé: Arrêté d'appel à candidature (score: 20)
2026-07-28 11:29:40,701 [INFO]   [EXPIRÉE] Appel à candidature pour le poste خبير في مجال صياغة إستراتي... → 2025-03-21
2026-07-28 11:29:40,701 [INFO] Page 5/5
2026-07-28 11:29:40,701 [INFO] Scraping page: https://www.emploi-public.ma/fr/experts-liste?page=4
2026-07-28 11:29:41,827 [INFO]   → 9 annonces trouvées sur cette page
2026-07-28 11:29:41,828 [INFO]   Détails: https://www.emploi-public.ma/fr/experts/details/a538c27d-7e09-4441-9551-b22fe9e9d017
2026-07-28 11:29:42,493 [INFO]     PDF trouvé: Arrêté d'appel à candidature (score: 20)
2026-07-28 11:29:42,494 [INFO]   [EXPIRÉE] Appel à candidature pour le poste خبير في مجال إستراتيجية من... → 2025-03-21
2026-07-28 11:29:42,494 [INFO]   Détails: https://www.emploi-public.ma/fr/experts/details/cf3172d1-8c15-4404-b1ff-21c154c7da2f
2026-07-28 11:29:43,528 [INFO]     PDF trouvé: Arrêté d'appel à candidature (score: 20)
2026-07-28 11:29:43,529 [INFO]   [EXPIRÉE] Appel à candidature pour le poste خبير في مجال تطوير التعاون... → 2025-03-21
2026-07-28 11:29:43,529 [INFO]   Détails: https://www.emploi-public.ma/fr/experts/details/55bfa14b-dac1-4967-b1b6-8983cea09ed9
2026-07-28 11:29:46,168 [INFO]     PDF trouvé: Arrêté d'appel à candidature (score: 20)
2026-07-28 11:29:46,169 [INFO]   [EXPIRÉE] Appel à candidature pour le poste خبير في مجال نظم المعلوميا... → 2025-03-21
2026-07-28 11:29:46,169 [INFO]   Détails: https://www.emploi-public.ma/fr/experts/details/9ebae75d-f857-4c4d-9e16-0108b872c04f
2026-07-28 11:29:47,108 [INFO]     PDF trouvé: Arrêté d'appel à candidature (score: 20)
2026-07-28 11:29:47,109 [INFO]   [EXPIRÉE] Appel à candidature pour le poste gestion des projets et ges... → 2025-03-19
2026-07-28 11:29:47,109 [INFO]   Détails: https://www.emploi-public.ma/fr/experts/details/0608bdd0-0a58-4c90-a1d5-bd3483116452
2026-07-28 11:29:48,276 [INFO]     PDF trouvé: Arrêté d'appel à candidature (score: 20)
2026-07-28 11:29:48,276 [INFO]   [EXPIRÉE] Appel à candidature pour le poste Poste d'expert dans les re... → 2025-02-03
2026-07-28 11:29:48,277 [INFO]   Détails: https://www.emploi-public.ma/fr/experts/details/0cff84fa-82b2-4363-93e0-a88e5063ef0b
2026-07-28 11:29:49,009 [INFO]     PDF trouvé: Arrêté d'appel à candidature (score: 20)
2026-07-28 11:29:49,009 [INFO]   [EXPIRÉE] Appel à candidature pour le poste Expert en gestion des marc... → 2025-01-27
2026-07-28 11:29:49,009 [INFO]   Détails: https://www.emploi-public.ma/fr/experts/details/74373088-bc5e-4908-985b-9b0086ffaed3
2026-07-28 11:29:55,754 [INFO]     PDF trouvé: Arrêté d'appel à candidature (score: 20)
2026-07-28 11:29:55,755 [INFO]   [EXPIRÉE] Appel à candidature pour le poste Expert... → 2025-01-24
2026-07-28 11:29:55,755 [INFO]   Détails: https://www.emploi-public.ma/fr/experts/details/c14080a7-f964-4481-923d-668331b39671
2026-07-28 11:29:59,945 [INFO]     PDF trouvé: Arrêté d'appel à candidature (score: 20)
2026-07-28 11:29:59,946 [INFO]   [EXPIRÉE] Appel à candidature pour le poste Expert... → 2025-01-24
2026-07-28 11:29:59,946 [INFO]   Détails: https://www.emploi-public.ma/fr/experts/details/728ebc5b-6b53-4539-b18a-620011be8614
2026-07-28 11:30:02,878 [INFO]     PDF trouvé: Arrêté d'appel à candidature (score: 20)
2026-07-28 11:30:02,879 [INFO]   [EXPIRÉE] Appel à candidature pour le poste Expert... → 2025-01-24
2026-07-28 11:30:02,882 [INFO] 
============================================================
2026-07-28 11:30:02,882 [INFO] RÉSUMÉ
2026-07-28 11:30:02,882 [INFO] ============================================================
2026-07-28 11:30:02,882 [INFO] Annonces traitées: 200
2026-07-28 11:30:02,883 [INFO] Dates en cours: 55
2026-07-28 11:30:02,883 [INFO] Dates expirées: 101
2026-07-28 11:30:02,883 [INFO] Total résultats en base: 183
2026-07-28 11:30:03,932 [INFO] Email envoyé à cavalkhalid@gmail.com
2026-07-28 11:30:03,932 [INFO] 
Scraper terminé.
2026-07-31 11:32:07,317 [INFO] ============================================================
2026-07-31 11:32:07,317 [INFO] DÉMARRAGE DU SCRAPER emploi-public.ma (FR)
2026-07-31 11:32:07,317 [INFO] Date: 2026-07-31 11:32:07
2026-07-31 11:32:07,317 [INFO] ============================================================
2026-07-31 11:32:07,318 [INFO] 
--- Catégorie: Concours de recrutement ---
2026-07-31 11:32:07,318 [INFO] Page 1/5
2026-07-31 11:32:07,318 [INFO] Scraping page: https://www.emploi-public.ma/fr/concours-liste
2026-07-31 11:32:08,861 [INFO]   → 9 annonces trouvées sur cette page
2026-07-31 11:32:08,862 [INFO]   Détails: https://www.emploi-public.ma/fr/concours/details/72ed0218-c625-44ef-ad36-0ddf1450d8b7
2026-07-31 11:32:09,559 [INFO]     PDF trouvé: Arrêté d'ouverture du concours (score: 25)
2026-07-31 11:32:09,561 [INFO]   [EN COURS] Avis de concours de recrutement de Ingénieur d'Etat 1er grad... → 2026-08-14
2026-07-31 11:32:09,561 [INFO]   Détails: https://www.emploi-public.ma/fr/concours/details/1d56279d-bec7-4467-906d-4003286e1a05
2026-07-31 11:32:10,320 [INFO]     PDF trouvé: Arrêté d'ouverture du concours (score: 25)
2026-07-31 11:32:10,321 [INFO]   [EN COURS] Avis de concours de recrutement de Architecte 1er grade - Ec... → 2026-08-13
2026-07-31 11:32:10,321 [INFO]   Détails: https://www.emploi-public.ma/fr/concours/details/1874ae4c-94d6-4af0-9575-a39ede5189ff
2026-07-31 11:32:11,019 [INFO]     PDF trouvé: Arrêté d'ouverture du concours (score: 25)
2026-07-31 11:32:11,020 [INFO]   [EN COURS] Avis de concours de recrutement de Administrateur 2ème grade... → 2026-08-31
2026-07-31 11:32:11,021 [INFO]   Détails: https://www.emploi-public.ma/fr/concours/details/72d7f4f3-b81d-4f01-b750-c84c9fdb3db1
2026-07-31 11:32:11,702 [INFO]     PDF trouvé: Arrêté d'ouverture du concours (score: 25)
2026-07-31 11:32:11,703 [INFO]   [EN COURS] Avis de concours de recrutement de Administrateur 2ème grade... → 2026-08-31
2026-07-31 11:32:11,704 [INFO]   Détails: https://www.emploi-public.ma/fr/concours/details/74fa6128-711a-40b7-b71b-5b4388a2d9d4
2026-07-31 11:32:12,630 [INFO]     PDF trouvé: Arrêté d'ouverture du concours (score: 25)
2026-07-31 11:32:12,631 [INFO]   [EN COURS] Avis de concours de recrutement de Adjoint technique 2ème gr... → 2026-08-10
2026-07-31 11:32:12,632 [INFO]   Détails: https://www.emploi-public.ma/fr/concours/details/3d99718c-9c89-43ed-92b5-ec76b2c038b3
2026-07-31 11:32:13,561 [INFO]     PDF trouvé: Arrêté d'ouverture du concours (score: 25)
2026-07-31 11:32:13,563 [INFO]   [EN COURS] Avis de concours de recrutement de Technicien de 4ème grade ... → 2026-08-10
2026-07-31 11:32:13,563 [INFO]   Détails: https://www.emploi-public.ma/fr/concours/details/4e64e78f-621d-4e95-a829-a8b22986502a
2026-07-31 11:32:14,464 [INFO]     PDF trouvé: Arrêté d'ouverture du concours (score: 25)
2026-07-31 11:32:14,465 [INFO]   [EN COURS] Avis de concours de recrutement de Technicien de 3ème grade ... → 2026-08-10
2026-07-31 11:32:14,465 [INFO]   Détails: https://www.emploi-public.ma/fr/concours/details/bacf792b-04bc-4a4b-a73b-cc69eab17a49
2026-07-31 11:32:15,153 [INFO]     PDF trouvé: Arrêté d'ouverture du concours (score: 25)
2026-07-31 11:32:15,155 [INFO]   [EN COURS] Avis de concours de recrutement de Ingénieur d'Etat 1er grad... → 2026-08-10
2026-07-31 11:32:15,155 [INFO]   Détails: https://www.emploi-public.ma/fr/concours/details/3d6e4275-fe42-4fa4-b135-22595857f77b
2026-07-31 11:32:15,777 [INFO]     PDF trouvé: Arrêté d'ouverture du concours (score: 25)
2026-07-31 11:32:15,778 [INFO]   [EN COURS] Avis de concours de recrutement de Secrétaire des affaires é... → 2026-08-10
2026-07-31 11:32:15,778 [INFO] Page 2/5
2026-07-31 11:32:15,778 [INFO] Scraping page: https://www.emploi-public.ma/fr/concours-liste?page=1
2026-07-31 11:32:19,279 [INFO]   → 9 annonces trouvées sur cette page
2026-07-31 11:32:19,280 [INFO]   Détails: https://www.emploi-public.ma/fr/concours/details/72ed0218-c625-44ef-ad36-0ddf1450d8b7
2026-07-31 11:32:20,470 [INFO]     PDF trouvé: Arrêté d'ouverture du concours (score: 25)
2026-07-31 11:32:20,471 [INFO]   [EN COURS] Avis de concours de recrutement de Ingénieur d'Etat 1er grad... → 2026-08-14
2026-07-31 11:32:20,471 [INFO]   Détails: https://www.emploi-public.ma/fr/concours/details/1d56279d-bec7-4467-906d-4003286e1a05
2026-07-31 11:32:21,185 [INFO]     PDF trouvé: Arrêté d'ouverture du concours (score: 25)
2026-07-31 11:32:21,186 [INFO]   [EN COURS] Avis de concours de recrutement de Architecte 1er grade - Ec... → 2026-08-13
2026-07-31 11:32:21,186 [INFO]   Détails: https://www.emploi-public.ma/fr/concours/details/1874ae4c-94d6-4af0-9575-a39ede5189ff
2026-07-31 11:32:22,188 [INFO]     PDF trouvé: Arrêté d'ouverture du concours (score: 25)
2026-07-31 11:32:22,190 [INFO]   [EN COURS] Avis de concours de recrutement de Administrateur 2ème grade... → 2026-08-31
2026-07-31 11:32:22,190 [INFO]   Détails: https://www.emploi-public.ma/fr/concours/details/72d7f4f3-b81d-4f01-b750-c84c9fdb3db1
2026-07-31 11:32:22,861 [INFO]     PDF trouvé: Arrêté d'ouverture du concours (score: 25)
2026-07-31 11:32:22,862 [INFO]   [EN COURS] Avis de concours de recrutement de Administrateur 2ème grade... → 2026-08-31
2026-07-31 11:32:22,862 [INFO]   Détails: https://www.emploi-public.ma/fr/concours/details/74fa6128-711a-40b7-b71b-5b4388a2d9d4
2026-07-31 11:32:25,267 [INFO]     PDF trouvé: Arrêté d'ouverture du concours (score: 25)
2026-07-31 11:32:25,268 [INFO]   [EN COURS] Avis de concours de recrutement de Adjoint technique 2ème gr... → 2026-08-10
2026-07-31 11:32:25,268 [INFO]   Détails: https://www.emploi-public.ma/fr/concours/details/3d99718c-9c89-43ed-92b5-ec76b2c038b3
2026-07-31 11:32:25,936 [INFO]     PDF trouvé: Arrêté d'ouverture du concours (score: 25)
2026-07-31 11:32:25,937 [INFO]   [EN COURS] Avis de concours de recrutement de Technicien de 4ème grade ... → 2026-08-10
2026-07-31 11:32:25,937 [INFO]   Détails: https://www.emploi-public.ma/fr/concours/details/4e64e78f-621d-4e95-a829-a8b22986502a
2026-07-31 11:32:26,517 [INFO]     PDF trouvé: Arrêté d'ouverture du concours (score: 25)
2026-07-31 11:32:26,518 [INFO]   [EN COURS] Avis de concours de recrutement de Technicien de 3ème grade ... → 2026-08-10
2026-07-31 11:32:26,518 [INFO]   Détails: https://www.emploi-public.ma/fr/concours/details/bacf792b-04bc-4a4b-a73b-cc69eab17a49
2026-07-31 11:32:27,176 [INFO]     PDF trouvé: Arrêté d'ouverture du concours (score: 25)
2026-07-31 11:32:27,177 [INFO]   [EN COURS] Avis de concours de recrutement de Ingénieur d'Etat 1er grad... → 2026-08-10
2026-07-31 11:32:27,177 [INFO]   Détails: https://www.emploi-public.ma/fr/concours/details/3d6e4275-fe42-4fa4-b135-22595857f77b
2026-07-31 11:32:27,870 [INFO]     PDF trouvé: Arrêté d'ouverture du concours (score: 25)
2026-07-31 11:32:27,871 [INFO]   [EN COURS] Avis de concours de recrutement de Secrétaire des affaires é... → 2026-08-10
2026-07-31 11:32:27,872 [INFO] Page 3/5
2026-07-31 11:32:27,872 [INFO] Scraping page: https://www.emploi-public.ma/fr/concours-liste?page=2
2026-07-31 11:32:28,922 [INFO]   → 9 annonces trouvées sur cette page
2026-07-31 11:32:28,924 [INFO]   Détails: https://www.emploi-public.ma/fr/concours/details/f8fd2d0d-5d98-42d7-8229-9924acf1c303
2026-07-31 11:32:29,487 [INFO]     PDF trouvé: Arrêté d'ouverture du concours (score: 25)
2026-07-31 11:32:29,488 [INFO]   [EN COURS] Avis de concours de recrutement de Conseiller des affaires é... → 2026-08-10
2026-07-31 11:32:29,488 [INFO]   Détails: https://www.emploi-public.ma/fr/concours/details/0d14767d-7b8a-4282-b397-96709c297e37
2026-07-31 11:32:30,584 [INFO]     PDF trouvé: Arrêté d'ouverture du concours (score: 25)
2026-07-31 11:32:30,585 [INFO]   [EN COURS] Avis de concours de recrutement de Inspecteur des Douanes de... → 2026-08-10
2026-07-31 11:32:30,585 [INFO]   Détails: https://www.emploi-public.ma/fr/concours/details/ab562af5-0ec1-4fe8-99a3-48cd82b59676
2026-07-31 11:32:31,244 [INFO]     PDF trouvé: Arrêté d'ouverture du concours (score: 25)
2026-07-31 11:32:31,245 [INFO]   [EN COURS] Avis de concours de recrutement de Ingénieur d’Etat  des Dou... → 2026-08-10
2026-07-31 11:32:31,245 [INFO]   Détails: https://www.emploi-public.ma/fr/concours/details/e9c0bb85-e735-4886-acf1-b3309ba4a205
2026-07-31 11:32:31,916 [INFO]     PDF trouvé: Arrêté d'ouverture du concours (score: 25)
2026-07-31 11:32:31,918 [INFO]   [EN COURS] Avis de concours de recrutement de Ingénieur d'Etat 1er grad... → 2026-08-10
2026-07-31 11:32:31,918 [INFO]   Détails: https://www.emploi-public.ma/fr/concours/details/d91438ac-a7df-48aa-a29d-ea568c52b32e
2026-07-31 11:32:33,340 [INFO]     PDF trouvé: Arrêté d'ouverture du concours (score: 25)
2026-07-31 11:32:33,341 [INFO]   [EN COURS] Avis de concours de recrutement de Technicien de 3ème grade ... → 2026-08-07
2026-07-31 11:32:33,341 [INFO]   Détails: https://www.emploi-public.ma/fr/concours/details/6aa579ad-7abb-44f1-b036-56e9fbafced8
2026-07-31 11:32:34,707 [INFO]     PDF trouvé: Arrêté d'ouverture du concours (score: 25)
2026-07-31 11:32:34,708 [INFO]   [EN COURS] Avis de concours de recrutement de Administrateur 2ème grade... → 2026-08-07
2026-07-31 11:32:34,708 [INFO]   Détails: https://www.emploi-public.ma/fr/concours/details/c27ac1df-953a-4b58-a2e2-e273271f18b1
2026-07-31 11:32:35,700 [INFO]     PDF trouvé: Arrêté d'ouverture du concours (score: 25)
2026-07-31 11:32:35,702 [INFO]   [EN COURS] Avis de concours de recrutement de Adjoint technique 2ème gr... → 2026-08-05
2026-07-31 11:32:35,702 [INFO]   Détails: https://www.emploi-public.ma/fr/concours/details/7faff0fb-2922-485a-853e-20b4d81cbc7a
2026-07-31 11:32:36,284 [INFO]     PDF trouvé: Arrêté d'ouverture du concours (score: 25)
2026-07-31 11:32:36,285 [INFO]   [EN COURS] Avis de concours de recrutement de Maître de conférences gra... → 2026-08-03
2026-07-31 11:32:36,285 [INFO]   Détails: https://www.emploi-public.ma/fr/concours/details/2c15e888-7029-4082-9334-eef194ee5586
2026-07-31 11:32:37,678 [INFO]     PDF trouvé: Arrêté d'ouverture du concours (score: 25)
2026-07-31 11:32:37,679 [INFO]   [EN COURS] Avis de concours de recrutement de Administrateur 2ème grade... → 2026-08-03
2026-07-31 11:32:37,679 [INFO] Page 4/5
2026-07-31 11:32:37,680 [INFO] Scraping page: https://www.emploi-public.ma/fr/concours-liste?page=3
2026-07-31 11:32:40,635 [INFO]   → 9 annonces trouvées sur cette page
2026-07-31 11:32:40,636 [INFO]   Détails: https://www.emploi-public.ma/fr/concours/details/d543668b-c808-4ac0-933b-4301237f9f67
2026-07-31 11:32:41,225 [INFO]     PDF trouvé: Arrêté d'ouverture du concours (score: 25)
2026-07-31 11:32:41,226 [INFO]   [EN COURS] Avis de concours de recrutement de Administrateur 3ème grade... → 2026-07-31
2026-07-31 11:32:41,226 [INFO]   Détails: https://www.emploi-public.ma/fr/concours/details/78699344-c4d1-4204-ad40-9749cc0563aa
2026-07-31 11:32:41,898 [INFO]     PDF trouvé: Arrêté d'ouverture du concours (score: 25)
2026-07-31 11:32:41,900 [INFO]   [EXPIRÉE] Publication de la liste des convoqués pour l'examen écrit du... → 2026-07-23
2026-07-31 11:32:41,900 [INFO]   Détails: https://www.emploi-public.ma/fr/concours/details/b62a7d1c-c399-48cd-ab9f-adca105db22f
2026-07-31 11:32:43,593 [INFO]     PDF trouvé: Arrêté d'ouverture du concours (score: 25)
2026-07-31 11:32:43,594 [INFO]   [EXPIRÉE] Publication de la liste des convoqués pour l'examen écrit du... → 2026-07-21
2026-07-31 11:32:43,595 [INFO]   Détails: https://www.emploi-public.ma/fr/concours/details/dc6005fa-8f1f-418f-baed-64e9caca12f6
2026-07-31 11:32:45,109 [INFO]     PDF trouvé: Arrêté d'ouverture du concours (score: 25)
2026-07-31 11:32:45,110 [INFO]   [EXPIRÉE] Publication de la liste des convoqués pour l'examen écrit du... → 2026-07-21
2026-07-31 11:32:45,110 [INFO]   Détails: https://www.emploi-public.ma/fr/concours/details/7d4f66b4-2f8c-4dbf-94ea-99d5943a7378
2026-07-31 11:32:46,032 [INFO]     PDF trouvé: Arrêté d'ouverture du concours (score: 25)
2026-07-31 11:32:46,033 [INFO]   [EXPIRÉE] Publication de la liste des convoqués pour l'examen écrit du... → 2026-07-21
2026-07-31 11:32:46,033 [INFO]   Détails: https://www.emploi-public.ma/fr/concours/details/e372c384-b595-401d-bfa7-77c67af01fbe
2026-07-31 11:32:47,330 [INFO]     PDF trouvé: Arrêté d'ouverture du concours (score: 25)
2026-07-31 11:32:47,331 [INFO]   [EXPIRÉE] Publication de la liste des convoqués pour l'examen écrit du... → 2026-07-21
2026-07-31 11:32:47,331 [INFO]   Détails: https://www.emploi-public.ma/fr/concours/details/606d3ff2-2e7a-4174-9d74-713c58402b8a
2026-07-31 11:32:48,772 [INFO]     PDF trouvé: Arrêté d'ouverture du concours (score: 25)
2026-07-31 11:32:48,773 [INFO]   [EXPIRÉE] Publication de la liste des résultats pour le concours de re... → 2026-07-21
2026-07-31 11:32:48,774 [INFO]   Détails: https://www.emploi-public.ma/fr/concours/details/9740d64c-8b1b-47b8-abe8-00b3575d4aa9
2026-07-31 11:32:50,141 [INFO]     PDF trouvé: Arrêté d'ouverture du concours (score: 25)
2026-07-31 11:32:50,143 [INFO]   [EXPIRÉE] Publication de la liste des convoqués pour l'examen écrit du... → 2026-07-20
2026-07-31 11:32:50,143 [INFO]   Détails: https://www.emploi-public.ma/fr/concours/details/b89b6b38-795f-49af-9d00-910305760e85
2026-07-31 11:32:50,834 [INFO]     PDF trouvé: Arrêté d'ouverture du concours (score: 25)
2026-07-31 11:32:50,835 [INFO]   [EXPIRÉE] Publication de la liste des convoqués pour l'examen écrit du... → 2026-07-20
2026-07-31 11:32:50,835 [INFO] Page 5/5
2026-07-31 11:32:50,835 [INFO] Scraping page: https://www.emploi-public.ma/fr/concours-liste?page=4
2026-07-31 11:32:51,807 [INFO]   → 9 annonces trouvées sur cette page
2026-07-31 11:32:51,808 [INFO]   Détails: https://www.emploi-public.ma/fr/concours/details/f33919ef-c4a4-41c0-9927-744882ec1140
2026-07-31 11:32:53,653 [INFO]     PDF trouvé: Arrêté d'ouverture du concours (score: 25)
2026-07-31 11:32:53,654 [INFO]   [EXPIRÉE] Publication de la liste des convoqués pour l'examen écrit du... → 2026-07-20
2026-07-31 11:32:53,655 [INFO]   Détails: https://www.emploi-public.ma/fr/concours/details/00afdf47-67cd-4c3b-910d-295480956c45
2026-07-31 11:32:55,079 [INFO]     PDF trouvé: Arrêté d'ouverture du concours (score: 25)
2026-07-31 11:32:55,080 [INFO]   [EXPIRÉE] Publication de la liste des convoqués pour l'examen écrit du... → 2026-07-20
2026-07-31 11:32:55,080 [INFO]   Détails: https://www.emploi-public.ma/fr/concours/details/0c6baf5e-be9d-4ef5-a8f7-b9044cf640d5
2026-07-31 11:32:56,467 [INFO]     PDF trouvé: Arrêté d'ouverture du concours (score: 25)
2026-07-31 11:32:56,468 [INFO]   [EXPIRÉE] Publication de la liste des résultats pour le concours de re... → 2026-07-15
2026-07-31 11:32:56,468 [INFO]   Détails: https://www.emploi-public.ma/fr/concours/details/c6303b4c-114c-4b25-b6c5-eca77cba3dad
2026-07-31 11:32:57,122 [INFO]     PDF trouvé: Arrêté d'ouverture du concours (score: 25)
2026-07-31 11:32:57,124 [INFO]   [EXPIRÉE] Publication de la liste des résultats pour le concours de re... → 2026-07-15
2026-07-31 11:32:57,124 [INFO]   Détails: https://www.emploi-public.ma/fr/concours/details/1f901e2f-de1d-4110-874d-d5d890119e69
2026-07-31 11:32:57,907 [INFO]     PDF trouvé: Arrêté d'ouverture du concours (score: 25)
2026-07-31 11:32:57,908 [INFO]   [EXPIRÉE] Publication de la liste des résultats pour le concours de re... → 2026-07-15
2026-07-31 11:32:57,908 [INFO]   Détails: https://www.emploi-public.ma/fr/concours/details/c83d70e2-ec18-4f3b-b97f-03d080ad762a
2026-07-31 11:32:59,636 [INFO]     PDF trouvé: Arrêté d'ouverture du concours (score: 25)
2026-07-31 11:32:59,637 [INFO]   [EXPIRÉE] Publication de la liste des résultats pour le concours de re... → 2026-07-14
2026-07-31 11:32:59,637 [INFO]   Détails: https://www.emploi-public.ma/fr/concours/details/c3749204-66e1-4485-a631-e7ede10e21ab
2026-07-31 11:33:00,422 [INFO]     PDF trouvé: Arrêté d'ouverture du concours (score: 25)
2026-07-31 11:33:00,423 [INFO]   [EXPIRÉE] Publication de la liste des résultats pour le concours de re... → 2026-07-14
2026-07-31 11:33:00,423 [INFO]   Détails: https://www.emploi-public.ma/fr/concours/details/26ae2262-926d-4bfb-9614-069a15e9bd9a
2026-07-31 11:33:01,414 [INFO]     PDF trouvé: Arrêté d'ouverture du concours (score: 25)
2026-07-31 11:33:01,415 [INFO]   [EXPIRÉE] Publication de la liste des convoqués pour l'examen écrit du... → 2026-07-10
2026-07-31 11:33:01,415 [INFO]   Détails: https://www.emploi-public.ma/fr/concours/details/2c92d6ee-4fbb-4b59-a9ad-4e38969b0090
2026-07-31 11:33:03,540 [INFO]     PDF trouvé: Arrêté d'ouverture du concours (score: 25)
2026-07-31 11:33:03,541 [INFO]   [EXPIRÉE] Publication de la liste des convoqués pour l'examen écrit du... → 2026-07-10
2026-07-31 11:33:03,542 [INFO] 
--- Catégorie: Emplois supérieurs ---
2026-07-31 11:33:03,542 [INFO] Page 1/5
2026-07-31 11:33:03,542 [INFO] Scraping page: https://www.emploi-public.ma/fr/emploi-sup-liste
2026-07-31 11:33:04,156 [INFO]   → 9 annonces trouvées sur cette page
2026-07-31 11:33:04,157 [INFO]   Détails: https://www.emploi-public.ma/fr/emploi-sup/details/0caf53e1-867a-4e91-a2d5-4f18a1b80e58
2026-07-31 11:33:04,719 [WARNING] Format de date non reconnu: 30
2026-07-31 11:33:04,720 [INFO]     PDF trouvé: Arrêté d'appel à candidature (score: 20)
2026-07-31 11:33:04,722 [INFO]   [PAS DE DATE] Avis d'emplois supérieurs Directeur des Ressources Humaines,...
2026-07-31 11:33:04,722 [INFO]   Détails: https://www.emploi-public.ma/fr/emploi-sup/details/a260f3d6-19bf-4755-87e7-64988bd5d952
2026-07-31 11:33:05,295 [WARNING] Format de date non reconnu: 30
2026-07-31 11:33:05,296 [INFO]     PDF trouvé: Arrêté d'appel à candidature (score: 20)
2026-07-31 11:33:05,297 [INFO]   [PAS DE DATE] Avis d'emplois supérieurs directeur de l'Aéronautique Civile...
2026-07-31 11:33:05,297 [INFO]   Détails: https://www.emploi-public.ma/fr/emploi-sup/details/803881f5-f7fa-4f8f-b2cd-d6b1566b7fe5
2026-07-31 11:33:05,915 [WARNING] Format de date non reconnu: 30
2026-07-31 11:33:05,916 [INFO]     PDF trouvé: Arrêté d'appel à candidature (score: 20)
2026-07-31 11:33:05,917 [INFO]   [PAS DE DATE] Avis d'emplois supérieurs DIRECTEUR DE L’INSTITUT SUPERIEUR ...
2026-07-31 11:33:05,918 [INFO]   Détails: https://www.emploi-public.ma/fr/emploi-sup/details/43fe4445-da66-401e-a3c4-2562a221a332
2026-07-31 11:33:08,127 [WARNING] Format de date non reconnu: 30
2026-07-31 11:33:08,128 [INFO]     PDF trouvé: Arrêté d'appel à candidature (score: 20)
2026-07-31 11:33:08,129 [INFO]   [PAS DE DATE] Avis d'emplois supérieurs DIRECTEUR FONSAFJS...
2026-07-31 11:33:08,129 [INFO]   Détails: https://www.emploi-public.ma/fr/emploi-sup/details/2c16f418-dd0f-4bb2-b66e-f926057114f9
2026-07-31 11:33:09,242 [WARNING] Format de date non reconnu: 30
2026-07-31 11:33:09,243 [INFO]     PDF trouvé: Arrêté d'appel à candidature (score: 20)
2026-07-31 11:33:09,244 [INFO]   [PAS DE DATE] Avis d'emplois supérieurs Directeur de la jeunesse...
2026-07-31 11:33:09,244 [INFO]   Détails: https://www.emploi-public.ma/fr/emploi-sup/details/30d00bcd-df71-43f3-945e-2204e61cb425
2026-07-31 11:33:09,868 [WARNING] Format de date non reconnu: 30
2026-07-31 11:33:09,869 [INFO]     PDF trouvé: Arrêté d'appel à candidature (score: 20)
2026-07-31 11:33:09,870 [INFO]   [PAS DE DATE] Avis d'emplois supérieurs Directeur de l'Institut National d...
2026-07-31 11:33:09,871 [INFO]   Détails: https://www.emploi-public.ma/fr/emploi-sup/details/fb33496a-b3e4-46d5-a556-86d0223b04f8
2026-07-31 11:33:10,488 [WARNING] Format de date non reconnu: 30
2026-07-31 11:33:10,489 [INFO]     PDF trouvé: Arrêté d'appel à candidature (score: 20)
2026-07-31 11:33:10,491 [INFO]   [PAS DE DATE] Avis d'emplois supérieurs Directeur(trice) des Affaires géné...
2026-07-31 11:33:10,491 [INFO]   Détails: https://www.emploi-public.ma/fr/emploi-sup/details/d75f25b8-e1b6-4bba-9bf2-9bcc6a5e913c
2026-07-31 11:33:11,093 [WARNING] Format de date non reconnu: 30
2026-07-31 11:33:11,094 [INFO]     PDF trouvé: Arrêté d'appel à candidature (score: 20)
2026-07-31 11:33:11,096 [INFO]   [PAS DE DATE] Avis d'emplois supérieurs Directeur des statuts et des Eudes...
2026-07-31 11:33:11,096 [INFO]   Détails: https://www.emploi-public.ma/fr/emploi-sup/details/4d6a3c99-2658-4cfd-99b5-bc5c012c8e55
2026-07-31 11:33:11,692 [WARNING] Format de date non reconnu: 30
2026-07-31 11:33:11,693 [INFO]     PDF trouvé: Arrêté d'appel à candidature (score: 20)
2026-07-31 11:33:11,694 [INFO]   [PAS DE DATE] Avis d'emplois supérieurs Directeur(trice) du Centre nationa...
2026-07-31 11:33:11,694 [INFO] Page 2/5
2026-07-31 11:33:11,694 [INFO] Scraping page: https://www.emploi-public.ma/fr/emploi-sup-liste?page=1
2026-07-31 11:33:12,711 [INFO]   → 9 annonces trouvées sur cette page
2026-07-31 11:33:12,712 [INFO]   Détails: https://www.emploi-public.ma/fr/emploi-sup/details/0caf53e1-867a-4e91-a2d5-4f18a1b80e58
2026-07-31 11:33:13,362 [WARNING] Format de date non reconnu: 30
2026-07-31 11:33:13,364 [INFO]     PDF trouvé: Arrêté d'appel à candidature (score: 20)
2026-07-31 11:33:13,365 [INFO]   [PAS DE DATE] Avis d'emplois supérieurs Directeur des Ressources Humaines,...
2026-07-31 11:33:13,365 [INFO]   Détails: https://www.emploi-public.ma/fr/emploi-sup/details/a260f3d6-19bf-4755-87e7-64988bd5d952
2026-07-31 11:33:14,118 [WARNING] Format de date non reconnu: 30
2026-07-31 11:33:14,119 [INFO]     PDF trouvé: Arrêté d'appel à candidature (score: 20)
2026-07-31 11:33:14,120 [INFO]   [PAS DE DATE] Avis d'emplois supérieurs directeur de l'Aéronautique Civile...
2026-07-31 11:33:14,121 [INFO]   Détails: https://www.emploi-public.ma/fr/emploi-sup/details/803881f5-f7fa-4f8f-b2cd-d6b1566b7fe5
2026-07-31 11:33:15,215 [WARNING] Format de date non reconnu: 30
2026-07-31 11:33:15,216 [INFO]     PDF trouvé: Arrêté d'appel à candidature (score: 20)
2026-07-31 11:33:15,217 [INFO]   [PAS DE DATE] Avis d'emplois supérieurs DIRECTEUR DE L’INSTITUT SUPERIEUR ...
2026-07-31 11:33:15,217 [INFO]   Détails: https://www.emploi-public.ma/fr/emploi-sup/details/43fe4445-da66-401e-a3c4-2562a221a332
2026-07-31 11:33:15,893 [WARNING] Format de date non reconnu: 30
2026-07-31 11:33:15,894 [INFO]     PDF trouvé: Arrêté d'appel à candidature (score: 20)
2026-07-31 11:33:15,895 [INFO]   [PAS DE DATE] Avis d'emplois supérieurs DIRECTEUR FONSAFJS...
2026-07-31 11:33:15,895 [INFO]   Détails: https://www.emploi-public.ma/fr/emploi-sup/details/2c16f418-dd0f-4bb2-b66e-f926057114f9
2026-07-31 11:33:16,455 [WARNING] Format de date non reconnu: 30
2026-07-31 11:33:16,456 [INFO]     PDF trouvé: Arrêté d'appel à candidature (score: 20)
2026-07-31 11:33:16,457 [INFO]   [PAS DE DATE] Avis d'emplois supérieurs Directeur de la jeunesse...
2026-07-31 11:33:16,457 [INFO]   Détails: https://www.emploi-public.ma/fr/emploi-sup/details/30d00bcd-df71-43f3-945e-2204e61cb425
2026-07-31 11:33:19,384 [WARNING] Format de date non reconnu: 30
2026-07-31 11:33:19,385 [INFO]     PDF trouvé: Arrêté d'appel à candidature (score: 20)
2026-07-31 11:33:19,387 [INFO]   [PAS DE DATE] Avis d'emplois supérieurs Directeur de l'Institut National d...
2026-07-31 11:33:19,387 [INFO]   Détails: https://www.emploi-public.ma/fr/emploi-sup/details/fb33496a-b3e4-46d5-a556-86d0223b04f8
2026-07-31 11:33:22,774 [WARNING] Format de date non reconnu: 30
2026-07-31 11:33:22,775 [INFO]     PDF trouvé: Arrêté d'appel à candidature (score: 20)
2026-07-31 11:33:22,776 [INFO]   [PAS DE DATE] Avis d'emplois supérieurs Directeur(trice) des Affaires géné...
2026-07-31 11:33:22,776 [INFO]   Détails: https://www.emploi-public.ma/fr/emploi-sup/details/d75f25b8-e1b6-4bba-9bf2-9bcc6a5e913c
2026-07-31 11:33:23,699 [WARNING] Format de date non reconnu: 30
2026-07-31 11:33:23,700 [INFO]     PDF trouvé: Arrêté d'appel à candidature (score: 20)
2026-07-31 11:33:23,702 [INFO]   [PAS DE DATE] Avis d'emplois supérieurs Directeur des statuts et des Eudes...
2026-07-31 11:33:23,702 [INFO]   Détails: https://www.emploi-public.ma/fr/emploi-sup/details/4d6a3c99-2658-4cfd-99b5-bc5c012c8e55
2026-07-31 11:33:24,755 [WARNING] Format de date non reconnu: 30
2026-07-31 11:33:24,756 [INFO]     PDF trouvé: Arrêté d'appel à candidature (score: 20)
2026-07-31 11:33:24,757 [INFO]   [PAS DE DATE] Avis d'emplois supérieurs Directeur(trice) du Centre nationa...
2026-07-31 11:33:24,757 [INFO] Page 3/5
2026-07-31 11:33:24,757 [INFO] Scraping page: https://www.emploi-public.ma/fr/emploi-sup-liste?page=2
2026-07-31 11:33:25,409 [INFO]   → 9 annonces trouvées sur cette page
2026-07-31 11:33:25,410 [INFO]   Détails: https://www.emploi-public.ma/fr/emploi-sup/details/d5445636-5a56-491e-9305-8cd418b361f8
2026-07-31 11:33:26,083 [WARNING] Format de date non reconnu: 00
2026-07-31 11:33:26,084 [INFO]     PDF trouvé: Arrêté d'appel à candidature (score: 20)
2026-07-31 11:33:26,085 [INFO]   [PAS DE DATE] Avis d'emplois supérieurs Directeur de l'Aménagement du Terr...
2026-07-31 11:33:26,085 [INFO]   Détails: https://www.emploi-public.ma/fr/emploi-sup/details/a19c981f-5e73-4699-978a-3c26f387e76d
2026-07-31 11:33:27,045 [WARNING] Format de date non reconnu: 00
2026-07-31 11:33:27,046 [INFO]     PDF trouvé: Arrêté d'appel à candidature (score: 20)
2026-07-31 11:33:27,048 [INFO]   [PAS DE DATE] Avis d'emplois supérieurs Directeur de l'Agence Urbaine d'Al...
2026-07-31 11:33:27,048 [INFO]   Détails: https://www.emploi-public.ma/fr/emploi-sup/details/c3eed04a-67b9-4ceb-b4c3-b32e0273c191
2026-07-31 11:33:27,755 [WARNING] Format de date non reconnu: 00
2026-07-31 11:33:27,756 [INFO]     PDF trouvé: Arrêté d'appel à candidature (score: 20)
2026-07-31 11:33:27,757 [INFO]   [PAS DE DATE] Avis d'emplois supérieurs Directeur de l'Agence Urbaine de L...
2026-07-31 11:33:27,757 [INFO]   Détails: https://www.emploi-public.ma/fr/emploi-sup/details/6bbca177-c943-4200-991d-4945c7de6c3e
2026-07-31 11:33:28,347 [WARNING] Format de date non reconnu: 30
2026-07-31 11:33:28,348 [INFO]     PDF trouvé: Arrêté d'appel à candidature (score: 20)
2026-07-31 11:33:28,349 [INFO]   [PAS DE DATE] Avis d'emplois supérieurs Directeur(trice) des affaires géné...
2026-07-31 11:33:28,349 [INFO]   Détails: https://www.emploi-public.ma/fr/emploi-sup/details/971391f4-c3ed-4054-b39a-d498fdbfba4b
2026-07-31 11:33:28,977 [WARNING] Format de date non reconnu: 30
2026-07-31 11:33:28,978 [INFO]     PDF trouvé: Arrêté d'appel à candidature (score: 20)
2026-07-31 11:33:28,979 [INFO]   [PAS DE DATE] Avis d'emplois supérieurs Directeur(trice) de l’Institut Roy...
2026-07-31 11:33:28,979 [INFO]   Détails: https://www.emploi-public.ma/fr/emploi-sup/details/1afa70c8-a02b-457d-98c8-6787ae253f28
2026-07-31 11:33:29,565 [WARNING] Format de date non reconnu: 30
2026-07-31 11:33:29,566 [INFO]     PDF trouvé: Arrêté d'appel à candidature (score: 20)
2026-07-31 11:33:29,567 [INFO]   [PAS DE DATE] Avis d'emplois supérieurs Directeur de l'Ecole des Sciences ...
2026-07-31 11:33:29,568 [INFO]   Détails: https://www.emploi-public.ma/fr/emploi-sup/details/e1c5923d-7307-42c7-90ed-21db5ce34a49
2026-07-31 11:33:30,181 [WARNING] Format de date non reconnu: 30
2026-07-31 11:33:30,182 [INFO]     PDF trouvé: Arrêté d'appel à candidature (score: 20)
2026-07-31 11:33:30,183 [INFO]   [PAS DE DATE] Avis d'emplois supérieurs Directeur des législations des Inf...
2026-07-31 11:33:30,183 [INFO]   Détails: https://www.emploi-public.ma/fr/emploi-sup/details/cb431ce3-c104-457a-b464-8ca3b4a5fe55
2026-07-31 11:33:31,501 [WARNING] Format de date non reconnu: 30
2026-07-31 11:33:31,502 [INFO]     PDF trouvé: Arrêté d'appel à candidature (score: 20)
2026-07-31 11:33:31,503 [INFO]   [PAS DE DATE] Avis d'emplois supérieurs Directeur des législations de la g...
2026-07-31 11:33:31,504 [INFO]   Détails: https://www.emploi-public.ma/fr/emploi-sup/details/83256c4b-36f7-461e-8579-7dbec3b6aae0
2026-07-31 11:33:32,191 [WARNING] Format de date non reconnu: 30
2026-07-31 11:33:32,192 [INFO]     PDF trouvé: Arrêté d'appel à candidature (score: 20)
2026-07-31 11:33:32,194 [INFO]   [PAS DE DATE] Avis d'emplois supérieurs Doyen de la Faculté de Médecine et...
2026-07-31 11:33:32,194 [INFO] Page 4/5
2026-07-31 11:33:32,194 [INFO] Scraping page: https://www.emploi-public.ma/fr/emploi-sup-liste?page=3
2026-07-31 11:33:34,869 [INFO]   → 9 annonces trouvées sur cette page
2026-07-31 11:33:34,870 [INFO]   Détails: https://www.emploi-public.ma/fr/emploi-sup/details/e1054489-8a0a-4d64-92ab-55a9dbb52ac5
2026-07-31 11:33:35,543 [WARNING] Format de date non reconnu: 30
2026-07-31 11:33:35,544 [INFO]     PDF trouvé: Arrêté d'appel à candidature (score: 20)
2026-07-31 11:33:35,545 [INFO]   [PAS DE DATE] Avis d'emplois supérieurs Directeur de l'Ecole Mohammadia de...
2026-07-31 11:33:35,545 [INFO]   Détails: https://www.emploi-public.ma/fr/emploi-sup/details/4276b348-5dae-41c9-b638-6ca89ffaf304
2026-07-31 11:33:36,444 [WARNING] Format de date non reconnu: 30
2026-07-31 11:33:36,445 [INFO]     PDF trouvé: Arrêté d'appel à candidature (score: 20)
2026-07-31 11:33:36,446 [INFO]   [PAS DE DATE] Avis d'emplois supérieurs Directeur(trice) du Centre régiona...
2026-07-31 11:33:36,446 [INFO]   Détails: https://www.emploi-public.ma/fr/emploi-sup/details/0f48ee65-4c13-4056-a870-a38f35f26eee
2026-07-31 11:33:37,241 [WARNING] Format de date non reconnu: 30
2026-07-31 11:33:37,242 [INFO]     PDF trouvé: Arrêté d'appel à candidature (score: 20)
2026-07-31 11:33:37,244 [INFO]   [PAS DE DATE] Avis d'emplois supérieurs Directeur des statuts et des Eudes...
2026-07-31 11:33:37,244 [INFO]   Détails: https://www.emploi-public.ma/fr/emploi-sup/details/17544c4c-7a33-48bd-be97-d4e261c4b1ba
2026-07-31 11:33:38,476 [WARNING] Format de date non reconnu: 30
2026-07-31 11:33:38,477 [INFO]     PDF trouvé: Arrêté d'appel à candidature (score: 20)
2026-07-31 11:33:38,479 [INFO]   [PAS DE DATE] Avis d'emplois supérieurs Directeur(trice) général(e) de l’o...
2026-07-31 11:33:38,479 [INFO]   Détails: https://www.emploi-public.ma/fr/emploi-sup/details/2062be70-06c0-4b02-b143-bb2108a03421
2026-07-31 11:33:39,562 [WARNING] Format de date non reconnu: 30
2026-07-31 11:33:39,563 [INFO]     PDF trouvé: Arrêté d'appel à candidature (score: 20)
2026-07-31 11:33:39,564 [INFO]   [PAS DE DATE] Avis d'emplois supérieurs Directeur(trice) du Centre nationa...
2026-07-31 11:33:39,564 [INFO]   Détails: https://www.emploi-public.ma/fr/emploi-sup/details/5b7e6e30-4777-469d-9fa2-856d4390a35f
2026-07-31 11:33:40,345 [WARNING] Format de date non reconnu: 30
2026-07-31 11:33:40,346 [INFO]     PDF trouvé: Arrêté d'appel à candidature (score: 20)
2026-07-31 11:33:40,347 [INFO]   [PAS DE DATE] Avis d'emplois supérieurs Directeur de la jeunesse...
2026-07-31 11:33:40,347 [INFO]   Détails: https://www.emploi-public.ma/fr/emploi-sup/details/5313b8af-912f-4d82-b328-04c94fbe4562
2026-07-31 11:33:40,914 [WARNING] Format de date non reconnu: 30
2026-07-31 11:33:40,916 [INFO]     PDF trouvé: Arrêté d'appel à candidature (score: 20)
2026-07-31 11:33:40,917 [INFO]   [PAS DE DATE] Avis d'emplois supérieurs Directeur (ce) de la Coopération e...
2026-07-31 11:33:40,917 [INFO]   Détails: https://www.emploi-public.ma/fr/emploi-sup/details/52349e85-618a-444c-94ae-a269dcb8ede6
2026-07-31 11:33:46,275 [WARNING] Format de date non reconnu: 30
2026-07-31 11:33:46,276 [INFO]     PDF trouvé: Arrêté d'appel à candidature (score: 20)
2026-07-31 11:33:46,277 [INFO]   [PAS DE DATE] Avis d'emplois supérieurs Directeur (ce) des Ressources Huma...
2026-07-31 11:33:46,278 [INFO]   Détails: https://www.emploi-public.ma/fr/emploi-sup/details/b993993a-7a9f-4f82-a95d-4c705192b5c5
2026-07-31 11:33:47,867 [WARNING] Format de date non reconnu: 30
2026-07-31 11:33:47,868 [INFO]     PDF trouvé: Arrêté d'appel à candidature (score: 20)
2026-07-31 11:33:47,869 [INFO]   [PAS DE DATE] Avis d'emplois supérieurs Directeur(trice) de l’Académie rég...
2026-07-31 11:33:47,869 [INFO] Page 5/5
2026-07-31 11:33:47,869 [INFO] Scraping page: https://www.emploi-public.ma/fr/emploi-sup-liste?page=4
2026-07-31 11:33:48,835 [INFO]   → 9 annonces trouvées sur cette page
2026-07-31 11:33:48,836 [INFO]   Détails: https://www.emploi-public.ma/fr/emploi-sup/details/a8514544-73e5-48b0-bc95-4e3782a246c4
2026-07-31 11:33:53,936 [WARNING] Format de date non reconnu: 30
2026-07-31 11:33:53,937 [INFO]     PDF trouvé: Arrêté d'appel à candidature (score: 20)
2026-07-31 11:33:53,938 [INFO]   [PAS DE DATE] Avis d'emplois supérieurs Directeur de l'Office Régional de ...
2026-07-31 11:33:53,939 [INFO]   Détails: https://www.emploi-public.ma/fr/emploi-sup/details/34737011-4b34-4d27-a8e4-f96374ce7e3b
2026-07-31 11:33:54,772 [WARNING] Format de date non reconnu: 30
2026-07-31 11:33:54,773 [INFO]     PDF trouvé: Arrêté d'appel à candidature (score: 20)
2026-07-31 11:33:54,774 [INFO]   [PAS DE DATE] Avis d'emplois supérieurs Directeur du Centre Régional d'Inv...
2026-07-31 11:33:54,775 [INFO]   Détails: https://www.emploi-public.ma/fr/emploi-sup/details/3848b51d-1643-4c8a-9d0a-0001f3ec1eb6
2026-07-31 11:33:55,948 [WARNING] Format de date non reconnu: 30
2026-07-31 11:33:55,949 [INFO]     PDF trouvé: Arrêté d'appel à candidature (score: 20)
2026-07-31 11:33:55,950 [INFO]   [PAS DE DATE] Avis d'emplois supérieurs Directeur des statistiques, des ét...
2026-07-31 11:33:55,951 [INFO]   Détails: https://www.emploi-public.ma/fr/emploi-sup/details/f762f1b5-8e54-4277-9ceb-b77512a40379
2026-07-31 11:33:56,667 [WARNING] Format de date non reconnu: 30
2026-07-31 11:33:56,668 [INFO]     PDF trouvé: Arrêté d'appel à candidature (score: 20)
2026-07-31 11:33:56,669 [INFO]   [PAS DE DATE] Avis d'emplois supérieurs Directeur de l'Institut National S...
2026-07-31 11:33:56,669 [INFO]   Détails: https://www.emploi-public.ma/fr/emploi-sup/details/f398a7c1-f047-4cb7-95a2-e63106086337
2026-07-31 11:33:57,384 [WARNING] Format de date non reconnu: 30
2026-07-31 11:33:57,385 [INFO]     PDF trouvé: Arrêté d'appel à candidature (score: 20)
2026-07-31 11:33:57,386 [INFO]   [PAS DE DATE] Avis d'emplois supérieurs Directeur (ce) de l'Enseignement S...
2026-07-31 11:33:57,386 [INFO]   Détails: https://www.emploi-public.ma/fr/emploi-sup/details/b93e0027-1954-4712-8bb1-c6c3715e916c
2026-07-31 11:33:58,901 [INFO]     PDF trouvé: Arrêté d'appel à candidature (score: 20)
2026-07-31 11:33:58,902 [INFO]   [EXPIRÉE] Avis d'emplois supérieurs Directeur de l'Agence du bassin Hy... → 2026-05-14
2026-07-31 11:33:58,902 [INFO]   Détails: https://www.emploi-public.ma/fr/emploi-sup/details/50a4fceb-7a2a-4dfc-9d54-27d5969d8c20
2026-07-31 11:33:59,503 [WARNING] Format de date non reconnu: 30
2026-07-31 11:33:59,504 [INFO]     PDF trouvé: Arrêté d'appel à candidature (score: 20)
2026-07-31 11:33:59,505 [INFO]   [PAS DE DATE] Avis d'emplois supérieurs Directeur des Relations avec la So...
2026-07-31 11:33:59,505 [INFO]   Détails: https://www.emploi-public.ma/fr/emploi-sup/details/79e56e61-79b1-4b12-b93a-174e15b76e74
2026-07-31 11:34:00,106 [WARNING] Format de date non reconnu: 30
2026-07-31 11:34:00,107 [INFO]     PDF trouvé: Arrêté d'appel à candidature (score: 20)
2026-07-31 11:34:00,108 [INFO]   [PAS DE DATE] Avis d'emplois supérieurs Directeur de l'Institut Supérieur ...
2026-07-31 11:34:00,108 [INFO]   Détails: https://www.emploi-public.ma/fr/emploi-sup/details/cd433a5b-75fc-4eb0-b5d7-0a520ca6c2ab
2026-07-31 11:34:00,681 [WARNING] Format de date non reconnu: 30
2026-07-31 11:34:00,682 [INFO]     PDF trouvé: Arrêté d'appel à candidature (score: 20)
2026-07-31 11:34:00,683 [INFO]   [PAS DE DATE] Avis d'emplois supérieurs Secrétaire Général du Département ...
2026-07-31 11:34:00,683 [INFO] 
--- Catégorie: Postes de responsabilités ---
2026-07-31 11:34:00,683 [INFO] Page 1/5
2026-07-31 11:34:00,683 [INFO] Scraping page: https://www.emploi-public.ma/fr/postes-respo-liste
2026-07-31 11:34:02,239 [INFO]   → 13 annonces trouvées sur cette page
2026-07-31 11:34:02,241 [INFO]   Détails: https://www.emploi-public.ma/fr/postes-respo/details/2d35329b-1cad-4415-adf4-37f8ccdc54bc
2026-07-31 11:34:03,243 [INFO]     PDF trouvé: Arrêté d'appel à candidature (score: 20)
2026-07-31 11:34:03,245 [INFO]   [EN COURS] Avis de Postes de responsabilités au Ministère de l’Économie... → 2026-08-24
2026-07-31 11:34:03,245 [INFO]   Détails: https://www.emploi-public.ma/fr/postes-respo/details/285038bc-37a7-4968-9df1-c4814ae91a9d
2026-07-31 11:34:13,232 [INFO]     PDF trouvé: Arrêté d'appel à candidature (score: 20)
2026-07-31 11:34:13,233 [INFO]   [EN COURS] Avis de Postes de responsabilités au Ministère de l’Économie... → 2026-08-18
2026-07-31 11:34:13,234 [INFO]   Détails: https://www.emploi-public.ma/fr/postes-respo/details/5a13f04d-51f3-490a-8d5f-e8129d1b81cd
2026-07-31 11:34:14,412 [INFO]     PDF trouvé: Arrêté d'appel à candidature (score: 20)
2026-07-31 11:34:14,413 [INFO]   [EXPIRÉE] Publication de la liste des résultats pour les Postes de res... → 2025-10-23
2026-07-31 11:34:14,413 [INFO]   Détails: https://www.emploi-public.ma/fr/postes-respo/details/262a482b-c213-4b4a-a4bd-760b53f42418
2026-07-31 11:34:15,109 [INFO]     PDF trouvé: Arrêté d'appel à candidature (score: 20)
2026-07-31 11:34:15,110 [INFO]   [EXPIRÉE] Avis de Postes de responsabilités au Ministère de l’intérieu... → 2026-07-29
2026-07-31 11:34:15,110 [INFO]   Détails: https://www.emploi-public.ma/fr/postes-respo/details/bbf54236-0cc0-46f5-9846-687214970426
2026-07-31 11:34:16,078 [INFO]     PDF trouvé: Arrêté d'appel à candidature (score: 20)
2026-07-31 11:34:16,079 [INFO]   [EN COURS] Avis de Postes de responsabilités au Ministère de l’Inclusio... → 2026-08-17
2026-07-31 11:34:16,079 [INFO]   Détails: https://www.emploi-public.ma/fr/postes-respo/details/18e6ba17-b540-42c6-8238-9aa9e7466107
2026-07-31 11:34:16,921 [INFO]     PDF trouvé: Arrêté d'appel à candidature (score: 20)
2026-07-31 11:34:16,923 [INFO]   [EN COURS] Avis de Postes de responsabilités au Ministère de l’Inclusio... → 2026-08-17
2026-07-31 11:34:16,923 [INFO]   Détails: https://www.emploi-public.ma/fr/postes-respo/details/27397f57-ce50-41fe-8f91-52dbdbcd606f
2026-07-31 11:34:17,629 [INFO]     PDF trouvé: Arrêté d'appel à candidature (score: 20)
2026-07-31 11:34:17,630 [INFO]   [EN COURS] Avis de Postes de responsabilités au Ministère de l’Inclusio... → 2026-08-17
2026-07-31 11:34:17,630 [INFO]   Détails: https://www.emploi-public.ma/fr/postes-respo/details/3efa0379-8999-4eb9-9e12-51aabb9fcb7a
2026-07-31 11:34:18,425 [INFO]     PDF trouvé: Arrêté d'appel à candidature (score: 20)
2026-07-31 11:34:18,427 [INFO]   [EN COURS] Avis de Postes de responsabilités au Ministère de l’Inclusio... → 2026-08-17
2026-07-31 11:34:18,427 [INFO]   Détails: https://www.emploi-public.ma/fr/postes-respo/details/6bf72bad-f1df-449e-b7f2-7bf6242b2d85
2026-07-31 11:34:19,134 [INFO]     PDF trouvé: Arrêté d'appel à candidature (score: 20)
2026-07-31 11:34:19,135 [INFO]   [EXPIRÉE] Publication de la liste des convoqués pour l'appel à candida... → 2026-07-28
2026-07-31 11:34:19,135 [INFO]   Détails: https://www.emploi-public.ma/fr/postes-respo/details/f548ced0-fb98-4258-8c04-4e44b5ecd47e
2026-07-31 11:34:27,560 [INFO]     PDF trouvé: Arrêté d'appel à candidature (score: 20)
2026-07-31 11:34:27,561 [INFO]   [EN COURS] Chef de Département de Suivi et Evaluation... → 2026-07-31
2026-07-31 11:34:27,562 [INFO]   Détails: https://www.emploi-public.ma/fr/postes-respo/details/82a367a4-9e6b-4f24-9501-90cafcd5dfa9
2026-07-31 11:34:30,336 [INFO]     PDF trouvé: Arrêté d'appel à candidature (score: 20)
2026-07-31 11:34:30,337 [INFO]   [EN COURS] Directeur de l'espace sanitaire et district sanitaire et l'H... → 2026-08-03
2026-07-31 11:34:30,337 [INFO]   Détails: https://www.emploi-public.ma/fr/postes-respo/details/3994c0b9-790d-4e5d-b147-c784cf157aab
2026-07-31 11:34:31,161 [INFO]     PDF trouvé: Arrêté d'appel à candidature (score: 20)
2026-07-31 11:34:31,162 [INFO]   [EN COURS] Appel à candidature pour les postes de responsabilité au Min... → 2026-08-03
2026-07-31 11:34:31,163 [INFO]   Détails: https://www.emploi-public.ma/fr/postes-respo/details/a465eb2b-2599-42fd-b836-1b381a8ff0b8
2026-07-31 11:34:32,043 [INFO]     PDF trouvé: Arrêté d'appel à candidature (score: 20)
2026-07-31 11:34:32,044 [INFO]   [EN COURS] Directeur de pôle affaires foncières et  juridiques... → 2026-08-03
2026-07-31 11:34:32,044 [INFO] Page 2/5
2026-07-31 11:34:32,044 [INFO] Scraping page: https://www.emploi-public.ma/fr/postes-respo-liste?page=1
2026-07-31 11:34:33,549 [INFO]   → 13 annonces trouvées sur cette page
2026-07-31 11:34:33,550 [INFO]   Détails: https://www.emploi-public.ma/fr/postes-respo/details/2d35329b-1cad-4415-adf4-37f8ccdc54bc
2026-07-31 11:34:34,746 [INFO]     PDF trouvé: Arrêté d'appel à candidature (score: 20)
2026-07-31 11:34:34,747 [INFO]   [EN COURS] Avis de Postes de responsabilités au Ministère de l’Économie... → 2026-08-24
2026-07-31 11:34:34,747 [INFO]   Détails: https://www.emploi-public.ma/fr/postes-respo/details/285038bc-37a7-4968-9df1-c4814ae91a9d
2026-07-31 11:34:35,542 [INFO]     PDF trouvé: Arrêté d'appel à candidature (score: 20)
2026-07-31 11:34:35,543 [INFO]   [EN COURS] Avis de Postes de responsabilités au Ministère de l’Économie... → 2026-08-18
2026-07-31 11:34:35,543 [INFO]   Détails: https://www.emploi-public.ma/fr/postes-respo/details/5a13f04d-51f3-490a-8d5f-e8129d1b81cd
2026-07-31 11:34:36,339 [INFO]     PDF trouvé: Arrêté d'appel à candidature (score: 20)
2026-07-31 11:34:36,340 [INFO]   [EXPIRÉE] Publication de la liste des résultats pour les Postes de res... → 2025-10-23
2026-07-31 11:34:36,340 [INFO]   Détails: https://www.emploi-public.ma/fr/postes-respo/details/262a482b-c213-4b4a-a4bd-760b53f42418
2026-07-31 11:34:37,032 [INFO]     PDF trouvé: Arrêté d'appel à candidature (score: 20)
2026-07-31 11:34:37,033 [INFO]   [EXPIRÉE] Avis de Postes de responsabilités au Ministère de l’intérieu... → 2026-07-29
2026-07-31 11:34:37,033 [INFO]   Détails: https://www.emploi-public.ma/fr/postes-respo/details/bbf54236-0cc0-46f5-9846-687214970426
2026-07-31 11:34:39,212 [INFO]     PDF trouvé: Arrêté d'appel à candidature (score: 20)
2026-07-31 11:34:39,214 [INFO]   [EN COURS] Avis de Postes de responsabilités au Ministère de l’Inclusio... → 2026-08-17
2026-07-31 11:34:39,214 [INFO]   Détails: https://www.emploi-public.ma/fr/postes-respo/details/18e6ba17-b540-42c6-8238-9aa9e7466107
2026-07-31 11:34:40,038 [INFO]     PDF trouvé: Arrêté d'appel à candidature (score: 20)
2026-07-31 11:34:40,039 [INFO]   [EN COURS] Avis de Postes de responsabilités au Ministère de l’Inclusio... → 2026-08-17
2026-07-31 11:34:40,040 [INFO]   Détails: https://www.emploi-public.ma/fr/postes-respo/details/27397f57-ce50-41fe-8f91-52dbdbcd606f
2026-07-31 11:34:43,628 [INFO]     PDF trouvé: Arrêté d'appel à candidature (score: 20)
2026-07-31 11:34:43,629 [INFO]   [EN COURS] Avis de Postes de responsabilités au Ministère de l’Inclusio... → 2026-08-17
2026-07-31 11:34:43,629 [INFO]   Détails: https://www.emploi-public.ma/fr/postes-respo/details/3efa0379-8999-4eb9-9e12-51aabb9fcb7a
2026-07-31 11:34:44,393 [INFO]     PDF trouvé: Arrêté d'appel à candidature (score: 20)
2026-07-31 11:34:44,394 [INFO]   [EN COURS] Avis de Postes de responsabilités au Ministère de l’Inclusio... → 2026-08-17
2026-07-31 11:34:44,394 [INFO]   Détails: https://www.emploi-public.ma/fr/postes-respo/details/6bf72bad-f1df-449e-b7f2-7bf6242b2d85
2026-07-31 11:34:47,970 [INFO]     PDF trouvé: Arrêté d'appel à candidature (score: 20)
2026-07-31 11:34:47,971 [INFO]   [EXPIRÉE] Publication de la liste des convoqués pour l'appel à candida... → 2026-07-28
2026-07-31 11:34:47,971 [INFO]   Détails: https://www.emploi-public.ma/fr/postes-respo/details/f548ced0-fb98-4258-8c04-4e44b5ecd47e
2026-07-31 11:34:48,779 [INFO]     PDF trouvé: Arrêté d'appel à candidature (score: 20)
2026-07-31 11:34:48,780 [INFO]   [EN COURS] Chef de Département de Suivi et Evaluation... → 2026-07-31
2026-07-31 11:34:48,780 [INFO]   Détails: https://www.emploi-public.ma/fr/postes-respo/details/82a367a4-9e6b-4f24-9501-90cafcd5dfa9
2026-07-31 11:34:50,908 [INFO]     PDF trouvé: Arrêté d'appel à candidature (score: 20)
2026-07-31 11:34:50,909 [INFO]   [EN COURS] Directeur de l'espace sanitaire et district sanitaire et l'H... → 2026-08-03
2026-07-31 11:34:50,909 [INFO]   Détails: https://www.emploi-public.ma/fr/postes-respo/details/3994c0b9-790d-4e5d-b147-c784cf157aab
2026-07-31 11:34:51,926 [INFO]     PDF trouvé: Arrêté d'appel à candidature (score: 20)
2026-07-31 11:34:51,927 [INFO]   [EN COURS] Appel à candidature pour les postes de responsabilité au Min... → 2026-08-03
2026-07-31 11:34:51,927 [INFO]   Détails: https://www.emploi-public.ma/fr/postes-respo/details/a465eb2b-2599-42fd-b836-1b381a8ff0b8
2026-07-31 11:34:53,634 [INFO]     PDF trouvé: Arrêté d'appel à candidature (score: 20)
2026-07-31 11:34:53,635 [INFO]   [EN COURS] Directeur de pôle affaires foncières et  juridiques... → 2026-08-03
2026-07-31 11:34:53,635 [INFO] Page 3/5
2026-07-31 11:34:53,635 [INFO] Scraping page: https://www.emploi-public.ma/fr/postes-respo-liste?page=2
2026-07-31 11:34:55,615 [INFO]   → 13 annonces trouvées sur cette page
2026-07-31 11:34:55,616 [INFO]   Détails: https://www.emploi-public.ma/fr/postes-respo/details/88a3c177-a5a5-42cb-bd48-b9bd40b4dd9c
2026-07-31 11:34:56,374 [INFO]     PDF trouvé: Arrêté d'appel à candidature (score: 20)
2026-07-31 11:34:56,375 [INFO]   [EN COURS] Avis de Postes de responsabilités au Ministère de l’Investis... → 2026-08-13
2026-07-31 11:34:56,375 [INFO]   Détails: https://www.emploi-public.ma/fr/postes-respo/details/3e173e9a-b44a-4437-8833-cc9f01098518
2026-07-31 11:34:57,329 [INFO]     PDF trouvé: Arrêté d'appel à candidature (score: 20)
2026-07-31 11:34:57,330 [INFO]   [EN COURS] Avis de Postes de responsabilités au Ministère de l’Investis... → 2026-09-02
2026-07-31 11:34:57,330 [INFO]   Détails: https://www.emploi-public.ma/fr/postes-respo/details/8c9ac269-4b96-49e3-8f6b-b0dceb95333a
2026-07-31 11:35:01,995 [INFO]     PDF trouvé: Arrêté d'appel à candidature (score: 20)
2026-07-31 11:35:01,996 [INFO]   [EXPIRÉE] Publication de la liste des résultats pour les  Instance Nat... → 2026-05-11
2026-07-31 11:35:01,996 [INFO]   Détails: https://www.emploi-public.ma/fr/postes-respo/details/7aaef45a-4894-4434-a9fa-ea2f02e5fe60
2026-07-31 11:35:03,081 [INFO]     PDF trouvé: Arrêté d'appel à candidature (score: 20)
2026-07-31 11:35:03,082 [INFO]   [EN COURS] Avis de Postes de responsabilités au Ministère délégué auprè... → 2026-08-21
2026-07-31 11:35:03,082 [INFO]   Détails: https://www.emploi-public.ma/fr/postes-respo/details/1bdf85ad-c948-4784-b473-af98b5a2bdc4
2026-07-31 11:35:06,290 [INFO]     PDF trouvé: Arrêté d'appel à candidature (score: 20)
2026-07-31 11:35:06,292 [INFO]   [EXPIRÉE] Publication de la liste des résultats pour les Postes de res... → 2026-05-25
2026-07-31 11:35:06,292 [INFO]   Détails: https://www.emploi-public.ma/fr/postes-respo/details/3b6918d1-3c36-4588-a26b-fbe714b6e52d
2026-07-31 11:35:06,964 [INFO]     PDF trouvé: Arrêté d'appel à candidature (score: 20)
2026-07-31 11:35:06,965 [INFO]   [EXPIRÉE] Publication de la liste des résultats pour les Postes de res... → 2026-06-24
2026-07-31 11:35:06,965 [INFO]   Détails: https://www.emploi-public.ma/fr/postes-respo/details/0980a243-6477-4507-adfd-9b6f8101454e
2026-07-31 11:35:07,681 [INFO]     PDF trouvé: Arrêté d'appel à candidature (score: 20)
2026-07-31 11:35:07,682 [INFO]   [EXPIRÉE] Publication de la liste des résultats pour les Postes de res... → 2026-07-13
2026-07-31 11:35:07,682 [INFO]   Détails: https://www.emploi-public.ma/fr/postes-respo/details/a8f3b666-0ba4-4912-9600-c46c7e32dece
2026-07-31 11:35:08,731 [INFO]     PDF trouvé: Arrêté d'appel à candidature (score: 20)
2026-07-31 11:35:08,732 [INFO]   [EXPIRÉE] Publication de la liste des résultats pour les Postes de res... → 2026-06-17
2026-07-31 11:35:08,732 [INFO]   Détails: https://www.emploi-public.ma/fr/postes-respo/details/881fad78-1510-43dd-a038-743c67dd20f8
2026-07-31 11:35:09,402 [INFO]     PDF trouvé: Arrêté d'appel à candidature (score: 20)
2026-07-31 11:35:09,403 [INFO]   [EXPIRÉE] Publication de la liste des résultats pour les Postes de res... → 2026-04-24
2026-07-31 11:35:09,403 [INFO]   Détails: https://www.emploi-public.ma/fr/postes-respo/details/f548ced0-fb98-4258-8c04-4e44b5ecd47e
2026-07-31 11:35:10,821 [INFO]     PDF trouvé: Arrêté d'appel à candidature (score: 20)
2026-07-31 11:35:10,822 [INFO]   [EN COURS] Chef de Département de Suivi et Evaluation... → 2026-07-31
2026-07-31 11:35:10,822 [INFO]   Détails: https://www.emploi-public.ma/fr/postes-respo/details/82a367a4-9e6b-4f24-9501-90cafcd5dfa9
2026-07-31 11:35:11,596 [INFO]     PDF trouvé: Arrêté d'appel à candidature (score: 20)
2026-07-31 11:35:11,597 [INFO]   [EN COURS] Directeur de l'espace sanitaire et district sanitaire et l'H... → 2026-08-03
2026-07-31 11:35:11,598 [INFO]   Détails: https://www.emploi-public.ma/fr/postes-respo/details/3994c0b9-790d-4e5d-b147-c784cf157aab
2026-07-31 11:35:12,373 [INFO]     PDF trouvé: Arrêté d'appel à candidature (score: 20)
2026-07-31 11:35:12,374 [INFO]   [EN COURS] Appel à candidature pour les postes de responsabilité au Min... → 2026-08-03
2026-07-31 11:35:12,374 [INFO]   Détails: https://www.emploi-public.ma/fr/postes-respo/details/a465eb2b-2599-42fd-b836-1b381a8ff0b8
2026-07-31 11:35:15,443 [INFO]     PDF trouvé: Arrêté d'appel à candidature (score: 20)
2026-07-31 11:35:15,444 [INFO]   [EN COURS] Directeur de pôle affaires foncières et  juridiques... → 2026-08-03
2026-07-31 11:35:15,445 [INFO] Page 4/5
2026-07-31 11:35:15,445 [INFO] Scraping page: https://www.emploi-public.ma/fr/postes-respo-liste?page=3
2026-07-31 11:35:16,370 [INFO]   → 13 annonces trouvées sur cette page
2026-07-31 11:35:16,371 [INFO]   Détails: https://www.emploi-public.ma/fr/postes-respo/details/f9c3410a-a7c1-4545-a915-6bb6f06b4d81
2026-07-31 11:35:17,780 [INFO]     PDF trouvé: Arrêté d'appel à candidature (score: 20)
2026-07-31 11:35:17,781 [INFO]   [EXPIRÉE] Avis de Postes de responsabilités au Ministère de la Jeuness... → 2026-07-27
2026-07-31 11:35:17,781 [INFO]   Détails: https://www.emploi-public.ma/fr/postes-respo/details/612573a1-79ab-4881-8d6d-9f2c884be589
2026-07-31 11:35:20,231 [INFO]     PDF trouvé: Arrêté d'appel à candidature (score: 20)
2026-07-31 11:35:20,232 [INFO]   [EXPIRÉE] Publication de la liste des résultats pour les Postes de res... → 2026-07-10
2026-07-31 11:35:20,232 [INFO]   Détails: https://www.emploi-public.ma/fr/postes-respo/details/558f23e7-7989-4f9c-92e0-0a469e30efd4
2026-07-31 11:35:21,952 [INFO]     PDF trouvé: Arrêté d'appel à candidature (score: 20)
2026-07-31 11:35:21,953 [INFO]   [EN COURS] Avis de Postes de responsabilités au Ministère de l’intérieu... → 2026-08-07
2026-07-31 11:35:21,953 [INFO]   Détails: https://www.emploi-public.ma/fr/postes-respo/details/4b74dd44-e60b-4bf9-b229-9cbbd8da67fe
2026-07-31 11:35:23,505 [INFO]     PDF trouvé: Arrêté d'appel à candidature (score: 20)
2026-07-31 11:35:23,506 [INFO]   [EXPIRÉE] Publication de la liste des convoqués pour l'appel à candida... → 2026-01-23
2026-07-31 11:35:23,506 [INFO]   Détails: https://www.emploi-public.ma/fr/postes-respo/details/0980a32b-6d19-43fe-9a78-fed5be8e0263
2026-07-31 11:35:25,598 [INFO]     PDF trouvé: Arrêté d'appel à candidature (score: 20)
2026-07-31 11:35:25,599 [INFO]   [EXPIRÉE] Avis de Postes de responsabilités au Ministère de l’intérieu... → 2026-07-24
2026-07-31 11:35:25,599 [INFO]   Détails: https://www.emploi-public.ma/fr/postes-respo/details/e22ab9f5-ac8e-4159-ba33-da0d5a040314
2026-07-31 11:35:26,257 [INFO]     PDF trouvé: Arrêté d'appel à candidature (score: 20)
2026-07-31 11:35:26,259 [INFO]   [EXPIRÉE] Avis de Postes de responsabilités au Ministère du Tourisme, ... → 2026-07-24
2026-07-31 11:35:26,259 [INFO]   Détails: https://www.emploi-public.ma/fr/postes-respo/details/8de5030f-7a8e-4e77-b6df-4d8be658c7e7
2026-07-31 11:35:27,371 [INFO]     PDF trouvé: Arrêté d'appel à candidature (score: 20)
2026-07-31 11:35:27,373 [INFO]   [EXPIRÉE] Publication de la liste des convoqués pour l'appel à candida... → 2026-04-05
2026-07-31 11:35:27,373 [INFO]   Détails: https://www.emploi-public.ma/fr/postes-respo/details/a3ff8765-f34b-4a36-9023-7ae112e77594
2026-07-31 11:35:28,170 [INFO]     PDF trouvé: Arrêté d'appel à candidature (score: 20)
2026-07-31 11:35:28,172 [INFO]   [EN COURS] Avis de Postes de responsabilités au Ministère de la Jeuness... → 2026-08-07
2026-07-31 11:35:28,172 [INFO]   Détails: https://www.emploi-public.ma/fr/postes-respo/details/c84a5637-77c0-4679-baa9-d49417d7e832
2026-07-31 11:35:29,062 [INFO]     PDF trouvé: Arrêté d'appel à candidature (score: 20)
2026-07-31 11:35:29,064 [INFO]   [EN COURS] Avis de Postes de responsabilités au Ministère de la Jeuness... → 2026-08-07
2026-07-31 11:35:29,064 [INFO]   Détails: https://www.emploi-public.ma/fr/postes-respo/details/f548ced0-fb98-4258-8c04-4e44b5ecd47e
2026-07-31 11:35:29,771 [INFO]     PDF trouvé: Arrêté d'appel à candidature (score: 20)
2026-07-31 11:35:29,772 [INFO]   [EN COURS] Chef de Département de Suivi et Evaluation... → 2026-07-31
2026-07-31 11:35:29,772 [INFO]   Détails: https://www.emploi-public.ma/fr/postes-respo/details/82a367a4-9e6b-4f24-9501-90cafcd5dfa9
2026-07-31 11:35:30,606 [INFO]     PDF trouvé: Arrêté d'appel à candidature (score: 20)
2026-07-31 11:35:30,607 [INFO]   [EN COURS] Directeur de l'espace sanitaire et district sanitaire et l'H... → 2026-08-03
2026-07-31 11:35:30,607 [INFO]   Détails: https://www.emploi-public.ma/fr/postes-respo/details/3994c0b9-790d-4e5d-b147-c784cf157aab
2026-07-31 11:35:31,294 [INFO]     PDF trouvé: Arrêté d'appel à candidature (score: 20)
2026-07-31 11:35:31,296 [INFO]   [EN COURS] Appel à candidature pour les postes de responsabilité au Min... → 2026-08-03
2026-07-31 11:35:31,296 [INFO]   Détails: https://www.emploi-public.ma/fr/postes-respo/details/a465eb2b-2599-42fd-b836-1b381a8ff0b8
2026-07-31 11:35:31,988 [INFO]     PDF trouvé: Arrêté d'appel à candidature (score: 20)
2026-07-31 11:35:31,989 [INFO]   [EN COURS] Directeur de pôle affaires foncières et  juridiques... → 2026-08-03
2026-07-31 11:35:31,990 [INFO] Page 5/5
2026-07-31 11:35:31,990 [INFO] Scraping page: https://www.emploi-public.ma/fr/postes-respo-liste?page=4
2026-07-31 11:35:32,739 [INFO]   → 13 annonces trouvées sur cette page
2026-07-31 11:35:32,740 [INFO]   Détails: https://www.emploi-public.ma/fr/postes-respo/details/c4ac2878-050a-4908-86bc-a0f7ae46e4f4
2026-07-31 11:35:34,376 [INFO]     PDF trouvé: Arrêté d'appel à candidature (score: 20)
2026-07-31 11:35:34,377 [INFO]   [EXPIRÉE] Publication de la liste des résultats pour les Postes de res... → 2026-07-07
2026-07-31 11:35:34,378 [INFO]   Détails: https://www.emploi-public.ma/fr/postes-respo/details/65bb098d-84db-4eea-a26f-408d847c19d6
2026-07-31 11:35:37,584 [INFO]     PDF trouvé: Arrêté d'appel à candidature (score: 20)
2026-07-31 11:35:37,586 [INFO]   [EXPIRÉE] Publication de la liste des convoqués pour l'appel à candida... → 2026-06-11
2026-07-31 11:35:37,586 [INFO]   Détails: https://www.emploi-public.ma/fr/postes-respo/details/4634f231-1c41-439b-9e77-a5c74ee289d4
2026-07-31 11:35:38,257 [INFO]     PDF trouvé: Arrêté d'appel à candidature (score: 20)
2026-07-31 11:35:38,259 [INFO]   [EXPIRÉE] Publication de la liste des convoqués pour l'appel à candida... → 2026-06-11
2026-07-31 11:35:38,259 [INFO]   Détails: https://www.emploi-public.ma/fr/postes-respo/details/36fa2f7f-c1b1-4034-9c58-493276fbf647
2026-07-31 11:35:39,043 [INFO]     PDF trouvé: Arrêté d'appel à candidature (score: 20)
2026-07-31 11:35:39,045 [INFO]   [EXPIRÉE] Publication de la liste des convoqués pour l'appel à candida... → 2026-06-11
2026-07-31 11:35:39,045 [INFO]   Détails: https://www.emploi-public.ma/fr/postes-respo/details/506cdea9-bd57-40fd-8470-b783d8301a02
2026-07-31 11:35:43,011 [INFO]     PDF trouvé: Arrêté d'appel à candidature (score: 20)
2026-07-31 11:35:43,013 [INFO]   [EXPIRÉE] Publication de la liste des convoqués pour l'appel à candida... → 2026-06-11
2026-07-31 11:35:43,013 [INFO]   Détails: https://www.emploi-public.ma/fr/postes-respo/details/2901b05e-8b4e-4745-b87d-a8cf158f579f
2026-07-31 11:35:43,688 [INFO]     PDF trouvé: Arrêté d'appel à candidature (score: 20)
2026-07-31 11:35:43,689 [INFO]   [EXPIRÉE] Publication de la liste des convoqués pour l'appel à candida... → 2026-07-23
2026-07-31 11:35:43,690 [INFO]   Détails: https://www.emploi-public.ma/fr/postes-respo/details/f9c21d46-0b87-4c11-af2d-b5305b2fc6ad
2026-07-31 11:35:44,386 [INFO]     PDF trouvé: Arrêté d'appel à candidature (score: 20)
2026-07-31 11:35:44,387 [INFO]   [EN COURS] Avis de Postes de responsabilités au Ministère de l'Intérieu... → 2026-08-13
2026-07-31 11:35:44,388 [INFO]   Détails: https://www.emploi-public.ma/fr/postes-respo/details/1f0f0446-8044-4bda-a4f1-6e55b963a62f
2026-07-31 11:35:45,380 [INFO]     PDF trouvé: Arrêté d'appel à candidature (score: 20)
2026-07-31 11:35:45,381 [INFO]   [EXPIRÉE] Publication de la liste des convoqués pour l'appel à candida... → 2026-06-29
2026-07-31 11:35:45,381 [INFO]   Détails: https://www.emploi-public.ma/fr/postes-respo/details/716ae71a-4687-466a-ae3c-6f09c68b0175
2026-07-31 11:35:47,845 [INFO]     PDF trouvé: Arrêté d'appel à candidature (score: 20)
2026-07-31 11:35:47,847 [INFO]   [EXPIRÉE] Publication de la liste des convoqués pour l'appel à candida... → 2026-04-17
2026-07-31 11:35:47,847 [INFO]   Détails: https://www.emploi-public.ma/fr/postes-respo/details/f548ced0-fb98-4258-8c04-4e44b5ecd47e
2026-07-31 11:35:48,867 [INFO]     PDF trouvé: Arrêté d'appel à candidature (score: 20)
2026-07-31 11:35:48,868 [INFO]   [EN COURS] Chef de Département de Suivi et Evaluation... → 2026-07-31
2026-07-31 11:35:48,869 [INFO]   Détails: https://www.emploi-public.ma/fr/postes-respo/details/82a367a4-9e6b-4f24-9501-90cafcd5dfa9
2026-07-31 11:35:49,732 [INFO]     PDF trouvé: Arrêté d'appel à candidature (score: 20)
2026-07-31 11:35:49,733 [INFO]   [EN COURS] Directeur de l'espace sanitaire et district sanitaire et l'H... → 2026-08-03
2026-07-31 11:35:49,733 [INFO]   Détails: https://www.emploi-public.ma/fr/postes-respo/details/3994c0b9-790d-4e5d-b147-c784cf157aab
2026-07-31 11:35:50,548 [INFO]     PDF trouvé: Arrêté d'appel à candidature (score: 20)
2026-07-31 11:35:50,549 [INFO]   [EN COURS] Appel à candidature pour les postes de responsabilité au Min... → 2026-08-03
2026-07-31 11:35:50,549 [INFO]   Détails: https://www.emploi-public.ma/fr/postes-respo/details/a465eb2b-2599-42fd-b836-1b381a8ff0b8
2026-07-31 11:35:51,852 [INFO]     PDF trouvé: Arrêté d'appel à candidature (score: 20)
2026-07-31 11:35:51,853 [INFO]   [EN COURS] Directeur de pôle affaires foncières et  juridiques... → 2026-08-03
2026-07-31 11:35:51,853 [INFO] 
--- Catégorie: Recrutement des experts ---
2026-07-31 11:35:51,853 [INFO] Page 1/5
2026-07-31 11:35:51,853 [INFO] Scraping page: https://www.emploi-public.ma/fr/experts-liste
2026-07-31 11:35:52,519 [INFO]   → 9 annonces trouvées sur cette page
2026-07-31 11:35:52,520 [INFO]   Détails: https://www.emploi-public.ma/fr/experts/details/4854b58c-c09e-4edd-9a39-c01a0c414425
2026-07-31 11:35:56,107 [INFO]     PDF trouvé: Arrêté d'appel à candidature (score: 20)
2026-07-31 11:35:56,108 [INFO]   [EXPIRÉE] Publication de la liste des résultats pour le poste de EXPER... → 2026-04-12
2026-07-31 11:35:56,108 [INFO]   Détails: https://www.emploi-public.ma/fr/experts/details/ff8d6494-748d-4698-8ef0-676cbd5b1951
2026-07-31 11:35:57,800 [INFO]     PDF trouvé: Arrêté d'appel à candidature (score: 20)
2026-07-31 11:35:57,801 [INFO]   [EXPIRÉE] Appel à candidature pour le poste Expert des Affaires Juridi... → 2026-06-25
2026-07-31 11:35:57,801 [INFO]   Détails: https://www.emploi-public.ma/fr/experts/details/abce4b98-a1d8-48f9-a84c-053f53697154
2026-07-31 11:35:58,400 [INFO]     PDF trouvé: Arrêté d'appel à candidature (score: 20)
2026-07-31 11:35:58,401 [INFO]   [EXPIRÉE] Appel à candidature pour le poste expert... → 2026-06-15
2026-07-31 11:35:58,401 [INFO]   Détails: https://www.emploi-public.ma/fr/experts/details/5030f678-19f4-4bc0-96c6-f5462b134c1c
2026-07-31 11:35:59,770 [INFO]     PDF trouvé: Arrêté d'appel à candidature (score: 20)
2026-07-31 11:35:59,771 [INFO]   [EXPIRÉE] Appel à candidature pour le poste expert... → 2026-06-08
2026-07-31 11:35:59,772 [INFO]   Détails: https://www.emploi-public.ma/fr/experts/details/b0a97522-0c72-4a26-8b32-da0c02e79891
2026-07-31 11:36:00,718 [INFO]     PDF trouvé: Arrêté d'appel à candidature (score: 20)
2026-07-31 11:36:00,719 [INFO]   [EXPIRÉE] Appel à candidature pour le poste EXPERT CONTRACTUEL... → 2026-06-03
2026-07-31 11:36:00,719 [INFO]   Détails: https://www.emploi-public.ma/fr/experts/details/b3f7145b-9f2a-4cb4-aef7-1d917c679a65
2026-07-31 11:36:04,023 [INFO]     PDF trouvé: Arrêté d'appel à candidature (score: 20)
2026-07-31 11:36:04,024 [INFO]   [EXPIRÉE] Appel à candidature pour le poste expert... → 2026-05-29
2026-07-31 11:36:04,024 [INFO]   Détails: https://www.emploi-public.ma/fr/experts/details/d9255cd9-fe2e-4248-8eba-adf58b668823
2026-07-31 11:36:04,930 [INFO]     PDF trouvé: Arrêté d'appel à candidature (score: 20)
2026-07-31 11:36:04,931 [INFO]   [EXPIRÉE] Appel à candidature pour le poste Expert en matière de négoc... → 2026-04-03
2026-07-31 11:36:04,931 [INFO]   Détails: https://www.emploi-public.ma/fr/experts/details/0236914d-e17c-41c5-a5be-e632ad35f838
2026-07-31 11:36:08,239 [INFO]     PDF trouvé: Arrêté d'appel à candidature (score: 20)
2026-07-31 11:36:08,241 [INFO]   [EXPIRÉE] Appel à candidature pour le poste expert... → 2026-03-17
2026-07-31 11:36:08,241 [INFO]   Détails: https://www.emploi-public.ma/fr/experts/details/2a449c40-1832-450d-9eae-a70607bcac07
2026-07-31 11:36:08,817 [INFO]     PDF trouvé: Arrêté d'appel à candidature (score: 20)
2026-07-31 11:36:08,818 [INFO]   [EXPIRÉE] Appel à candidature pour le poste Expert... → 2026-03-16
2026-07-31 11:36:08,818 [INFO] Page 2/5
2026-07-31 11:36:08,818 [INFO] Scraping page: https://www.emploi-public.ma/fr/experts-liste?page=1
2026-07-31 11:36:11,918 [INFO]   → 9 annonces trouvées sur cette page
2026-07-31 11:36:11,919 [INFO]   Détails: https://www.emploi-public.ma/fr/experts/details/4854b58c-c09e-4edd-9a39-c01a0c414425
2026-07-31 11:36:12,506 [INFO]     PDF trouvé: Arrêté d'appel à candidature (score: 20)
2026-07-31 11:36:12,507 [INFO]   [EXPIRÉE] Publication de la liste des résultats pour le poste de EXPER... → 2026-04-12
2026-07-31 11:36:12,507 [INFO]   Détails: https://www.emploi-public.ma/fr/experts/details/ff8d6494-748d-4698-8ef0-676cbd5b1951
2026-07-31 11:36:13,266 [INFO]     PDF trouvé: Arrêté d'appel à candidature (score: 20)
2026-07-31 11:36:13,267 [INFO]   [EXPIRÉE] Appel à candidature pour le poste Expert des Affaires Juridi... → 2026-06-25
2026-07-31 11:36:13,267 [INFO]   Détails: https://www.emploi-public.ma/fr/experts/details/abce4b98-a1d8-48f9-a84c-053f53697154
2026-07-31 11:36:17,457 [INFO]     PDF trouvé: Arrêté d'appel à candidature (score: 20)
2026-07-31 11:36:17,459 [INFO]   [EXPIRÉE] Appel à candidature pour le poste expert... → 2026-06-15
2026-07-31 11:36:17,459 [INFO]   Détails: https://www.emploi-public.ma/fr/experts/details/5030f678-19f4-4bc0-96c6-f5462b134c1c
2026-07-31 11:36:18,548 [INFO]     PDF trouvé: Arrêté d'appel à candidature (score: 20)
2026-07-31 11:36:18,549 [INFO]   [EXPIRÉE] Appel à candidature pour le poste expert... → 2026-06-08
2026-07-31 11:36:18,549 [INFO]   Détails: https://www.emploi-public.ma/fr/experts/details/b0a97522-0c72-4a26-8b32-da0c02e79891
2026-07-31 11:36:21,022 [INFO]     PDF trouvé: Arrêté d'appel à candidature (score: 20)
2026-07-31 11:36:21,024 [INFO]   [EXPIRÉE] Appel à candidature pour le poste EXPERT CONTRACTUEL... → 2026-06-03
2026-07-31 11:36:21,024 [INFO]   Détails: https://www.emploi-public.ma/fr/experts/details/b3f7145b-9f2a-4cb4-aef7-1d917c679a65
2026-07-31 11:36:21,892 [INFO]     PDF trouvé: Arrêté d'appel à candidature (score: 20)
2026-07-31 11:36:21,893 [INFO]   [EXPIRÉE] Appel à candidature pour le poste expert... → 2026-05-29
2026-07-31 11:36:21,893 [INFO]   Détails: https://www.emploi-public.ma/fr/experts/details/d9255cd9-fe2e-4248-8eba-adf58b668823
2026-07-31 11:36:22,544 [INFO]     PDF trouvé: Arrêté d'appel à candidature (score: 20)
2026-07-31 11:36:22,545 [INFO]   [EXPIRÉE] Appel à candidature pour le poste Expert en matière de négoc... → 2026-04-03
2026-07-31 11:36:22,545 [INFO]   Détails: https://www.emploi-public.ma/fr/experts/details/0236914d-e17c-41c5-a5be-e632ad35f838
2026-07-31 11:36:23,405 [INFO]     PDF trouvé: Arrêté d'appel à candidature (score: 20)
2026-07-31 11:36:23,406 [INFO]   [EXPIRÉE] Appel à candidature pour le poste expert... → 2026-03-17
2026-07-31 11:36:23,406 [INFO]   Détails: https://www.emploi-public.ma/fr/experts/details/2a449c40-1832-450d-9eae-a70607bcac07
2026-07-31 11:36:24,488 [INFO]     PDF trouvé: Arrêté d'appel à candidature (score: 20)
2026-07-31 11:36:24,490 [INFO]   [EXPIRÉE] Appel à candidature pour le poste Expert... → 2026-03-16
2026-07-31 11:36:24,490 [INFO] Page 3/5
2026-07-31 11:36:24,490 [INFO] Scraping page: https://www.emploi-public.ma/fr/experts-liste?page=2
2026-07-31 11:36:25,213 [INFO]   → 9 annonces trouvées sur cette page
2026-07-31 11:36:25,214 [INFO]   Détails: https://www.emploi-public.ma/fr/experts/details/1f2e38a5-0fe9-4f17-89fb-d23ab9140242
2026-07-31 11:36:25,776 [INFO]     PDF trouvé: Arrêté d'appel à candidature (score: 20)
2026-07-31 11:36:25,777 [INFO]   [EXPIRÉE] Appel à candidature pour le poste expert dans les domaines l... → 2026-03-12
2026-07-31 11:36:25,778 [INFO]   Détails: https://www.emploi-public.ma/fr/experts/details/2401abad-8177-4fdc-8c76-354d03f61cd3
2026-07-31 11:36:29,570 [INFO]     PDF trouvé: Arrêté d'appel à candidature (score: 20)
2026-07-31 11:36:29,571 [INFO]   [EXPIRÉE] Appel à candidature pour le poste expert... → 2026-02-18
2026-07-31 11:36:29,571 [INFO]   Détails: https://www.emploi-public.ma/fr/experts/details/ad16f9e2-25eb-4a06-9a7a-572410c14d55
2026-07-31 11:36:30,162 [INFO]     PDF trouvé: Arrêté d'appel à candidature (score: 20)
2026-07-31 11:36:30,163 [INFO]   [EXPIRÉE] Appel à candidature pour le poste Expert en gouvernance des ... → 2025-12-23
2026-07-31 11:36:30,163 [INFO]   Détails: https://www.emploi-public.ma/fr/experts/details/302ab5a1-fa28-4ec1-9341-8ba50b6bf810
2026-07-31 11:36:36,529 [INFO]     PDF trouvé: Arrêté d'appel à candidature (score: 20)
2026-07-31 11:36:36,530 [INFO]   [EXPIRÉE] Appel à candidature pour le poste expert... → 2025-12-21
2026-07-31 11:36:36,530 [INFO]   Détails: https://www.emploi-public.ma/fr/experts/details/f9f74e66-af9e-4c4a-9cec-491e7d25fbbb
2026-07-31 11:36:37,351 [INFO]     PDF trouvé: Arrêté d'appel à candidature (score: 20)
2026-07-31 11:36:37,353 [INFO]   [EXPIRÉE] Publication de la liste des résultats pour le poste de Exper... → 2025-12-06
2026-07-31 11:36:37,353 [INFO]   Détails: https://www.emploi-public.ma/fr/experts/details/99f49e97-4b0e-4897-b1c6-a1a811d179d9
2026-07-31 11:36:42,312 [INFO]     PDF trouvé: Arrêté d'appel à candidature (score: 20)
2026-07-31 11:36:42,314 [INFO]   [EXPIRÉE] Publication de la liste des résultats pour le poste de Exper... → 2025-12-06
2026-07-31 11:36:42,314 [INFO]   Détails: https://www.emploi-public.ma/fr/experts/details/121493c9-78d8-44bf-b408-e42f8bf43d27
2026-07-31 11:36:42,905 [INFO]     PDF trouvé: Arrêté d'appel à candidature (score: 20)
2026-07-31 11:36:42,906 [INFO]   [EXPIRÉE] Appel à candidature pour le poste Expert en coordination ins... → 2025-12-05
2026-07-31 11:36:42,906 [INFO]   Détails: https://www.emploi-public.ma/fr/experts/details/336eb4a9-c147-4981-94da-c636a748f7a0
2026-07-31 11:36:43,592 [INFO]     PDF trouvé: Arrêté d'appel à candidature (score: 20)
2026-07-31 11:36:43,594 [INFO]   [EXPIRÉE] Publication de la liste des résultats pour le poste de Exper... → 2025-09-30
2026-07-31 11:36:43,594 [INFO]   Détails: https://www.emploi-public.ma/fr/experts/details/0917753f-ac81-4229-b8d4-5292cae1510a
2026-07-31 11:36:45,785 [INFO]     PDF trouvé: Arrêté d'appel à candidature (score: 20)
2026-07-31 11:36:45,786 [INFO]   [EXPIRÉE] Appel à candidature pour le poste Expert contractuel... → 2025-06-11
2026-07-31 11:36:45,787 [INFO] Page 4/5
2026-07-31 11:36:45,787 [INFO] Scraping page: https://www.emploi-public.ma/fr/experts-liste?page=3
2026-07-31 11:36:46,636 [INFO]   → 9 annonces trouvées sur cette page
2026-07-31 11:36:46,637 [INFO]   Détails: https://www.emploi-public.ma/fr/experts/details/1e6a6ce8-141e-4fe3-b660-097a9342e904
2026-07-31 11:36:47,197 [INFO]     PDF trouvé: Arrêté d'appel à candidature (score: 20)
2026-07-31 11:36:47,198 [INFO]   [EXPIRÉE] Appel à candidature pour le poste expert en affaires juridiq... → 2025-06-09
2026-07-31 11:36:47,198 [INFO]   Détails: https://www.emploi-public.ma/fr/experts/details/9973e98f-4e11-40f1-aeae-194d055be60c
2026-07-31 11:36:47,960 [INFO]     PDF trouvé: Arrêté d'appel à candidature (score: 20)
2026-07-31 11:36:47,962 [INFO]   [EXPIRÉE] Appel à candidature pour le poste Expert en océanographie et... → 2025-06-06
2026-07-31 11:36:47,962 [INFO]   Détails: https://www.emploi-public.ma/fr/experts/details/c4333ade-5b69-4a9b-b1d6-23858dca3e02
2026-07-31 11:36:48,517 [INFO]     PDF trouvé: Arrêté d'appel à candidature (score: 20)
2026-07-31 11:36:48,519 [INFO]   [EXPIRÉE] Appel à candidature pour le poste Quatre experts aux compéte... → 2025-05-14
2026-07-31 11:36:48,519 [INFO]   Détails: https://www.emploi-public.ma/fr/experts/details/3d556890-d88a-4b78-aa10-b953f3a04785
2026-07-31 11:36:49,463 [INFO]     PDF trouvé: Arrêté d'appel à candidature (score: 20)
2026-07-31 11:36:49,464 [INFO]   [EXPIRÉE] Appel à candidature pour le poste expert en affaires juridiq... → 2025-05-02
2026-07-31 11:36:49,464 [INFO]   Détails: https://www.emploi-public.ma/fr/experts/details/1d5f52e9-1b4b-423d-bf9b-935a34d3caf2
2026-07-31 11:36:50,146 [INFO]     PDF trouvé: Arrêté d'appel à candidature (score: 20)
2026-07-31 11:36:50,148 [INFO]   [EXPIRÉE] Appel à candidature pour le poste expert... → 2025-04-18
2026-07-31 11:36:50,148 [INFO]   Détails: https://www.emploi-public.ma/fr/experts/details/ee7b273d-5714-41aa-9489-a47d37eb618e
2026-07-31 11:36:50,702 [INFO]     PDF trouvé: Arrêté d'appel à candidature (score: 20)
2026-07-31 11:36:50,703 [INFO]   [EXPIRÉE] Appel à candidature pour le poste Expert en Politique Hydriq... → 2025-04-07
2026-07-31 11:36:50,703 [INFO]   Détails: https://www.emploi-public.ma/fr/experts/details/74c6b2c0-7af0-4688-937b-1881caa843f0
2026-07-31 11:36:51,795 [INFO]     PDF trouvé: Arrêté d'appel à candidature (score: 20)
2026-07-31 11:36:51,797 [INFO]   [EXPIRÉE] Appel à candidature pour le poste expert dans le domaine de ... → 2025-03-31
2026-07-31 11:36:51,797 [INFO]   Détails: https://www.emploi-public.ma/fr/experts/details/efe61f8c-79ae-41bf-851e-67e779047d6a
2026-07-31 11:36:52,704 [INFO]     PDF trouvé: Arrêté d'appel à candidature (score: 20)
2026-07-31 11:36:52,705 [INFO]   [EXPIRÉE] Appel à candidature pour le poste Poste d'Expert en génie ci... → 2025-03-27
2026-07-31 11:36:52,705 [INFO]   Détails: https://www.emploi-public.ma/fr/experts/details/c8ffa879-6f01-46df-9beb-eb9ae0a6f554
2026-07-31 11:36:53,810 [INFO]     PDF trouvé: Arrêté d'appel à candidature (score: 20)
2026-07-31 11:36:53,811 [INFO]   [EXPIRÉE] Appel à candidature pour le poste خبير في مجال صياغة إستراتي... → 2025-03-21
2026-07-31 11:36:53,811 [INFO] Page 5/5
2026-07-31 11:36:53,811 [INFO] Scraping page: https://www.emploi-public.ma/fr/experts-liste?page=4
2026-07-31 11:36:54,836 [INFO]   → 9 annonces trouvées sur cette page
2026-07-31 11:36:54,837 [INFO]   Détails: https://www.emploi-public.ma/fr/experts/details/a538c27d-7e09-4441-9551-b22fe9e9d017
2026-07-31 11:36:55,868 [INFO]     PDF trouvé: Arrêté d'appel à candidature (score: 20)
2026-07-31 11:36:55,869 [INFO]   [EXPIRÉE] Appel à candidature pour le poste خبير في مجال إستراتيجية من... → 2025-03-21
2026-07-31 11:36:55,869 [INFO]   Détails: https://www.emploi-public.ma/fr/experts/details/cf3172d1-8c15-4404-b1ff-21c154c7da2f
2026-07-31 11:36:56,706 [INFO]     PDF trouvé: Arrêté d'appel à candidature (score: 20)
2026-07-31 11:36:56,707 [INFO]   [EXPIRÉE] Appel à candidature pour le poste خبير في مجال تطوير التعاون... → 2025-03-21
2026-07-31 11:36:56,707 [INFO]   Détails: https://www.emploi-public.ma/fr/experts/details/55bfa14b-dac1-4967-b1b6-8983cea09ed9
2026-07-31 11:36:57,540 [INFO]     PDF trouvé: Arrêté d'appel à candidature (score: 20)
2026-07-31 11:36:57,541 [INFO]   [EXPIRÉE] Appel à candidature pour le poste خبير في مجال نظم المعلوميا... → 2025-03-21
2026-07-31 11:36:57,541 [INFO]   Détails: https://www.emploi-public.ma/fr/experts/details/9ebae75d-f857-4c4d-9e16-0108b872c04f
2026-07-31 11:36:59,557 [INFO]     PDF trouvé: Arrêté d'appel à candidature (score: 20)
2026-07-31 11:36:59,558 [INFO]   [EXPIRÉE] Appel à candidature pour le poste gestion des projets et ges... → 2025-03-19
2026-07-31 11:36:59,558 [INFO]   Détails: https://www.emploi-public.ma/fr/experts/details/0608bdd0-0a58-4c90-a1d5-bd3483116452
2026-07-31 11:37:00,200 [INFO]     PDF trouvé: Arrêté d'appel à candidature (score: 20)
2026-07-31 11:37:00,201 [INFO]   [EXPIRÉE] Appel à candidature pour le poste Poste d'expert dans les re... → 2025-02-03
2026-07-31 11:37:00,201 [INFO]   Détails: https://www.emploi-public.ma/fr/experts/details/0cff84fa-82b2-4363-93e0-a88e5063ef0b
2026-07-31 11:37:00,819 [INFO]     PDF trouvé: Arrêté d'appel à candidature (score: 20)
2026-07-31 11:37:00,821 [INFO]   [EXPIRÉE] Appel à candidature pour le poste Expert en gestion des marc... → 2025-01-27
2026-07-31 11:37:00,821 [INFO]   Détails: https://www.emploi-public.ma/fr/experts/details/74373088-bc5e-4908-985b-9b0086ffaed3
2026-07-31 11:37:01,411 [INFO]     PDF trouvé: Arrêté d'appel à candidature (score: 20)
2026-07-31 11:37:01,412 [INFO]   [EXPIRÉE] Appel à candidature pour le poste Expert... → 2025-01-24
2026-07-31 11:37:01,412 [INFO]   Détails: https://www.emploi-public.ma/fr/experts/details/c14080a7-f964-4481-923d-668331b39671
2026-07-31 11:37:02,390 [INFO]     PDF trouvé: Arrêté d'appel à candidature (score: 20)
2026-07-31 11:37:02,391 [INFO]   [EXPIRÉE] Appel à candidature pour le poste Expert... → 2025-01-24
2026-07-31 11:37:02,392 [INFO]   Détails: https://www.emploi-public.ma/fr/experts/details/728ebc5b-6b53-4539-b18a-620011be8614
2026-07-31 11:37:03,000 [INFO]     PDF trouvé: Arrêté d'appel à candidature (score: 20)
2026-07-31 11:37:03,001 [INFO]   [EXPIRÉE] Appel à candidature pour le poste Expert... → 2025-01-24
2026-07-31 11:37:03,004 [INFO] 
============================================================
2026-07-31 11:37:03,005 [INFO] RÉSUMÉ
2026-07-31 11:37:03,005 [INFO] ============================================================
2026-07-31 11:37:03,005 [INFO] Annonces traitées: 200
2026-07-31 11:37:03,005 [INFO] Dates en cours: 67
2026-07-31 11:37:03,005 [INFO] Dates expirées: 89
2026-07-31 11:37:03,005 [INFO] Total résultats en base: 250
2026-07-31 11:37:04,316 [INFO] Email envoyé à cavalkhalid@gmail.com
2026-07-31 11:37:04,316 [INFO] 
Scraper terminé.
2026-08-01 10:43:48,641 [INFO] ============================================================
2026-08-01 10:43:48,641 [INFO] DÉMARRAGE DU SCRAPER emploi-public.ma (FR)
2026-08-01 10:43:48,641 [INFO] Date: 2026-08-01 10:43:48
2026-08-01 10:43:48,641 [INFO] ============================================================
2026-08-01 10:43:48,643 [INFO] 
--- Catégorie: Concours de recrutement ---
2026-08-01 10:43:48,643 [INFO] Page 1/5
2026-08-01 10:43:48,643 [INFO] Scraping page: https://www.emploi-public.ma/fr/concours-liste
2026-08-01 10:43:49,793 [INFO]   → 9 annonces trouvées sur cette page
2026-08-01 10:43:49,794 [INFO]   Détails: https://www.emploi-public.ma/fr/concours/details/8cce8ed8-8973-49f6-ae36-f75aef0d9d96
2026-08-01 10:43:50,893 [INFO]     PDF trouvé: Arrêté d'ouverture du concours (score: 25)
2026-08-01 10:43:50,894 [INFO]   [EN COURS] Avis de concours de recrutement de Maître de conférences gra... → 2026-08-19
2026-08-01 10:43:50,894 [INFO]   Détails: https://www.emploi-public.ma/fr/concours/details/72ed0218-c625-44ef-ad36-0ddf1450d8b7
2026-08-01 10:43:52,498 [INFO]     PDF trouvé: Arrêté d'ouverture du concours (score: 25)
2026-08-01 10:43:52,499 [INFO]   [EN COURS] Avis de concours de recrutement de Ingénieur d'Etat 1er grad... → 2026-08-14
2026-08-01 10:43:52,499 [INFO]   Détails: https://www.emploi-public.ma/fr/concours/details/1d56279d-bec7-4467-906d-4003286e1a05
2026-08-01 10:43:53,571 [INFO]     PDF trouvé: Arrêté d'ouverture du concours (score: 25)
2026-08-01 10:43:53,572 [INFO]   [EN COURS] Avis de concours de recrutement de Architecte 1er grade - Ec... → 2026-08-13
2026-08-01 10:43:53,572 [INFO]   Détails: https://www.emploi-public.ma/fr/concours/details/1874ae4c-94d6-4af0-9575-a39ede5189ff
2026-08-01 10:43:54,398 [INFO]     PDF trouvé: Arrêté d'ouverture du concours (score: 25)
2026-08-01 10:43:54,400 [INFO]   [EN COURS] Avis de concours de recrutement de Administrateur 2ème grade... → 2026-08-31
2026-08-01 10:43:54,400 [INFO]   Détails: https://www.emploi-public.ma/fr/concours/details/72d7f4f3-b81d-4f01-b750-c84c9fdb3db1
2026-08-01 10:43:55,282 [INFO]     PDF trouvé: Arrêté d'ouverture du concours (score: 25)
2026-08-01 10:43:55,283 [INFO]   [EN COURS] Avis de concours de recrutement de Administrateur 2ème grade... → 2026-08-31
2026-08-01 10:43:55,283 [INFO]   Détails: https://www.emploi-public.ma/fr/concours/details/74fa6128-711a-40b7-b71b-5b4388a2d9d4
2026-08-01 10:43:56,008 [INFO]     PDF trouvé: Arrêté d'ouverture du concours (score: 25)
2026-08-01 10:43:56,009 [INFO]   [EN COURS] Avis de concours de recrutement de Adjoint technique 2ème gr... → 2026-08-10
2026-08-01 10:43:56,010 [INFO]   Détails: https://www.emploi-public.ma/fr/concours/details/3d99718c-9c89-43ed-92b5-ec76b2c038b3
2026-08-01 10:43:56,852 [INFO]     PDF trouvé: Arrêté d'ouverture du concours (score: 25)
2026-08-01 10:43:56,853 [INFO]   [EN COURS] Avis de concours de recrutement de Technicien de 4ème grade ... → 2026-08-10
2026-08-01 10:43:56,853 [INFO]   Détails: https://www.emploi-public.ma/fr/concours/details/4e64e78f-621d-4e95-a829-a8b22986502a
2026-08-01 10:43:57,727 [INFO]     PDF trouvé: Arrêté d'ouverture du concours (score: 25)
2026-08-01 10:43:57,728 [INFO]   [EN COURS] Avis de concours de recrutement de Technicien de 3ème grade ... → 2026-08-10
2026-08-01 10:43:57,728 [INFO]   Détails: https://www.emploi-public.ma/fr/concours/details/bacf792b-04bc-4a4b-a73b-cc69eab17a49
2026-08-01 10:43:58,552 [INFO]     PDF trouvé: Arrêté d'ouverture du concours (score: 25)
2026-08-01 10:43:58,553 [INFO]   [EN COURS] Avis de concours de recrutement de Ingénieur d'Etat 1er grad... → 2026-08-10
2026-08-01 10:43:58,553 [INFO] Page 2/5
2026-08-01 10:43:58,554 [INFO] Scraping page: https://www.emploi-public.ma/fr/concours-liste?page=1
2026-08-01 10:43:59,712 [INFO]   → 9 annonces trouvées sur cette page
2026-08-01 10:43:59,714 [INFO]   Détails: https://www.emploi-public.ma/fr/concours/details/8cce8ed8-8973-49f6-ae36-f75aef0d9d96
2026-08-01 10:44:02,473 [INFO]     PDF trouvé: Arrêté d'ouverture du concours (score: 25)
2026-08-01 10:44:02,474 [INFO]   [EN COURS] Avis de concours de recrutement de Maître de conférences gra... → 2026-08-19
2026-08-01 10:44:02,475 [INFO]   Détails: https://www.emploi-public.ma/fr/concours/details/72ed0218-c625-44ef-ad36-0ddf1450d8b7
2026-08-01 10:44:03,607 [INFO]     PDF trouvé: Arrêté d'ouverture du concours (score: 25)
2026-08-01 10:44:03,608 [INFO]   [EN COURS] Avis de concours de recrutement de Ingénieur d'Etat 1er grad... → 2026-08-14
2026-08-01 10:44:03,608 [INFO]   Détails: https://www.emploi-public.ma/fr/concours/details/1d56279d-bec7-4467-906d-4003286e1a05
2026-08-01 10:44:04,591 [INFO]     PDF trouvé: Arrêté d'ouverture du concours (score: 25)
2026-08-01 10:44:04,593 [INFO]   [EN COURS] Avis de concours de recrutement de Architecte 1er grade - Ec... → 2026-08-13
2026-08-01 10:44:04,593 [INFO]   Détails: https://www.emploi-public.ma/fr/concours/details/1874ae4c-94d6-4af0-9575-a39ede5189ff
2026-08-01 10:44:06,001 [INFO]     PDF trouvé: Arrêté d'ouverture du concours (score: 25)
2026-08-01 10:44:06,002 [INFO]   [EN COURS] Avis de concours de recrutement de Administrateur 2ème grade... → 2026-08-31
2026-08-01 10:44:06,002 [INFO]   Détails: https://www.emploi-public.ma/fr/concours/details/72d7f4f3-b81d-4f01-b750-c84c9fdb3db1
2026-08-01 10:44:06,740 [INFO]     PDF trouvé: Arrêté d'ouverture du concours (score: 25)
2026-08-01 10:44:06,741 [INFO]   [EN COURS] Avis de concours de recrutement de Administrateur 2ème grade... → 2026-08-31
2026-08-01 10:44:06,741 [INFO]   Détails: https://www.emploi-public.ma/fr/concours/details/74fa6128-711a-40b7-b71b-5b4388a2d9d4
2026-08-01 10:44:07,461 [INFO]     PDF trouvé: Arrêté d'ouverture du concours (score: 25)
2026-08-01 10:44:07,463 [INFO]   [EN COURS] Avis de concours de recrutement de Adjoint technique 2ème gr... → 2026-08-10
2026-08-01 10:44:07,463 [INFO]   Détails: https://www.emploi-public.ma/fr/concours/details/3d99718c-9c89-43ed-92b5-ec76b2c038b3
2026-08-01 10:44:08,394 [INFO]     PDF trouvé: Arrêté d'ouverture du concours (score: 25)
2026-08-01 10:44:08,395 [INFO]   [EN COURS] Avis de concours de recrutement de Technicien de 4ème grade ... → 2026-08-10
2026-08-01 10:44:08,395 [INFO]   Détails: https://www.emploi-public.ma/fr/concours/details/4e64e78f-621d-4e95-a829-a8b22986502a
2026-08-01 10:44:09,289 [INFO]     PDF trouvé: Arrêté d'ouverture du concours (score: 25)
2026-08-01 10:44:09,290 [INFO]   [EN COURS] Avis de concours de recrutement de Technicien de 3ème grade ... → 2026-08-10
2026-08-01 10:44:09,290 [INFO]   Détails: https://www.emploi-public.ma/fr/concours/details/bacf792b-04bc-4a4b-a73b-cc69eab17a49
2026-08-01 10:44:10,309 [INFO]     PDF trouvé: Arrêté d'ouverture du concours (score: 25)
2026-08-01 10:44:10,310 [INFO]   [EN COURS] Avis de concours de recrutement de Ingénieur d'Etat 1er grad... → 2026-08-10
2026-08-01 10:44:10,310 [INFO] Page 3/5
2026-08-01 10:44:10,311 [INFO] Scraping page: https://www.emploi-public.ma/fr/concours-liste?page=2
2026-08-01 10:44:12,027 [INFO]   → 9 annonces trouvées sur cette page
2026-08-01 10:44:12,028 [INFO]   Détails: https://www.emploi-public.ma/fr/concours/details/3d6e4275-fe42-4fa4-b135-22595857f77b
2026-08-01 10:44:12,803 [INFO]     PDF trouvé: Arrêté d'ouverture du concours (score: 25)
2026-08-01 10:44:12,804 [INFO]   [EN COURS] Avis de concours de recrutement de Secrétaire des affaires é... → 2026-08-10
2026-08-01 10:44:12,804 [INFO]   Détails: https://www.emploi-public.ma/fr/concours/details/f8fd2d0d-5d98-42d7-8229-9924acf1c303
2026-08-01 10:44:13,537 [INFO]     PDF trouvé: Arrêté d'ouverture du concours (score: 25)
2026-08-01 10:44:13,538 [INFO]   [EN COURS] Avis de concours de recrutement de Conseiller des affaires é... → 2026-08-10
2026-08-01 10:44:13,538 [INFO]   Détails: https://www.emploi-public.ma/fr/concours/details/0d14767d-7b8a-4282-b397-96709c297e37
2026-08-01 10:44:14,484 [INFO]     PDF trouvé: Arrêté d'ouverture du concours (score: 25)
2026-08-01 10:44:14,485 [INFO]   [EN COURS] Avis de concours de recrutement de Inspecteur des Douanes de... → 2026-08-10
2026-08-01 10:44:14,485 [INFO]   Détails: https://www.emploi-public.ma/fr/concours/details/ab562af5-0ec1-4fe8-99a3-48cd82b59676
2026-08-01 10:44:15,386 [INFO]     PDF trouvé: Arrêté d'ouverture du concours (score: 25)
2026-08-01 10:44:15,387 [INFO]   [EN COURS] Avis de concours de recrutement de Ingénieur d’Etat  des Dou... → 2026-08-10
2026-08-01 10:44:15,387 [INFO]   Détails: https://www.emploi-public.ma/fr/concours/details/e9c0bb85-e735-4886-acf1-b3309ba4a205
2026-08-01 10:44:16,665 [INFO]     PDF trouvé: Arrêté d'ouverture du concours (score: 25)
2026-08-01 10:44:16,666 [INFO]   [EN COURS] Avis de concours de recrutement de Ingénieur d'Etat 1er grad... → 2026-08-10
2026-08-01 10:44:16,666 [INFO]   Détails: https://www.emploi-public.ma/fr/concours/details/d91438ac-a7df-48aa-a29d-ea568c52b32e
2026-08-01 10:44:17,683 [INFO]     PDF trouvé: Arrêté d'ouverture du concours (score: 25)
2026-08-01 10:44:17,684 [INFO]   [EN COURS] Avis de concours de recrutement de Technicien de 3ème grade ... → 2026-08-07
2026-08-01 10:44:17,685 [INFO]   Détails: https://www.emploi-public.ma/fr/concours/details/6aa579ad-7abb-44f1-b036-56e9fbafced8
2026-08-01 10:44:18,551 [INFO]     PDF trouvé: Arrêté d'ouverture du concours (score: 25)
2026-08-01 10:44:18,552 [INFO]   [EN COURS] Avis de concours de recrutement de Administrateur 2ème grade... → 2026-08-07
2026-08-01 10:44:18,554 [INFO]   Détails: https://www.emploi-public.ma/fr/concours/details/c27ac1df-953a-4b58-a2e2-e273271f18b1
2026-08-01 10:44:19,302 [INFO]     PDF trouvé: Arrêté d'ouverture du concours (score: 25)
2026-08-01 10:44:19,303 [INFO]   [EN COURS] Avis de concours de recrutement de Adjoint technique 2ème gr... → 2026-08-05
2026-08-01 10:44:19,303 [INFO]   Détails: https://www.emploi-public.ma/fr/concours/details/7faff0fb-2922-485a-853e-20b4d81cbc7a
2026-08-01 10:44:20,279 [INFO]     PDF trouvé: Arrêté d'ouverture du concours (score: 25)
2026-08-01 10:44:20,280 [INFO]   [EN COURS] Avis de concours de recrutement de Maître de conférences gra... → 2026-08-03
2026-08-01 10:44:20,280 [INFO] Page 4/5
2026-08-01 10:44:20,280 [INFO] Scraping page: https://www.emploi-public.ma/fr/concours-liste?page=3
2026-08-01 10:44:21,453 [INFO]   → 9 annonces trouvées sur cette page
2026-08-01 10:44:21,455 [INFO]   Détails: https://www.emploi-public.ma/fr/concours/details/2c15e888-7029-4082-9334-eef194ee5586
2026-08-01 10:44:22,649 [INFO]     PDF trouvé: Arrêté d'ouverture du concours (score: 25)
2026-08-01 10:44:22,650 [INFO]   [EN COURS] Avis de concours de recrutement de Administrateur 2ème grade... → 2026-08-03
2026-08-01 10:44:22,650 [INFO]   Détails: https://www.emploi-public.ma/fr/concours/details/d543668b-c808-4ac0-933b-4301237f9f67
2026-08-01 10:44:23,404 [INFO]     PDF trouvé: Arrêté d'ouverture du concours (score: 25)
2026-08-01 10:44:23,406 [INFO]   [EXPIRÉE] Avis de concours de recrutement de Administrateur 3ème grade... → 2026-07-31
2026-08-01 10:44:23,406 [INFO]   Détails: https://www.emploi-public.ma/fr/concours/details/78699344-c4d1-4204-ad40-9749cc0563aa
2026-08-01 10:44:24,205 [INFO]     PDF trouvé: Arrêté d'ouverture du concours (score: 25)
2026-08-01 10:44:24,207 [INFO]   [EXPIRÉE] Publication de la liste des convoqués pour l'examen écrit du... → 2026-07-23
2026-08-01 10:44:24,207 [INFO]   Détails: https://www.emploi-public.ma/fr/concours/details/b62a7d1c-c399-48cd-ab9f-adca105db22f
2026-08-01 10:44:24,931 [INFO]     PDF trouvé: Arrêté d'ouverture du concours (score: 25)
2026-08-01 10:44:24,932 [INFO]   [EXPIRÉE] Publication de la liste des convoqués pour l'examen écrit du... → 2026-07-21
2026-08-01 10:44:24,932 [INFO]   Détails: https://www.emploi-public.ma/fr/concours/details/dc6005fa-8f1f-418f-baed-64e9caca12f6
2026-08-01 10:44:26,927 [INFO]     PDF trouvé: Arrêté d'ouverture du concours (score: 25)
2026-08-01 10:44:26,928 [INFO]   [EXPIRÉE] Publication de la liste des convoqués pour l'examen écrit du... → 2026-07-21
2026-08-01 10:44:26,928 [INFO]   Détails: https://www.emploi-public.ma/fr/concours/details/7d4f66b4-2f8c-4dbf-94ea-99d5943a7378
2026-08-01 10:44:27,945 [INFO]     PDF trouvé: Arrêté d'ouverture du concours (score: 25)
2026-08-01 10:44:27,946 [INFO]   [EXPIRÉE] Publication de la liste des convoqués pour l'examen écrit du... → 2026-07-21
2026-08-01 10:44:27,946 [INFO]   Détails: https://www.emploi-public.ma/fr/concours/details/e372c384-b595-401d-bfa7-77c67af01fbe
2026-08-01 10:44:29,001 [INFO]     PDF trouvé: Arrêté d'ouverture du concours (score: 25)
2026-08-01 10:44:29,002 [INFO]   [EXPIRÉE] Publication de la liste des convoqués pour l'examen écrit du... → 2026-07-21
2026-08-01 10:44:29,002 [INFO]   Détails: https://www.emploi-public.ma/fr/concours/details/606d3ff2-2e7a-4174-9d74-713c58402b8a
2026-08-01 10:44:29,828 [INFO]     PDF trouvé: Arrêté d'ouverture du concours (score: 25)
2026-08-01 10:44:29,829 [INFO]   [EXPIRÉE] Publication de la liste des résultats pour le concours de re... → 2026-07-21
2026-08-01 10:44:29,830 [INFO]   Détails: https://www.emploi-public.ma/fr/concours/details/9740d64c-8b1b-47b8-abe8-00b3575d4aa9
2026-08-01 10:44:30,632 [INFO]     PDF trouvé: Arrêté d'ouverture du concours (score: 25)
2026-08-01 10:44:30,633 [INFO]   [EXPIRÉE] Publication de la liste des convoqués pour l'examen écrit du... → 2026-07-20
2026-08-01 10:44:30,633 [INFO] Page 5/5
2026-08-01 10:44:30,633 [INFO] Scraping page: https://www.emploi-public.ma/fr/concours-liste?page=4
2026-08-01 10:44:31,621 [INFO]   → 9 annonces trouvées sur cette page
2026-08-01 10:44:31,622 [INFO]   Détails: https://www.emploi-public.ma/fr/concours/details/b89b6b38-795f-49af-9d00-910305760e85
2026-08-01 10:44:32,433 [INFO]     PDF trouvé: Arrêté d'ouverture du concours (score: 25)
2026-08-01 10:44:32,435 [INFO]   [EXPIRÉE] Publication de la liste des convoqués pour l'examen écrit du... → 2026-07-20
2026-08-01 10:44:32,435 [INFO]   Détails: https://www.emploi-public.ma/fr/concours/details/f33919ef-c4a4-41c0-9927-744882ec1140
2026-08-01 10:44:33,283 [INFO]     PDF trouvé: Arrêté d'ouverture du concours (score: 25)
2026-08-01 10:44:33,285 [INFO]   [EXPIRÉE] Publication de la liste des convoqués pour l'examen écrit du... → 2026-07-20
2026-08-01 10:44:33,285 [INFO]   Détails: https://www.emploi-public.ma/fr/concours/details/00afdf47-67cd-4c3b-910d-295480956c45
2026-08-01 10:44:34,905 [INFO]     PDF trouvé: Arrêté d'ouverture du concours (score: 25)
2026-08-01 10:44:34,906 [INFO]   [EXPIRÉE] Publication de la liste des convoqués pour l'examen écrit du... → 2026-07-20
2026-08-01 10:44:34,906 [INFO]   Détails: https://www.emploi-public.ma/fr/concours/details/0c6baf5e-be9d-4ef5-a8f7-b9044cf640d5
2026-08-01 10:44:35,816 [INFO]     PDF trouvé: Arrêté d'ouverture du concours (score: 25)
2026-08-01 10:44:35,817 [INFO]   [EXPIRÉE] Publication de la liste des résultats pour le concours de re... → 2026-07-15
2026-08-01 10:44:35,817 [INFO]   Détails: https://www.emploi-public.ma/fr/concours/details/c6303b4c-114c-4b25-b6c5-eca77cba3dad
2026-08-01 10:44:36,644 [INFO]     PDF trouvé: Arrêté d'ouverture du concours (score: 25)
2026-08-01 10:44:36,645 [INFO]   [EXPIRÉE] Publication de la liste des résultats pour le concours de re... → 2026-07-15
2026-08-01 10:44:36,645 [INFO]   Détails: https://www.emploi-public.ma/fr/concours/details/1f901e2f-de1d-4110-874d-d5d890119e69
2026-08-01 10:44:38,038 [INFO]     PDF trouvé: Arrêté d'ouverture du concours (score: 25)
2026-08-01 10:44:38,039 [INFO]   [EXPIRÉE] Publication de la liste des résultats pour le concours de re... → 2026-07-15
2026-08-01 10:44:38,039 [INFO]   Détails: https://www.emploi-public.ma/fr/concours/details/c83d70e2-ec18-4f3b-b97f-03d080ad762a
2026-08-01 10:44:39,104 [INFO]     PDF trouvé: Arrêté d'ouverture du concours (score: 25)
2026-08-01 10:44:39,105 [INFO]   [EXPIRÉE] Publication de la liste des résultats pour le concours de re... → 2026-07-14
2026-08-01 10:44:39,105 [INFO]   Détails: https://www.emploi-public.ma/fr/concours/details/c3749204-66e1-4485-a631-e7ede10e21ab
2026-08-01 10:44:39,893 [INFO]     PDF trouvé: Arrêté d'ouverture du concours (score: 25)
2026-08-01 10:44:39,895 [INFO]   [EXPIRÉE] Publication de la liste des résultats pour le concours de re... → 2026-07-14
2026-08-01 10:44:39,895 [INFO]   Détails: https://www.emploi-public.ma/fr/concours/details/26ae2262-926d-4bfb-9614-069a15e9bd9a
2026-08-01 10:44:40,619 [INFO]     PDF trouvé: Arrêté d'ouverture du concours (score: 25)
2026-08-01 10:44:40,620 [INFO]   [EXPIRÉE] Publication de la liste des convoqués pour l'examen écrit du... → 2026-07-10
2026-08-01 10:44:40,620 [INFO] 
--- Catégorie: Emplois supérieurs ---
2026-08-01 10:44:40,621 [INFO] Page 1/5
2026-08-01 10:44:40,621 [INFO] Scraping page: https://www.emploi-public.ma/fr/emploi-sup-liste
2026-08-01 10:44:41,374 [INFO]   → 9 annonces trouvées sur cette page
2026-08-01 10:44:41,375 [INFO]   Détails: https://www.emploi-public.ma/fr/emploi-sup/details/0caf53e1-867a-4e91-a2d5-4f18a1b80e58
2026-08-01 10:44:42,220 [WARNING] Format de date non reconnu: 30
2026-08-01 10:44:42,221 [INFO]     PDF trouvé: Arrêté d'appel à candidature (score: 20)
2026-08-01 10:44:42,222 [INFO]   [PAS DE DATE] Avis d'emplois supérieurs Directeur des Ressources Humaines,...
2026-08-01 10:44:42,222 [INFO]   Détails: https://www.emploi-public.ma/fr/emploi-sup/details/a260f3d6-19bf-4755-87e7-64988bd5d952
2026-08-01 10:44:42,972 [WARNING] Format de date non reconnu: 30
2026-08-01 10:44:42,973 [INFO]     PDF trouvé: Arrêté d'appel à candidature (score: 20)
2026-08-01 10:44:42,974 [INFO]   [PAS DE DATE] Avis d'emplois supérieurs directeur de l'Aéronautique Civile...
2026-08-01 10:44:42,974 [INFO]   Détails: https://www.emploi-public.ma/fr/emploi-sup/details/803881f5-f7fa-4f8f-b2cd-d6b1566b7fe5
2026-08-01 10:44:43,689 [WARNING] Format de date non reconnu: 30
2026-08-01 10:44:43,691 [INFO]     PDF trouvé: Arrêté d'appel à candidature (score: 20)
2026-08-01 10:44:43,692 [INFO]   [PAS DE DATE] Avis d'emplois supérieurs DIRECTEUR DE L’INSTITUT SUPERIEUR ...
2026-08-01 10:44:43,692 [INFO]   Détails: https://www.emploi-public.ma/fr/emploi-sup/details/43fe4445-da66-401e-a3c4-2562a221a332
2026-08-01 10:44:44,555 [WARNING] Format de date non reconnu: 30
2026-08-01 10:44:44,556 [INFO]     PDF trouvé: Arrêté d'appel à candidature (score: 20)
2026-08-01 10:44:44,558 [INFO]   [PAS DE DATE] Avis d'emplois supérieurs DIRECTEUR FONSAFJS...
2026-08-01 10:44:44,558 [INFO]   Détails: https://www.emploi-public.ma/fr/emploi-sup/details/2c16f418-dd0f-4bb2-b66e-f926057114f9
2026-08-01 10:44:45,428 [WARNING] Format de date non reconnu: 30
2026-08-01 10:44:45,430 [INFO]     PDF trouvé: Arrêté d'appel à candidature (score: 20)
2026-08-01 10:44:45,431 [INFO]   [PAS DE DATE] Avis d'emplois supérieurs Directeur de la jeunesse...
2026-08-01 10:44:45,431 [INFO]   Détails: https://www.emploi-public.ma/fr/emploi-sup/details/30d00bcd-df71-43f3-945e-2204e61cb425
2026-08-01 10:44:46,131 [WARNING] Format de date non reconnu: 30
2026-08-01 10:44:46,132 [INFO]     PDF trouvé: Arrêté d'appel à candidature (score: 20)
2026-08-01 10:44:46,133 [INFO]   [PAS DE DATE] Avis d'emplois supérieurs Directeur de l'Institut National d...
2026-08-01 10:44:46,133 [INFO]   Détails: https://www.emploi-public.ma/fr/emploi-sup/details/fb33496a-b3e4-46d5-a556-86d0223b04f8
2026-08-01 10:44:47,019 [WARNING] Format de date non reconnu: 30
2026-08-01 10:44:47,020 [INFO]     PDF trouvé: Arrêté d'appel à candidature (score: 20)
2026-08-01 10:44:47,022 [INFO]   [PAS DE DATE] Avis d'emplois supérieurs Directeur(trice) des Affaires géné...
2026-08-01 10:44:47,022 [INFO]   Détails: https://www.emploi-public.ma/fr/emploi-sup/details/d75f25b8-e1b6-4bba-9bf2-9bcc6a5e913c
2026-08-01 10:44:48,145 [WARNING] Format de date non reconnu: 30
2026-08-01 10:44:48,146 [INFO]     PDF trouvé: Arrêté d'appel à candidature (score: 20)
2026-08-01 10:44:48,148 [INFO]   [PAS DE DATE] Avis d'emplois supérieurs Directeur des statuts et des Eudes...
2026-08-01 10:44:48,148 [INFO]   Détails: https://www.emploi-public.ma/fr/emploi-sup/details/4d6a3c99-2658-4cfd-99b5-bc5c012c8e55
2026-08-01 10:44:49,348 [WARNING] Format de date non reconnu: 30
2026-08-01 10:44:49,349 [INFO]     PDF trouvé: Arrêté d'appel à candidature (score: 20)
2026-08-01 10:44:49,350 [INFO]   [PAS DE DATE] Avis d'emplois supérieurs Directeur(trice) du Centre nationa...
2026-08-01 10:44:49,350 [INFO] Page 2/5
2026-08-01 10:44:49,350 [INFO] Scraping page: https://www.emploi-public.ma/fr/emploi-sup-liste?page=1
2026-08-01 10:44:50,161 [INFO]   → 9 annonces trouvées sur cette page
2026-08-01 10:44:50,162 [INFO]   Détails: https://www.emploi-public.ma/fr/emploi-sup/details/0caf53e1-867a-4e91-a2d5-4f18a1b80e58
2026-08-01 10:44:51,442 [WARNING] Format de date non reconnu: 30
2026-08-01 10:44:51,443 [INFO]     PDF trouvé: Arrêté d'appel à candidature (score: 20)
2026-08-01 10:44:51,444 [INFO]   [PAS DE DATE] Avis d'emplois supérieurs Directeur des Ressources Humaines,...
2026-08-01 10:44:51,444 [INFO]   Détails: https://www.emploi-public.ma/fr/emploi-sup/details/a260f3d6-19bf-4755-87e7-64988bd5d952
2026-08-01 10:44:52,204 [WARNING] Format de date non reconnu: 30
2026-08-01 10:44:52,205 [INFO]     PDF trouvé: Arrêté d'appel à candidature (score: 20)
2026-08-01 10:44:52,206 [INFO]   [PAS DE DATE] Avis d'emplois supérieurs directeur de l'Aéronautique Civile...
2026-08-01 10:44:52,206 [INFO]   Détails: https://www.emploi-public.ma/fr/emploi-sup/details/803881f5-f7fa-4f8f-b2cd-d6b1566b7fe5
2026-08-01 10:44:53,331 [WARNING] Format de date non reconnu: 30
2026-08-01 10:44:53,332 [INFO]     PDF trouvé: Arrêté d'appel à candidature (score: 20)
2026-08-01 10:44:53,334 [INFO]   [PAS DE DATE] Avis d'emplois supérieurs DIRECTEUR DE L’INSTITUT SUPERIEUR ...
2026-08-01 10:44:53,334 [INFO]   Détails: https://www.emploi-public.ma/fr/emploi-sup/details/43fe4445-da66-401e-a3c4-2562a221a332
2026-08-01 10:44:54,096 [WARNING] Format de date non reconnu: 30
2026-08-01 10:44:54,097 [INFO]     PDF trouvé: Arrêté d'appel à candidature (score: 20)
2026-08-01 10:44:54,098 [INFO]   [PAS DE DATE] Avis d'emplois supérieurs DIRECTEUR FONSAFJS...
2026-08-01 10:44:54,099 [INFO]   Détails: https://www.emploi-public.ma/fr/emploi-sup/details/2c16f418-dd0f-4bb2-b66e-f926057114f9
2026-08-01 10:44:54,911 [WARNING] Format de date non reconnu: 30
2026-08-01 10:44:54,912 [INFO]     PDF trouvé: Arrêté d'appel à candidature (score: 20)
2026-08-01 10:44:54,914 [INFO]   [PAS DE DATE] Avis d'emplois supérieurs Directeur de la jeunesse...
2026-08-01 10:44:54,914 [INFO]   Détails: https://www.emploi-public.ma/fr/emploi-sup/details/30d00bcd-df71-43f3-945e-2204e61cb425
2026-08-01 10:44:55,744 [WARNING] Format de date non reconnu: 30
2026-08-01 10:44:55,745 [INFO]     PDF trouvé: Arrêté d'appel à candidature (score: 20)
2026-08-01 10:44:55,746 [INFO]   [PAS DE DATE] Avis d'emplois supérieurs Directeur de l'Institut National d...
2026-08-01 10:44:55,746 [INFO]   Détails: https://www.emploi-public.ma/fr/emploi-sup/details/fb33496a-b3e4-46d5-a556-86d0223b04f8
2026-08-01 10:44:56,706 [WARNING] Format de date non reconnu: 30
2026-08-01 10:44:56,707 [INFO]     PDF trouvé: Arrêté d'appel à candidature (score: 20)
2026-08-01 10:44:56,708 [INFO]   [PAS DE DATE] Avis d'emplois supérieurs Directeur(trice) des Affaires géné...
2026-08-01 10:44:56,709 [INFO]   Détails: https://www.emploi-public.ma/fr/emploi-sup/details/d75f25b8-e1b6-4bba-9bf2-9bcc6a5e913c
2026-08-01 10:44:57,540 [WARNING] Format de date non reconnu: 30
2026-08-01 10:44:57,541 [INFO]     PDF trouvé: Arrêté d'appel à candidature (score: 20)
2026-08-01 10:44:57,542 [INFO]   [PAS DE DATE] Avis d'emplois supérieurs Directeur des statuts et des Eudes...
2026-08-01 10:44:57,543 [INFO]   Détails: https://www.emploi-public.ma/fr/emploi-sup/details/4d6a3c99-2658-4cfd-99b5-bc5c012c8e55
2026-08-01 10:44:58,421 [WARNING] Format de date non reconnu: 30
2026-08-01 10:44:58,422 [INFO]     PDF trouvé: Arrêté d'appel à candidature (score: 20)
2026-08-01 10:44:58,423 [INFO]   [PAS DE DATE] Avis d'emplois supérieurs Directeur(trice) du Centre nationa...
2026-08-01 10:44:58,423 [INFO] Page 3/5
2026-08-01 10:44:58,423 [INFO] Scraping page: https://www.emploi-public.ma/fr/emploi-sup-liste?page=2
2026-08-01 10:44:59,174 [INFO]   → 9 annonces trouvées sur cette page
2026-08-01 10:44:59,175 [INFO]   Détails: https://www.emploi-public.ma/fr/emploi-sup/details/d5445636-5a56-491e-9305-8cd418b361f8
2026-08-01 10:45:00,032 [WARNING] Format de date non reconnu: 00
2026-08-01 10:45:00,033 [INFO]     PDF trouvé: Arrêté d'appel à candidature (score: 20)
2026-08-01 10:45:00,034 [INFO]   [PAS DE DATE] Avis d'emplois supérieurs Directeur de l'Aménagement du Terr...
2026-08-01 10:45:00,034 [INFO]   Détails: https://www.emploi-public.ma/fr/emploi-sup/details/a19c981f-5e73-4699-978a-3c26f387e76d
2026-08-01 10:45:00,848 [WARNING] Format de date non reconnu: 00
2026-08-01 10:45:00,850 [INFO]     PDF trouvé: Arrêté d'appel à candidature (score: 20)
2026-08-01 10:45:00,851 [INFO]   [PAS DE DATE] Avis d'emplois supérieurs Directeur de l'Agence Urbaine d'Al...
2026-08-01 10:45:00,851 [INFO]   Détails: https://www.emploi-public.ma/fr/emploi-sup/details/c3eed04a-67b9-4ceb-b4c3-b32e0273c191
2026-08-01 10:45:01,614 [WARNING] Format de date non reconnu: 00
2026-08-01 10:45:01,615 [INFO]     PDF trouvé: Arrêté d'appel à candidature (score: 20)
2026-08-01 10:45:01,616 [INFO]   [PAS DE DATE] Avis d'emplois supérieurs Directeur de l'Agence Urbaine de L...
2026-08-01 10:45:01,616 [INFO]   Détails: https://www.emploi-public.ma/fr/emploi-sup/details/6bbca177-c943-4200-991d-4945c7de6c3e
2026-08-01 10:45:02,509 [WARNING] Format de date non reconnu: 30
2026-08-01 10:45:02,510 [INFO]     PDF trouvé: Arrêté d'appel à candidature (score: 20)
2026-08-01 10:45:02,512 [INFO]   [PAS DE DATE] Avis d'emplois supérieurs Directeur(trice) des affaires géné...
2026-08-01 10:45:02,512 [INFO]   Détails: https://www.emploi-public.ma/fr/emploi-sup/details/971391f4-c3ed-4054-b39a-d498fdbfba4b
2026-08-01 10:45:03,233 [WARNING] Format de date non reconnu: 30
2026-08-01 10:45:03,234 [INFO]     PDF trouvé: Arrêté d'appel à candidature (score: 20)
2026-08-01 10:45:03,235 [INFO]   [PAS DE DATE] Avis d'emplois supérieurs Directeur(trice) de l’Institut Roy...
2026-08-01 10:45:03,235 [INFO]   Détails: https://www.emploi-public.ma/fr/emploi-sup/details/1afa70c8-a02b-457d-98c8-6787ae253f28
2026-08-01 10:45:03,970 [WARNING] Format de date non reconnu: 30
2026-08-01 10:45:03,971 [INFO]     PDF trouvé: Arrêté d'appel à candidature (score: 20)
2026-08-01 10:45:03,972 [INFO]   [PAS DE DATE] Avis d'emplois supérieurs Directeur de l'Ecole des Sciences ...
2026-08-01 10:45:03,972 [INFO]   Détails: https://www.emploi-public.ma/fr/emploi-sup/details/e1c5923d-7307-42c7-90ed-21db5ce34a49
2026-08-01 10:45:05,017 [WARNING] Format de date non reconnu: 30
2026-08-01 10:45:05,018 [INFO]     PDF trouvé: Arrêté d'appel à candidature (score: 20)
2026-08-01 10:45:05,020 [INFO]   [PAS DE DATE] Avis d'emplois supérieurs Directeur des législations des Inf...
2026-08-01 10:45:05,020 [INFO]   Détails: https://www.emploi-public.ma/fr/emploi-sup/details/cb431ce3-c104-457a-b464-8ca3b4a5fe55
2026-08-01 10:45:05,845 [WARNING] Format de date non reconnu: 30
2026-08-01 10:45:05,846 [INFO]     PDF trouvé: Arrêté d'appel à candidature (score: 20)
2026-08-01 10:45:05,847 [INFO]   [PAS DE DATE] Avis d'emplois supérieurs Directeur des législations de la g...
2026-08-01 10:45:05,847 [INFO]   Détails: https://www.emploi-public.ma/fr/emploi-sup/details/83256c4b-36f7-461e-8579-7dbec3b6aae0
2026-08-01 10:45:06,813 [WARNING] Format de date non reconnu: 30
2026-08-01 10:45:06,814 [INFO]     PDF trouvé: Arrêté d'appel à candidature (score: 20)
2026-08-01 10:45:06,815 [INFO]   [PAS DE DATE] Avis d'emplois supérieurs Doyen de la Faculté de Médecine et...
2026-08-01 10:45:06,815 [INFO] Page 4/5
2026-08-01 10:45:06,815 [INFO] Scraping page: https://www.emploi-public.ma/fr/emploi-sup-liste?page=3
2026-08-01 10:45:08,136 [INFO]   → 9 annonces trouvées sur cette page
2026-08-01 10:45:08,137 [INFO]   Détails: https://www.emploi-public.ma/fr/emploi-sup/details/e1054489-8a0a-4d64-92ab-55a9dbb52ac5
2026-08-01 10:45:08,908 [WARNING] Format de date non reconnu: 30
2026-08-01 10:45:08,909 [INFO]     PDF trouvé: Arrêté d'appel à candidature (score: 20)
2026-08-01 10:45:08,910 [INFO]   [PAS DE DATE] Avis d'emplois supérieurs Directeur de l'Ecole Mohammadia de...
2026-08-01 10:45:08,910 [INFO]   Détails: https://www.emploi-public.ma/fr/emploi-sup/details/4276b348-5dae-41c9-b638-6ca89ffaf304
2026-08-01 10:45:09,865 [WARNING] Format de date non reconnu: 30
2026-08-01 10:45:09,867 [INFO]     PDF trouvé: Arrêté d'appel à candidature (score: 20)
2026-08-01 10:45:09,868 [INFO]   [PAS DE DATE] Avis d'emplois supérieurs Directeur(trice) du Centre régiona...
2026-08-01 10:45:09,868 [INFO]   Détails: https://www.emploi-public.ma/fr/emploi-sup/details/0f48ee65-4c13-4056-a870-a38f35f26eee
2026-08-01 10:45:10,610 [WARNING] Format de date non reconnu: 30
2026-08-01 10:45:10,611 [INFO]     PDF trouvé: Arrêté d'appel à candidature (score: 20)
2026-08-01 10:45:10,612 [INFO]   [PAS DE DATE] Avis d'emplois supérieurs Directeur des statuts et des Eudes...
2026-08-01 10:45:10,612 [INFO]   Détails: https://www.emploi-public.ma/fr/emploi-sup/details/17544c4c-7a33-48bd-be97-d4e261c4b1ba
2026-08-01 10:45:12,099 [WARNING] Format de date non reconnu: 30
2026-08-01 10:45:12,100 [INFO]     PDF trouvé: Arrêté d'appel à candidature (score: 20)
2026-08-01 10:45:12,101 [INFO]   [PAS DE DATE] Avis d'emplois supérieurs Directeur(trice) général(e) de l’o...
2026-08-01 10:45:12,101 [INFO]   Détails: https://www.emploi-public.ma/fr/emploi-sup/details/2062be70-06c0-4b02-b143-bb2108a03421
2026-08-01 10:45:13,036 [WARNING] Format de date non reconnu: 30
2026-08-01 10:45:13,037 [INFO]     PDF trouvé: Arrêté d'appel à candidature (score: 20)
2026-08-01 10:45:13,038 [INFO]   [PAS DE DATE] Avis d'emplois supérieurs Directeur(trice) du Centre nationa...
2026-08-01 10:45:13,038 [INFO]   Détails: https://www.emploi-public.ma/fr/emploi-sup/details/5b7e6e30-4777-469d-9fa2-856d4390a35f
2026-08-01 10:45:16,046 [WARNING] Format de date non reconnu: 30
2026-08-01 10:45:16,047 [INFO]     PDF trouvé: Arrêté d'appel à candidature (score: 20)
2026-08-01 10:45:16,048 [INFO]   [PAS DE DATE] Avis d'emplois supérieurs Directeur de la jeunesse...
2026-08-01 10:45:16,048 [INFO]   Détails: https://www.emploi-public.ma/fr/emploi-sup/details/5313b8af-912f-4d82-b328-04c94fbe4562
2026-08-01 10:45:16,949 [WARNING] Format de date non reconnu: 30
2026-08-01 10:45:16,950 [INFO]     PDF trouvé: Arrêté d'appel à candidature (score: 20)
2026-08-01 10:45:16,951 [INFO]   [PAS DE DATE] Avis d'emplois supérieurs Directeur (ce) de la Coopération e...
2026-08-01 10:45:16,951 [INFO]   Détails: https://www.emploi-public.ma/fr/emploi-sup/details/52349e85-618a-444c-94ae-a269dcb8ede6
2026-08-01 10:45:18,434 [WARNING] Format de date non reconnu: 30
2026-08-01 10:45:18,435 [INFO]     PDF trouvé: Arrêté d'appel à candidature (score: 20)
2026-08-01 10:45:18,436 [INFO]   [PAS DE DATE] Avis d'emplois supérieurs Directeur (ce) des Ressources Huma...
2026-08-01 10:45:18,436 [INFO]   Détails: https://www.emploi-public.ma/fr/emploi-sup/details/b993993a-7a9f-4f82-a95d-4c705192b5c5
2026-08-01 10:45:19,314 [WARNING] Format de date non reconnu: 30
2026-08-01 10:45:19,315 [INFO]     PDF trouvé: Arrêté d'appel à candidature (score: 20)
2026-08-01 10:45:19,317 [INFO]   [PAS DE DATE] Avis d'emplois supérieurs Directeur(trice) de l’Académie rég...
2026-08-01 10:45:19,317 [INFO] Page 5/5
2026-08-01 10:45:19,317 [INFO] Scraping page: https://www.emploi-public.ma/fr/emploi-sup-liste?page=4
2026-08-01 10:45:20,355 [INFO]   → 9 annonces trouvées sur cette page
2026-08-01 10:45:20,356 [INFO]   Détails: https://www.emploi-public.ma/fr/emploi-sup/details/a8514544-73e5-48b0-bc95-4e3782a246c4
2026-08-01 10:45:21,093 [WARNING] Format de date non reconnu: 30
2026-08-01 10:45:21,095 [INFO]     PDF trouvé: Arrêté d'appel à candidature (score: 20)
2026-08-01 10:45:21,096 [INFO]   [PAS DE DATE] Avis d'emplois supérieurs Directeur de l'Office Régional de ...
2026-08-01 10:45:21,096 [INFO]   Détails: https://www.emploi-public.ma/fr/emploi-sup/details/34737011-4b34-4d27-a8e4-f96374ce7e3b
2026-08-01 10:45:21,949 [WARNING] Format de date non reconnu: 30
2026-08-01 10:45:21,950 [INFO]     PDF trouvé: Arrêté d'appel à candidature (score: 20)
2026-08-01 10:45:21,951 [INFO]   [PAS DE DATE] Avis d'emplois supérieurs Directeur du Centre Régional d'Inv...
2026-08-01 10:45:21,951 [INFO]   Détails: https://www.emploi-public.ma/fr/emploi-sup/details/3848b51d-1643-4c8a-9d0a-0001f3ec1eb6
2026-08-01 10:45:23,158 [WARNING] Format de date non reconnu: 30
2026-08-01 10:45:23,159 [INFO]     PDF trouvé: Arrêté d'appel à candidature (score: 20)
2026-08-01 10:45:23,160 [INFO]   [PAS DE DATE] Avis d'emplois supérieurs Directeur des statistiques, des ét...
2026-08-01 10:45:23,161 [INFO]   Détails: https://www.emploi-public.ma/fr/emploi-sup/details/f762f1b5-8e54-4277-9ceb-b77512a40379
2026-08-01 10:45:24,189 [WARNING] Format de date non reconnu: 30
2026-08-01 10:45:24,190 [INFO]     PDF trouvé: Arrêté d'appel à candidature (score: 20)
2026-08-01 10:45:24,191 [INFO]   [PAS DE DATE] Avis d'emplois supérieurs Directeur de l'Institut National S...
2026-08-01 10:45:24,191 [INFO]   Détails: https://www.emploi-public.ma/fr/emploi-sup/details/f398a7c1-f047-4cb7-95a2-e63106086337
2026-08-01 10:45:24,951 [WARNING] Format de date non reconnu: 30
2026-08-01 10:45:24,952 [INFO]     PDF trouvé: Arrêté d'appel à candidature (score: 20)
2026-08-01 10:45:24,953 [INFO]   [PAS DE DATE] Avis d'emplois supérieurs Directeur (ce) de l'Enseignement S...
2026-08-01 10:45:24,953 [INFO]   Détails: https://www.emploi-public.ma/fr/emploi-sup/details/b93e0027-1954-4712-8bb1-c6c3715e916c
2026-08-01 10:45:25,899 [INFO]     PDF trouvé: Arrêté d'appel à candidature (score: 20)
2026-08-01 10:45:25,901 [INFO]   [EXPIRÉE] Avis d'emplois supérieurs Directeur de l'Agence du bassin Hy... → 2026-05-14
2026-08-01 10:45:25,901 [INFO]   Détails: https://www.emploi-public.ma/fr/emploi-sup/details/50a4fceb-7a2a-4dfc-9d54-27d5969d8c20
2026-08-01 10:45:26,768 [WARNING] Format de date non reconnu: 30
2026-08-01 10:45:26,769 [INFO]     PDF trouvé: Arrêté d'appel à candidature (score: 20)
2026-08-01 10:45:26,770 [INFO]   [PAS DE DATE] Avis d'emplois supérieurs Directeur des Relations avec la So...
2026-08-01 10:45:26,770 [INFO]   Détails: https://www.emploi-public.ma/fr/emploi-sup/details/79e56e61-79b1-4b12-b93a-174e15b76e74
2026-08-01 10:45:30,071 [WARNING] Format de date non reconnu: 30
2026-08-01 10:45:30,072 [INFO]     PDF trouvé: Arrêté d'appel à candidature (score: 20)
2026-08-01 10:45:30,073 [INFO]   [PAS DE DATE] Avis d'emplois supérieurs Directeur de l'Institut Supérieur ...
2026-08-01 10:45:30,073 [INFO]   Détails: https://www.emploi-public.ma/fr/emploi-sup/details/cd433a5b-75fc-4eb0-b5d7-0a520ca6c2ab
2026-08-01 10:45:30,832 [WARNING] Format de date non reconnu: 30
2026-08-01 10:45:30,833 [INFO]     PDF trouvé: Arrêté d'appel à candidature (score: 20)
2026-08-01 10:45:30,834 [INFO]   [PAS DE DATE] Avis d'emplois supérieurs Secrétaire Général du Département ...
2026-08-01 10:45:30,834 [INFO] 
--- Catégorie: Postes de responsabilités ---
2026-08-01 10:45:30,834 [INFO] Page 1/5
2026-08-01 10:45:30,834 [INFO] Scraping page: https://www.emploi-public.ma/fr/postes-respo-liste
2026-08-01 10:45:31,872 [INFO]   → 13 annonces trouvées sur cette page
2026-08-01 10:45:31,874 [INFO]   Détails: https://www.emploi-public.ma/fr/postes-respo/details/b349c2e5-0e5e-42d2-bf1d-d96f5da31081
2026-08-01 10:45:33,653 [INFO]     PDF trouvé: Arrêté d'appel à candidature (score: 20)
2026-08-01 10:45:33,655 [INFO]   [EXPIRÉE] Avis de Postes de responsabilités au Ministère de l’intérieu... → 2026-07-31
2026-08-01 10:45:33,655 [INFO]   Détails: https://www.emploi-public.ma/fr/postes-respo/details/65bb098d-84db-4eea-a26f-408d847c19d6
2026-08-01 10:45:34,640 [INFO]     PDF trouvé: Arrêté d'appel à candidature (score: 20)
2026-08-01 10:45:34,641 [INFO]   [EXPIRÉE] Publication de la liste des résultats pour les Postes de res... → 2026-06-11
2026-08-01 10:45:34,641 [INFO]   Détails: https://www.emploi-public.ma/fr/postes-respo/details/4634f231-1c41-439b-9e77-a5c74ee289d4
2026-08-01 10:45:35,530 [INFO]     PDF trouvé: Arrêté d'appel à candidature (score: 20)
2026-08-01 10:45:35,531 [INFO]   [EXPIRÉE] Publication de la liste des résultats pour les Postes de res... → 2026-06-11
2026-08-01 10:45:35,532 [INFO]   Détails: https://www.emploi-public.ma/fr/postes-respo/details/36fa2f7f-c1b1-4034-9c58-493276fbf647
2026-08-01 10:45:36,599 [INFO]     PDF trouvé: Arrêté d'appel à candidature (score: 20)
2026-08-01 10:45:36,600 [INFO]   [EXPIRÉE] Publication de la liste des résultats pour les Postes de res... → 2026-06-11
2026-08-01 10:45:36,600 [INFO]   Détails: https://www.emploi-public.ma/fr/postes-respo/details/506cdea9-bd57-40fd-8470-b783d8301a02
2026-08-01 10:45:37,418 [INFO]     PDF trouvé: Arrêté d'appel à candidature (score: 20)
2026-08-01 10:45:37,420 [INFO]   [EXPIRÉE] Publication de la liste des résultats pour les Postes de res... → 2026-06-11
2026-08-01 10:45:37,420 [INFO]   Détails: https://www.emploi-public.ma/fr/postes-respo/details/2d35329b-1cad-4415-adf4-37f8ccdc54bc
2026-08-01 10:45:38,408 [INFO]     PDF trouvé: Arrêté d'appel à candidature (score: 20)
2026-08-01 10:45:38,409 [INFO]   [EN COURS] Avis de Postes de responsabilités au Ministère de l’Économie... → 2026-08-24
2026-08-01 10:45:38,409 [INFO]   Détails: https://www.emploi-public.ma/fr/postes-respo/details/285038bc-37a7-4968-9df1-c4814ae91a9d
2026-08-01 10:45:39,243 [INFO]     PDF trouvé: Arrêté d'appel à candidature (score: 20)
2026-08-01 10:45:39,244 [INFO]   [EN COURS] Avis de Postes de responsabilités au Ministère de l’Économie... → 2026-08-18
2026-08-01 10:45:39,244 [INFO]   Détails: https://www.emploi-public.ma/fr/postes-respo/details/5a13f04d-51f3-490a-8d5f-e8129d1b81cd
2026-08-01 10:45:40,357 [INFO]     PDF trouvé: Arrêté d'appel à candidature (score: 20)
2026-08-01 10:45:40,358 [INFO]   [EXPIRÉE] Publication de la liste des résultats pour les Postes de res... → 2025-10-23
2026-08-01 10:45:40,358 [INFO]   Détails: https://www.emploi-public.ma/fr/postes-respo/details/262a482b-c213-4b4a-a4bd-760b53f42418
2026-08-01 10:45:41,991 [INFO]     PDF trouvé: Arrêté d'appel à candidature (score: 20)
2026-08-01 10:45:41,992 [INFO]   [EXPIRÉE] Avis de Postes de responsabilités au Ministère de l’intérieu... → 2026-07-29
2026-08-01 10:45:41,992 [INFO]   Détails: https://www.emploi-public.ma/fr/postes-respo/details/82a367a4-9e6b-4f24-9501-90cafcd5dfa9
2026-08-01 10:45:42,838 [INFO]     PDF trouvé: Arrêté d'appel à candidature (score: 20)
2026-08-01 10:45:42,840 [INFO]   [EN COURS] Directeur de l'espace sanitaire et district sanitaire et l'H... → 2026-08-03
2026-08-01 10:45:42,840 [INFO]   Détails: https://www.emploi-public.ma/fr/postes-respo/details/3994c0b9-790d-4e5d-b147-c784cf157aab
2026-08-01 10:45:43,678 [INFO]     PDF trouvé: Arrêté d'appel à candidature (score: 20)
2026-08-01 10:45:43,679 [INFO]   [EN COURS] Appel à candidature pour les postes de responsabilité au Min... → 2026-08-03
2026-08-01 10:45:43,679 [INFO]   Détails: https://www.emploi-public.ma/fr/postes-respo/details/a465eb2b-2599-42fd-b836-1b381a8ff0b8
2026-08-01 10:45:44,499 [INFO]     PDF trouvé: Arrêté d'appel à candidature (score: 20)
2026-08-01 10:45:44,500 [INFO]   [EN COURS] Directeur de pôle affaires foncières et  juridiques... → 2026-08-03
2026-08-01 10:45:44,500 [INFO]   Détails: https://www.emploi-public.ma/fr/postes-respo/details/9dcfad78-b01c-461d-9cf6-d4c88f3c8b6c
2026-08-01 10:45:45,328 [INFO]     PDF trouvé: Arrêté d'appel à candidature (score: 20)
2026-08-01 10:45:45,329 [INFO]   [EN COURS] Chef de département photogrammétrie... → 2026-08-03
2026-08-01 10:45:45,329 [INFO] Page 2/5
2026-08-01 10:45:45,329 [INFO] Scraping page: https://www.emploi-public.ma/fr/postes-respo-liste?page=1
2026-08-01 10:45:46,759 [INFO]   → 13 annonces trouvées sur cette page
2026-08-01 10:45:46,761 [INFO]   Détails: https://www.emploi-public.ma/fr/postes-respo/details/b349c2e5-0e5e-42d2-bf1d-d96f5da31081
2026-08-01 10:45:48,711 [INFO]     PDF trouvé: Arrêté d'appel à candidature (score: 20)
2026-08-01 10:45:48,712 [INFO]   [EXPIRÉE] Avis de Postes de responsabilités au Ministère de l’intérieu... → 2026-07-31
2026-08-01 10:45:48,712 [INFO]   Détails: https://www.emploi-public.ma/fr/postes-respo/details/65bb098d-84db-4eea-a26f-408d847c19d6
2026-08-01 10:45:49,758 [INFO]     PDF trouvé: Arrêté d'appel à candidature (score: 20)
2026-08-01 10:45:49,759 [INFO]   [EXPIRÉE] Publication de la liste des résultats pour les Postes de res... → 2026-06-11
2026-08-01 10:45:49,759 [INFO]   Détails: https://www.emploi-public.ma/fr/postes-respo/details/4634f231-1c41-439b-9e77-a5c74ee289d4
2026-08-01 10:45:50,708 [INFO]     PDF trouvé: Arrêté d'appel à candidature (score: 20)
2026-08-01 10:45:50,709 [INFO]   [EXPIRÉE] Publication de la liste des résultats pour les Postes de res... → 2026-06-11
2026-08-01 10:45:50,709 [INFO]   Détails: https://www.emploi-public.ma/fr/postes-respo/details/36fa2f7f-c1b1-4034-9c58-493276fbf647
2026-08-01 10:45:51,531 [INFO]     PDF trouvé: Arrêté d'appel à candidature (score: 20)
2026-08-01 10:45:51,532 [INFO]   [EXPIRÉE] Publication de la liste des résultats pour les Postes de res... → 2026-06-11
2026-08-01 10:45:51,532 [INFO]   Détails: https://www.emploi-public.ma/fr/postes-respo/details/506cdea9-bd57-40fd-8470-b783d8301a02
2026-08-01 10:45:53,452 [INFO]     PDF trouvé: Arrêté d'appel à candidature (score: 20)
2026-08-01 10:45:53,454 [INFO]   [EXPIRÉE] Publication de la liste des résultats pour les Postes de res... → 2026-06-11
2026-08-01 10:45:53,454 [INFO]   Détails: https://www.emploi-public.ma/fr/postes-respo/details/2d35329b-1cad-4415-adf4-37f8ccdc54bc
2026-08-01 10:45:54,269 [INFO]     PDF trouvé: Arrêté d'appel à candidature (score: 20)
2026-08-01 10:45:54,271 [INFO]   [EN COURS] Avis de Postes de responsabilités au Ministère de l’Économie... → 2026-08-24
2026-08-01 10:45:54,271 [INFO]   Détails: https://www.emploi-public.ma/fr/postes-respo/details/285038bc-37a7-4968-9df1-c4814ae91a9d
2026-08-01 10:45:55,133 [INFO]     PDF trouvé: Arrêté d'appel à candidature (score: 20)
2026-08-01 10:45:55,134 [INFO]   [EN COURS] Avis de Postes de responsabilités au Ministère de l’Économie... → 2026-08-18
2026-08-01 10:45:55,134 [INFO]   Détails: https://www.emploi-public.ma/fr/postes-respo/details/5a13f04d-51f3-490a-8d5f-e8129d1b81cd
2026-08-01 10:45:55,931 [INFO]     PDF trouvé: Arrêté d'appel à candidature (score: 20)
2026-08-01 10:45:55,932 [INFO]   [EXPIRÉE] Publication de la liste des résultats pour les Postes de res... → 2025-10-23
2026-08-01 10:45:55,932 [INFO]   Détails: https://www.emploi-public.ma/fr/postes-respo/details/262a482b-c213-4b4a-a4bd-760b53f42418
2026-08-01 10:45:56,748 [INFO]     PDF trouvé: Arrêté d'appel à candidature (score: 20)
2026-08-01 10:45:56,749 [INFO]   [EXPIRÉE] Avis de Postes de responsabilités au Ministère de l’intérieu... → 2026-07-29
2026-08-01 10:45:56,749 [INFO]   Détails: https://www.emploi-public.ma/fr/postes-respo/details/82a367a4-9e6b-4f24-9501-90cafcd5dfa9
2026-08-01 10:45:57,569 [INFO]     PDF trouvé: Arrêté d'appel à candidature (score: 20)
2026-08-01 10:45:57,570 [INFO]   [EN COURS] Directeur de l'espace sanitaire et district sanitaire et l'H... → 2026-08-03
2026-08-01 10:45:57,570 [INFO]   Détails: https://www.emploi-public.ma/fr/postes-respo/details/3994c0b9-790d-4e5d-b147-c784cf157aab
2026-08-01 10:45:58,645 [INFO]     PDF trouvé: Arrêté d'appel à candidature (score: 20)
2026-08-01 10:45:58,646 [INFO]   [EN COURS] Appel à candidature pour les postes de responsabilité au Min... → 2026-08-03
2026-08-01 10:45:58,646 [INFO]   Détails: https://www.emploi-public.ma/fr/postes-respo/details/a465eb2b-2599-42fd-b836-1b381a8ff0b8
2026-08-01 10:45:59,472 [INFO]     PDF trouvé: Arrêté d'appel à candidature (score: 20)
2026-08-01 10:45:59,474 [INFO]   [EN COURS] Directeur de pôle affaires foncières et  juridiques... → 2026-08-03
2026-08-01 10:45:59,474 [INFO]   Détails: https://www.emploi-public.ma/fr/postes-respo/details/9dcfad78-b01c-461d-9cf6-d4c88f3c8b6c
2026-08-01 10:46:00,594 [INFO]     PDF trouvé: Arrêté d'appel à candidature (score: 20)
2026-08-01 10:46:00,595 [INFO]   [EN COURS] Chef de département photogrammétrie... → 2026-08-03
2026-08-01 10:46:00,596 [INFO] Page 3/5
2026-08-01 10:46:00,596 [INFO] Scraping page: https://www.emploi-public.ma/fr/postes-respo-liste?page=2
2026-08-01 10:46:01,509 [INFO]   → 13 annonces trouvées sur cette page
2026-08-01 10:46:01,510 [INFO]   Détails: https://www.emploi-public.ma/fr/postes-respo/details/bbf54236-0cc0-46f5-9846-687214970426
2026-08-01 10:46:02,494 [INFO]     PDF trouvé: Arrêté d'appel à candidature (score: 20)
2026-08-01 10:46:02,495 [INFO]   [EN COURS] Avis de Postes de responsabilités au Ministère de l’Inclusio... → 2026-08-17
2026-08-01 10:46:02,495 [INFO]   Détails: https://www.emploi-public.ma/fr/postes-respo/details/18e6ba17-b540-42c6-8238-9aa9e7466107
2026-08-01 10:46:03,415 [INFO]     PDF trouvé: Arrêté d'appel à candidature (score: 20)
2026-08-01 10:46:03,416 [INFO]   [EN COURS] Avis de Postes de responsabilités au Ministère de l’Inclusio... → 2026-08-17
2026-08-01 10:46:03,416 [INFO]   Détails: https://www.emploi-public.ma/fr/postes-respo/details/27397f57-ce50-41fe-8f91-52dbdbcd606f
2026-08-01 10:46:04,227 [INFO]     PDF trouvé: Arrêté d'appel à candidature (score: 20)
2026-08-01 10:46:04,228 [INFO]   [EN COURS] Avis de Postes de responsabilités au Ministère de l’Inclusio... → 2026-08-17
2026-08-01 10:46:04,228 [INFO]   Détails: https://www.emploi-public.ma/fr/postes-respo/details/3efa0379-8999-4eb9-9e12-51aabb9fcb7a
2026-08-01 10:46:06,714 [INFO]     PDF trouvé: Arrêté d'appel à candidature (score: 20)
2026-08-01 10:46:06,715 [INFO]   [EN COURS] Avis de Postes de responsabilités au Ministère de l’Inclusio... → 2026-08-17
2026-08-01 10:46:06,715 [INFO]   Détails: https://www.emploi-public.ma/fr/postes-respo/details/6bf72bad-f1df-449e-b7f2-7bf6242b2d85
2026-08-01 10:46:07,776 [INFO]     PDF trouvé: Arrêté d'appel à candidature (score: 20)
2026-08-01 10:46:07,777 [INFO]   [EXPIRÉE] Publication de la liste des convoqués pour l'appel à candida... → 2026-07-28
2026-08-01 10:46:07,777 [INFO]   Détails: https://www.emploi-public.ma/fr/postes-respo/details/88a3c177-a5a5-42cb-bd48-b9bd40b4dd9c
2026-08-01 10:46:09,044 [INFO]     PDF trouvé: Arrêté d'appel à candidature (score: 20)
2026-08-01 10:46:09,046 [INFO]   [EN COURS] Avis de Postes de responsabilités au Ministère de l’Investis... → 2026-08-13
2026-08-01 10:46:09,046 [INFO]   Détails: https://www.emploi-public.ma/fr/postes-respo/details/3e173e9a-b44a-4437-8833-cc9f01098518
2026-08-01 10:46:09,849 [INFO]     PDF trouvé: Arrêté d'appel à candidature (score: 20)
2026-08-01 10:46:09,850 [INFO]   [EN COURS] Avis de Postes de responsabilités au Ministère de l’Investis... → 2026-09-02
2026-08-01 10:46:09,850 [INFO]   Détails: https://www.emploi-public.ma/fr/postes-respo/details/8c9ac269-4b96-49e3-8f6b-b0dceb95333a
2026-08-01 10:46:10,969 [INFO]     PDF trouvé: Arrêté d'appel à candidature (score: 20)
2026-08-01 10:46:10,970 [INFO]   [EXPIRÉE] Publication de la liste des résultats pour les  Instance Nat... → 2026-05-11
2026-08-01 10:46:10,970 [INFO]   Détails: https://www.emploi-public.ma/fr/postes-respo/details/7aaef45a-4894-4434-a9fa-ea2f02e5fe60
2026-08-01 10:46:11,783 [INFO]     PDF trouvé: Arrêté d'appel à candidature (score: 20)
2026-08-01 10:46:11,784 [INFO]   [EN COURS] Avis de Postes de responsabilités au Ministère délégué auprè... → 2026-08-21
2026-08-01 10:46:11,784 [INFO]   Détails: https://www.emploi-public.ma/fr/postes-respo/details/82a367a4-9e6b-4f24-9501-90cafcd5dfa9
2026-08-01 10:46:12,617 [INFO]     PDF trouvé: Arrêté d'appel à candidature (score: 20)
2026-08-01 10:46:12,618 [INFO]   [EN COURS] Directeur de l'espace sanitaire et district sanitaire et l'H... → 2026-08-03
2026-08-01 10:46:12,618 [INFO]   Détails: https://www.emploi-public.ma/fr/postes-respo/details/3994c0b9-790d-4e5d-b147-c784cf157aab
2026-08-01 10:46:13,581 [INFO]     PDF trouvé: Arrêté d'appel à candidature (score: 20)
2026-08-01 10:46:13,582 [INFO]   [EN COURS] Appel à candidature pour les postes de responsabilité au Min... → 2026-08-03
2026-08-01 10:46:13,582 [INFO]   Détails: https://www.emploi-public.ma/fr/postes-respo/details/a465eb2b-2599-42fd-b836-1b381a8ff0b8
2026-08-01 10:46:14,553 [INFO]     PDF trouvé: Arrêté d'appel à candidature (score: 20)
2026-08-01 10:46:14,555 [INFO]   [EN COURS] Directeur de pôle affaires foncières et  juridiques... → 2026-08-03
2026-08-01 10:46:14,555 [INFO]   Détails: https://www.emploi-public.ma/fr/postes-respo/details/9dcfad78-b01c-461d-9cf6-d4c88f3c8b6c
2026-08-01 10:46:15,701 [INFO]     PDF trouvé: Arrêté d'appel à candidature (score: 20)
2026-08-01 10:46:15,702 [INFO]   [EN COURS] Chef de département photogrammétrie... → 2026-08-03
2026-08-01 10:46:15,702 [INFO] Page 4/5
2026-08-01 10:46:15,702 [INFO] Scraping page: https://www.emploi-public.ma/fr/postes-respo-liste?page=3
2026-08-01 10:46:16,672 [INFO]   → 13 annonces trouvées sur cette page
2026-08-01 10:46:16,674 [INFO]   Détails: https://www.emploi-public.ma/fr/postes-respo/details/1bdf85ad-c948-4784-b473-af98b5a2bdc4
2026-08-01 10:46:17,547 [INFO]     PDF trouvé: Arrêté d'appel à candidature (score: 20)
2026-08-01 10:46:17,548 [INFO]   [EXPIRÉE] Publication de la liste des résultats pour les Postes de res... → 2026-05-25
2026-08-01 10:46:17,549 [INFO]   Détails: https://www.emploi-public.ma/fr/postes-respo/details/3b6918d1-3c36-4588-a26b-fbe714b6e52d
2026-08-01 10:46:18,382 [INFO]     PDF trouvé: Arrêté d'appel à candidature (score: 20)
2026-08-01 10:46:18,383 [INFO]   [EXPIRÉE] Publication de la liste des résultats pour les Postes de res... → 2026-06-24
2026-08-01 10:46:18,383 [INFO]   Détails: https://www.emploi-public.ma/fr/postes-respo/details/0980a243-6477-4507-adfd-9b6f8101454e
2026-08-01 10:46:19,201 [INFO]     PDF trouvé: Arrêté d'appel à candidature (score: 20)
2026-08-01 10:46:19,202 [INFO]   [EXPIRÉE] Publication de la liste des résultats pour les Postes de res... → 2026-07-13
2026-08-01 10:46:19,202 [INFO]   Détails: https://www.emploi-public.ma/fr/postes-respo/details/a8f3b666-0ba4-4912-9600-c46c7e32dece
2026-08-01 10:46:20,015 [INFO]     PDF trouvé: Arrêté d'appel à candidature (score: 20)
2026-08-01 10:46:20,016 [INFO]   [EXPIRÉE] Publication de la liste des résultats pour les Postes de res... → 2026-06-17
2026-08-01 10:46:20,016 [INFO]   Détails: https://www.emploi-public.ma/fr/postes-respo/details/881fad78-1510-43dd-a038-743c67dd20f8
2026-08-01 10:46:20,837 [INFO]     PDF trouvé: Arrêté d'appel à candidature (score: 20)
2026-08-01 10:46:20,838 [INFO]   [EXPIRÉE] Publication de la liste des résultats pour les Postes de res... → 2026-04-24
2026-08-01 10:46:20,838 [INFO]   Détails: https://www.emploi-public.ma/fr/postes-respo/details/f9c3410a-a7c1-4545-a915-6bb6f06b4d81
2026-08-01 10:46:21,705 [INFO]     PDF trouvé: Arrêté d'appel à candidature (score: 20)
2026-08-01 10:46:21,706 [INFO]   [EXPIRÉE] Avis de Postes de responsabilités au Ministère de la Jeuness... → 2026-07-27
2026-08-01 10:46:21,706 [INFO]   Détails: https://www.emploi-public.ma/fr/postes-respo/details/612573a1-79ab-4881-8d6d-9f2c884be589
2026-08-01 10:46:22,610 [INFO]     PDF trouvé: Arrêté d'appel à candidature (score: 20)
2026-08-01 10:46:22,611 [INFO]   [EXPIRÉE] Publication de la liste des résultats pour les Postes de res... → 2026-07-10
2026-08-01 10:46:22,611 [INFO]   Détails: https://www.emploi-public.ma/fr/postes-respo/details/558f23e7-7989-4f9c-92e0-0a469e30efd4
2026-08-01 10:46:23,539 [INFO]     PDF trouvé: Arrêté d'appel à candidature (score: 20)
2026-08-01 10:46:23,540 [INFO]   [EN COURS] Avis de Postes de responsabilités au Ministère de l’intérieu... → 2026-08-07
2026-08-01 10:46:23,540 [INFO]   Détails: https://www.emploi-public.ma/fr/postes-respo/details/4b74dd44-e60b-4bf9-b229-9cbbd8da67fe
2026-08-01 10:46:24,340 [INFO]     PDF trouvé: Arrêté d'appel à candidature (score: 20)
2026-08-01 10:46:24,341 [INFO]   [EXPIRÉE] Publication de la liste des convoqués pour l'appel à candida... → 2026-01-23
2026-08-01 10:46:24,341 [INFO]   Détails: https://www.emploi-public.ma/fr/postes-respo/details/82a367a4-9e6b-4f24-9501-90cafcd5dfa9
2026-08-01 10:46:25,268 [INFO]     PDF trouvé: Arrêté d'appel à candidature (score: 20)
2026-08-01 10:46:25,269 [INFO]   [EN COURS] Directeur de l'espace sanitaire et district sanitaire et l'H... → 2026-08-03
2026-08-01 10:46:25,269 [INFO]   Détails: https://www.emploi-public.ma/fr/postes-respo/details/3994c0b9-790d-4e5d-b147-c784cf157aab
2026-08-01 10:46:26,101 [INFO]     PDF trouvé: Arrêté d'appel à candidature (score: 20)
2026-08-01 10:46:26,102 [INFO]   [EN COURS] Appel à candidature pour les postes de responsabilité au Min... → 2026-08-03
2026-08-01 10:46:26,102 [INFO]   Détails: https://www.emploi-public.ma/fr/postes-respo/details/a465eb2b-2599-42fd-b836-1b381a8ff0b8
2026-08-01 10:46:26,934 [INFO]     PDF trouvé: Arrêté d'appel à candidature (score: 20)
2026-08-01 10:46:26,935 [INFO]   [EN COURS] Directeur de pôle affaires foncières et  juridiques... → 2026-08-03
2026-08-01 10:46:26,935 [INFO]   Détails: https://www.emploi-public.ma/fr/postes-respo/details/9dcfad78-b01c-461d-9cf6-d4c88f3c8b6c
2026-08-01 10:46:27,879 [INFO]     PDF trouvé: Arrêté d'appel à candidature (score: 20)
2026-08-01 10:46:27,880 [INFO]   [EN COURS] Chef de département photogrammétrie... → 2026-08-03
2026-08-01 10:46:27,880 [INFO] Page 5/5
2026-08-01 10:46:27,880 [INFO] Scraping page: https://www.emploi-public.ma/fr/postes-respo-liste?page=4
2026-08-01 10:46:28,811 [INFO]   → 13 annonces trouvées sur cette page
2026-08-01 10:46:28,812 [INFO]   Détails: https://www.emploi-public.ma/fr/postes-respo/details/0980a32b-6d19-43fe-9a78-fed5be8e0263
2026-08-01 10:46:29,635 [INFO]     PDF trouvé: Arrêté d'appel à candidature (score: 20)
2026-08-01 10:46:29,636 [INFO]   [EXPIRÉE] Avis de Postes de responsabilités au Ministère de l’intérieu... → 2026-07-24
2026-08-01 10:46:29,636 [INFO]   Détails: https://www.emploi-public.ma/fr/postes-respo/details/e22ab9f5-ac8e-4159-ba33-da0d5a040314
2026-08-01 10:46:30,507 [INFO]     PDF trouvé: Arrêté d'appel à candidature (score: 20)
2026-08-01 10:46:30,508 [INFO]   [EXPIRÉE] Avis de Postes de responsabilités au Ministère du Tourisme, ... → 2026-07-24
2026-08-01 10:46:30,509 [INFO]   Détails: https://www.emploi-public.ma/fr/postes-respo/details/8de5030f-7a8e-4e77-b6df-4d8be658c7e7
2026-08-01 10:46:33,286 [INFO]     PDF trouvé: Arrêté d'appel à candidature (score: 20)
2026-08-01 10:46:33,287 [INFO]   [EXPIRÉE] Publication de la liste des convoqués pour l'appel à candida... → 2026-04-05
2026-08-01 10:46:33,287 [INFO]   Détails: https://www.emploi-public.ma/fr/postes-respo/details/a3ff8765-f34b-4a36-9023-7ae112e77594
2026-08-01 10:46:34,108 [INFO]     PDF trouvé: Arrêté d'appel à candidature (score: 20)
2026-08-01 10:46:34,109 [INFO]   [EN COURS] Avis de Postes de responsabilités au Ministère de la Jeuness... → 2026-08-07
2026-08-01 10:46:34,109 [INFO]   Détails: https://www.emploi-public.ma/fr/postes-respo/details/c84a5637-77c0-4679-baa9-d49417d7e832
2026-08-01 10:46:34,924 [INFO]     PDF trouvé: Arrêté d'appel à candidature (score: 20)
2026-08-01 10:46:34,925 [INFO]   [EN COURS] Avis de Postes de responsabilités au Ministère de la Jeuness... → 2026-08-07
2026-08-01 10:46:34,926 [INFO]   Détails: https://www.emploi-public.ma/fr/postes-respo/details/c4ac2878-050a-4908-86bc-a0f7ae46e4f4
2026-08-01 10:46:35,749 [INFO]     PDF trouvé: Arrêté d'appel à candidature (score: 20)
2026-08-01 10:46:35,751 [INFO]   [EXPIRÉE] Publication de la liste des résultats pour les Postes de res... → 2026-07-07
2026-08-01 10:46:35,751 [INFO]   Détails: https://www.emploi-public.ma/fr/postes-respo/details/2901b05e-8b4e-4745-b87d-a8cf158f579f
2026-08-01 10:46:36,610 [INFO]     PDF trouvé: Arrêté d'appel à candidature (score: 20)
2026-08-01 10:46:36,611 [INFO]   [EXPIRÉE] Publication de la liste des convoqués pour l'appel à candida... → 2026-07-23
2026-08-01 10:46:36,611 [INFO]   Détails: https://www.emploi-public.ma/fr/postes-respo/details/f9c21d46-0b87-4c11-af2d-b5305b2fc6ad
2026-08-01 10:46:37,434 [INFO]     PDF trouvé: Arrêté d'appel à candidature (score: 20)
2026-08-01 10:46:37,435 [INFO]   [EN COURS] Avis de Postes de responsabilités au Ministère de l'Intérieu... → 2026-08-13
2026-08-01 10:46:37,435 [INFO]   Détails: https://www.emploi-public.ma/fr/postes-respo/details/1f0f0446-8044-4bda-a4f1-6e55b963a62f
2026-08-01 10:46:40,460 [INFO]     PDF trouvé: Arrêté d'appel à candidature (score: 20)
2026-08-01 10:46:40,461 [INFO]   [EXPIRÉE] Publication de la liste des convoqués pour l'appel à candida... → 2026-06-29
2026-08-01 10:46:40,461 [INFO]   Détails: https://www.emploi-public.ma/fr/postes-respo/details/82a367a4-9e6b-4f24-9501-90cafcd5dfa9
2026-08-01 10:46:41,253 [INFO]     PDF trouvé: Arrêté d'appel à candidature (score: 20)
2026-08-01 10:46:41,254 [INFO]   [EN COURS] Directeur de l'espace sanitaire et district sanitaire et l'H... → 2026-08-03
2026-08-01 10:46:41,254 [INFO]   Détails: https://www.emploi-public.ma/fr/postes-respo/details/3994c0b9-790d-4e5d-b147-c784cf157aab
2026-08-01 10:46:42,081 [INFO]     PDF trouvé: Arrêté d'appel à candidature (score: 20)
2026-08-01 10:46:42,082 [INFO]   [EN COURS] Appel à candidature pour les postes de responsabilité au Min... → 2026-08-03
2026-08-01 10:46:42,082 [INFO]   Détails: https://www.emploi-public.ma/fr/postes-respo/details/a465eb2b-2599-42fd-b836-1b381a8ff0b8
2026-08-01 10:46:43,022 [INFO]     PDF trouvé: Arrêté d'appel à candidature (score: 20)
2026-08-01 10:46:43,023 [INFO]   [EN COURS] Directeur de pôle affaires foncières et  juridiques... → 2026-08-03
2026-08-01 10:46:43,023 [INFO]   Détails: https://www.emploi-public.ma/fr/postes-respo/details/9dcfad78-b01c-461d-9cf6-d4c88f3c8b6c
2026-08-01 10:46:43,867 [INFO]     PDF trouvé: Arrêté d'appel à candidature (score: 20)
2026-08-01 10:46:43,868 [INFO]   [EN COURS] Chef de département photogrammétrie... → 2026-08-03
2026-08-01 10:46:43,869 [INFO] 
--- Catégorie: Recrutement des experts ---
2026-08-01 10:46:43,869 [INFO] Page 1/5
2026-08-01 10:46:43,869 [INFO] Scraping page: https://www.emploi-public.ma/fr/experts-liste
2026-08-01 10:46:44,622 [INFO]   → 9 annonces trouvées sur cette page
2026-08-01 10:46:44,623 [INFO]   Détails: https://www.emploi-public.ma/fr/experts/details/4854b58c-c09e-4edd-9a39-c01a0c414425
2026-08-01 10:46:45,929 [INFO]     PDF trouvé: Arrêté d'appel à candidature (score: 20)
2026-08-01 10:46:45,931 [INFO]   [EXPIRÉE] Publication de la liste des résultats pour le poste de EXPER... → 2026-04-12
2026-08-01 10:46:45,931 [INFO]   Détails: https://www.emploi-public.ma/fr/experts/details/ff8d6494-748d-4698-8ef0-676cbd5b1951
2026-08-01 10:46:46,649 [INFO]     PDF trouvé: Arrêté d'appel à candidature (score: 20)
2026-08-01 10:46:46,650 [INFO]   [EXPIRÉE] Appel à candidature pour le poste Expert des Affaires Juridi... → 2026-06-25
2026-08-01 10:46:46,650 [INFO]   Détails: https://www.emploi-public.ma/fr/experts/details/abce4b98-a1d8-48f9-a84c-053f53697154
2026-08-01 10:46:47,364 [INFO]     PDF trouvé: Arrêté d'appel à candidature (score: 20)
2026-08-01 10:46:47,365 [INFO]   [EXPIRÉE] Appel à candidature pour le poste expert... → 2026-06-15
2026-08-01 10:46:47,365 [INFO]   Détails: https://www.emploi-public.ma/fr/experts/details/5030f678-19f4-4bc0-96c6-f5462b134c1c
2026-08-01 10:46:48,601 [INFO]     PDF trouvé: Arrêté d'appel à candidature (score: 20)
2026-08-01 10:46:48,603 [INFO]   [EXPIRÉE] Appel à candidature pour le poste expert... → 2026-06-08
2026-08-01 10:46:48,603 [INFO]   Détails: https://www.emploi-public.ma/fr/experts/details/b0a97522-0c72-4a26-8b32-da0c02e79891
2026-08-01 10:46:49,316 [INFO]     PDF trouvé: Arrêté d'appel à candidature (score: 20)
2026-08-01 10:46:49,318 [INFO]   [EXPIRÉE] Appel à candidature pour le poste EXPERT CONTRACTUEL... → 2026-06-03
2026-08-01 10:46:49,318 [INFO]   Détails: https://www.emploi-public.ma/fr/experts/details/b3f7145b-9f2a-4cb4-aef7-1d917c679a65
2026-08-01 10:46:50,028 [INFO]     PDF trouvé: Arrêté d'appel à candidature (score: 20)
2026-08-01 10:46:50,029 [INFO]   [EXPIRÉE] Appel à candidature pour le poste expert... → 2026-05-29
2026-08-01 10:46:50,030 [INFO]   Détails: https://www.emploi-public.ma/fr/experts/details/d9255cd9-fe2e-4248-8eba-adf58b668823
2026-08-01 10:46:51,032 [INFO]     PDF trouvé: Arrêté d'appel à candidature (score: 20)
2026-08-01 10:46:51,033 [INFO]   [EXPIRÉE] Appel à candidature pour le poste Expert en matière de négoc... → 2026-04-03
2026-08-01 10:46:51,034 [INFO]   Détails: https://www.emploi-public.ma/fr/experts/details/0236914d-e17c-41c5-a5be-e632ad35f838
2026-08-01 10:46:51,757 [INFO]     PDF trouvé: Arrêté d'appel à candidature (score: 20)
2026-08-01 10:46:51,758 [INFO]   [EXPIRÉE] Appel à candidature pour le poste expert... → 2026-03-17
2026-08-01 10:46:51,758 [INFO]   Détails: https://www.emploi-public.ma/fr/experts/details/2a449c40-1832-450d-9eae-a70607bcac07
2026-08-01 10:46:52,668 [INFO]     PDF trouvé: Arrêté d'appel à candidature (score: 20)
2026-08-01 10:46:52,669 [INFO]   [EXPIRÉE] Appel à candidature pour le poste Expert... → 2026-03-16
2026-08-01 10:46:52,669 [INFO] Page 2/5
2026-08-01 10:46:52,669 [INFO] Scraping page: https://www.emploi-public.ma/fr/experts-liste?page=1
2026-08-01 10:46:53,624 [INFO]   → 9 annonces trouvées sur cette page
2026-08-01 10:46:53,625 [INFO]   Détails: https://www.emploi-public.ma/fr/experts/details/4854b58c-c09e-4edd-9a39-c01a0c414425
2026-08-01 10:46:54,436 [INFO]     PDF trouvé: Arrêté d'appel à candidature (score: 20)
2026-08-01 10:46:54,437 [INFO]   [EXPIRÉE] Publication de la liste des résultats pour le poste de EXPER... → 2026-04-12
2026-08-01 10:46:54,437 [INFO]   Détails: https://www.emploi-public.ma/fr/experts/details/ff8d6494-748d-4698-8ef0-676cbd5b1951
2026-08-01 10:46:55,193 [INFO]     PDF trouvé: Arrêté d'appel à candidature (score: 20)
2026-08-01 10:46:55,194 [INFO]   [EXPIRÉE] Appel à candidature pour le poste Expert des Affaires Juridi... → 2026-06-25
2026-08-01 10:46:55,194 [INFO]   Détails: https://www.emploi-public.ma/fr/experts/details/abce4b98-a1d8-48f9-a84c-053f53697154
2026-08-01 10:46:55,932 [INFO]     PDF trouvé: Arrêté d'appel à candidature (score: 20)
2026-08-01 10:46:55,933 [INFO]   [EXPIRÉE] Appel à candidature pour le poste expert... → 2026-06-15
2026-08-01 10:46:55,933 [INFO]   Détails: https://www.emploi-public.ma/fr/experts/details/5030f678-19f4-4bc0-96c6-f5462b134c1c
2026-08-01 10:46:56,661 [INFO]     PDF trouvé: Arrêté d'appel à candidature (score: 20)
2026-08-01 10:46:56,662 [INFO]   [EXPIRÉE] Appel à candidature pour le poste expert... → 2026-06-08
2026-08-01 10:46:56,662 [INFO]   Détails: https://www.emploi-public.ma/fr/experts/details/b0a97522-0c72-4a26-8b32-da0c02e79891
2026-08-01 10:46:57,444 [INFO]     PDF trouvé: Arrêté d'appel à candidature (score: 20)
2026-08-01 10:46:57,445 [INFO]   [EXPIRÉE] Appel à candidature pour le poste EXPERT CONTRACTUEL... → 2026-06-03
2026-08-01 10:46:57,445 [INFO]   Détails: https://www.emploi-public.ma/fr/experts/details/b3f7145b-9f2a-4cb4-aef7-1d917c679a65
2026-08-01 10:46:58,205 [INFO]     PDF trouvé: Arrêté d'appel à candidature (score: 20)
2026-08-01 10:46:58,206 [INFO]   [EXPIRÉE] Appel à candidature pour le poste expert... → 2026-05-29
2026-08-01 10:46:58,207 [INFO]   Détails: https://www.emploi-public.ma/fr/experts/details/d9255cd9-fe2e-4248-8eba-adf58b668823
2026-08-01 10:46:58,928 [INFO]     PDF trouvé: Arrêté d'appel à candidature (score: 20)
2026-08-01 10:46:58,929 [INFO]   [EXPIRÉE] Appel à candidature pour le poste Expert en matière de négoc... → 2026-04-03
2026-08-01 10:46:58,929 [INFO]   Détails: https://www.emploi-public.ma/fr/experts/details/0236914d-e17c-41c5-a5be-e632ad35f838
2026-08-01 10:46:59,667 [INFO]     PDF trouvé: Arrêté d'appel à candidature (score: 20)
2026-08-01 10:46:59,668 [INFO]   [EXPIRÉE] Appel à candidature pour le poste expert... → 2026-03-17
2026-08-01 10:46:59,668 [INFO]   Détails: https://www.emploi-public.ma/fr/experts/details/2a449c40-1832-450d-9eae-a70607bcac07
2026-08-01 10:47:00,396 [INFO]     PDF trouvé: Arrêté d'appel à candidature (score: 20)
2026-08-01 10:47:00,397 [INFO]   [EXPIRÉE] Appel à candidature pour le poste Expert... → 2026-03-16
2026-08-01 10:47:00,397 [INFO] Page 3/5
2026-08-01 10:47:00,397 [INFO] Scraping page: https://www.emploi-public.ma/fr/experts-liste?page=2
2026-08-01 10:47:01,113 [INFO]   → 9 annonces trouvées sur cette page
2026-08-01 10:47:01,114 [INFO]   Détails: https://www.emploi-public.ma/fr/experts/details/1f2e38a5-0fe9-4f17-89fb-d23ab9140242
2026-08-01 10:47:01,864 [INFO]     PDF trouvé: Arrêté d'appel à candidature (score: 20)
2026-08-01 10:47:01,865 [INFO]   [EXPIRÉE] Appel à candidature pour le poste expert dans les domaines l... → 2026-03-12
2026-08-01 10:47:01,865 [INFO]   Détails: https://www.emploi-public.ma/fr/experts/details/2401abad-8177-4fdc-8c76-354d03f61cd3
2026-08-01 10:47:02,565 [INFO]     PDF trouvé: Arrêté d'appel à candidature (score: 20)
2026-08-01 10:47:02,566 [INFO]   [EXPIRÉE] Appel à candidature pour le poste expert... → 2026-02-18
2026-08-01 10:47:02,566 [INFO]   Détails: https://www.emploi-public.ma/fr/experts/details/ad16f9e2-25eb-4a06-9a7a-572410c14d55
2026-08-01 10:47:03,296 [INFO]     PDF trouvé: Arrêté d'appel à candidature (score: 20)
2026-08-01 10:47:03,297 [INFO]   [EXPIRÉE] Appel à candidature pour le poste Expert en gouvernance des ... → 2025-12-23
2026-08-01 10:47:03,298 [INFO]   Détails: https://www.emploi-public.ma/fr/experts/details/302ab5a1-fa28-4ec1-9341-8ba50b6bf810
2026-08-01 10:47:04,039 [INFO]     PDF trouvé: Arrêté d'appel à candidature (score: 20)
2026-08-01 10:47:04,041 [INFO]   [EXPIRÉE] Appel à candidature pour le poste expert... → 2025-12-21
2026-08-01 10:47:04,041 [INFO]   Détails: https://www.emploi-public.ma/fr/experts/details/f9f74e66-af9e-4c4a-9cec-491e7d25fbbb
2026-08-01 10:47:04,969 [INFO]     PDF trouvé: Arrêté d'appel à candidature (score: 20)
2026-08-01 10:47:04,970 [INFO]   [EXPIRÉE] Publication de la liste des résultats pour le poste de Exper... → 2025-12-06
2026-08-01 10:47:04,970 [INFO]   Détails: https://www.emploi-public.ma/fr/experts/details/99f49e97-4b0e-4897-b1c6-a1a811d179d9
2026-08-01 10:47:05,734 [INFO]     PDF trouvé: Arrêté d'appel à candidature (score: 20)
2026-08-01 10:47:05,735 [INFO]   [EXPIRÉE] Publication de la liste des résultats pour le poste de Exper... → 2025-12-06
2026-08-01 10:47:05,735 [INFO]   Détails: https://www.emploi-public.ma/fr/experts/details/121493c9-78d8-44bf-b408-e42f8bf43d27
2026-08-01 10:47:06,609 [INFO]     PDF trouvé: Arrêté d'appel à candidature (score: 20)
2026-08-01 10:47:06,610 [INFO]   [EXPIRÉE] Appel à candidature pour le poste Expert en coordination ins... → 2025-12-05
2026-08-01 10:47:06,610 [INFO]   Détails: https://www.emploi-public.ma/fr/experts/details/336eb4a9-c147-4981-94da-c636a748f7a0
2026-08-01 10:47:07,486 [INFO]     PDF trouvé: Arrêté d'appel à candidature (score: 20)
2026-08-01 10:47:07,487 [INFO]   [EXPIRÉE] Publication de la liste des résultats pour le poste de Exper... → 2025-09-30
2026-08-01 10:47:07,487 [INFO]   Détails: https://www.emploi-public.ma/fr/experts/details/0917753f-ac81-4229-b8d4-5292cae1510a
2026-08-01 10:47:08,200 [INFO]     PDF trouvé: Arrêté d'appel à candidature (score: 20)
2026-08-01 10:47:08,201 [INFO]   [EXPIRÉE] Appel à candidature pour le poste Expert contractuel... → 2025-06-11
2026-08-01 10:47:08,201 [INFO] Page 4/5
2026-08-01 10:47:08,201 [INFO] Scraping page: https://www.emploi-public.ma/fr/experts-liste?page=3
2026-08-01 10:47:09,005 [INFO]   → 9 annonces trouvées sur cette page
2026-08-01 10:47:09,006 [INFO]   Détails: https://www.emploi-public.ma/fr/experts/details/1e6a6ce8-141e-4fe3-b660-097a9342e904
2026-08-01 10:47:09,710 [INFO]     PDF trouvé: Arrêté d'appel à candidature (score: 20)
2026-08-01 10:47:09,711 [INFO]   [EXPIRÉE] Appel à candidature pour le poste expert en affaires juridiq... → 2025-06-09
2026-08-01 10:47:09,711 [INFO]   Détails: https://www.emploi-public.ma/fr/experts/details/9973e98f-4e11-40f1-aeae-194d055be60c
2026-08-01 10:47:10,507 [INFO]     PDF trouvé: Arrêté d'appel à candidature (score: 20)
2026-08-01 10:47:10,508 [INFO]   [EXPIRÉE] Appel à candidature pour le poste Expert en océanographie et... → 2025-06-06
2026-08-01 10:47:10,508 [INFO]   Détails: https://www.emploi-public.ma/fr/experts/details/c4333ade-5b69-4a9b-b1d6-23858dca3e02
2026-08-01 10:47:11,241 [INFO]     PDF trouvé: Arrêté d'appel à candidature (score: 20)
2026-08-01 10:47:11,242 [INFO]   [EXPIRÉE] Appel à candidature pour le poste Quatre experts aux compéte... → 2025-05-14
2026-08-01 10:47:11,243 [INFO]   Détails: https://www.emploi-public.ma/fr/experts/details/3d556890-d88a-4b78-aa10-b953f3a04785
2026-08-01 10:47:11,950 [INFO]     PDF trouvé: Arrêté d'appel à candidature (score: 20)
2026-08-01 10:47:11,951 [INFO]   [EXPIRÉE] Appel à candidature pour le poste expert en affaires juridiq... → 2025-05-02
2026-08-01 10:47:11,952 [INFO]   Détails: https://www.emploi-public.ma/fr/experts/details/1d5f52e9-1b4b-423d-bf9b-935a34d3caf2
2026-08-01 10:47:12,702 [INFO]     PDF trouvé: Arrêté d'appel à candidature (score: 20)
2026-08-01 10:47:12,703 [INFO]   [EXPIRÉE] Appel à candidature pour le poste expert... → 2025-04-18
2026-08-01 10:47:12,703 [INFO]   Détails: https://www.emploi-public.ma/fr/experts/details/ee7b273d-5714-41aa-9489-a47d37eb618e
2026-08-01 10:47:13,503 [INFO]     PDF trouvé: Arrêté d'appel à candidature (score: 20)
2026-08-01 10:47:13,504 [INFO]   [EXPIRÉE] Appel à candidature pour le poste Expert en Politique Hydriq... → 2025-04-07
2026-08-01 10:47:13,504 [INFO]   Détails: https://www.emploi-public.ma/fr/experts/details/74c6b2c0-7af0-4688-937b-1881caa843f0
2026-08-01 10:47:14,585 [INFO]     PDF trouvé: Arrêté d'appel à candidature (score: 20)
2026-08-01 10:47:14,586 [INFO]   [EXPIRÉE] Appel à candidature pour le poste expert dans le domaine de ... → 2025-03-31
2026-08-01 10:47:14,587 [INFO]   Détails: https://www.emploi-public.ma/fr/experts/details/efe61f8c-79ae-41bf-851e-67e779047d6a
2026-08-01 10:47:15,464 [INFO]     PDF trouvé: Arrêté d'appel à candidature (score: 20)
2026-08-01 10:47:15,465 [INFO]   [EXPIRÉE] Appel à candidature pour le poste Poste d'Expert en génie ci... → 2025-03-27
2026-08-01 10:47:15,465 [INFO]   Détails: https://www.emploi-public.ma/fr/experts/details/c8ffa879-6f01-46df-9beb-eb9ae0a6f554
2026-08-01 10:47:16,161 [INFO]     PDF trouvé: Arrêté d'appel à candidature (score: 20)
2026-08-01 10:47:16,162 [INFO]   [EXPIRÉE] Appel à candidature pour le poste خبير في مجال صياغة إستراتي... → 2025-03-21
2026-08-01 10:47:16,162 [INFO] Page 5/5
2026-08-01 10:47:16,162 [INFO] Scraping page: https://www.emploi-public.ma/fr/experts-liste?page=4
2026-08-01 10:47:16,910 [INFO]   → 9 annonces trouvées sur cette page
2026-08-01 10:47:16,912 [INFO]   Détails: https://www.emploi-public.ma/fr/experts/details/a538c27d-7e09-4441-9551-b22fe9e9d017
2026-08-01 10:47:17,658 [INFO]     PDF trouvé: Arrêté d'appel à candidature (score: 20)
2026-08-01 10:47:17,659 [INFO]   [EXPIRÉE] Appel à candidature pour le poste خبير في مجال إستراتيجية من... → 2025-03-21
2026-08-01 10:47:17,659 [INFO]   Détails: https://www.emploi-public.ma/fr/experts/details/cf3172d1-8c15-4404-b1ff-21c154c7da2f
2026-08-01 10:47:18,590 [INFO]     PDF trouvé: Arrêté d'appel à candidature (score: 20)
2026-08-01 10:47:18,591 [INFO]   [EXPIRÉE] Appel à candidature pour le poste خبير في مجال تطوير التعاون... → 2025-03-21
2026-08-01 10:47:18,591 [INFO]   Détails: https://www.emploi-public.ma/fr/experts/details/55bfa14b-dac1-4967-b1b6-8983cea09ed9
2026-08-01 10:47:19,339 [INFO]     PDF trouvé: Arrêté d'appel à candidature (score: 20)
2026-08-01 10:47:19,340 [INFO]   [EXPIRÉE] Appel à candidature pour le poste خبير في مجال نظم المعلوميا... → 2025-03-21
2026-08-01 10:47:19,340 [INFO]   Détails: https://www.emploi-public.ma/fr/experts/details/9ebae75d-f857-4c4d-9e16-0108b872c04f
2026-08-01 10:47:20,071 [INFO]     PDF trouvé: Arrêté d'appel à candidature (score: 20)
2026-08-01 10:47:20,072 [INFO]   [EXPIRÉE] Appel à candidature pour le poste gestion des projets et ges... → 2025-03-19
2026-08-01 10:47:20,072 [INFO]   Détails: https://www.emploi-public.ma/fr/experts/details/0608bdd0-0a58-4c90-a1d5-bd3483116452
2026-08-01 10:47:21,093 [INFO]     PDF trouvé: Arrêté d'appel à candidature (score: 20)
2026-08-01 10:47:21,095 [INFO]   [EXPIRÉE] Appel à candidature pour le poste Poste d'expert dans les re... → 2025-02-03
2026-08-01 10:47:21,095 [INFO]   Détails: https://www.emploi-public.ma/fr/experts/details/0cff84fa-82b2-4363-93e0-a88e5063ef0b
2026-08-01 10:47:21,816 [INFO]     PDF trouvé: Arrêté d'appel à candidature (score: 20)
2026-08-01 10:47:21,818 [INFO]   [EXPIRÉE] Appel à candidature pour le poste Expert en gestion des marc... → 2025-01-27
2026-08-01 10:47:21,818 [INFO]   Détails: https://www.emploi-public.ma/fr/experts/details/74373088-bc5e-4908-985b-9b0086ffaed3
2026-08-01 10:47:23,608 [INFO]     PDF trouvé: Arrêté d'appel à candidature (score: 20)
2026-08-01 10:47:23,609 [INFO]   [EXPIRÉE] Appel à candidature pour le poste Expert... → 2025-01-24
2026-08-01 10:47:23,610 [INFO]   Détails: https://www.emploi-public.ma/fr/experts/details/c14080a7-f964-4481-923d-668331b39671
2026-08-01 10:47:24,313 [INFO]     PDF trouvé: Arrêté d'appel à candidature (score: 20)
2026-08-01 10:47:24,314 [INFO]   [EXPIRÉE] Appel à candidature pour le poste Expert... → 2025-01-24
2026-08-01 10:47:24,315 [INFO]   Détails: https://www.emploi-public.ma/fr/experts/details/728ebc5b-6b53-4539-b18a-620011be8614
2026-08-01 10:47:25,069 [INFO]     PDF trouvé: Arrêté d'appel à candidature (score: 20)
2026-08-01 10:47:25,070 [INFO]   [EXPIRÉE] Appel à candidature pour le poste Expert... → 2025-01-24
2026-08-01 10:47:25,074 [INFO] 
============================================================
2026-08-01 10:47:25,074 [INFO] RÉSUMÉ
2026-08-01 10:47:25,074 [INFO] ============================================================
2026-08-01 10:47:25,074 [INFO] Annonces traitées: 200
2026-08-01 10:47:25,074 [INFO] Dates en cours: 63
2026-08-01 10:47:25,074 [INFO] Dates expirées: 93
2026-08-01 10:47:25,074 [INFO] Total résultats en base: 313
2026-08-01 10:47:28,646 [INFO] Email envoyé à cavalkhalid@gmail.com
2026-08-01 10:47:28,646 [INFO] 
Scraper terminé.
2026-08-04 11:29:32,575 [INFO] ============================================================
2026-08-04 11:29:32,575 [INFO] DÉMARRAGE DU SCRAPER emploi-public.ma (FR)
2026-08-04 11:29:32,575 [INFO] Date: 2026-08-04 11:29:32
2026-08-04 11:29:32,575 [INFO] ============================================================
2026-08-04 11:29:32,577 [INFO] 
--- Catégorie: Concours de recrutement ---
2026-08-04 11:29:32,577 [INFO] Page 1/5
2026-08-04 11:29:32,577 [INFO] Scraping page: https://www.emploi-public.ma/fr/concours-liste
2026-08-04 11:29:35,769 [INFO]   → 9 annonces trouvées sur cette page
2026-08-04 11:29:35,770 [INFO]   Détails: https://www.emploi-public.ma/fr/concours/details/8cce8ed8-8973-49f6-ae36-f75aef0d9d96
2026-08-04 11:29:38,204 [INFO]     PDF trouvé: Arrêté d'ouverture du concours (score: 25)
2026-08-04 11:29:38,205 [INFO]   [EN COURS] Avis de concours de recrutement de Maître de conférences gra... → 2026-08-19
2026-08-04 11:29:38,205 [INFO]   Détails: https://www.emploi-public.ma/fr/concours/details/72ed0218-c625-44ef-ad36-0ddf1450d8b7
2026-08-04 11:29:39,292 [INFO]     PDF trouvé: Arrêté d'ouverture du concours (score: 25)
2026-08-04 11:29:39,294 [INFO]   [EN COURS] Avis de concours de recrutement de Ingénieur d'Etat 1er grad... → 2026-08-14
2026-08-04 11:29:39,294 [INFO]   Détails: https://www.emploi-public.ma/fr/concours/details/1d56279d-bec7-4467-906d-4003286e1a05
2026-08-04 11:29:40,084 [INFO]     PDF trouvé: Arrêté d'ouverture du concours (score: 25)
2026-08-04 11:29:40,086 [INFO]   [EN COURS] Avis de concours de recrutement de Architecte 1er grade - Ec... → 2026-08-13
2026-08-04 11:29:40,086 [INFO]   Détails: https://www.emploi-public.ma/fr/concours/details/1874ae4c-94d6-4af0-9575-a39ede5189ff
2026-08-04 11:29:40,812 [INFO]     PDF trouvé: Arrêté d'ouverture du concours (score: 25)
2026-08-04 11:29:40,813 [INFO]   [EN COURS] Avis de concours de recrutement de Administrateur 2ème grade... → 2026-08-31
2026-08-04 11:29:40,813 [INFO]   Détails: https://www.emploi-public.ma/fr/concours/details/72d7f4f3-b81d-4f01-b750-c84c9fdb3db1
2026-08-04 11:29:41,583 [INFO]     PDF trouvé: Arrêté d'ouverture du concours (score: 25)
2026-08-04 11:29:41,584 [INFO]   [EN COURS] Avis de concours de recrutement de Administrateur 2ème grade... → 2026-08-31
2026-08-04 11:29:41,584 [INFO]   Détails: https://www.emploi-public.ma/fr/concours/details/74fa6128-711a-40b7-b71b-5b4388a2d9d4
2026-08-04 11:29:42,769 [INFO]     PDF trouvé: Arrêté d'ouverture du concours (score: 25)
2026-08-04 11:29:42,770 [INFO]   [EN COURS] Avis de concours de recrutement de Adjoint technique 2ème gr... → 2026-08-10
2026-08-04 11:29:42,770 [INFO]   Détails: https://www.emploi-public.ma/fr/concours/details/3d99718c-9c89-43ed-92b5-ec76b2c038b3
2026-08-04 11:29:51,306 [INFO]     PDF trouvé: Arrêté d'ouverture du concours (score: 25)
2026-08-04 11:29:51,307 [INFO]   [EN COURS] Avis de concours de recrutement de Technicien de 4ème grade ... → 2026-08-10
2026-08-04 11:29:51,307 [INFO]   Détails: https://www.emploi-public.ma/fr/concours/details/4e64e78f-621d-4e95-a829-a8b22986502a
2026-08-04 11:29:52,046 [INFO]     PDF trouvé: Arrêté d'ouverture du concours (score: 25)
2026-08-04 11:29:52,047 [INFO]   [EN COURS] Avis de concours de recrutement de Technicien de 3ème grade ... → 2026-08-10
2026-08-04 11:29:52,047 [INFO]   Détails: https://www.emploi-public.ma/fr/concours/details/bacf792b-04bc-4a4b-a73b-cc69eab17a49
2026-08-04 11:29:54,029 [INFO]     PDF trouvé: Arrêté d'ouverture du concours (score: 25)
2026-08-04 11:29:54,030 [INFO]   [EN COURS] Avis de concours de recrutement de Ingénieur d'Etat 1er grad... → 2026-08-10
2026-08-04 11:29:54,030 [INFO] Page 2/5
2026-08-04 11:29:54,030 [INFO] Scraping page: https://www.emploi-public.ma/fr/concours-liste?page=1
2026-08-04 11:29:59,385 [INFO]   → 9 annonces trouvées sur cette page
2026-08-04 11:29:59,387 [INFO]   Détails: https://www.emploi-public.ma/fr/concours/details/8cce8ed8-8973-49f6-ae36-f75aef0d9d96
2026-08-04 11:30:00,276 [INFO]     PDF trouvé: Arrêté d'ouverture du concours (score: 25)
2026-08-04 11:30:00,277 [INFO]   [EN COURS] Avis de concours de recrutement de Maître de conférences gra... → 2026-08-19
2026-08-04 11:30:00,277 [INFO]   Détails: https://www.emploi-public.ma/fr/concours/details/72ed0218-c625-44ef-ad36-0ddf1450d8b7
2026-08-04 11:30:03,916 [INFO]     PDF trouvé: Arrêté d'ouverture du concours (score: 25)
2026-08-04 11:30:03,917 [INFO]   [EN COURS] Avis de concours de recrutement de Ingénieur d'Etat 1er grad... → 2026-08-14
2026-08-04 11:30:03,917 [INFO]   Détails: https://www.emploi-public.ma/fr/concours/details/1d56279d-bec7-4467-906d-4003286e1a05
2026-08-04 11:30:06,302 [INFO]     PDF trouvé: Arrêté d'ouverture du concours (score: 25)
2026-08-04 11:30:06,303 [INFO]   [EN COURS] Avis de concours de recrutement de Architecte 1er grade - Ec... → 2026-08-13
2026-08-04 11:30:06,303 [INFO]   Détails: https://www.emploi-public.ma/fr/concours/details/1874ae4c-94d6-4af0-9575-a39ede5189ff
2026-08-04 11:30:06,989 [INFO]     PDF trouvé: Arrêté d'ouverture du concours (score: 25)
2026-08-04 11:30:06,990 [INFO]   [EN COURS] Avis de concours de recrutement de Administrateur 2ème grade... → 2026-08-31
2026-08-04 11:30:06,990 [INFO]   Détails: https://www.emploi-public.ma/fr/concours/details/72d7f4f3-b81d-4f01-b750-c84c9fdb3db1
2026-08-04 11:30:07,636 [INFO]     PDF trouvé: Arrêté d'ouverture du concours (score: 25)
2026-08-04 11:30:07,637 [INFO]   [EN COURS] Avis de concours de recrutement de Administrateur 2ème grade... → 2026-08-31
2026-08-04 11:30:07,637 [INFO]   Détails: https://www.emploi-public.ma/fr/concours/details/74fa6128-711a-40b7-b71b-5b4388a2d9d4
2026-08-04 11:30:14,922 [INFO]     PDF trouvé: Arrêté d'ouverture du concours (score: 25)
2026-08-04 11:30:14,924 [INFO]   [EN COURS] Avis de concours de recrutement de Adjoint technique 2ème gr... → 2026-08-10
2026-08-04 11:30:14,924 [INFO]   Détails: https://www.emploi-public.ma/fr/concours/details/3d99718c-9c89-43ed-92b5-ec76b2c038b3
2026-08-04 11:30:15,508 [INFO]     PDF trouvé: Arrêté d'ouverture du concours (score: 25)
2026-08-04 11:30:15,509 [INFO]   [EN COURS] Avis de concours de recrutement de Technicien de 4ème grade ... → 2026-08-10
2026-08-04 11:30:15,509 [INFO]   Détails: https://www.emploi-public.ma/fr/concours/details/4e64e78f-621d-4e95-a829-a8b22986502a
2026-08-04 11:30:18,071 [INFO]     PDF trouvé: Arrêté d'ouverture du concours (score: 25)
2026-08-04 11:30:18,072 [INFO]   [EN COURS] Avis de concours de recrutement de Technicien de 3ème grade ... → 2026-08-10
2026-08-04 11:30:18,072 [INFO]   Détails: https://www.emploi-public.ma/fr/concours/details/bacf792b-04bc-4a4b-a73b-cc69eab17a49
2026-08-04 11:30:18,711 [INFO]     PDF trouvé: Arrêté d'ouverture du concours (score: 25)
2026-08-04 11:30:18,712 [INFO]   [EN COURS] Avis de concours de recrutement de Ingénieur d'Etat 1er grad... → 2026-08-10
2026-08-04 11:30:18,713 [INFO] Page 3/5
2026-08-04 11:30:18,713 [INFO] Scraping page: https://www.emploi-public.ma/fr/concours-liste?page=2
2026-08-04 11:30:21,268 [INFO]   → 9 annonces trouvées sur cette page
2026-08-04 11:30:21,270 [INFO]   Détails: https://www.emploi-public.ma/fr/concours/details/3d6e4275-fe42-4fa4-b135-22595857f77b
2026-08-04 11:30:22,355 [INFO]     PDF trouvé: Arrêté d'ouverture du concours (score: 25)
2026-08-04 11:30:22,357 [INFO]   [EN COURS] Avis de concours de recrutement de Secrétaire des affaires é... → 2026-08-10
2026-08-04 11:30:22,357 [INFO]   Détails: https://www.emploi-public.ma/fr/concours/details/f8fd2d0d-5d98-42d7-8229-9924acf1c303
2026-08-04 11:30:23,599 [INFO]     PDF trouvé: Arrêté d'ouverture du concours (score: 25)
2026-08-04 11:30:23,600 [INFO]   [EN COURS] Avis de concours de recrutement de Conseiller des affaires é... → 2026-08-10
2026-08-04 11:30:23,601 [INFO]   Détails: https://www.emploi-public.ma/fr/concours/details/0d14767d-7b8a-4282-b397-96709c297e37
2026-08-04 11:30:24,281 [INFO]     PDF trouvé: Arrêté d'ouverture du concours (score: 25)
2026-08-04 11:30:24,282 [INFO]   [EN COURS] Avis de concours de recrutement de Inspecteur des Douanes de... → 2026-08-10
2026-08-04 11:30:24,282 [INFO]   Détails: https://www.emploi-public.ma/fr/concours/details/ab562af5-0ec1-4fe8-99a3-48cd82b59676
2026-08-04 11:30:25,362 [INFO]     PDF trouvé: Arrêté d'ouverture du concours (score: 25)
2026-08-04 11:30:25,363 [INFO]   [EN COURS] Avis de concours de recrutement de Ingénieur d’Etat  des Dou... → 2026-08-10
2026-08-04 11:30:25,363 [INFO]   Détails: https://www.emploi-public.ma/fr/concours/details/e9c0bb85-e735-4886-acf1-b3309ba4a205
2026-08-04 11:30:26,695 [INFO]     PDF trouvé: Arrêté d'ouverture du concours (score: 25)
2026-08-04 11:30:26,696 [INFO]   [EN COURS] Avis de concours de recrutement de Ingénieur d'Etat 1er grad... → 2026-08-10
2026-08-04 11:30:26,697 [INFO]   Détails: https://www.emploi-public.ma/fr/concours/details/d91438ac-a7df-48aa-a29d-ea568c52b32e
2026-08-04 11:30:27,536 [INFO]     PDF trouvé: Arrêté d'ouverture du concours (score: 25)
2026-08-04 11:30:27,537 [INFO]   [EN COURS] Avis de concours de recrutement de Technicien de 3ème grade ... → 2026-08-07
2026-08-04 11:30:27,537 [INFO]   Détails: https://www.emploi-public.ma/fr/concours/details/6aa579ad-7abb-44f1-b036-56e9fbafced8
2026-08-04 11:30:28,869 [INFO]     PDF trouvé: Arrêté d'ouverture du concours (score: 25)
2026-08-04 11:30:28,871 [INFO]   [EN COURS] Avis de concours de recrutement de Administrateur 2ème grade... → 2026-08-07
2026-08-04 11:30:28,871 [INFO]   Détails: https://www.emploi-public.ma/fr/concours/details/c27ac1df-953a-4b58-a2e2-e273271f18b1
2026-08-04 11:30:29,741 [INFO]     PDF trouvé: Arrêté d'ouverture du concours (score: 25)
2026-08-04 11:30:29,742 [INFO]   [EN COURS] Avis de concours de recrutement de Adjoint technique 2ème gr... → 2026-08-05
2026-08-04 11:30:29,742 [INFO]   Détails: https://www.emploi-public.ma/fr/concours/details/7faff0fb-2922-485a-853e-20b4d81cbc7a
2026-08-04 11:30:30,918 [INFO]     PDF trouvé: Arrêté d'ouverture du concours (score: 25)
2026-08-04 11:30:30,919 [INFO]   [EXPIRÉE] Avis de concours de recrutement de Maître de conférences gra... → 2026-08-03
2026-08-04 11:30:30,919 [INFO] Page 4/5
2026-08-04 11:30:30,919 [INFO] Scraping page: https://www.emploi-public.ma/fr/concours-liste?page=3
2026-08-04 11:30:33,614 [INFO]   → 9 annonces trouvées sur cette page
2026-08-04 11:30:33,616 [INFO]   Détails: https://www.emploi-public.ma/fr/concours/details/2c15e888-7029-4082-9334-eef194ee5586
2026-08-04 11:30:34,561 [INFO]     PDF trouvé: Arrêté d'ouverture du concours (score: 25)
2026-08-04 11:30:34,562 [INFO]   [EXPIRÉE] Avis de concours de recrutement de Administrateur 2ème grade... → 2026-08-03
2026-08-04 11:30:34,562 [INFO]   Détails: https://www.emploi-public.ma/fr/concours/details/d543668b-c808-4ac0-933b-4301237f9f67
2026-08-04 11:30:35,871 [INFO]     PDF trouvé: Arrêté d'ouverture du concours (score: 25)
2026-08-04 11:30:35,872 [INFO]   [EXPIRÉE] Avis de concours de recrutement de Administrateur 3ème grade... → 2026-07-31
2026-08-04 11:30:35,872 [INFO]   Détails: https://www.emploi-public.ma/fr/concours/details/78699344-c4d1-4204-ad40-9749cc0563aa
2026-08-04 11:30:36,730 [INFO]     PDF trouvé: Arrêté d'ouverture du concours (score: 25)
2026-08-04 11:30:36,731 [INFO]   [EXPIRÉE] Publication de la liste des convoqués pour l'examen écrit du... → 2026-07-23
2026-08-04 11:30:36,731 [INFO]   Détails: https://www.emploi-public.ma/fr/concours/details/b62a7d1c-c399-48cd-ab9f-adca105db22f
2026-08-04 11:30:37,669 [INFO]     PDF trouvé: Arrêté d'ouverture du concours (score: 25)
2026-08-04 11:30:37,670 [INFO]   [EXPIRÉE] Publication de la liste des convoqués pour l'examen écrit du... → 2026-07-21
2026-08-04 11:30:37,670 [INFO]   Détails: https://www.emploi-public.ma/fr/concours/details/dc6005fa-8f1f-418f-baed-64e9caca12f6
2026-08-04 11:30:38,357 [INFO]     PDF trouvé: Arrêté d'ouverture du concours (score: 25)
2026-08-04 11:30:38,358 [INFO]   [EXPIRÉE] Publication de la liste des convoqués pour l'examen écrit du... → 2026-07-21
2026-08-04 11:30:38,359 [INFO]   Détails: https://www.emploi-public.ma/fr/concours/details/7d4f66b4-2f8c-4dbf-94ea-99d5943a7378
2026-08-04 11:30:39,497 [INFO]     PDF trouvé: Arrêté d'ouverture du concours (score: 25)
2026-08-04 11:30:39,498 [INFO]   [EXPIRÉE] Publication de la liste des convoqués pour l'examen écrit du... → 2026-07-21
2026-08-04 11:30:39,498 [INFO]   Détails: https://www.emploi-public.ma/fr/concours/details/e372c384-b595-401d-bfa7-77c67af01fbe
2026-08-04 11:30:40,621 [INFO]     PDF trouvé: Arrêté d'ouverture du concours (score: 25)
2026-08-04 11:30:40,622 [INFO]   [EXPIRÉE] Publication de la liste des convoqués pour l'examen écrit du... → 2026-07-21
2026-08-04 11:30:40,623 [INFO]   Détails: https://www.emploi-public.ma/fr/concours/details/606d3ff2-2e7a-4174-9d74-713c58402b8a
2026-08-04 11:30:41,610 [INFO]     PDF trouvé: Arrêté d'ouverture du concours (score: 25)
2026-08-04 11:30:41,611 [INFO]   [EXPIRÉE] Publication de la liste des résultats pour le concours de re... → 2026-07-21
2026-08-04 11:30:41,611 [INFO]   Détails: https://www.emploi-public.ma/fr/concours/details/9740d64c-8b1b-47b8-abe8-00b3575d4aa9
2026-08-04 11:30:42,434 [INFO]     PDF trouvé: Arrêté d'ouverture du concours (score: 25)
2026-08-04 11:30:42,435 [INFO]   [EXPIRÉE] Publication de la liste des convoqués pour l'examen écrit du... → 2026-07-20
2026-08-04 11:30:42,435 [INFO] Page 5/5
2026-08-04 11:30:42,435 [INFO] Scraping page: https://www.emploi-public.ma/fr/concours-liste?page=4
2026-08-04 11:30:43,478 [INFO]   → 9 annonces trouvées sur cette page
2026-08-04 11:30:43,480 [INFO]   Détails: https://www.emploi-public.ma/fr/concours/details/b89b6b38-795f-49af-9d00-910305760e85
2026-08-04 11:30:44,211 [INFO]     PDF trouvé: Arrêté d'ouverture du concours (score: 25)
2026-08-04 11:30:44,212 [INFO]   [EXPIRÉE] Publication de la liste des convoqués pour l'examen écrit du... → 2026-07-20
2026-08-04 11:30:44,212 [INFO]   Détails: https://www.emploi-public.ma/fr/concours/details/f33919ef-c4a4-41c0-9927-744882ec1140
2026-08-04 11:30:44,980 [INFO]     PDF trouvé: Arrêté d'ouverture du concours (score: 25)
2026-08-04 11:30:44,982 [INFO]   [EXPIRÉE] Publication de la liste des convoqués pour l'examen écrit du... → 2026-07-20
2026-08-04 11:30:44,982 [INFO]   Détails: https://www.emploi-public.ma/fr/concours/details/00afdf47-67cd-4c3b-910d-295480956c45
2026-08-04 11:30:49,404 [INFO]     PDF trouvé: Arrêté d'ouverture du concours (score: 25)
2026-08-04 11:30:49,405 [INFO]   [EXPIRÉE] Publication de la liste des convoqués pour l'examen écrit du... → 2026-07-20
2026-08-04 11:30:49,405 [INFO]   Détails: https://www.emploi-public.ma/fr/concours/details/0c6baf5e-be9d-4ef5-a8f7-b9044cf640d5
2026-08-04 11:30:49,978 [INFO]     PDF trouvé: Arrêté d'ouverture du concours (score: 25)
2026-08-04 11:30:49,979 [INFO]   [EXPIRÉE] Publication de la liste des résultats pour le concours de re... → 2026-07-15
2026-08-04 11:30:49,980 [INFO]   Détails: https://www.emploi-public.ma/fr/concours/details/c6303b4c-114c-4b25-b6c5-eca77cba3dad
2026-08-04 11:30:50,750 [INFO]     PDF trouvé: Arrêté d'ouverture du concours (score: 25)
2026-08-04 11:30:50,751 [INFO]   [EXPIRÉE] Publication de la liste des résultats pour le concours de re... → 2026-07-15
2026-08-04 11:30:50,752 [INFO]   Détails: https://www.emploi-public.ma/fr/concours/details/1f901e2f-de1d-4110-874d-d5d890119e69
2026-08-04 11:30:51,621 [INFO]     PDF trouvé: Arrêté d'ouverture du concours (score: 25)
2026-08-04 11:30:51,622 [INFO]   [EXPIRÉE] Publication de la liste des résultats pour le concours de re... → 2026-07-15
2026-08-04 11:30:51,622 [INFO]   Détails: https://www.emploi-public.ma/fr/concours/details/c83d70e2-ec18-4f3b-b97f-03d080ad762a
2026-08-04 11:30:52,540 [INFO]     PDF trouvé: Arrêté d'ouverture du concours (score: 25)
2026-08-04 11:30:52,541 [INFO]   [EXPIRÉE] Publication de la liste des résultats pour le concours de re... → 2026-07-14
2026-08-04 11:30:52,541 [INFO]   Détails: https://www.emploi-public.ma/fr/concours/details/c3749204-66e1-4485-a631-e7ede10e21ab
2026-08-04 11:30:56,101 [INFO]     PDF trouvé: Arrêté d'ouverture du concours (score: 25)
2026-08-04 11:30:56,102 [INFO]   [EXPIRÉE] Publication de la liste des résultats pour le concours de re... → 2026-07-14
2026-08-04 11:30:56,102 [INFO]   Détails: https://www.emploi-public.ma/fr/concours/details/26ae2262-926d-4bfb-9614-069a15e9bd9a
2026-08-04 11:30:57,339 [INFO]     PDF trouvé: Arrêté d'ouverture du concours (score: 25)
2026-08-04 11:30:57,340 [INFO]   [EXPIRÉE] Publication de la liste des convoqués pour l'examen écrit du... → 2026-07-10
2026-08-04 11:30:57,341 [INFO] 
--- Catégorie: Emplois supérieurs ---
2026-08-04 11:30:57,341 [INFO] Page 1/5
2026-08-04 11:30:57,341 [INFO] Scraping page: https://www.emploi-public.ma/fr/emploi-sup-liste
2026-08-04 11:30:58,146 [INFO]   → 9 annonces trouvées sur cette page
2026-08-04 11:30:58,147 [INFO]   Détails: https://www.emploi-public.ma/fr/emploi-sup/details/0caf53e1-867a-4e91-a2d5-4f18a1b80e58
2026-08-04 11:30:58,889 [WARNING] Format de date non reconnu: 30
2026-08-04 11:30:58,890 [INFO]     PDF trouvé: Arrêté d'appel à candidature (score: 20)
2026-08-04 11:30:58,891 [INFO]   [PAS DE DATE] Avis d'emplois supérieurs Directeur des Ressources Humaines,...
2026-08-04 11:30:58,891 [INFO]   Détails: https://www.emploi-public.ma/fr/emploi-sup/details/a260f3d6-19bf-4755-87e7-64988bd5d952
2026-08-04 11:30:59,526 [WARNING] Format de date non reconnu: 30
2026-08-04 11:30:59,527 [INFO]     PDF trouvé: Arrêté d'appel à candidature (score: 20)
2026-08-04 11:30:59,528 [INFO]   [PAS DE DATE] Avis d'emplois supérieurs directeur de l'Aéronautique Civile...
2026-08-04 11:30:59,528 [INFO]   Détails: https://www.emploi-public.ma/fr/emploi-sup/details/803881f5-f7fa-4f8f-b2cd-d6b1566b7fe5
2026-08-04 11:31:01,909 [WARNING] Format de date non reconnu: 30
2026-08-04 11:31:01,911 [INFO]     PDF trouvé: Arrêté d'appel à candidature (score: 20)
2026-08-04 11:31:01,912 [INFO]   [PAS DE DATE] Avis d'emplois supérieurs DIRECTEUR DE L’INSTITUT SUPERIEUR ...
2026-08-04 11:31:01,912 [INFO]   Détails: https://www.emploi-public.ma/fr/emploi-sup/details/43fe4445-da66-401e-a3c4-2562a221a332
2026-08-04 11:31:02,543 [WARNING] Format de date non reconnu: 30
2026-08-04 11:31:02,544 [INFO]     PDF trouvé: Arrêté d'appel à candidature (score: 20)
2026-08-04 11:31:02,545 [INFO]   [PAS DE DATE] Avis d'emplois supérieurs DIRECTEUR FONSAFJS...
2026-08-04 11:31:02,545 [INFO]   Détails: https://www.emploi-public.ma/fr/emploi-sup/details/2c16f418-dd0f-4bb2-b66e-f926057114f9
2026-08-04 11:31:03,282 [WARNING] Format de date non reconnu: 30
2026-08-04 11:31:03,283 [INFO]     PDF trouvé: Arrêté d'appel à candidature (score: 20)
2026-08-04 11:31:03,284 [INFO]   [PAS DE DATE] Avis d'emplois supérieurs Directeur de la jeunesse...
2026-08-04 11:31:03,285 [INFO]   Détails: https://www.emploi-public.ma/fr/emploi-sup/details/30d00bcd-df71-43f3-945e-2204e61cb425
2026-08-04 11:31:03,871 [WARNING] Format de date non reconnu: 30
2026-08-04 11:31:03,872 [INFO]     PDF trouvé: Arrêté d'appel à candidature (score: 20)
2026-08-04 11:31:03,873 [INFO]   [PAS DE DATE] Avis d'emplois supérieurs Directeur de l'Institut National d...
2026-08-04 11:31:03,873 [INFO]   Détails: https://www.emploi-public.ma/fr/emploi-sup/details/fb33496a-b3e4-46d5-a556-86d0223b04f8
2026-08-04 11:31:04,352 [WARNING] Format de date non reconnu: 30
2026-08-04 11:31:04,353 [INFO]     PDF trouvé: Arrêté d'appel à candidature (score: 20)
2026-08-04 11:31:04,354 [INFO]   [PAS DE DATE] Avis d'emplois supérieurs Directeur(trice) des Affaires géné...
2026-08-04 11:31:04,354 [INFO]   Détails: https://www.emploi-public.ma/fr/emploi-sup/details/d75f25b8-e1b6-4bba-9bf2-9bcc6a5e913c
2026-08-04 11:31:05,326 [WARNING] Format de date non reconnu: 30
2026-08-04 11:31:05,327 [INFO]     PDF trouvé: Arrêté d'appel à candidature (score: 20)
2026-08-04 11:31:05,329 [INFO]   [PAS DE DATE] Avis d'emplois supérieurs Directeur des statuts et des Eudes...
2026-08-04 11:31:05,329 [INFO]   Détails: https://www.emploi-public.ma/fr/emploi-sup/details/4d6a3c99-2658-4cfd-99b5-bc5c012c8e55
2026-08-04 11:31:05,904 [WARNING] Format de date non reconnu: 30
2026-08-04 11:31:05,905 [INFO]     PDF trouvé: Arrêté d'appel à candidature (score: 20)
2026-08-04 11:31:05,906 [INFO]   [PAS DE DATE] Avis d'emplois supérieurs Directeur(trice) du Centre nationa...
2026-08-04 11:31:05,906 [INFO] Page 2/5
2026-08-04 11:31:05,906 [INFO] Scraping page: https://www.emploi-public.ma/fr/emploi-sup-liste?page=1
2026-08-04 11:31:06,906 [INFO]   → 9 annonces trouvées sur cette page
2026-08-04 11:31:06,907 [INFO]   Détails: https://www.emploi-public.ma/fr/emploi-sup/details/0caf53e1-867a-4e91-a2d5-4f18a1b80e58
2026-08-04 11:31:07,503 [WARNING] Format de date non reconnu: 30
2026-08-04 11:31:07,504 [INFO]     PDF trouvé: Arrêté d'appel à candidature (score: 20)
2026-08-04 11:31:07,505 [INFO]   [PAS DE DATE] Avis d'emplois supérieurs Directeur des Ressources Humaines,...
2026-08-04 11:31:07,505 [INFO]   Détails: https://www.emploi-public.ma/fr/emploi-sup/details/a260f3d6-19bf-4755-87e7-64988bd5d952
2026-08-04 11:31:11,633 [WARNING] Format de date non reconnu: 30
2026-08-04 11:31:11,635 [INFO]     PDF trouvé: Arrêté d'appel à candidature (score: 20)
2026-08-04 11:31:11,636 [INFO]   [PAS DE DATE] Avis d'emplois supérieurs directeur de l'Aéronautique Civile...
2026-08-04 11:31:11,636 [INFO]   Détails: https://www.emploi-public.ma/fr/emploi-sup/details/803881f5-f7fa-4f8f-b2cd-d6b1566b7fe5
2026-08-04 11:31:12,494 [WARNING] Format de date non reconnu: 30
2026-08-04 11:31:12,495 [INFO]     PDF trouvé: Arrêté d'appel à candidature (score: 20)
2026-08-04 11:31:12,496 [INFO]   [PAS DE DATE] Avis d'emplois supérieurs DIRECTEUR DE L’INSTITUT SUPERIEUR ...
2026-08-04 11:31:12,496 [INFO]   Détails: https://www.emploi-public.ma/fr/emploi-sup/details/43fe4445-da66-401e-a3c4-2562a221a332
2026-08-04 11:31:19,567 [WARNING] Format de date non reconnu: 30
2026-08-04 11:31:19,568 [INFO]     PDF trouvé: Arrêté d'appel à candidature (score: 20)
2026-08-04 11:31:19,569 [INFO]   [PAS DE DATE] Avis d'emplois supérieurs DIRECTEUR FONSAFJS...
2026-08-04 11:31:19,569 [INFO]   Détails: https://www.emploi-public.ma/fr/emploi-sup/details/2c16f418-dd0f-4bb2-b66e-f926057114f9
2026-08-04 11:31:20,191 [WARNING] Format de date non reconnu: 30
2026-08-04 11:31:20,192 [INFO]     PDF trouvé: Arrêté d'appel à candidature (score: 20)
2026-08-04 11:31:20,194 [INFO]   [PAS DE DATE] Avis d'emplois supérieurs Directeur de la jeunesse...
2026-08-04 11:31:20,194 [INFO]   Détails: https://www.emploi-public.ma/fr/emploi-sup/details/30d00bcd-df71-43f3-945e-2204e61cb425
2026-08-04 11:31:20,873 [WARNING] Format de date non reconnu: 30
2026-08-04 11:31:20,874 [INFO]     PDF trouvé: Arrêté d'appel à candidature (score: 20)
2026-08-04 11:31:20,875 [INFO]   [PAS DE DATE] Avis d'emplois supérieurs Directeur de l'Institut National d...
2026-08-04 11:31:20,875 [INFO]   Détails: https://www.emploi-public.ma/fr/emploi-sup/details/fb33496a-b3e4-46d5-a556-86d0223b04f8
2026-08-04 11:31:29,194 [WARNING] Format de date non reconnu: 30
2026-08-04 11:31:29,195 [INFO]     PDF trouvé: Arrêté d'appel à candidature (score: 20)
2026-08-04 11:31:29,196 [INFO]   [PAS DE DATE] Avis d'emplois supérieurs Directeur(trice) des Affaires géné...
2026-08-04 11:31:29,196 [INFO]   Détails: https://www.emploi-public.ma/fr/emploi-sup/details/d75f25b8-e1b6-4bba-9bf2-9bcc6a5e913c
2026-08-04 11:31:30,114 [WARNING] Format de date non reconnu: 30
2026-08-04 11:31:30,115 [INFO]     PDF trouvé: Arrêté d'appel à candidature (score: 20)
2026-08-04 11:31:30,116 [INFO]   [PAS DE DATE] Avis d'emplois supérieurs Directeur des statuts et des Eudes...
2026-08-04 11:31:30,116 [INFO]   Détails: https://www.emploi-public.ma/fr/emploi-sup/details/4d6a3c99-2658-4cfd-99b5-bc5c012c8e55
2026-08-04 11:31:34,794 [WARNING] Format de date non reconnu: 30
2026-08-04 11:31:34,795 [INFO]     PDF trouvé: Arrêté d'appel à candidature (score: 20)
2026-08-04 11:31:34,796 [INFO]   [PAS DE DATE] Avis d'emplois supérieurs Directeur(trice) du Centre nationa...
2026-08-04 11:31:34,796 [INFO] Page 3/5
2026-08-04 11:31:34,796 [INFO] Scraping page: https://www.emploi-public.ma/fr/emploi-sup-liste?page=2
2026-08-04 11:31:35,636 [INFO]   → 9 annonces trouvées sur cette page
2026-08-04 11:31:35,637 [INFO]   Détails: https://www.emploi-public.ma/fr/emploi-sup/details/d5445636-5a56-491e-9305-8cd418b361f8
2026-08-04 11:31:37,637 [WARNING] Format de date non reconnu: 00
2026-08-04 11:31:37,638 [INFO]     PDF trouvé: Arrêté d'appel à candidature (score: 20)
2026-08-04 11:31:37,639 [INFO]   [PAS DE DATE] Avis d'emplois supérieurs Directeur de l'Aménagement du Terr...
2026-08-04 11:31:37,639 [INFO]   Détails: https://www.emploi-public.ma/fr/emploi-sup/details/a19c981f-5e73-4699-978a-3c26f387e76d
2026-08-04 11:31:38,258 [WARNING] Format de date non reconnu: 00
2026-08-04 11:31:38,259 [INFO]     PDF trouvé: Arrêté d'appel à candidature (score: 20)
2026-08-04 11:31:38,260 [INFO]   [PAS DE DATE] Avis d'emplois supérieurs Directeur de l'Agence Urbaine d'Al...
2026-08-04 11:31:38,261 [INFO]   Détails: https://www.emploi-public.ma/fr/emploi-sup/details/c3eed04a-67b9-4ceb-b4c3-b32e0273c191
2026-08-04 11:31:38,842 [WARNING] Format de date non reconnu: 00
2026-08-04 11:31:38,843 [INFO]     PDF trouvé: Arrêté d'appel à candidature (score: 20)
2026-08-04 11:31:38,844 [INFO]   [PAS DE DATE] Avis d'emplois supérieurs Directeur de l'Agence Urbaine de L...
2026-08-04 11:31:38,844 [INFO]   Détails: https://www.emploi-public.ma/fr/emploi-sup/details/6bbca177-c943-4200-991d-4945c7de6c3e
2026-08-04 11:31:39,479 [WARNING] Format de date non reconnu: 30
2026-08-04 11:31:39,480 [INFO]     PDF trouvé: Arrêté d'appel à candidature (score: 20)
2026-08-04 11:31:39,482 [INFO]   [PAS DE DATE] Avis d'emplois supérieurs Directeur(trice) des affaires géné...
2026-08-04 11:31:39,482 [INFO]   Détails: https://www.emploi-public.ma/fr/emploi-sup/details/971391f4-c3ed-4054-b39a-d498fdbfba4b
2026-08-04 11:31:40,348 [WARNING] Format de date non reconnu: 30
2026-08-04 11:31:40,349 [INFO]     PDF trouvé: Arrêté d'appel à candidature (score: 20)
2026-08-04 11:31:40,350 [INFO]   [PAS DE DATE] Avis d'emplois supérieurs Directeur(trice) de l’Institut Roy...
2026-08-04 11:31:40,350 [INFO]   Détails: https://www.emploi-public.ma/fr/emploi-sup/details/1afa70c8-a02b-457d-98c8-6787ae253f28
2026-08-04 11:31:40,946 [WARNING] Format de date non reconnu: 30
2026-08-04 11:31:40,947 [INFO]     PDF trouvé: Arrêté d'appel à candidature (score: 20)
2026-08-04 11:31:40,948 [INFO]   [PAS DE DATE] Avis d'emplois supérieurs Directeur de l'Ecole des Sciences ...
2026-08-04 11:31:40,948 [INFO]   Détails: https://www.emploi-public.ma/fr/emploi-sup/details/e1c5923d-7307-42c7-90ed-21db5ce34a49
2026-08-04 11:31:43,005 [WARNING] Format de date non reconnu: 30
2026-08-04 11:31:43,006 [INFO]     PDF trouvé: Arrêté d'appel à candidature (score: 20)
2026-08-04 11:31:43,007 [INFO]   [PAS DE DATE] Avis d'emplois supérieurs Directeur des législations des Inf...
2026-08-04 11:31:43,007 [INFO]   Détails: https://www.emploi-public.ma/fr/emploi-sup/details/cb431ce3-c104-457a-b464-8ca3b4a5fe55
2026-08-04 11:31:44,630 [WARNING] Format de date non reconnu: 30
2026-08-04 11:31:44,631 [INFO]     PDF trouvé: Arrêté d'appel à candidature (score: 20)
2026-08-04 11:31:44,632 [INFO]   [PAS DE DATE] Avis d'emplois supérieurs Directeur des législations de la g...
2026-08-04 11:31:44,632 [INFO]   Détails: https://www.emploi-public.ma/fr/emploi-sup/details/83256c4b-36f7-461e-8579-7dbec3b6aae0
2026-08-04 11:31:45,392 [WARNING] Format de date non reconnu: 30
2026-08-04 11:31:45,393 [INFO]     PDF trouvé: Arrêté d'appel à candidature (score: 20)
2026-08-04 11:31:45,394 [INFO]   [PAS DE DATE] Avis d'emplois supérieurs Doyen de la Faculté de Médecine et...
2026-08-04 11:31:45,394 [INFO] Page 4/5
2026-08-04 11:31:45,394 [INFO] Scraping page: https://www.emploi-public.ma/fr/emploi-sup-liste?page=3
2026-08-04 11:31:47,206 [INFO]   → 9 annonces trouvées sur cette page
2026-08-04 11:31:47,207 [INFO]   Détails: https://www.emploi-public.ma/fr/emploi-sup/details/e1054489-8a0a-4d64-92ab-55a9dbb52ac5
2026-08-04 11:31:48,673 [WARNING] Format de date non reconnu: 30
2026-08-04 11:31:48,674 [INFO]     PDF trouvé: Arrêté d'appel à candidature (score: 20)
2026-08-04 11:31:48,675 [INFO]   [PAS DE DATE] Avis d'emplois supérieurs Directeur de l'Ecole Mohammadia de...
2026-08-04 11:31:48,675 [INFO]   Détails: https://www.emploi-public.ma/fr/emploi-sup/details/4276b348-5dae-41c9-b638-6ca89ffaf304
2026-08-04 11:31:49,795 [WARNING] Format de date non reconnu: 30
2026-08-04 11:31:49,796 [INFO]     PDF trouvé: Arrêté d'appel à candidature (score: 20)
2026-08-04 11:31:49,797 [INFO]   [PAS DE DATE] Avis d'emplois supérieurs Directeur(trice) du Centre régiona...
2026-08-04 11:31:49,797 [INFO]   Détails: https://www.emploi-public.ma/fr/emploi-sup/details/0f48ee65-4c13-4056-a870-a38f35f26eee
2026-08-04 11:31:50,926 [WARNING] Format de date non reconnu: 30
2026-08-04 11:31:50,927 [INFO]     PDF trouvé: Arrêté d'appel à candidature (score: 20)
2026-08-04 11:31:50,928 [INFO]   [PAS DE DATE] Avis d'emplois supérieurs Directeur des statuts et des Eudes...
2026-08-04 11:31:50,928 [INFO]   Détails: https://www.emploi-public.ma/fr/emploi-sup/details/17544c4c-7a33-48bd-be97-d4e261c4b1ba
2026-08-04 11:31:54,504 [WARNING] Format de date non reconnu: 30
2026-08-04 11:31:54,505 [INFO]     PDF trouvé: Arrêté d'appel à candidature (score: 20)
2026-08-04 11:31:54,506 [INFO]   [PAS DE DATE] Avis d'emplois supérieurs Directeur(trice) général(e) de l’o...
2026-08-04 11:31:54,507 [INFO]   Détails: https://www.emploi-public.ma/fr/emploi-sup/details/2062be70-06c0-4b02-b143-bb2108a03421
2026-08-04 11:31:55,301 [WARNING] Format de date non reconnu: 30
2026-08-04 11:31:55,302 [INFO]     PDF trouvé: Arrêté d'appel à candidature (score: 20)
2026-08-04 11:31:55,303 [INFO]   [PAS DE DATE] Avis d'emplois supérieurs Directeur(trice) du Centre nationa...
2026-08-04 11:31:55,303 [INFO]   Détails: https://www.emploi-public.ma/fr/emploi-sup/details/5b7e6e30-4777-469d-9fa2-856d4390a35f
2026-08-04 11:31:55,930 [WARNING] Format de date non reconnu: 30
2026-08-04 11:31:55,931 [INFO]     PDF trouvé: Arrêté d'appel à candidature (score: 20)
2026-08-04 11:31:55,932 [INFO]   [PAS DE DATE] Avis d'emplois supérieurs Directeur de la jeunesse...
2026-08-04 11:31:55,932 [INFO]   Détails: https://www.emploi-public.ma/fr/emploi-sup/details/5313b8af-912f-4d82-b328-04c94fbe4562
2026-08-04 11:31:58,264 [WARNING] Format de date non reconnu: 30
2026-08-04 11:31:58,265 [INFO]     PDF trouvé: Arrêté d'appel à candidature (score: 20)
2026-08-04 11:31:58,267 [INFO]   [PAS DE DATE] Avis d'emplois supérieurs Directeur (ce) de la Coopération e...
2026-08-04 11:31:58,267 [INFO]   Détails: https://www.emploi-public.ma/fr/emploi-sup/details/52349e85-618a-444c-94ae-a269dcb8ede6
2026-08-04 11:31:59,152 [WARNING] Format de date non reconnu: 30
2026-08-04 11:31:59,153 [INFO]     PDF trouvé: Arrêté d'appel à candidature (score: 20)
2026-08-04 11:31:59,154 [INFO]   [PAS DE DATE] Avis d'emplois supérieurs Directeur (ce) des Ressources Huma...
2026-08-04 11:31:59,154 [INFO]   Détails: https://www.emploi-public.ma/fr/emploi-sup/details/b993993a-7a9f-4f82-a95d-4c705192b5c5
2026-08-04 11:32:01,732 [WARNING] Format de date non reconnu: 30
2026-08-04 11:32:01,733 [INFO]     PDF trouvé: Arrêté d'appel à candidature (score: 20)
2026-08-04 11:32:01,735 [INFO]   [PAS DE DATE] Avis d'emplois supérieurs Directeur(trice) de l’Académie rég...
2026-08-04 11:32:01,735 [INFO] Page 5/5
2026-08-04 11:32:01,735 [INFO] Scraping page: https://www.emploi-public.ma/fr/emploi-sup-liste?page=4
2026-08-04 11:32:02,431 [INFO]   → 9 annonces trouvées sur cette page
2026-08-04 11:32:02,432 [INFO]   Détails: https://www.emploi-public.ma/fr/emploi-sup/details/a8514544-73e5-48b0-bc95-4e3782a246c4
2026-08-04 11:32:03,538 [WARNING] Format de date non reconnu: 30
2026-08-04 11:32:03,539 [INFO]     PDF trouvé: Arrêté d'appel à candidature (score: 20)
2026-08-04 11:32:03,540 [INFO]   [PAS DE DATE] Avis d'emplois supérieurs Directeur de l'Office Régional de ...
2026-08-04 11:32:03,541 [INFO]   Détails: https://www.emploi-public.ma/fr/emploi-sup/details/34737011-4b34-4d27-a8e4-f96374ce7e3b
2026-08-04 11:32:05,126 [WARNING] Format de date non reconnu: 30
2026-08-04 11:32:05,127 [INFO]     PDF trouvé: Arrêté d'appel à candidature (score: 20)
2026-08-04 11:32:05,128 [INFO]   [PAS DE DATE] Avis d'emplois supérieurs Directeur du Centre Régional d'Inv...
2026-08-04 11:32:05,128 [INFO]   Détails: https://www.emploi-public.ma/fr/emploi-sup/details/3848b51d-1643-4c8a-9d0a-0001f3ec1eb6
2026-08-04 11:32:06,138 [WARNING] Format de date non reconnu: 30
2026-08-04 11:32:06,139 [INFO]     PDF trouvé: Arrêté d'appel à candidature (score: 20)
2026-08-04 11:32:06,140 [INFO]   [PAS DE DATE] Avis d'emplois supérieurs Directeur des statistiques, des ét...
2026-08-04 11:32:06,141 [INFO]   Détails: https://www.emploi-public.ma/fr/emploi-sup/details/f762f1b5-8e54-4277-9ceb-b77512a40379
2026-08-04 11:32:07,310 [WARNING] Format de date non reconnu: 30
2026-08-04 11:32:07,311 [INFO]     PDF trouvé: Arrêté d'appel à candidature (score: 20)
2026-08-04 11:32:07,312 [INFO]   [PAS DE DATE] Avis d'emplois supérieurs Directeur de l'Institut National S...
2026-08-04 11:32:07,312 [INFO]   Détails: https://www.emploi-public.ma/fr/emploi-sup/details/f398a7c1-f047-4cb7-95a2-e63106086337
2026-08-04 11:32:09,045 [WARNING] Format de date non reconnu: 30
2026-08-04 11:32:09,046 [INFO]     PDF trouvé: Arrêté d'appel à candidature (score: 20)
2026-08-04 11:32:09,048 [INFO]   [PAS DE DATE] Avis d'emplois supérieurs Directeur (ce) de l'Enseignement S...
2026-08-04 11:32:09,048 [INFO]   Détails: https://www.emploi-public.ma/fr/emploi-sup/details/b93e0027-1954-4712-8bb1-c6c3715e916c
2026-08-04 11:32:10,882 [INFO]     PDF trouvé: Arrêté d'appel à candidature (score: 20)
2026-08-04 11:32:10,883 [INFO]   [EXPIRÉE] Avis d'emplois supérieurs Directeur de l'Agence du bassin Hy... → 2026-05-14
2026-08-04 11:32:10,883 [INFO]   Détails: https://www.emploi-public.ma/fr/emploi-sup/details/50a4fceb-7a2a-4dfc-9d54-27d5969d8c20
2026-08-04 11:32:12,168 [WARNING] Format de date non reconnu: 30
2026-08-04 11:32:12,169 [INFO]     PDF trouvé: Arrêté d'appel à candidature (score: 20)
2026-08-04 11:32:12,170 [INFO]   [PAS DE DATE] Avis d'emplois supérieurs Directeur des Relations avec la So...
2026-08-04 11:32:12,171 [INFO]   Détails: https://www.emploi-public.ma/fr/emploi-sup/details/79e56e61-79b1-4b12-b93a-174e15b76e74
2026-08-04 11:32:13,353 [WARNING] Format de date non reconnu: 30
2026-08-04 11:32:13,354 [INFO]     PDF trouvé: Arrêté d'appel à candidature (score: 20)
2026-08-04 11:32:13,355 [INFO]   [PAS DE DATE] Avis d'emplois supérieurs Directeur de l'Institut Supérieur ...
2026-08-04 11:32:13,356 [INFO]   Détails: https://www.emploi-public.ma/fr/emploi-sup/details/cd433a5b-75fc-4eb0-b5d7-0a520ca6c2ab
2026-08-04 11:32:16,655 [WARNING] Format de date non reconnu: 30
2026-08-04 11:32:16,656 [INFO]     PDF trouvé: Arrêté d'appel à candidature (score: 20)
2026-08-04 11:32:16,657 [INFO]   [PAS DE DATE] Avis d'emplois supérieurs Secrétaire Général du Département ...
2026-08-04 11:32:16,657 [INFO] 
--- Catégorie: Postes de responsabilités ---
2026-08-04 11:32:16,657 [INFO] Page 1/5
2026-08-04 11:32:16,657 [INFO] Scraping page: https://www.emploi-public.ma/fr/postes-respo-liste
2026-08-04 11:32:18,365 [INFO]   → 13 annonces trouvées sur cette page
2026-08-04 11:32:18,366 [INFO]   Détails: https://www.emploi-public.ma/fr/postes-respo/details/bb476430-77cb-414d-ba1f-13c627c55c66
2026-08-04 11:32:19,268 [INFO]     PDF trouvé: Arrêté d'appel à candidature (score: 20)
2026-08-04 11:32:19,269 [INFO]   [EN COURS] Avis de Postes de responsabilités au Délégation interministé... → 2026-08-24
2026-08-04 11:32:19,269 [INFO]   Détails: https://www.emploi-public.ma/fr/postes-respo/details/3994c0b9-790d-4e5d-b147-c784cf157aab
2026-08-04 11:32:21,449 [INFO]     PDF trouvé: Arrêté d'appel à candidature (score: 20)
2026-08-04 11:32:21,450 [INFO]   [EXPIRÉE] Avis de Postes de responsabilités au Ministère de l’Agricult... → 2026-08-03
2026-08-04 11:32:21,450 [INFO]   Détails: https://www.emploi-public.ma/fr/postes-respo/details/f8baf400-d3be-464c-a9cd-a75fc5d8a8bc
2026-08-04 11:32:22,220 [INFO]     PDF trouvé: Arrêté d'appel à candidature (score: 20)
2026-08-04 11:32:22,222 [INFO]   [EXPIRÉE] Avis de Postes de responsabilités au Ministère de la Jeuness... → 2026-08-03
2026-08-04 11:32:22,222 [INFO]   Détails: https://www.emploi-public.ma/fr/postes-respo/details/17642040-c2de-4150-bf47-0523cb6a6615
2026-08-04 11:32:23,212 [INFO]     PDF trouvé: Arrêté d'appel à candidature (score: 20)
2026-08-04 11:32:23,213 [INFO]   [EXPIRÉE] Avis de Postes de responsabilités au Ministère de la Jeuness... → 2026-08-03
2026-08-04 11:32:23,213 [INFO]   Détails: https://www.emploi-public.ma/fr/postes-respo/details/33fadd95-e7a3-48e9-9532-58ab3fef908c
2026-08-04 11:32:24,023 [INFO]     PDF trouvé: Arrêté d'appel à candidature (score: 20)
2026-08-04 11:32:24,024 [INFO]   [EXPIRÉE] Avis de Postes de responsabilités au Ministère de la Jeuness... → 2026-08-03
2026-08-04 11:32:24,024 [INFO]   Détails: https://www.emploi-public.ma/fr/postes-respo/details/f6181909-9d0e-4bf9-aa98-7c5bb916b755
2026-08-04 11:32:26,467 [INFO]     PDF trouvé: Arrêté d'appel à candidature (score: 20)
2026-08-04 11:32:26,468 [INFO]   [EXPIRÉE] Avis de Postes de responsabilités au Ministère de la Jeuness... → 2026-08-03
2026-08-04 11:32:26,468 [INFO]   Détails: https://www.emploi-public.ma/fr/postes-respo/details/5d665ecc-2ba0-419a-81e1-a402431adc16
2026-08-04 11:32:27,574 [INFO]     PDF trouvé: Arrêté d'appel à candidature (score: 20)
2026-08-04 11:32:27,576 [INFO]   [EXPIRÉE] Avis de Postes de responsabilités au Ministère de la Jeuness... → 2026-08-03
2026-08-04 11:32:27,576 [INFO]   Détails: https://www.emploi-public.ma/fr/postes-respo/details/dd4ef999-edb7-4d73-a51f-f94527df58d6
2026-08-04 11:32:28,921 [INFO]     PDF trouvé: Arrêté d'appel à candidature (score: 20)
2026-08-04 11:32:28,922 [INFO]   [EXPIRÉE] Avis de Postes de responsabilités au Ministère de l’Agricult... → 2026-08-03
2026-08-04 11:32:28,923 [INFO]   Détails: https://www.emploi-public.ma/fr/postes-respo/details/716ae71a-4687-466a-ae3c-6f09c68b0175
2026-08-04 11:32:30,976 [INFO]     PDF trouvé: Arrêté d'appel à candidature (score: 20)
2026-08-04 11:32:30,977 [INFO]   [EXPIRÉE] Publication de la liste des résultats pour les Postes de res... → 2026-04-17
2026-08-04 11:32:30,978 [INFO]   Détails: https://www.emploi-public.ma/fr/postes-respo/details/134197c5-bebc-489e-8c74-fb7576ad2e8a
2026-08-04 11:32:31,939 [INFO]     PDF trouvé: Arrêté d'appel à candidature (score: 20)
2026-08-04 11:32:31,940 [INFO]   [EN COURS] Directeur Adjoint chargé du Cycle de préparation aux concour... → 2026-08-05
2026-08-04 11:32:31,940 [INFO]   Détails: https://www.emploi-public.ma/fr/postes-respo/details/19cf5e66-9675-4021-ab42-b1b0b537132c
2026-08-04 11:32:32,836 [INFO]     PDF trouvé: Arrêté d'appel à candidature (score: 20)
2026-08-04 11:32:32,837 [INFO]   [EN COURS] Appel à candidature pour les postes de responsabilité au Min... → 2026-08-05
2026-08-04 11:32:32,838 [INFO]   Détails: https://www.emploi-public.ma/fr/postes-respo/details/eb11c5f5-5e0a-4093-be4a-be951ac1d902
2026-08-04 11:32:34,232 [INFO]     PDF trouvé: Arrêté d'appel à candidature (score: 20)
2026-08-04 11:32:34,234 [INFO]   [EN COURS] Appel à candidature pour les postes de responsabilité au Min... → 2026-08-05
2026-08-04 11:32:34,234 [INFO]   Détails: https://www.emploi-public.ma/fr/postes-respo/details/dc1249f8-278c-4a42-a436-f20b30029b97
2026-08-04 11:32:35,643 [INFO]     PDF trouvé: Arrêté d'appel à candidature (score: 20)
2026-08-04 11:32:35,644 [INFO]   [EN COURS] Chef de division (DAJ-Patrimoine)... → 2026-08-06
2026-08-04 11:32:35,644 [INFO] Page 2/5
2026-08-04 11:32:35,644 [INFO] Scraping page: https://www.emploi-public.ma/fr/postes-respo-liste?page=1
2026-08-04 11:32:36,866 [INFO]   → 13 annonces trouvées sur cette page
2026-08-04 11:32:36,868 [INFO]   Détails: https://www.emploi-public.ma/fr/postes-respo/details/bb476430-77cb-414d-ba1f-13c627c55c66
2026-08-04 11:32:46,134 [INFO]     PDF trouvé: Arrêté d'appel à candidature (score: 20)
2026-08-04 11:32:46,136 [INFO]   [EN COURS] Avis de Postes de responsabilités au Délégation interministé... → 2026-08-24
2026-08-04 11:32:46,136 [INFO]   Détails: https://www.emploi-public.ma/fr/postes-respo/details/3994c0b9-790d-4e5d-b147-c784cf157aab
2026-08-04 11:32:47,939 [INFO]     PDF trouvé: Arrêté d'appel à candidature (score: 20)
2026-08-04 11:32:47,940 [INFO]   [EXPIRÉE] Avis de Postes de responsabilités au Ministère de l’Agricult... → 2026-08-03
2026-08-04 11:32:47,941 [INFO]   Détails: https://www.emploi-public.ma/fr/postes-respo/details/f8baf400-d3be-464c-a9cd-a75fc5d8a8bc
2026-08-04 11:32:49,063 [INFO]     PDF trouvé: Arrêté d'appel à candidature (score: 20)
2026-08-04 11:32:49,064 [INFO]   [EXPIRÉE] Avis de Postes de responsabilités au Ministère de la Jeuness... → 2026-08-03
2026-08-04 11:32:49,065 [INFO]   Détails: https://www.emploi-public.ma/fr/postes-respo/details/17642040-c2de-4150-bf47-0523cb6a6615
2026-08-04 11:32:50,221 [INFO]     PDF trouvé: Arrêté d'appel à candidature (score: 20)
2026-08-04 11:32:50,222 [INFO]   [EXPIRÉE] Avis de Postes de responsabilités au Ministère de la Jeuness... → 2026-08-03
2026-08-04 11:32:50,222 [INFO]   Détails: https://www.emploi-public.ma/fr/postes-respo/details/33fadd95-e7a3-48e9-9532-58ab3fef908c
2026-08-04 11:32:51,179 [INFO]     PDF trouvé: Arrêté d'appel à candidature (score: 20)
2026-08-04 11:32:51,180 [INFO]   [EXPIRÉE] Avis de Postes de responsabilités au Ministère de la Jeuness... → 2026-08-03
2026-08-04 11:32:51,180 [INFO]   Détails: https://www.emploi-public.ma/fr/postes-respo/details/f6181909-9d0e-4bf9-aa98-7c5bb916b755
2026-08-04 11:32:52,444 [INFO]     PDF trouvé: Arrêté d'appel à candidature (score: 20)
2026-08-04 11:32:52,445 [INFO]   [EXPIRÉE] Avis de Postes de responsabilités au Ministère de la Jeuness... → 2026-08-03
2026-08-04 11:32:52,446 [INFO]   Détails: https://www.emploi-public.ma/fr/postes-respo/details/5d665ecc-2ba0-419a-81e1-a402431adc16
2026-08-04 11:32:53,843 [INFO]     PDF trouvé: Arrêté d'appel à candidature (score: 20)
2026-08-04 11:32:53,845 [INFO]   [EXPIRÉE] Avis de Postes de responsabilités au Ministère de la Jeuness... → 2026-08-03
2026-08-04 11:32:53,845 [INFO]   Détails: https://www.emploi-public.ma/fr/postes-respo/details/dd4ef999-edb7-4d73-a51f-f94527df58d6
2026-08-04 11:32:56,010 [INFO]     PDF trouvé: Arrêté d'appel à candidature (score: 20)
2026-08-04 11:32:56,011 [INFO]   [EXPIRÉE] Avis de Postes de responsabilités au Ministère de l’Agricult... → 2026-08-03
2026-08-04 11:32:56,011 [INFO]   Détails: https://www.emploi-public.ma/fr/postes-respo/details/716ae71a-4687-466a-ae3c-6f09c68b0175
2026-08-04 11:32:56,885 [INFO]     PDF trouvé: Arrêté d'appel à candidature (score: 20)
2026-08-04 11:32:56,886 [INFO]   [EXPIRÉE] Publication de la liste des résultats pour les Postes de res... → 2026-04-17
2026-08-04 11:32:56,886 [INFO]   Détails: https://www.emploi-public.ma/fr/postes-respo/details/134197c5-bebc-489e-8c74-fb7576ad2e8a
2026-08-04 11:32:58,308 [INFO]     PDF trouvé: Arrêté d'appel à candidature (score: 20)
2026-08-04 11:32:58,309 [INFO]   [EN COURS] Directeur Adjoint chargé du Cycle de préparation aux concour... → 2026-08-05
2026-08-04 11:32:58,309 [INFO]   Détails: https://www.emploi-public.ma/fr/postes-respo/details/19cf5e66-9675-4021-ab42-b1b0b537132c
2026-08-04 11:32:59,310 [INFO]     PDF trouvé: Arrêté d'appel à candidature (score: 20)
2026-08-04 11:32:59,312 [INFO]   [EN COURS] Appel à candidature pour les postes de responsabilité au Min... → 2026-08-05
2026-08-04 11:32:59,312 [INFO]   Détails: https://www.emploi-public.ma/fr/postes-respo/details/eb11c5f5-5e0a-4093-be4a-be951ac1d902
2026-08-04 11:33:00,494 [INFO]     PDF trouvé: Arrêté d'appel à candidature (score: 20)
2026-08-04 11:33:00,495 [INFO]   [EN COURS] Appel à candidature pour les postes de responsabilité au Min... → 2026-08-05
2026-08-04 11:33:00,496 [INFO]   Détails: https://www.emploi-public.ma/fr/postes-respo/details/dc1249f8-278c-4a42-a436-f20b30029b97
2026-08-04 11:33:01,444 [INFO]     PDF trouvé: Arrêté d'appel à candidature (score: 20)
2026-08-04 11:33:01,445 [INFO]   [EN COURS] Chef de division (DAJ-Patrimoine)... → 2026-08-06
2026-08-04 11:33:01,446 [INFO] Page 3/5
2026-08-04 11:33:01,446 [INFO] Scraping page: https://www.emploi-public.ma/fr/postes-respo-liste?page=2
2026-08-04 11:33:07,644 [INFO]   → 13 annonces trouvées sur cette page
2026-08-04 11:33:07,645 [INFO]   Détails: https://www.emploi-public.ma/fr/postes-respo/details/b349c2e5-0e5e-42d2-bf1d-d96f5da31081
2026-08-04 11:33:15,754 [INFO]     PDF trouvé: Arrêté d'appel à candidature (score: 20)
2026-08-04 11:33:15,756 [INFO]   [EXPIRÉE] Avis de Postes de responsabilités au Ministère de l’intérieu... → 2026-07-31
2026-08-04 11:33:15,756 [INFO]   Détails: https://www.emploi-public.ma/fr/postes-respo/details/65bb098d-84db-4eea-a26f-408d847c19d6
2026-08-04 11:33:16,707 [INFO]     PDF trouvé: Arrêté d'appel à candidature (score: 20)
2026-08-04 11:33:16,708 [INFO]   [EXPIRÉE] Publication de la liste des résultats pour les Postes de res... → 2026-06-11
2026-08-04 11:33:16,708 [INFO]   Détails: https://www.emploi-public.ma/fr/postes-respo/details/4634f231-1c41-439b-9e77-a5c74ee289d4
2026-08-04 11:33:17,830 [INFO]     PDF trouvé: Arrêté d'appel à candidature (score: 20)
2026-08-04 11:33:17,831 [INFO]   [EXPIRÉE] Publication de la liste des résultats pour les Postes de res... → 2026-06-11
2026-08-04 11:33:17,832 [INFO]   Détails: https://www.emploi-public.ma/fr/postes-respo/details/36fa2f7f-c1b1-4034-9c58-493276fbf647
2026-08-04 11:33:25,890 [INFO]     PDF trouvé: Arrêté d'appel à candidature (score: 20)
2026-08-04 11:33:25,892 [INFO]   [EXPIRÉE] Publication de la liste des résultats pour les Postes de res... → 2026-06-11
2026-08-04 11:33:25,892 [INFO]   Détails: https://www.emploi-public.ma/fr/postes-respo/details/506cdea9-bd57-40fd-8470-b783d8301a02
2026-08-04 11:33:26,753 [INFO]     PDF trouvé: Arrêté d'appel à candidature (score: 20)
2026-08-04 11:33:26,754 [INFO]   [EXPIRÉE] Publication de la liste des résultats pour les Postes de res... → 2026-06-11
2026-08-04 11:33:26,754 [INFO]   Détails: https://www.emploi-public.ma/fr/postes-respo/details/2d35329b-1cad-4415-adf4-37f8ccdc54bc
2026-08-04 11:33:27,573 [INFO]     PDF trouvé: Arrêté d'appel à candidature (score: 20)
2026-08-04 11:33:27,574 [INFO]   [EN COURS] Avis de Postes de responsabilités au Ministère de l’Économie... → 2026-08-24
2026-08-04 11:33:27,574 [INFO]   Détails: https://www.emploi-public.ma/fr/postes-respo/details/285038bc-37a7-4968-9df1-c4814ae91a9d
2026-08-04 11:33:28,611 [INFO]     PDF trouvé: Arrêté d'appel à candidature (score: 20)
2026-08-04 11:33:28,612 [INFO]   [EN COURS] Avis de Postes de responsabilités au Ministère de l’Économie... → 2026-08-18
2026-08-04 11:33:28,613 [INFO]   Détails: https://www.emploi-public.ma/fr/postes-respo/details/5a13f04d-51f3-490a-8d5f-e8129d1b81cd
2026-08-04 11:33:29,400 [INFO]     PDF trouvé: Arrêté d'appel à candidature (score: 20)
2026-08-04 11:33:29,401 [INFO]   [EXPIRÉE] Publication de la liste des résultats pour les Postes de res... → 2025-10-23
2026-08-04 11:33:29,401 [INFO]   Détails: https://www.emploi-public.ma/fr/postes-respo/details/262a482b-c213-4b4a-a4bd-760b53f42418
2026-08-04 11:33:30,200 [INFO]     PDF trouvé: Arrêté d'appel à candidature (score: 20)
2026-08-04 11:33:30,201 [INFO]   [EXPIRÉE] Avis de Postes de responsabilités au Ministère de l’intérieu... → 2026-07-29
2026-08-04 11:33:30,201 [INFO]   Détails: https://www.emploi-public.ma/fr/postes-respo/details/134197c5-bebc-489e-8c74-fb7576ad2e8a
2026-08-04 11:33:30,907 [INFO]     PDF trouvé: Arrêté d'appel à candidature (score: 20)
2026-08-04 11:33:30,908 [INFO]   [EN COURS] Directeur Adjoint chargé du Cycle de préparation aux concour... → 2026-08-05
2026-08-04 11:33:30,908 [INFO]   Détails: https://www.emploi-public.ma/fr/postes-respo/details/19cf5e66-9675-4021-ab42-b1b0b537132c
2026-08-04 11:33:31,851 [INFO]     PDF trouvé: Arrêté d'appel à candidature (score: 20)
2026-08-04 11:33:31,852 [INFO]   [EN COURS] Appel à candidature pour les postes de responsabilité au Min... → 2026-08-05
2026-08-04 11:33:31,852 [INFO]   Détails: https://www.emploi-public.ma/fr/postes-respo/details/eb11c5f5-5e0a-4093-be4a-be951ac1d902
2026-08-04 11:33:32,914 [INFO]     PDF trouvé: Arrêté d'appel à candidature (score: 20)
2026-08-04 11:33:32,916 [INFO]   [EN COURS] Appel à candidature pour les postes de responsabilité au Min... → 2026-08-05
2026-08-04 11:33:32,916 [INFO]   Détails: https://www.emploi-public.ma/fr/postes-respo/details/dc1249f8-278c-4a42-a436-f20b30029b97
2026-08-04 11:33:33,497 [INFO]     PDF trouvé: Arrêté d'appel à candidature (score: 20)
2026-08-04 11:33:33,498 [INFO]   [EN COURS] Chef de division (DAJ-Patrimoine)... → 2026-08-06
2026-08-04 11:33:33,498 [INFO] Page 4/5
2026-08-04 11:33:33,498 [INFO] Scraping page: https://www.emploi-public.ma/fr/postes-respo-liste?page=3
2026-08-04 11:33:34,440 [INFO]   → 13 annonces trouvées sur cette page
2026-08-04 11:33:34,441 [INFO]   Détails: https://www.emploi-public.ma/fr/postes-respo/details/bbf54236-0cc0-46f5-9846-687214970426
2026-08-04 11:33:35,022 [INFO]     PDF trouvé: Arrêté d'appel à candidature (score: 20)
2026-08-04 11:33:35,023 [INFO]   [EN COURS] Avis de Postes de responsabilités au Ministère de l’Inclusio... → 2026-08-17
2026-08-04 11:33:35,023 [INFO]   Détails: https://www.emploi-public.ma/fr/postes-respo/details/18e6ba17-b540-42c6-8238-9aa9e7466107
2026-08-04 11:33:35,676 [INFO]     PDF trouvé: Arrêté d'appel à candidature (score: 20)
2026-08-04 11:33:35,677 [INFO]   [EN COURS] Avis de Postes de responsabilités au Ministère de l’Inclusio... → 2026-08-17
2026-08-04 11:33:35,677 [INFO]   Détails: https://www.emploi-public.ma/fr/postes-respo/details/27397f57-ce50-41fe-8f91-52dbdbcd606f
2026-08-04 11:33:36,369 [INFO]     PDF trouvé: Arrêté d'appel à candidature (score: 20)
2026-08-04 11:33:36,370 [INFO]   [EN COURS] Avis de Postes de responsabilités au Ministère de l’Inclusio... → 2026-08-17
2026-08-04 11:33:36,370 [INFO]   Détails: https://www.emploi-public.ma/fr/postes-respo/details/3efa0379-8999-4eb9-9e12-51aabb9fcb7a
2026-08-04 11:33:37,269 [INFO]     PDF trouvé: Arrêté d'appel à candidature (score: 20)
2026-08-04 11:33:37,270 [INFO]   [EN COURS] Avis de Postes de responsabilités au Ministère de l’Inclusio... → 2026-08-17
2026-08-04 11:33:37,270 [INFO]   Détails: https://www.emploi-public.ma/fr/postes-respo/details/6bf72bad-f1df-449e-b7f2-7bf6242b2d85
2026-08-04 11:33:37,993 [INFO]     PDF trouvé: Arrêté d'appel à candidature (score: 20)
2026-08-04 11:33:37,994 [INFO]   [EXPIRÉE] Publication de la liste des convoqués pour l'appel à candida... → 2026-07-28
2026-08-04 11:33:37,994 [INFO]   Détails: https://www.emploi-public.ma/fr/postes-respo/details/88a3c177-a5a5-42cb-bd48-b9bd40b4dd9c
2026-08-04 11:33:38,898 [INFO]     PDF trouvé: Arrêté d'appel à candidature (score: 20)
2026-08-04 11:33:38,899 [INFO]   [EN COURS] Avis de Postes de responsabilités au Ministère de l’Investis... → 2026-08-13
2026-08-04 11:33:38,899 [INFO]   Détails: https://www.emploi-public.ma/fr/postes-respo/details/3e173e9a-b44a-4437-8833-cc9f01098518
2026-08-04 11:33:39,683 [INFO]     PDF trouvé: Arrêté d'appel à candidature (score: 20)
2026-08-04 11:33:39,684 [INFO]   [EN COURS] Avis de Postes de responsabilités au Ministère de l’Investis... → 2026-09-02
2026-08-04 11:33:39,685 [INFO]   Détails: https://www.emploi-public.ma/fr/postes-respo/details/8c9ac269-4b96-49e3-8f6b-b0dceb95333a
2026-08-04 11:33:41,383 [INFO]     PDF trouvé: Arrêté d'appel à candidature (score: 20)
2026-08-04 11:33:41,384 [INFO]   [EXPIRÉE] Publication de la liste des résultats pour les  Instance Nat... → 2026-05-11
2026-08-04 11:33:41,384 [INFO]   Détails: https://www.emploi-public.ma/fr/postes-respo/details/7aaef45a-4894-4434-a9fa-ea2f02e5fe60
2026-08-04 11:33:43,144 [INFO]     PDF trouvé: Arrêté d'appel à candidature (score: 20)
2026-08-04 11:33:43,145 [INFO]   [EN COURS] Avis de Postes de responsabilités au Ministère délégué auprè... → 2026-08-21
2026-08-04 11:33:43,146 [INFO]   Détails: https://www.emploi-public.ma/fr/postes-respo/details/134197c5-bebc-489e-8c74-fb7576ad2e8a
2026-08-04 11:33:43,838 [INFO]     PDF trouvé: Arrêté d'appel à candidature (score: 20)
2026-08-04 11:33:43,839 [INFO]   [EN COURS] Directeur Adjoint chargé du Cycle de préparation aux concour... → 2026-08-05
2026-08-04 11:33:43,839 [INFO]   Détails: https://www.emploi-public.ma/fr/postes-respo/details/19cf5e66-9675-4021-ab42-b1b0b537132c
2026-08-04 11:33:44,715 [INFO]     PDF trouvé: Arrêté d'appel à candidature (score: 20)
2026-08-04 11:33:44,716 [INFO]   [EN COURS] Appel à candidature pour les postes de responsabilité au Min... → 2026-08-05
2026-08-04 11:33:44,716 [INFO]   Détails: https://www.emploi-public.ma/fr/postes-respo/details/eb11c5f5-5e0a-4093-be4a-be951ac1d902
2026-08-04 11:33:45,454 [INFO]     PDF trouvé: Arrêté d'appel à candidature (score: 20)
2026-08-04 11:33:45,455 [INFO]   [EN COURS] Appel à candidature pour les postes de responsabilité au Min... → 2026-08-05
2026-08-04 11:33:45,455 [INFO]   Détails: https://www.emploi-public.ma/fr/postes-respo/details/dc1249f8-278c-4a42-a436-f20b30029b97
2026-08-04 11:33:46,177 [INFO]     PDF trouvé: Arrêté d'appel à candidature (score: 20)
2026-08-04 11:33:46,178 [INFO]   [EN COURS] Chef de division (DAJ-Patrimoine)... → 2026-08-06
2026-08-04 11:33:46,178 [INFO] Page 5/5
2026-08-04 11:33:46,178 [INFO] Scraping page: https://www.emploi-public.ma/fr/postes-respo-liste?page=4
2026-08-04 11:33:46,992 [INFO]   → 13 annonces trouvées sur cette page
2026-08-04 11:33:46,993 [INFO]   Détails: https://www.emploi-public.ma/fr/postes-respo/details/1bdf85ad-c948-4784-b473-af98b5a2bdc4
2026-08-04 11:33:47,712 [INFO]     PDF trouvé: Arrêté d'appel à candidature (score: 20)
2026-08-04 11:33:47,713 [INFO]   [EXPIRÉE] Publication de la liste des résultats pour les Postes de res... → 2026-05-25
2026-08-04 11:33:47,714 [INFO]   Détails: https://www.emploi-public.ma/fr/postes-respo/details/3b6918d1-3c36-4588-a26b-fbe714b6e52d
2026-08-04 11:33:50,288 [INFO]     PDF trouvé: Arrêté d'appel à candidature (score: 20)
2026-08-04 11:33:50,290 [INFO]   [EXPIRÉE] Publication de la liste des résultats pour les Postes de res... → 2026-06-24
2026-08-04 11:33:50,290 [INFO]   Détails: https://www.emploi-public.ma/fr/postes-respo/details/0980a243-6477-4507-adfd-9b6f8101454e
2026-08-04 11:33:51,577 [INFO]     PDF trouvé: Arrêté d'appel à candidature (score: 20)
2026-08-04 11:33:51,579 [INFO]   [EXPIRÉE] Publication de la liste des résultats pour les Postes de res... → 2026-07-13
2026-08-04 11:33:51,579 [INFO]   Détails: https://www.emploi-public.ma/fr/postes-respo/details/a8f3b666-0ba4-4912-9600-c46c7e32dece
2026-08-04 11:33:52,247 [INFO]     PDF trouvé: Arrêté d'appel à candidature (score: 20)
2026-08-04 11:33:52,248 [INFO]   [EXPIRÉE] Publication de la liste des résultats pour les Postes de res... → 2026-06-17
2026-08-04 11:33:52,248 [INFO]   Détails: https://www.emploi-public.ma/fr/postes-respo/details/881fad78-1510-43dd-a038-743c67dd20f8
2026-08-04 11:33:52,929 [INFO]     PDF trouvé: Arrêté d'appel à candidature (score: 20)
2026-08-04 11:33:52,931 [INFO]   [EXPIRÉE] Publication de la liste des résultats pour les Postes de res... → 2026-04-24
2026-08-04 11:33:52,931 [INFO]   Détails: https://www.emploi-public.ma/fr/postes-respo/details/f9c3410a-a7c1-4545-a915-6bb6f06b4d81
2026-08-04 11:33:54,673 [INFO]     PDF trouvé: Arrêté d'appel à candidature (score: 20)
2026-08-04 11:33:54,674 [INFO]   [EXPIRÉE] Avis de Postes de responsabilités au Ministère de la Jeuness... → 2026-07-27
2026-08-04 11:33:54,674 [INFO]   Détails: https://www.emploi-public.ma/fr/postes-respo/details/612573a1-79ab-4881-8d6d-9f2c884be589
2026-08-04 11:33:55,890 [INFO]     PDF trouvé: Arrêté d'appel à candidature (score: 20)
2026-08-04 11:33:55,891 [INFO]   [EXPIRÉE] Publication de la liste des résultats pour les Postes de res... → 2026-07-10
2026-08-04 11:33:55,892 [INFO]   Détails: https://www.emploi-public.ma/fr/postes-respo/details/558f23e7-7989-4f9c-92e0-0a469e30efd4
2026-08-04 11:33:56,604 [INFO]     PDF trouvé: Arrêté d'appel à candidature (score: 20)
2026-08-04 11:33:56,605 [INFO]   [EN COURS] Avis de Postes de responsabilités au Ministère de l’intérieu... → 2026-08-07
2026-08-04 11:33:56,605 [INFO]   Détails: https://www.emploi-public.ma/fr/postes-respo/details/4b74dd44-e60b-4bf9-b229-9cbbd8da67fe
2026-08-04 11:33:57,277 [INFO]     PDF trouvé: Arrêté d'appel à candidature (score: 20)
2026-08-04 11:33:57,279 [INFO]   [EXPIRÉE] Publication de la liste des convoqués pour l'appel à candida... → 2026-01-23
2026-08-04 11:33:57,279 [INFO]   Détails: https://www.emploi-public.ma/fr/postes-respo/details/134197c5-bebc-489e-8c74-fb7576ad2e8a
2026-08-04 11:34:00,564 [INFO]     PDF trouvé: Arrêté d'appel à candidature (score: 20)
2026-08-04 11:34:00,566 [INFO]   [EN COURS] Directeur Adjoint chargé du Cycle de préparation aux concour... → 2026-08-05
2026-08-04 11:34:00,566 [INFO]   Détails: https://www.emploi-public.ma/fr/postes-respo/details/19cf5e66-9675-4021-ab42-b1b0b537132c
2026-08-04 11:34:03,176 [INFO]     PDF trouvé: Arrêté d'appel à candidature (score: 20)
2026-08-04 11:34:03,178 [INFO]   [EN COURS] Appel à candidature pour les postes de responsabilité au Min... → 2026-08-05
2026-08-04 11:34:03,178 [INFO]   Détails: https://www.emploi-public.ma/fr/postes-respo/details/eb11c5f5-5e0a-4093-be4a-be951ac1d902
2026-08-04 11:34:05,552 [INFO]     PDF trouvé: Arrêté d'appel à candidature (score: 20)
2026-08-04 11:34:05,554 [INFO]   [EN COURS] Appel à candidature pour les postes de responsabilité au Min... → 2026-08-05
2026-08-04 11:34:05,554 [INFO]   Détails: https://www.emploi-public.ma/fr/postes-respo/details/dc1249f8-278c-4a42-a436-f20b30029b97
2026-08-04 11:34:06,864 [INFO]     PDF trouvé: Arrêté d'appel à candidature (score: 20)
2026-08-04 11:34:06,866 [INFO]   [EN COURS] Chef de division (DAJ-Patrimoine)... → 2026-08-06
2026-08-04 11:34:06,866 [INFO] 
--- Catégorie: Recrutement des experts ---
2026-08-04 11:34:06,866 [INFO] Page 1/5
2026-08-04 11:34:06,866 [INFO] Scraping page: https://www.emploi-public.ma/fr/experts-liste
2026-08-04 11:34:07,427 [INFO]   → 9 annonces trouvées sur cette page
2026-08-04 11:34:07,428 [INFO]   Détails: https://www.emploi-public.ma/fr/experts/details/4854b58c-c09e-4edd-9a39-c01a0c414425
2026-08-04 11:34:08,058 [INFO]     PDF trouvé: Arrêté d'appel à candidature (score: 20)
2026-08-04 11:34:08,060 [INFO]   [EXPIRÉE] Publication de la liste des résultats pour le poste de EXPER... → 2026-04-12
2026-08-04 11:34:08,060 [INFO]   Détails: https://www.emploi-public.ma/fr/experts/details/ff8d6494-748d-4698-8ef0-676cbd5b1951
2026-08-04 11:34:10,225 [INFO]     PDF trouvé: Arrêté d'appel à candidature (score: 20)
2026-08-04 11:34:10,226 [INFO]   [EXPIRÉE] Appel à candidature pour le poste Expert des Affaires Juridi... → 2026-06-25
2026-08-04 11:34:10,227 [INFO]   Détails: https://www.emploi-public.ma/fr/experts/details/abce4b98-a1d8-48f9-a84c-053f53697154
2026-08-04 11:34:12,638 [INFO]     PDF trouvé: Arrêté d'appel à candidature (score: 20)
2026-08-04 11:34:12,639 [INFO]   [EXPIRÉE] Appel à candidature pour le poste expert... → 2026-06-15
2026-08-04 11:34:12,639 [INFO]   Détails: https://www.emploi-public.ma/fr/experts/details/5030f678-19f4-4bc0-96c6-f5462b134c1c
2026-08-04 11:34:13,354 [INFO]     PDF trouvé: Arrêté d'appel à candidature (score: 20)
2026-08-04 11:34:13,356 [INFO]   [EXPIRÉE] Appel à candidature pour le poste expert... → 2026-06-08
2026-08-04 11:34:13,356 [INFO]   Détails: https://www.emploi-public.ma/fr/experts/details/b0a97522-0c72-4a26-8b32-da0c02e79891
2026-08-04 11:34:16,305 [INFO]     PDF trouvé: Arrêté d'appel à candidature (score: 20)
2026-08-04 11:34:16,307 [INFO]   [EXPIRÉE] Appel à candidature pour le poste EXPERT CONTRACTUEL... → 2026-06-03
2026-08-04 11:34:16,307 [INFO]   Détails: https://www.emploi-public.ma/fr/experts/details/b3f7145b-9f2a-4cb4-aef7-1d917c679a65
2026-08-04 11:34:17,017 [INFO]     PDF trouvé: Arrêté d'appel à candidature (score: 20)
2026-08-04 11:34:17,018 [INFO]   [EXPIRÉE] Appel à candidature pour le poste expert... → 2026-05-29
2026-08-04 11:34:17,019 [INFO]   Détails: https://www.emploi-public.ma/fr/experts/details/d9255cd9-fe2e-4248-8eba-adf58b668823
2026-08-04 11:34:17,589 [INFO]     PDF trouvé: Arrêté d'appel à candidature (score: 20)
2026-08-04 11:34:17,590 [INFO]   [EXPIRÉE] Appel à candidature pour le poste Expert en matière de négoc... → 2026-04-03
2026-08-04 11:34:17,590 [INFO]   Détails: https://www.emploi-public.ma/fr/experts/details/0236914d-e17c-41c5-a5be-e632ad35f838
2026-08-04 11:34:18,252 [INFO]     PDF trouvé: Arrêté d'appel à candidature (score: 20)
2026-08-04 11:34:18,253 [INFO]   [EXPIRÉE] Appel à candidature pour le poste expert... → 2026-03-17
2026-08-04 11:34:18,253 [INFO]   Détails: https://www.emploi-public.ma/fr/experts/details/2a449c40-1832-450d-9eae-a70607bcac07
2026-08-04 11:34:18,926 [INFO]     PDF trouvé: Arrêté d'appel à candidature (score: 20)
2026-08-04 11:34:18,927 [INFO]   [EXPIRÉE] Appel à candidature pour le poste Expert... → 2026-03-16
2026-08-04 11:34:18,928 [INFO] Page 2/5
2026-08-04 11:34:18,928 [INFO] Scraping page: https://www.emploi-public.ma/fr/experts-liste?page=1
2026-08-04 11:34:19,533 [INFO]   → 9 annonces trouvées sur cette page
2026-08-04 11:34:19,534 [INFO]   Détails: https://www.emploi-public.ma/fr/experts/details/4854b58c-c09e-4edd-9a39-c01a0c414425
2026-08-04 11:34:26,079 [INFO]     PDF trouvé: Arrêté d'appel à candidature (score: 20)
2026-08-04 11:34:26,080 [INFO]   [EXPIRÉE] Publication de la liste des résultats pour le poste de EXPER... → 2026-04-12
2026-08-04 11:34:26,080 [INFO]   Détails: https://www.emploi-public.ma/fr/experts/details/ff8d6494-748d-4698-8ef0-676cbd5b1951
2026-08-04 11:34:30,951 [INFO]     PDF trouvé: Arrêté d'appel à candidature (score: 20)
2026-08-04 11:34:30,952 [INFO]   [EXPIRÉE] Appel à candidature pour le poste Expert des Affaires Juridi... → 2026-06-25
2026-08-04 11:34:30,952 [INFO]   Détails: https://www.emploi-public.ma/fr/experts/details/abce4b98-a1d8-48f9-a84c-053f53697154
2026-08-04 11:34:31,720 [INFO]     PDF trouvé: Arrêté d'appel à candidature (score: 20)
2026-08-04 11:34:31,721 [INFO]   [EXPIRÉE] Appel à candidature pour le poste expert... → 2026-06-15
2026-08-04 11:34:31,721 [INFO]   Détails: https://www.emploi-public.ma/fr/experts/details/5030f678-19f4-4bc0-96c6-f5462b134c1c
2026-08-04 11:34:32,333 [INFO]     PDF trouvé: Arrêté d'appel à candidature (score: 20)
2026-08-04 11:34:32,334 [INFO]   [EXPIRÉE] Appel à candidature pour le poste expert... → 2026-06-08
2026-08-04 11:34:32,334 [INFO]   Détails: https://www.emploi-public.ma/fr/experts/details/b0a97522-0c72-4a26-8b32-da0c02e79891
2026-08-04 11:34:33,780 [INFO]     PDF trouvé: Arrêté d'appel à candidature (score: 20)
2026-08-04 11:34:33,782 [INFO]   [EXPIRÉE] Appel à candidature pour le poste EXPERT CONTRACTUEL... → 2026-06-03
2026-08-04 11:34:33,782 [INFO]   Détails: https://www.emploi-public.ma/fr/experts/details/b3f7145b-9f2a-4cb4-aef7-1d917c679a65
2026-08-04 11:34:35,492 [INFO]     PDF trouvé: Arrêté d'appel à candidature (score: 20)
2026-08-04 11:34:35,493 [INFO]   [EXPIRÉE] Appel à candidature pour le poste expert... → 2026-05-29
2026-08-04 11:34:35,493 [INFO]   Détails: https://www.emploi-public.ma/fr/experts/details/d9255cd9-fe2e-4248-8eba-adf58b668823
2026-08-04 11:34:36,182 [INFO]     PDF trouvé: Arrêté d'appel à candidature (score: 20)
2026-08-04 11:34:36,183 [INFO]   [EXPIRÉE] Appel à candidature pour le poste Expert en matière de négoc... → 2026-04-03
2026-08-04 11:34:36,183 [INFO]   Détails: https://www.emploi-public.ma/fr/experts/details/0236914d-e17c-41c5-a5be-e632ad35f838
2026-08-04 11:34:37,876 [INFO]     PDF trouvé: Arrêté d'appel à candidature (score: 20)
2026-08-04 11:34:37,877 [INFO]   [EXPIRÉE] Appel à candidature pour le poste expert... → 2026-03-17
2026-08-04 11:34:37,877 [INFO]   Détails: https://www.emploi-public.ma/fr/experts/details/2a449c40-1832-450d-9eae-a70607bcac07
2026-08-04 11:34:38,813 [INFO]     PDF trouvé: Arrêté d'appel à candidature (score: 20)
2026-08-04 11:34:38,815 [INFO]   [EXPIRÉE] Appel à candidature pour le poste Expert... → 2026-03-16
2026-08-04 11:34:38,815 [INFO] Page 3/5
2026-08-04 11:34:38,815 [INFO] Scraping page: https://www.emploi-public.ma/fr/experts-liste?page=2
2026-08-04 11:34:39,678 [INFO]   → 9 annonces trouvées sur cette page
2026-08-04 11:34:39,679 [INFO]   Détails: https://www.emploi-public.ma/fr/experts/details/1f2e38a5-0fe9-4f17-89fb-d23ab9140242
2026-08-04 11:34:40,759 [INFO]     PDF trouvé: Arrêté d'appel à candidature (score: 20)
2026-08-04 11:34:40,761 [INFO]   [EXPIRÉE] Appel à candidature pour le poste expert dans les domaines l... → 2026-03-12
2026-08-04 11:34:40,761 [INFO]   Détails: https://www.emploi-public.ma/fr/experts/details/2401abad-8177-4fdc-8c76-354d03f61cd3
2026-08-04 11:34:41,437 [INFO]     PDF trouvé: Arrêté d'appel à candidature (score: 20)
2026-08-04 11:34:41,438 [INFO]   [EXPIRÉE] Appel à candidature pour le poste expert... → 2026-02-18
2026-08-04 11:34:41,438 [INFO]   Détails: https://www.emploi-public.ma/fr/experts/details/ad16f9e2-25eb-4a06-9a7a-572410c14d55
2026-08-04 11:34:42,061 [INFO]     PDF trouvé: Arrêté d'appel à candidature (score: 20)
2026-08-04 11:34:42,062 [INFO]   [EXPIRÉE] Appel à candidature pour le poste Expert en gouvernance des ... → 2025-12-23
2026-08-04 11:34:42,062 [INFO]   Détails: https://www.emploi-public.ma/fr/experts/details/302ab5a1-fa28-4ec1-9341-8ba50b6bf810
2026-08-04 11:34:42,847 [INFO]     PDF trouvé: Arrêté d'appel à candidature (score: 20)
2026-08-04 11:34:42,848 [INFO]   [EXPIRÉE] Appel à candidature pour le poste expert... → 2025-12-21
2026-08-04 11:34:42,849 [INFO]   Détails: https://www.emploi-public.ma/fr/experts/details/f9f74e66-af9e-4c4a-9cec-491e7d25fbbb
2026-08-04 11:34:43,565 [INFO]     PDF trouvé: Arrêté d'appel à candidature (score: 20)
2026-08-04 11:34:43,566 [INFO]   [EXPIRÉE] Publication de la liste des résultats pour le poste de Exper... → 2025-12-06
2026-08-04 11:34:43,566 [INFO]   Détails: https://www.emploi-public.ma/fr/experts/details/99f49e97-4b0e-4897-b1c6-a1a811d179d9
2026-08-04 11:34:46,169 [INFO]     PDF trouvé: Arrêté d'appel à candidature (score: 20)
2026-08-04 11:34:46,170 [INFO]   [EXPIRÉE] Publication de la liste des résultats pour le poste de Exper... → 2025-12-06
2026-08-04 11:34:46,170 [INFO]   Détails: https://www.emploi-public.ma/fr/experts/details/121493c9-78d8-44bf-b408-e42f8bf43d27
2026-08-04 11:34:46,727 [INFO]     PDF trouvé: Arrêté d'appel à candidature (score: 20)
2026-08-04 11:34:46,728 [INFO]   [EXPIRÉE] Appel à candidature pour le poste Expert en coordination ins... → 2025-12-05
2026-08-04 11:34:46,728 [INFO]   Détails: https://www.emploi-public.ma/fr/experts/details/336eb4a9-c147-4981-94da-c636a748f7a0
2026-08-04 11:34:47,408 [INFO]     PDF trouvé: Arrêté d'appel à candidature (score: 20)
2026-08-04 11:34:47,409 [INFO]   [EXPIRÉE] Publication de la liste des résultats pour le poste de Exper... → 2025-09-30
2026-08-04 11:34:47,409 [INFO]   Détails: https://www.emploi-public.ma/fr/experts/details/0917753f-ac81-4229-b8d4-5292cae1510a
2026-08-04 11:34:48,038 [INFO]     PDF trouvé: Arrêté d'appel à candidature (score: 20)
2026-08-04 11:34:48,039 [INFO]   [EXPIRÉE] Appel à candidature pour le poste Expert contractuel... → 2025-06-11
2026-08-04 11:34:48,039 [INFO] Page 4/5
2026-08-04 11:34:48,040 [INFO] Scraping page: https://www.emploi-public.ma/fr/experts-liste?page=3
2026-08-04 11:34:48,817 [INFO]   → 9 annonces trouvées sur cette page
2026-08-04 11:34:48,818 [INFO]   Détails: https://www.emploi-public.ma/fr/experts/details/1e6a6ce8-141e-4fe3-b660-097a9342e904
2026-08-04 11:34:49,472 [INFO]     PDF trouvé: Arrêté d'appel à candidature (score: 20)
2026-08-04 11:34:49,473 [INFO]   [EXPIRÉE] Appel à candidature pour le poste expert en affaires juridiq... → 2025-06-09
2026-08-04 11:34:49,473 [INFO]   Détails: https://www.emploi-public.ma/fr/experts/details/9973e98f-4e11-40f1-aeae-194d055be60c
2026-08-04 11:34:51,234 [INFO]     PDF trouvé: Arrêté d'appel à candidature (score: 20)
2026-08-04 11:34:51,235 [INFO]   [EXPIRÉE] Appel à candidature pour le poste Expert en océanographie et... → 2025-06-06
2026-08-04 11:34:51,235 [INFO]   Détails: https://www.emploi-public.ma/fr/experts/details/c4333ade-5b69-4a9b-b1d6-23858dca3e02
2026-08-04 11:34:55,298 [INFO]     PDF trouvé: Arrêté d'appel à candidature (score: 20)
2026-08-04 11:34:55,299 [INFO]   [EXPIRÉE] Appel à candidature pour le poste Quatre experts aux compéte... → 2025-05-14
2026-08-04 11:34:55,299 [INFO]   Détails: https://www.emploi-public.ma/fr/experts/details/3d556890-d88a-4b78-aa10-b953f3a04785
2026-08-04 11:34:57,435 [INFO]     PDF trouvé: Arrêté d'appel à candidature (score: 20)
2026-08-04 11:34:57,437 [INFO]   [EXPIRÉE] Appel à candidature pour le poste expert en affaires juridiq... → 2025-05-02
2026-08-04 11:34:57,437 [INFO]   Détails: https://www.emploi-public.ma/fr/experts/details/1d5f52e9-1b4b-423d-bf9b-935a34d3caf2
2026-08-04 11:34:58,048 [INFO]     PDF trouvé: Arrêté d'appel à candidature (score: 20)
2026-08-04 11:34:58,049 [INFO]   [EXPIRÉE] Appel à candidature pour le poste expert... → 2025-04-18
2026-08-04 11:34:58,049 [INFO]   Détails: https://www.emploi-public.ma/fr/experts/details/ee7b273d-5714-41aa-9489-a47d37eb618e
2026-08-04 11:34:59,137 [INFO]     PDF trouvé: Arrêté d'appel à candidature (score: 20)
2026-08-04 11:34:59,138 [INFO]   [EXPIRÉE] Appel à candidature pour le poste Expert en Politique Hydriq... → 2025-04-07
2026-08-04 11:34:59,138 [INFO]   Détails: https://www.emploi-public.ma/fr/experts/details/74c6b2c0-7af0-4688-937b-1881caa843f0
2026-08-04 11:35:00,176 [INFO]     PDF trouvé: Arrêté d'appel à candidature (score: 20)
2026-08-04 11:35:00,177 [INFO]   [EXPIRÉE] Appel à candidature pour le poste expert dans le domaine de ... → 2025-03-31
2026-08-04 11:35:00,177 [INFO]   Détails: https://www.emploi-public.ma/fr/experts/details/efe61f8c-79ae-41bf-851e-67e779047d6a
2026-08-04 11:35:02,052 [INFO]     PDF trouvé: Arrêté d'appel à candidature (score: 20)
2026-08-04 11:35:02,053 [INFO]   [EXPIRÉE] Appel à candidature pour le poste Poste d'Expert en génie ci... → 2025-03-27
2026-08-04 11:35:02,053 [INFO]   Détails: https://www.emploi-public.ma/fr/experts/details/c8ffa879-6f01-46df-9beb-eb9ae0a6f554
2026-08-04 11:35:02,732 [INFO]     PDF trouvé: Arrêté d'appel à candidature (score: 20)
2026-08-04 11:35:02,733 [INFO]   [EXPIRÉE] Appel à candidature pour le poste خبير في مجال صياغة إستراتي... → 2025-03-21
2026-08-04 11:35:02,733 [INFO] Page 5/5
2026-08-04 11:35:02,733 [INFO] Scraping page: https://www.emploi-public.ma/fr/experts-liste?page=4
2026-08-04 11:35:03,652 [INFO]   → 9 annonces trouvées sur cette page
2026-08-04 11:35:03,653 [INFO]   Détails: https://www.emploi-public.ma/fr/experts/details/a538c27d-7e09-4441-9551-b22fe9e9d017
2026-08-04 11:35:04,314 [INFO]     PDF trouvé: Arrêté d'appel à candidature (score: 20)
2026-08-04 11:35:04,315 [INFO]   [EXPIRÉE] Appel à candidature pour le poste خبير في مجال إستراتيجية من... → 2025-03-21
2026-08-04 11:35:04,316 [INFO]   Détails: https://www.emploi-public.ma/fr/experts/details/cf3172d1-8c15-4404-b1ff-21c154c7da2f
2026-08-04 11:35:04,929 [INFO]     PDF trouvé: Arrêté d'appel à candidature (score: 20)
2026-08-04 11:35:04,930 [INFO]   [EXPIRÉE] Appel à candidature pour le poste خبير في مجال تطوير التعاون... → 2025-03-21
2026-08-04 11:35:04,930 [INFO]   Détails: https://www.emploi-public.ma/fr/experts/details/55bfa14b-dac1-4967-b1b6-8983cea09ed9
2026-08-04 11:35:05,554 [INFO]     PDF trouvé: Arrêté d'appel à candidature (score: 20)
2026-08-04 11:35:05,555 [INFO]   [EXPIRÉE] Appel à candidature pour le poste خبير في مجال نظم المعلوميا... → 2025-03-21
2026-08-04 11:35:05,555 [INFO]   Détails: https://www.emploi-public.ma/fr/experts/details/9ebae75d-f857-4c4d-9e16-0108b872c04f
2026-08-04 11:35:06,232 [INFO]     PDF trouvé: Arrêté d'appel à candidature (score: 20)
2026-08-04 11:35:06,234 [INFO]   [EXPIRÉE] Appel à candidature pour le poste gestion des projets et ges... → 2025-03-19
2026-08-04 11:35:06,234 [INFO]   Détails: https://www.emploi-public.ma/fr/experts/details/0608bdd0-0a58-4c90-a1d5-bd3483116452
2026-08-04 11:35:06,814 [INFO]     PDF trouvé: Arrêté d'appel à candidature (score: 20)
2026-08-04 11:35:06,815 [INFO]   [EXPIRÉE] Appel à candidature pour le poste Poste d'expert dans les re... → 2025-02-03
2026-08-04 11:35:06,815 [INFO]   Détails: https://www.emploi-public.ma/fr/experts/details/0cff84fa-82b2-4363-93e0-a88e5063ef0b
2026-08-04 11:35:08,118 [INFO]     PDF trouvé: Arrêté d'appel à candidature (score: 20)
2026-08-04 11:35:08,119 [INFO]   [EXPIRÉE] Appel à candidature pour le poste Expert en gestion des marc... → 2025-01-27
2026-08-04 11:35:08,120 [INFO]   Détails: https://www.emploi-public.ma/fr/experts/details/74373088-bc5e-4908-985b-9b0086ffaed3
2026-08-04 11:35:08,733 [INFO]     PDF trouvé: Arrêté d'appel à candidature (score: 20)
2026-08-04 11:35:08,734 [INFO]   [EXPIRÉE] Appel à candidature pour le poste Expert... → 2025-01-24
2026-08-04 11:35:08,735 [INFO]   Détails: https://www.emploi-public.ma/fr/experts/details/c14080a7-f964-4481-923d-668331b39671
2026-08-04 11:35:09,405 [INFO]     PDF trouvé: Arrêté d'appel à candidature (score: 20)
2026-08-04 11:35:09,407 [INFO]   [EXPIRÉE] Appel à candidature pour le poste Expert... → 2025-01-24
2026-08-04 11:35:09,407 [INFO]   Détails: https://www.emploi-public.ma/fr/experts/details/728ebc5b-6b53-4539-b18a-620011be8614
2026-08-04 11:35:10,040 [INFO]     PDF trouvé: Arrêté d'appel à candidature (score: 20)
2026-08-04 11:35:10,041 [INFO]   [EXPIRÉE] Appel à candidature pour le poste Expert... → 2025-01-24
2026-08-04 11:35:10,046 [INFO] 
============================================================
2026-08-04 11:35:10,046 [INFO] RÉSUMÉ
2026-08-04 11:35:10,046 [INFO] ============================================================
2026-08-04 11:35:10,046 [INFO] Annonces traitées: 200
2026-08-04 11:35:10,046 [INFO] Dates en cours: 58
2026-08-04 11:35:10,046 [INFO] Dates expirées: 98
2026-08-04 11:35:10,046 [INFO] Total résultats en base: 371
2026-08-04 11:35:11,169 [INFO] Email envoyé à cavalkhalid@gmail.com
2026-08-04 11:35:11,169 [INFO] 
Scraper terminé.
2026-08-07 10:04:41,984 [INFO] ============================================================
2026-08-07 10:04:41,985 [INFO] DÉMARRAGE DU SCRAPER emploi-public.ma (FR)
2026-08-07 10:04:41,985 [INFO] Date: 2026-08-07 10:04:41
2026-08-07 10:04:41,985 [INFO] ============================================================
2026-08-07 10:04:41,987 [INFO] 
--- Catégorie: Concours de recrutement ---
2026-08-07 10:04:41,987 [INFO] Page 1/5
2026-08-07 10:04:41,987 [INFO] Scraping page: https://www.emploi-public.ma/fr/concours-liste
2026-08-07 10:04:48,468 [INFO]   → 9 annonces trouvées sur cette page
2026-08-07 10:04:48,469 [INFO]   Détails: https://www.emploi-public.ma/fr/concours/details/567a5bc9-61a3-486f-be9d-21a3919bdcca
2026-08-07 10:04:49,533 [INFO]     PDF trouvé: Arrêté d'ouverture du concours (score: 25)
2026-08-07 10:04:49,535 [INFO]   [EN COURS] Avis de concours de recrutement de Technicien de 3ème grade ... → 2026-08-19
2026-08-07 10:04:49,535 [INFO]   Détails: https://www.emploi-public.ma/fr/concours/details/8cce8ed8-8973-49f6-ae36-f75aef0d9d96
2026-08-07 10:04:50,728 [INFO]     PDF trouvé: Arrêté d'ouverture du concours (score: 25)
2026-08-07 10:04:50,729 [INFO]   [EN COURS] Avis de concours de recrutement de Maître de conférences gra... → 2026-08-19
2026-08-07 10:04:50,729 [INFO]   Détails: https://www.emploi-public.ma/fr/concours/details/72ed0218-c625-44ef-ad36-0ddf1450d8b7
2026-08-07 10:04:52,732 [INFO]     PDF trouvé: Arrêté d'ouverture du concours (score: 25)
2026-08-07 10:04:52,733 [INFO]   [EN COURS] Avis de concours de recrutement de Ingénieur d'Etat 1er grad... → 2026-08-18
2026-08-07 10:04:52,733 [INFO]   Détails: https://www.emploi-public.ma/fr/concours/details/1d56279d-bec7-4467-906d-4003286e1a05
2026-08-07 10:04:53,722 [INFO]     PDF trouvé: Arrêté d'ouverture du concours (score: 25)
2026-08-07 10:04:53,723 [INFO]   [EN COURS] Avis de concours de recrutement de Architecte 1er grade - Ec... → 2026-08-13
2026-08-07 10:04:53,723 [INFO]   Détails: https://www.emploi-public.ma/fr/concours/details/1874ae4c-94d6-4af0-9575-a39ede5189ff
2026-08-07 10:04:58,661 [INFO]     PDF trouvé: Arrêté d'ouverture du concours (score: 25)
2026-08-07 10:04:58,662 [INFO]   [EN COURS] Avis de concours de recrutement de Administrateur 2ème grade... → 2026-08-31
2026-08-07 10:04:58,662 [INFO]   Détails: https://www.emploi-public.ma/fr/concours/details/72d7f4f3-b81d-4f01-b750-c84c9fdb3db1
2026-08-07 10:05:03,399 [INFO]     PDF trouvé: Arrêté d'ouverture du concours (score: 25)
2026-08-07 10:05:03,401 [INFO]   [EN COURS] Avis de concours de recrutement de Administrateur 2ème grade... → 2026-08-31
2026-08-07 10:05:03,401 [INFO]   Détails: https://www.emploi-public.ma/fr/concours/details/74fa6128-711a-40b7-b71b-5b4388a2d9d4
2026-08-07 10:05:04,801 [INFO]     PDF trouvé: Arrêté d'ouverture du concours (score: 25)
2026-08-07 10:05:04,802 [INFO]   [EN COURS] Avis de concours de recrutement de Adjoint technique 2ème gr... → 2026-08-10
2026-08-07 10:05:04,803 [INFO]   Détails: https://www.emploi-public.ma/fr/concours/details/3d99718c-9c89-43ed-92b5-ec76b2c038b3
2026-08-07 10:05:06,241 [INFO]     PDF trouvé: Arrêté d'ouverture du concours (score: 25)
2026-08-07 10:05:06,243 [INFO]   [EN COURS] Avis de concours de recrutement de Technicien de 4ème grade ... → 2026-08-10
2026-08-07 10:05:06,243 [INFO]   Détails: https://www.emploi-public.ma/fr/concours/details/4e64e78f-621d-4e95-a829-a8b22986502a
2026-08-07 10:05:07,895 [INFO]     PDF trouvé: Arrêté d'ouverture du concours (score: 25)
2026-08-07 10:05:07,896 [INFO]   [EN COURS] Avis de concours de recrutement de Technicien de 3ème grade ... → 2026-08-10
2026-08-07 10:05:07,896 [INFO] Page 2/5
2026-08-07 10:05:07,896 [INFO] Scraping page: https://www.emploi-public.ma/fr/concours-liste?page=1
2026-08-07 10:05:09,878 [INFO]   → 9 annonces trouvées sur cette page
2026-08-07 10:05:09,879 [INFO]   Détails: https://www.emploi-public.ma/fr/concours/details/567a5bc9-61a3-486f-be9d-21a3919bdcca
2026-08-07 10:05:10,918 [INFO]     PDF trouvé: Arrêté d'ouverture du concours (score: 25)
2026-08-07 10:05:10,919 [INFO]   [EN COURS] Avis de concours de recrutement de Technicien de 3ème grade ... → 2026-08-19
2026-08-07 10:05:10,919 [INFO]   Détails: https://www.emploi-public.ma/fr/concours/details/8cce8ed8-8973-49f6-ae36-f75aef0d9d96
2026-08-07 10:05:13,033 [INFO]     PDF trouvé: Arrêté d'ouverture du concours (score: 25)
2026-08-07 10:05:13,034 [INFO]   [EN COURS] Avis de concours de recrutement de Maître de conférences gra... → 2026-08-19
2026-08-07 10:05:13,034 [INFO]   Détails: https://www.emploi-public.ma/fr/concours/details/72ed0218-c625-44ef-ad36-0ddf1450d8b7
2026-08-07 10:05:14,067 [INFO]     PDF trouvé: Arrêté d'ouverture du concours (score: 25)
2026-08-07 10:05:14,068 [INFO]   [EN COURS] Avis de concours de recrutement de Ingénieur d'Etat 1er grad... → 2026-08-18
2026-08-07 10:05:14,068 [INFO]   Détails: https://www.emploi-public.ma/fr/concours/details/1d56279d-bec7-4467-906d-4003286e1a05
2026-08-07 10:05:15,075 [INFO]     PDF trouvé: Arrêté d'ouverture du concours (score: 25)
2026-08-07 10:05:15,076 [INFO]   [EN COURS] Avis de concours de recrutement de Architecte 1er grade - Ec... → 2026-08-13
2026-08-07 10:05:15,076 [INFO]   Détails: https://www.emploi-public.ma/fr/concours/details/1874ae4c-94d6-4af0-9575-a39ede5189ff
2026-08-07 10:05:15,931 [INFO]     PDF trouvé: Arrêté d'ouverture du concours (score: 25)
2026-08-07 10:05:15,932 [INFO]   [EN COURS] Avis de concours de recrutement de Administrateur 2ème grade... → 2026-08-31
2026-08-07 10:05:15,932 [INFO]   Détails: https://www.emploi-public.ma/fr/concours/details/72d7f4f3-b81d-4f01-b750-c84c9fdb3db1
2026-08-07 10:05:17,233 [INFO]     PDF trouvé: Arrêté d'ouverture du concours (score: 25)
2026-08-07 10:05:17,234 [INFO]   [EN COURS] Avis de concours de recrutement de Administrateur 2ème grade... → 2026-08-31
2026-08-07 10:05:17,235 [INFO]   Détails: https://www.emploi-public.ma/fr/concours/details/74fa6128-711a-40b7-b71b-5b4388a2d9d4
2026-08-07 10:05:18,100 [INFO]     PDF trouvé: Arrêté d'ouverture du concours (score: 25)
2026-08-07 10:05:18,101 [INFO]   [EN COURS] Avis de concours de recrutement de Adjoint technique 2ème gr... → 2026-08-10
2026-08-07 10:05:18,102 [INFO]   Détails: https://www.emploi-public.ma/fr/concours/details/3d99718c-9c89-43ed-92b5-ec76b2c038b3
2026-08-07 10:05:19,201 [INFO]     PDF trouvé: Arrêté d'ouverture du concours (score: 25)
2026-08-07 10:05:19,202 [INFO]   [EN COURS] Avis de concours de recrutement de Technicien de 4ème grade ... → 2026-08-10
2026-08-07 10:05:19,203 [INFO]   Détails: https://www.emploi-public.ma/fr/concours/details/4e64e78f-621d-4e95-a829-a8b22986502a
2026-08-07 10:05:24,860 [INFO]     PDF trouvé: Arrêté d'ouverture du concours (score: 25)
2026-08-07 10:05:24,861 [INFO]   [EN COURS] Avis de concours de recrutement de Technicien de 3ème grade ... → 2026-08-10
2026-08-07 10:05:24,861 [INFO] Page 3/5
2026-08-07 10:05:24,861 [INFO] Scraping page: https://www.emploi-public.ma/fr/concours-liste?page=2
2026-08-07 10:05:31,423 [INFO]   → 9 annonces trouvées sur cette page
2026-08-07 10:05:31,425 [INFO]   Détails: https://www.emploi-public.ma/fr/concours/details/bacf792b-04bc-4a4b-a73b-cc69eab17a49
2026-08-07 10:05:34,827 [INFO]     PDF trouvé: Arrêté d'ouverture du concours (score: 25)
2026-08-07 10:05:34,828 [INFO]   [EN COURS] Avis de concours de recrutement de Ingénieur d'Etat 1er grad... → 2026-08-10
2026-08-07 10:05:34,828 [INFO]   Détails: https://www.emploi-public.ma/fr/concours/details/3d6e4275-fe42-4fa4-b135-22595857f77b
2026-08-07 10:05:36,974 [INFO]     PDF trouvé: Arrêté d'ouverture du concours (score: 25)
2026-08-07 10:05:36,975 [INFO]   [EN COURS] Avis de concours de recrutement de Secrétaire des affaires é... → 2026-08-10
2026-08-07 10:05:36,975 [INFO]   Détails: https://www.emploi-public.ma/fr/concours/details/f8fd2d0d-5d98-42d7-8229-9924acf1c303
2026-08-07 10:05:37,968 [INFO]     PDF trouvé: Arrêté d'ouverture du concours (score: 25)
2026-08-07 10:05:37,969 [INFO]   [EN COURS] Avis de concours de recrutement de Conseiller des affaires é... → 2026-08-10
2026-08-07 10:05:37,969 [INFO]   Détails: https://www.emploi-public.ma/fr/concours/details/0d14767d-7b8a-4282-b397-96709c297e37
2026-08-07 10:05:39,048 [INFO]     PDF trouvé: Arrêté d'ouverture du concours (score: 25)
2026-08-07 10:05:39,049 [INFO]   [EN COURS] Avis de concours de recrutement de Inspecteur des Douanes de... → 2026-08-10
2026-08-07 10:05:39,049 [INFO]   Détails: https://www.emploi-public.ma/fr/concours/details/ab562af5-0ec1-4fe8-99a3-48cd82b59676
2026-08-07 10:05:40,462 [INFO]     PDF trouvé: Arrêté d'ouverture du concours (score: 25)
2026-08-07 10:05:40,463 [INFO]   [EN COURS] Avis de concours de recrutement de Ingénieur d’Etat  des Dou... → 2026-08-10
2026-08-07 10:05:40,463 [INFO]   Détails: https://www.emploi-public.ma/fr/concours/details/e9c0bb85-e735-4886-acf1-b3309ba4a205
2026-08-07 10:05:41,865 [INFO]     PDF trouvé: Arrêté d'ouverture du concours (score: 25)
2026-08-07 10:05:41,867 [INFO]   [EN COURS] Avis de concours de recrutement de Ingénieur d'Etat 1er grad... → 2026-08-10
2026-08-07 10:05:41,867 [INFO]   Détails: https://www.emploi-public.ma/fr/concours/details/d91438ac-a7df-48aa-a29d-ea568c52b32e
2026-08-07 10:05:43,485 [INFO]     PDF trouvé: Arrêté d'ouverture du concours (score: 25)
2026-08-07 10:05:43,486 [INFO]   [EN COURS] Avis de concours de recrutement de Technicien de 3ème grade ... → 2026-08-07
2026-08-07 10:05:43,486 [INFO]   Détails: https://www.emploi-public.ma/fr/concours/details/6aa579ad-7abb-44f1-b036-56e9fbafced8
2026-08-07 10:05:44,572 [INFO]     PDF trouvé: Arrêté d'ouverture du concours (score: 25)
2026-08-07 10:05:44,574 [INFO]   [EN COURS] Avis de concours de recrutement de Administrateur 2ème grade... → 2026-08-07
2026-08-07 10:05:44,574 [INFO]   Détails: https://www.emploi-public.ma/fr/concours/details/c27ac1df-953a-4b58-a2e2-e273271f18b1
2026-08-07 10:05:45,598 [INFO]     PDF trouvé: Arrêté d'ouverture du concours (score: 25)
2026-08-07 10:05:45,599 [INFO]   [EXPIRÉE] Publication de la liste des convoqués pour l'examen écrit du... → 2026-08-05
2026-08-07 10:05:45,599 [INFO] Page 4/5
2026-08-07 10:05:45,599 [INFO] Scraping page: https://www.emploi-public.ma/fr/concours-liste?page=3
2026-08-07 10:05:46,758 [INFO]   → 9 annonces trouvées sur cette page
2026-08-07 10:05:46,759 [INFO]   Détails: https://www.emploi-public.ma/fr/concours/details/7faff0fb-2922-485a-853e-20b4d81cbc7a
2026-08-07 10:05:50,266 [INFO]     PDF trouvé: Arrêté d'ouverture du concours (score: 25)
2026-08-07 10:05:50,267 [INFO]   [EXPIRÉE] Avis de concours de recrutement de Maître de conférences gra... → 2026-08-03
2026-08-07 10:05:50,267 [INFO]   Détails: https://www.emploi-public.ma/fr/concours/details/2c15e888-7029-4082-9334-eef194ee5586
2026-08-07 10:05:52,640 [INFO]     PDF trouvé: Arrêté d'ouverture du concours (score: 25)
2026-08-07 10:05:52,641 [INFO]   [EXPIRÉE] Avis de concours de recrutement de Administrateur 2ème grade... → 2026-08-03
2026-08-07 10:05:52,641 [INFO]   Détails: https://www.emploi-public.ma/fr/concours/details/d543668b-c808-4ac0-933b-4301237f9f67
2026-08-07 10:05:53,539 [INFO]     PDF trouvé: Arrêté d'ouverture du concours (score: 25)
2026-08-07 10:05:53,540 [INFO]   [EXPIRÉE] Avis de concours de recrutement de Administrateur 3ème grade... → 2026-07-31
2026-08-07 10:05:53,540 [INFO]   Détails: https://www.emploi-public.ma/fr/concours/details/78699344-c4d1-4204-ad40-9749cc0563aa
2026-08-07 10:05:54,519 [INFO]     PDF trouvé: Arrêté d'ouverture du concours (score: 25)
2026-08-07 10:05:54,520 [INFO]   [EXPIRÉE] Publication de la liste des convoqués pour l'examen écrit du... → 2026-07-23
2026-08-07 10:05:54,520 [INFO]   Détails: https://www.emploi-public.ma/fr/concours/details/b62a7d1c-c399-48cd-ab9f-adca105db22f
2026-08-07 10:05:55,646 [INFO]     PDF trouvé: Arrêté d'ouverture du concours (score: 25)
2026-08-07 10:05:55,647 [INFO]   [EXPIRÉE] Publication de la liste des convoqués pour l'examen écrit du... → 2026-07-21
2026-08-07 10:05:55,647 [INFO]   Détails: https://www.emploi-public.ma/fr/concours/details/dc6005fa-8f1f-418f-baed-64e9caca12f6
2026-08-07 10:05:56,899 [INFO]     PDF trouvé: Arrêté d'ouverture du concours (score: 25)
2026-08-07 10:05:56,900 [INFO]   [EXPIRÉE] Publication de la liste des convoqués pour l'examen écrit du... → 2026-07-21
2026-08-07 10:05:56,900 [INFO]   Détails: https://www.emploi-public.ma/fr/concours/details/7d4f66b4-2f8c-4dbf-94ea-99d5943a7378
2026-08-07 10:06:01,261 [INFO]     PDF trouvé: Arrêté d'ouverture du concours (score: 25)
2026-08-07 10:06:01,262 [INFO]   [EXPIRÉE] Publication de la liste des convoqués pour l'examen écrit du... → 2026-07-21
2026-08-07 10:06:01,262 [INFO]   Détails: https://www.emploi-public.ma/fr/concours/details/e372c384-b595-401d-bfa7-77c67af01fbe
2026-08-07 10:06:02,446 [INFO]     PDF trouvé: Arrêté d'ouverture du concours (score: 25)
2026-08-07 10:06:02,447 [INFO]   [EXPIRÉE] Publication de la liste des convoqués pour l'examen écrit du... → 2026-07-21
2026-08-07 10:06:02,447 [INFO]   Détails: https://www.emploi-public.ma/fr/concours/details/606d3ff2-2e7a-4174-9d74-713c58402b8a
2026-08-07 10:06:03,436 [INFO]     PDF trouvé: Arrêté d'ouverture du concours (score: 25)
2026-08-07 10:06:03,437 [INFO]   [EXPIRÉE] Publication de la liste des résultats pour le concours de re... → 2026-07-21
2026-08-07 10:06:03,438 [INFO] Page 5/5
2026-08-07 10:06:03,438 [INFO] Scraping page: https://www.emploi-public.ma/fr/concours-liste?page=4
2026-08-07 10:06:04,611 [INFO]   → 9 annonces trouvées sur cette page
2026-08-07 10:06:04,612 [INFO]   Détails: https://www.emploi-public.ma/fr/concours/details/9740d64c-8b1b-47b8-abe8-00b3575d4aa9
2026-08-07 10:06:05,700 [INFO]     PDF trouvé: Arrêté d'ouverture du concours (score: 25)
2026-08-07 10:06:05,701 [INFO]   [EXPIRÉE] Publication de la liste des convoqués pour l'examen écrit du... → 2026-07-20
2026-08-07 10:06:05,702 [INFO]   Détails: https://www.emploi-public.ma/fr/concours/details/b89b6b38-795f-49af-9d00-910305760e85
2026-08-07 10:06:06,686 [INFO]     PDF trouvé: Arrêté d'ouverture du concours (score: 25)
2026-08-07 10:06:06,687 [INFO]   [EXPIRÉE] Publication de la liste des convoqués pour l'examen écrit du... → 2026-07-20
2026-08-07 10:06:06,687 [INFO]   Détails: https://www.emploi-public.ma/fr/concours/details/f33919ef-c4a4-41c0-9927-744882ec1140
2026-08-07 10:06:08,103 [INFO]     PDF trouvé: Arrêté d'ouverture du concours (score: 25)
2026-08-07 10:06:08,104 [INFO]   [EXPIRÉE] Publication de la liste des convoqués pour l'examen écrit du... → 2026-07-20
2026-08-07 10:06:08,104 [INFO]   Détails: https://www.emploi-public.ma/fr/concours/details/00afdf47-67cd-4c3b-910d-295480956c45
2026-08-07 10:06:09,025 [INFO]     PDF trouvé: Arrêté d'ouverture du concours (score: 25)
2026-08-07 10:06:09,026 [INFO]   [EXPIRÉE] Publication de la liste des convoqués pour l'examen écrit du... → 2026-07-20
2026-08-07 10:06:09,026 [INFO]   Détails: https://www.emploi-public.ma/fr/concours/details/0c6baf5e-be9d-4ef5-a8f7-b9044cf640d5
2026-08-07 10:06:13,028 [INFO]     PDF trouvé: Arrêté d'ouverture du concours (score: 25)
2026-08-07 10:06:13,029 [INFO]   [EXPIRÉE] Publication de la liste des résultats pour le concours de re... → 2026-07-15
2026-08-07 10:06:13,029 [INFO]   Détails: https://www.emploi-public.ma/fr/concours/details/c6303b4c-114c-4b25-b6c5-eca77cba3dad
2026-08-07 10:06:14,051 [INFO]     PDF trouvé: Arrêté d'ouverture du concours (score: 25)
2026-08-07 10:06:14,053 [INFO]   [EXPIRÉE] Publication de la liste des résultats pour le concours de re... → 2026-07-15
2026-08-07 10:06:14,053 [INFO]   Détails: https://www.emploi-public.ma/fr/concours/details/1f901e2f-de1d-4110-874d-d5d890119e69
2026-08-07 10:06:18,663 [INFO]     PDF trouvé: Arrêté d'ouverture du concours (score: 25)
2026-08-07 10:06:18,664 [INFO]   [EXPIRÉE] Publication de la liste des résultats pour le concours de re... → 2026-07-15
2026-08-07 10:06:18,664 [INFO]   Détails: https://www.emploi-public.ma/fr/concours/details/c83d70e2-ec18-4f3b-b97f-03d080ad762a
2026-08-07 10:06:22,685 [INFO]     PDF trouvé: Arrêté d'ouverture du concours (score: 25)
2026-08-07 10:06:22,686 [INFO]   [EXPIRÉE] Publication de la liste des résultats pour le concours de re... → 2026-07-14
2026-08-07 10:06:22,686 [INFO]   Détails: https://www.emploi-public.ma/fr/concours/details/c3749204-66e1-4485-a631-e7ede10e21ab
2026-08-07 10:06:24,211 [INFO]     PDF trouvé: Arrêté d'ouverture du concours (score: 25)
2026-08-07 10:06:24,212 [INFO]   [EXPIRÉE] Publication de la liste des résultats pour le concours de re... → 2026-07-14
2026-08-07 10:06:24,212 [INFO] 
--- Catégorie: Emplois supérieurs ---
2026-08-07 10:06:24,212 [INFO] Page 1/5
2026-08-07 10:06:24,213 [INFO] Scraping page: https://www.emploi-public.ma/fr/emploi-sup-liste
2026-08-07 10:06:25,541 [INFO]   → 9 annonces trouvées sur cette page
2026-08-07 10:06:25,542 [INFO]   Détails: https://www.emploi-public.ma/fr/emploi-sup/details/30d00bcd-df71-43f3-945e-2204e61cb425
2026-08-07 10:06:26,949 [WARNING] Format de date non reconnu: 30
2026-08-07 10:06:26,950 [INFO]     PDF trouvé: Arrêté d'appel à candidature (score: 20)
2026-08-07 10:06:26,951 [INFO]   [PAS DE DATE] Avis d'emplois supérieurs Directeur de l'Institut National d...
2026-08-07 10:06:26,951 [INFO]   Détails: https://www.emploi-public.ma/fr/emploi-sup/details/0caf53e1-867a-4e91-a2d5-4f18a1b80e58
2026-08-07 10:06:27,978 [WARNING] Format de date non reconnu: 30
2026-08-07 10:06:27,980 [INFO]     PDF trouvé: Arrêté d'appel à candidature (score: 20)
2026-08-07 10:06:27,981 [INFO]   [PAS DE DATE] Avis d'emplois supérieurs Directeur des Ressources Humaines,...
2026-08-07 10:06:27,981 [INFO]   Détails: https://www.emploi-public.ma/fr/emploi-sup/details/a260f3d6-19bf-4755-87e7-64988bd5d952
2026-08-07 10:06:28,823 [WARNING] Format de date non reconnu: 30
2026-08-07 10:06:28,824 [INFO]     PDF trouvé: Arrêté d'appel à candidature (score: 20)
2026-08-07 10:06:28,825 [INFO]   [PAS DE DATE] Avis d'emplois supérieurs directeur de l'Aéronautique Civile...
2026-08-07 10:06:28,825 [INFO]   Détails: https://www.emploi-public.ma/fr/emploi-sup/details/803881f5-f7fa-4f8f-b2cd-d6b1566b7fe5
2026-08-07 10:06:30,099 [WARNING] Format de date non reconnu: 30
2026-08-07 10:06:30,100 [INFO]     PDF trouvé: Arrêté d'appel à candidature (score: 20)
2026-08-07 10:06:30,101 [INFO]   [PAS DE DATE] Avis d'emplois supérieurs DIRECTEUR DE L’INSTITUT SUPERIEUR ...
2026-08-07 10:06:30,102 [INFO]   Détails: https://www.emploi-public.ma/fr/emploi-sup/details/43fe4445-da66-401e-a3c4-2562a221a332
2026-08-07 10:06:32,029 [WARNING] Format de date non reconnu: 30
2026-08-07 10:06:32,030 [INFO]     PDF trouvé: Arrêté d'appel à candidature (score: 20)
2026-08-07 10:06:32,031 [INFO]   [PAS DE DATE] Avis d'emplois supérieurs DIRECTEUR FONSAFJS...
2026-08-07 10:06:32,031 [INFO]   Détails: https://www.emploi-public.ma/fr/emploi-sup/details/2c16f418-dd0f-4bb2-b66e-f926057114f9
2026-08-07 10:06:33,490 [WARNING] Format de date non reconnu: 30
2026-08-07 10:06:33,491 [INFO]     PDF trouvé: Arrêté d'appel à candidature (score: 20)
2026-08-07 10:06:33,492 [INFO]   [PAS DE DATE] Avis d'emplois supérieurs Directeur de la jeunesse...
2026-08-07 10:06:33,492 [INFO]   Détails: https://www.emploi-public.ma/fr/emploi-sup/details/fb33496a-b3e4-46d5-a556-86d0223b04f8
2026-08-07 10:06:34,620 [WARNING] Format de date non reconnu: 30
2026-08-07 10:06:34,621 [INFO]     PDF trouvé: Arrêté d'appel à candidature (score: 20)
2026-08-07 10:06:34,622 [INFO]   [PAS DE DATE] Avis d'emplois supérieurs Directeur(trice) des Affaires géné...
2026-08-07 10:06:34,622 [INFO]   Détails: https://www.emploi-public.ma/fr/emploi-sup/details/d75f25b8-e1b6-4bba-9bf2-9bcc6a5e913c
2026-08-07 10:06:35,515 [WARNING] Format de date non reconnu: 30
2026-08-07 10:06:35,516 [INFO]     PDF trouvé: Arrêté d'appel à candidature (score: 20)
2026-08-07 10:06:35,517 [INFO]   [PAS DE DATE] Avis d'emplois supérieurs Directeur des statuts et des Eudes...
2026-08-07 10:06:35,517 [INFO]   Détails: https://www.emploi-public.ma/fr/emploi-sup/details/4d6a3c99-2658-4cfd-99b5-bc5c012c8e55
2026-08-07 10:06:36,388 [WARNING] Format de date non reconnu: 30
2026-08-07 10:06:36,390 [INFO]     PDF trouvé: Arrêté d'appel à candidature (score: 20)
2026-08-07 10:06:36,391 [INFO]   [PAS DE DATE] Avis d'emplois supérieurs Directeur(trice) du Centre nationa...
2026-08-07 10:06:36,391 [INFO] Page 2/5
2026-08-07 10:06:36,391 [INFO] Scraping page: https://www.emploi-public.ma/fr/emploi-sup-liste?page=1
2026-08-07 10:06:39,976 [INFO]   → 9 annonces trouvées sur cette page
2026-08-07 10:06:39,977 [INFO]   Détails: https://www.emploi-public.ma/fr/emploi-sup/details/30d00bcd-df71-43f3-945e-2204e61cb425
2026-08-07 10:06:41,219 [WARNING] Format de date non reconnu: 30
2026-08-07 10:06:41,220 [INFO]     PDF trouvé: Arrêté d'appel à candidature (score: 20)
2026-08-07 10:06:41,221 [INFO]   [PAS DE DATE] Avis d'emplois supérieurs Directeur de l'Institut National d...
2026-08-07 10:06:41,221 [INFO]   Détails: https://www.emploi-public.ma/fr/emploi-sup/details/0caf53e1-867a-4e91-a2d5-4f18a1b80e58
2026-08-07 10:06:42,086 [WARNING] Format de date non reconnu: 30
2026-08-07 10:06:42,087 [INFO]     PDF trouvé: Arrêté d'appel à candidature (score: 20)
2026-08-07 10:06:42,088 [INFO]   [PAS DE DATE] Avis d'emplois supérieurs Directeur des Ressources Humaines,...
2026-08-07 10:06:42,089 [INFO]   Détails: https://www.emploi-public.ma/fr/emploi-sup/details/a260f3d6-19bf-4755-87e7-64988bd5d952
2026-08-07 10:06:43,738 [WARNING] Format de date non reconnu: 30
2026-08-07 10:06:43,739 [INFO]     PDF trouvé: Arrêté d'appel à candidature (score: 20)
2026-08-07 10:06:43,740 [INFO]   [PAS DE DATE] Avis d'emplois supérieurs directeur de l'Aéronautique Civile...
2026-08-07 10:06:43,740 [INFO]   Détails: https://www.emploi-public.ma/fr/emploi-sup/details/803881f5-f7fa-4f8f-b2cd-d6b1566b7fe5
2026-08-07 10:06:44,662 [WARNING] Format de date non reconnu: 30
2026-08-07 10:06:44,663 [INFO]     PDF trouvé: Arrêté d'appel à candidature (score: 20)
2026-08-07 10:06:44,664 [INFO]   [PAS DE DATE] Avis d'emplois supérieurs DIRECTEUR DE L’INSTITUT SUPERIEUR ...
2026-08-07 10:06:44,664 [INFO]   Détails: https://www.emploi-public.ma/fr/emploi-sup/details/43fe4445-da66-401e-a3c4-2562a221a332
2026-08-07 10:06:46,006 [WARNING] Format de date non reconnu: 30
2026-08-07 10:06:46,007 [INFO]     PDF trouvé: Arrêté d'appel à candidature (score: 20)
2026-08-07 10:06:46,008 [INFO]   [PAS DE DATE] Avis d'emplois supérieurs DIRECTEUR FONSAFJS...
2026-08-07 10:06:46,008 [INFO]   Détails: https://www.emploi-public.ma/fr/emploi-sup/details/2c16f418-dd0f-4bb2-b66e-f926057114f9
2026-08-07 10:06:46,917 [WARNING] Format de date non reconnu: 30
2026-08-07 10:06:46,918 [INFO]     PDF trouvé: Arrêté d'appel à candidature (score: 20)
2026-08-07 10:06:46,919 [INFO]   [PAS DE DATE] Avis d'emplois supérieurs Directeur de la jeunesse...
2026-08-07 10:06:46,919 [INFO]   Détails: https://www.emploi-public.ma/fr/emploi-sup/details/fb33496a-b3e4-46d5-a556-86d0223b04f8
2026-08-07 10:06:47,921 [WARNING] Format de date non reconnu: 30
2026-08-07 10:06:47,922 [INFO]     PDF trouvé: Arrêté d'appel à candidature (score: 20)
2026-08-07 10:06:47,923 [INFO]   [PAS DE DATE] Avis d'emplois supérieurs Directeur(trice) des Affaires géné...
2026-08-07 10:06:47,923 [INFO]   Détails: https://www.emploi-public.ma/fr/emploi-sup/details/d75f25b8-e1b6-4bba-9bf2-9bcc6a5e913c
2026-08-07 10:06:49,820 [WARNING] Format de date non reconnu: 30
2026-08-07 10:06:49,821 [INFO]     PDF trouvé: Arrêté d'appel à candidature (score: 20)
2026-08-07 10:06:49,822 [INFO]   [PAS DE DATE] Avis d'emplois supérieurs Directeur des statuts et des Eudes...
2026-08-07 10:06:49,822 [INFO]   Détails: https://www.emploi-public.ma/fr/emploi-sup/details/4d6a3c99-2658-4cfd-99b5-bc5c012c8e55
2026-08-07 10:06:51,241 [WARNING] Format de date non reconnu: 30
2026-08-07 10:06:51,242 [INFO]     PDF trouvé: Arrêté d'appel à candidature (score: 20)
2026-08-07 10:06:51,243 [INFO]   [PAS DE DATE] Avis d'emplois supérieurs Directeur(trice) du Centre nationa...
2026-08-07 10:06:51,243 [INFO] Page 3/5
2026-08-07 10:06:51,243 [INFO] Scraping page: https://www.emploi-public.ma/fr/emploi-sup-liste?page=2
2026-08-07 10:06:52,167 [INFO]   → 9 annonces trouvées sur cette page
2026-08-07 10:06:52,168 [INFO]   Détails: https://www.emploi-public.ma/fr/emploi-sup/details/d5445636-5a56-491e-9305-8cd418b361f8
2026-08-07 10:06:52,876 [WARNING] Format de date non reconnu: 00
2026-08-07 10:06:52,877 [INFO]     PDF trouvé: Arrêté d'appel à candidature (score: 20)
2026-08-07 10:06:52,878 [INFO]   [PAS DE DATE] Avis d'emplois supérieurs Directeur de l'Aménagement du Terr...
2026-08-07 10:06:52,878 [INFO]   Détails: https://www.emploi-public.ma/fr/emploi-sup/details/a19c981f-5e73-4699-978a-3c26f387e76d
2026-08-07 10:06:53,715 [WARNING] Format de date non reconnu: 00
2026-08-07 10:06:53,716 [INFO]     PDF trouvé: Arrêté d'appel à candidature (score: 20)
2026-08-07 10:06:53,717 [INFO]   [PAS DE DATE] Avis d'emplois supérieurs Directeur de l'Agence Urbaine d'Al...
2026-08-07 10:06:53,717 [INFO]   Détails: https://www.emploi-public.ma/fr/emploi-sup/details/c3eed04a-67b9-4ceb-b4c3-b32e0273c191
2026-08-07 10:06:54,648 [WARNING] Format de date non reconnu: 00
2026-08-07 10:06:54,649 [INFO]     PDF trouvé: Arrêté d'appel à candidature (score: 20)
2026-08-07 10:06:54,650 [INFO]   [PAS DE DATE] Avis d'emplois supérieurs Directeur de l'Agence Urbaine de L...
2026-08-07 10:06:54,650 [INFO]   Détails: https://www.emploi-public.ma/fr/emploi-sup/details/6bbca177-c943-4200-991d-4945c7de6c3e
2026-08-07 10:06:56,855 [WARNING] Format de date non reconnu: 30
2026-08-07 10:06:56,856 [INFO]     PDF trouvé: Arrêté d'appel à candidature (score: 20)
2026-08-07 10:06:56,857 [INFO]   [PAS DE DATE] Avis d'emplois supérieurs Directeur(trice) des affaires géné...
2026-08-07 10:06:56,857 [INFO]   Détails: https://www.emploi-public.ma/fr/emploi-sup/details/971391f4-c3ed-4054-b39a-d498fdbfba4b
2026-08-07 10:06:58,278 [WARNING] Format de date non reconnu: 30
2026-08-07 10:06:58,279 [INFO]     PDF trouvé: Arrêté d'appel à candidature (score: 20)
2026-08-07 10:06:58,280 [INFO]   [PAS DE DATE] Avis d'emplois supérieurs Directeur(trice) de l’Institut Roy...
2026-08-07 10:06:58,280 [INFO]   Détails: https://www.emploi-public.ma/fr/emploi-sup/details/1afa70c8-a02b-457d-98c8-6787ae253f28
2026-08-07 10:06:59,175 [WARNING] Format de date non reconnu: 30
2026-08-07 10:06:59,176 [INFO]     PDF trouvé: Arrêté d'appel à candidature (score: 20)
2026-08-07 10:06:59,177 [INFO]   [PAS DE DATE] Avis d'emplois supérieurs Directeur de l'Ecole des Sciences ...
2026-08-07 10:06:59,177 [INFO]   Détails: https://www.emploi-public.ma/fr/emploi-sup/details/e1c5923d-7307-42c7-90ed-21db5ce34a49
2026-08-07 10:07:00,070 [WARNING] Format de date non reconnu: 30
2026-08-07 10:07:00,071 [INFO]     PDF trouvé: Arrêté d'appel à candidature (score: 20)
2026-08-07 10:07:00,072 [INFO]   [PAS DE DATE] Avis d'emplois supérieurs Directeur des législations des Inf...
2026-08-07 10:07:00,072 [INFO]   Détails: https://www.emploi-public.ma/fr/emploi-sup/details/cb431ce3-c104-457a-b464-8ca3b4a5fe55
2026-08-07 10:07:02,725 [WARNING] Format de date non reconnu: 30
2026-08-07 10:07:02,726 [INFO]     PDF trouvé: Arrêté d'appel à candidature (score: 20)
2026-08-07 10:07:02,727 [INFO]   [PAS DE DATE] Avis d'emplois supérieurs Directeur des législations de la g...
2026-08-07 10:07:02,727 [INFO]   Détails: https://www.emploi-public.ma/fr/emploi-sup/details/83256c4b-36f7-461e-8579-7dbec3b6aae0
2026-08-07 10:07:03,600 [WARNING] Format de date non reconnu: 30
2026-08-07 10:07:03,601 [INFO]     PDF trouvé: Arrêté d'appel à candidature (score: 20)
2026-08-07 10:07:03,602 [INFO]   [PAS DE DATE] Avis d'emplois supérieurs Doyen de la Faculté de Médecine et...
2026-08-07 10:07:03,602 [INFO] Page 4/5
2026-08-07 10:07:03,602 [INFO] Scraping page: https://www.emploi-public.ma/fr/emploi-sup-liste?page=3
2026-08-07 10:07:04,501 [INFO]   → 9 annonces trouvées sur cette page
2026-08-07 10:07:04,502 [INFO]   Détails: https://www.emploi-public.ma/fr/emploi-sup/details/e1054489-8a0a-4d64-92ab-55a9dbb52ac5
2026-08-07 10:07:05,641 [WARNING] Format de date non reconnu: 30
2026-08-07 10:07:05,642 [INFO]     PDF trouvé: Arrêté d'appel à candidature (score: 20)
2026-08-07 10:07:05,643 [INFO]   [PAS DE DATE] Avis d'emplois supérieurs Directeur de l'Ecole Mohammadia de...
2026-08-07 10:07:05,643 [INFO]   Détails: https://www.emploi-public.ma/fr/emploi-sup/details/4276b348-5dae-41c9-b638-6ca89ffaf304
2026-08-07 10:07:06,941 [WARNING] Format de date non reconnu: 30
2026-08-07 10:07:06,942 [INFO]     PDF trouvé: Arrêté d'appel à candidature (score: 20)
2026-08-07 10:07:06,943 [INFO]   [PAS DE DATE] Avis d'emplois supérieurs Directeur(trice) du Centre régiona...
2026-08-07 10:07:06,944 [INFO]   Détails: https://www.emploi-public.ma/fr/emploi-sup/details/0f48ee65-4c13-4056-a870-a38f35f26eee
2026-08-07 10:07:08,293 [WARNING] Format de date non reconnu: 30
2026-08-07 10:07:08,294 [INFO]     PDF trouvé: Arrêté d'appel à candidature (score: 20)
2026-08-07 10:07:08,295 [INFO]   [PAS DE DATE] Avis d'emplois supérieurs Directeur des statuts et des Eudes...
2026-08-07 10:07:08,295 [INFO]   Détails: https://www.emploi-public.ma/fr/emploi-sup/details/17544c4c-7a33-48bd-be97-d4e261c4b1ba
2026-08-07 10:07:09,313 [WARNING] Format de date non reconnu: 30
2026-08-07 10:07:09,315 [INFO]     PDF trouvé: Arrêté d'appel à candidature (score: 20)
2026-08-07 10:07:09,316 [INFO]   [PAS DE DATE] Avis d'emplois supérieurs Directeur(trice) général(e) de l’o...
2026-08-07 10:07:09,316 [INFO]   Détails: https://www.emploi-public.ma/fr/emploi-sup/details/2062be70-06c0-4b02-b143-bb2108a03421
2026-08-07 10:07:10,192 [WARNING] Format de date non reconnu: 30
2026-08-07 10:07:10,194 [INFO]     PDF trouvé: Arrêté d'appel à candidature (score: 20)
2026-08-07 10:07:10,195 [INFO]   [PAS DE DATE] Avis d'emplois supérieurs Directeur(trice) du Centre nationa...
2026-08-07 10:07:10,195 [INFO]   Détails: https://www.emploi-public.ma/fr/emploi-sup/details/5b7e6e30-4777-469d-9fa2-856d4390a35f
2026-08-07 10:07:11,051 [WARNING] Format de date non reconnu: 30
2026-08-07 10:07:11,052 [INFO]     PDF trouvé: Arrêté d'appel à candidature (score: 20)
2026-08-07 10:07:11,053 [INFO]   [PAS DE DATE] Avis d'emplois supérieurs Directeur de la jeunesse...
2026-08-07 10:07:11,054 [INFO]   Détails: https://www.emploi-public.ma/fr/emploi-sup/details/5313b8af-912f-4d82-b328-04c94fbe4562
2026-08-07 10:07:11,947 [WARNING] Format de date non reconnu: 30
2026-08-07 10:07:11,948 [INFO]     PDF trouvé: Arrêté d'appel à candidature (score: 20)
2026-08-07 10:07:11,949 [INFO]   [PAS DE DATE] Avis d'emplois supérieurs Directeur (ce) de la Coopération e...
2026-08-07 10:07:11,949 [INFO]   Détails: https://www.emploi-public.ma/fr/emploi-sup/details/52349e85-618a-444c-94ae-a269dcb8ede6
2026-08-07 10:07:12,826 [WARNING] Format de date non reconnu: 30
2026-08-07 10:07:12,827 [INFO]     PDF trouvé: Arrêté d'appel à candidature (score: 20)
2026-08-07 10:07:12,828 [INFO]   [PAS DE DATE] Avis d'emplois supérieurs Directeur (ce) des Ressources Huma...
2026-08-07 10:07:12,828 [INFO]   Détails: https://www.emploi-public.ma/fr/emploi-sup/details/b993993a-7a9f-4f82-a95d-4c705192b5c5
2026-08-07 10:07:13,759 [WARNING] Format de date non reconnu: 30
2026-08-07 10:07:13,760 [INFO]     PDF trouvé: Arrêté d'appel à candidature (score: 20)
2026-08-07 10:07:13,761 [INFO]   [PAS DE DATE] Avis d'emplois supérieurs Directeur(trice) de l’Académie rég...
2026-08-07 10:07:13,761 [INFO] Page 5/5
2026-08-07 10:07:13,761 [INFO] Scraping page: https://www.emploi-public.ma/fr/emploi-sup-liste?page=4
2026-08-07 10:07:14,660 [INFO]   → 9 annonces trouvées sur cette page
2026-08-07 10:07:14,661 [INFO]   Détails: https://www.emploi-public.ma/fr/emploi-sup/details/a8514544-73e5-48b0-bc95-4e3782a246c4
2026-08-07 10:07:15,616 [WARNING] Format de date non reconnu: 30
2026-08-07 10:07:15,617 [INFO]     PDF trouvé: Arrêté d'appel à candidature (score: 20)
2026-08-07 10:07:15,618 [INFO]   [PAS DE DATE] Avis d'emplois supérieurs Directeur de l'Office Régional de ...
2026-08-07 10:07:15,619 [INFO]   Détails: https://www.emploi-public.ma/fr/emploi-sup/details/34737011-4b34-4d27-a8e4-f96374ce7e3b
2026-08-07 10:07:16,450 [WARNING] Format de date non reconnu: 30
2026-08-07 10:07:16,451 [INFO]     PDF trouvé: Arrêté d'appel à candidature (score: 20)
2026-08-07 10:07:16,452 [INFO]   [PAS DE DATE] Avis d'emplois supérieurs Directeur du Centre Régional d'Inv...
2026-08-07 10:07:16,452 [INFO]   Détails: https://www.emploi-public.ma/fr/emploi-sup/details/3848b51d-1643-4c8a-9d0a-0001f3ec1eb6
2026-08-07 10:07:17,347 [WARNING] Format de date non reconnu: 30
2026-08-07 10:07:17,349 [INFO]     PDF trouvé: Arrêté d'appel à candidature (score: 20)
2026-08-07 10:07:17,350 [INFO]   [PAS DE DATE] Avis d'emplois supérieurs Directeur des statistiques, des ét...
2026-08-07 10:07:17,350 [INFO]   Détails: https://www.emploi-public.ma/fr/emploi-sup/details/f762f1b5-8e54-4277-9ceb-b77512a40379
2026-08-07 10:07:18,218 [WARNING] Format de date non reconnu: 30
2026-08-07 10:07:18,220 [INFO]     PDF trouvé: Arrêté d'appel à candidature (score: 20)
2026-08-07 10:07:18,221 [INFO]   [PAS DE DATE] Avis d'emplois supérieurs Directeur de l'Institut National S...
2026-08-07 10:07:18,221 [INFO]   Détails: https://www.emploi-public.ma/fr/emploi-sup/details/f398a7c1-f047-4cb7-95a2-e63106086337
2026-08-07 10:07:19,097 [WARNING] Format de date non reconnu: 30
2026-08-07 10:07:19,098 [INFO]     PDF trouvé: Arrêté d'appel à candidature (score: 20)
2026-08-07 10:07:19,099 [INFO]   [PAS DE DATE] Avis d'emplois supérieurs Directeur (ce) de l'Enseignement S...
2026-08-07 10:07:19,099 [INFO]   Détails: https://www.emploi-public.ma/fr/emploi-sup/details/b93e0027-1954-4712-8bb1-c6c3715e916c
2026-08-07 10:07:19,987 [INFO]     PDF trouvé: Arrêté d'appel à candidature (score: 20)
2026-08-07 10:07:19,989 [INFO]   [EXPIRÉE] Avis d'emplois supérieurs Directeur de l'Agence du bassin Hy... → 2026-05-14
2026-08-07 10:07:19,989 [INFO]   Détails: https://www.emploi-public.ma/fr/emploi-sup/details/50a4fceb-7a2a-4dfc-9d54-27d5969d8c20
2026-08-07 10:07:20,876 [WARNING] Format de date non reconnu: 30
2026-08-07 10:07:20,877 [INFO]     PDF trouvé: Arrêté d'appel à candidature (score: 20)
2026-08-07 10:07:20,878 [INFO]   [PAS DE DATE] Avis d'emplois supérieurs Directeur des Relations avec la So...
2026-08-07 10:07:20,879 [INFO]   Détails: https://www.emploi-public.ma/fr/emploi-sup/details/79e56e61-79b1-4b12-b93a-174e15b76e74
2026-08-07 10:07:21,881 [WARNING] Format de date non reconnu: 30
2026-08-07 10:07:21,882 [INFO]     PDF trouvé: Arrêté d'appel à candidature (score: 20)
2026-08-07 10:07:21,883 [INFO]   [PAS DE DATE] Avis d'emplois supérieurs Directeur de l'Institut Supérieur ...
2026-08-07 10:07:21,883 [INFO]   Détails: https://www.emploi-public.ma/fr/emploi-sup/details/cd433a5b-75fc-4eb0-b5d7-0a520ca6c2ab
2026-08-07 10:07:22,730 [WARNING] Format de date non reconnu: 30
2026-08-07 10:07:22,731 [INFO]     PDF trouvé: Arrêté d'appel à candidature (score: 20)
2026-08-07 10:07:22,732 [INFO]   [PAS DE DATE] Avis d'emplois supérieurs Secrétaire Général du Département ...
2026-08-07 10:07:22,732 [INFO] 
--- Catégorie: Postes de responsabilités ---
2026-08-07 10:07:22,732 [INFO] Page 1/5
2026-08-07 10:07:22,732 [INFO] Scraping page: https://www.emploi-public.ma/fr/postes-respo-liste
2026-08-07 10:07:23,971 [INFO]   → 13 annonces trouvées sur cette page
2026-08-07 10:07:23,973 [INFO]   Détails: https://www.emploi-public.ma/fr/postes-respo/details/1e460045-de8c-47a5-8daf-62ffbd392b3b
2026-08-07 10:07:24,934 [INFO]     PDF trouvé: Arrêté d'appel à candidature (score: 20)
2026-08-07 10:07:24,935 [INFO]   [EN COURS] Avis de Postes de responsabilités au Délégation générale à l... → 2026-08-27
2026-08-07 10:07:24,935 [INFO]   Détails: https://www.emploi-public.ma/fr/postes-respo/details/5f889aec-aea1-4bcd-92d5-5b798b207e69
2026-08-07 10:07:27,087 [INFO]     PDF trouvé: Arrêté d'appel à candidature (score: 20)
2026-08-07 10:07:27,088 [INFO]   [EXPIRÉE] Publication de la liste des résultats pour les Postes de res... → 2026-07-10
2026-08-07 10:07:27,088 [INFO]   Détails: https://www.emploi-public.ma/fr/postes-respo/details/1f0f0446-8044-4bda-a4f1-6e55b963a62f
2026-08-07 10:07:30,676 [INFO]     PDF trouvé: Arrêté d'appel à candidature (score: 20)
2026-08-07 10:07:30,677 [INFO]   [EXPIRÉE] Publication de la liste des résultats pour les Postes de res... → 2026-06-29
2026-08-07 10:07:30,677 [INFO]   Détails: https://www.emploi-public.ma/fr/postes-respo/details/2cba0974-d7be-4c5d-859c-b8bc800df124
2026-08-07 10:07:32,947 [INFO]     PDF trouvé: Arrêté d'appel à candidature (score: 20)
2026-08-07 10:07:32,948 [INFO]   [EN COURS] Avis de Postes de responsabilités au Ministère de l'intérieu... → 2026-08-24
2026-08-07 10:07:32,948 [INFO]   Détails: https://www.emploi-public.ma/fr/postes-respo/details/6cf979b2-4c4d-4d2e-8ddf-8b1bbb09eb3e
2026-08-07 10:07:35,534 [INFO]     PDF trouvé: Arrêté d'appel à candidature (score: 20)
2026-08-07 10:07:35,535 [INFO]   [EN COURS] Avis de Postes de responsabilités au Ministère de l'intérieu... → 2026-08-24
2026-08-07 10:07:35,535 [INFO]   Détails: https://www.emploi-public.ma/fr/postes-respo/details/6bf72bad-f1df-449e-b7f2-7bf6242b2d85
2026-08-07 10:07:36,475 [INFO]     PDF trouvé: Arrêté d'appel à candidature (score: 20)
2026-08-07 10:07:36,477 [INFO]   [EXPIRÉE] Publication de la liste des résultats pour les Postes de res... → 2026-07-28
2026-08-07 10:07:36,477 [INFO]   Détails: https://www.emploi-public.ma/fr/postes-respo/details/19cf5e66-9675-4021-ab42-b1b0b537132c
2026-08-07 10:07:37,450 [INFO]     PDF trouvé: Arrêté d'appel à candidature (score: 20)
2026-08-07 10:07:37,451 [INFO]   [EXPIRÉE] Avis de Postes de responsabilités au Ministère de la Jeuness... → 2026-08-05
2026-08-07 10:07:37,451 [INFO]   Détails: https://www.emploi-public.ma/fr/postes-respo/details/eb11c5f5-5e0a-4093-be4a-be951ac1d902
2026-08-07 10:07:38,563 [INFO]     PDF trouvé: Arrêté d'appel à candidature (score: 20)
2026-08-07 10:07:38,564 [INFO]   [EXPIRÉE] Avis de Postes de responsabilités au Ministère de la Jeuness... → 2026-08-05
2026-08-07 10:07:38,564 [INFO]   Détails: https://www.emploi-public.ma/fr/postes-respo/details/f79a757f-1c02-4b6f-9fa3-500027d7dcdb
2026-08-07 10:07:39,488 [INFO]     PDF trouvé: Arrêté d'appel à candidature (score: 20)
2026-08-07 10:07:39,489 [INFO]   [EN COURS] Avis de Postes de responsabilités au Ministère de la justice... → 2026-08-24
2026-08-07 10:07:39,489 [INFO]   Détails: https://www.emploi-public.ma/fr/postes-respo/details/88cdeb93-7798-4b06-8e62-a7a6b556abce
2026-08-07 10:07:40,463 [INFO]     PDF trouvé: Arrêté d'appel à candidature (score: 20)
2026-08-07 10:07:40,464 [INFO]   [EN COURS] Directeur d'exploitation... → 2026-08-07
2026-08-07 10:07:40,464 [INFO]   Détails: https://www.emploi-public.ma/fr/postes-respo/details/08addf10-21de-4d5b-8612-206884b4f248
2026-08-07 10:07:46,536 [INFO]     PDF trouvé: Arrêté d'appel à candidature (score: 20)
2026-08-07 10:07:46,537 [INFO]   [EN COURS] Chef de la Division Infrastructures à la Direction du Port d... → 2026-08-09
2026-08-07 10:07:46,538 [INFO]   Détails: https://www.emploi-public.ma/fr/postes-respo/details/a6b406c7-9d86-43cb-b44c-3a7611f18951
2026-08-07 10:07:47,522 [INFO]     PDF trouvé: Arrêté d'appel à candidature (score: 20)
2026-08-07 10:07:47,523 [INFO]   [EN COURS] Chef de la Division Relations Institutionnelles relevant de ... → 2026-08-09
2026-08-07 10:07:47,523 [INFO]   Détails: https://www.emploi-public.ma/fr/postes-respo/details/919e2c31-e153-4165-bf47-d16ca2c7391f
2026-08-07 10:07:48,534 [INFO]     PDF trouvé: Arrêté d'appel à candidature (score: 20)
2026-08-07 10:07:48,535 [INFO]   [EN COURS] Appel à candidature pour les postes de responsabilité au Min... → 2026-08-10
2026-08-07 10:07:48,535 [INFO] Page 2/5
2026-08-07 10:07:48,535 [INFO] Scraping page: https://www.emploi-public.ma/fr/postes-respo-liste?page=1
2026-08-07 10:07:49,764 [INFO]   → 13 annonces trouvées sur cette page
2026-08-07 10:07:49,766 [INFO]   Détails: https://www.emploi-public.ma/fr/postes-respo/details/1e460045-de8c-47a5-8daf-62ffbd392b3b
2026-08-07 10:07:50,802 [INFO]     PDF trouvé: Arrêté d'appel à candidature (score: 20)
2026-08-07 10:07:50,803 [INFO]   [EN COURS] Avis de Postes de responsabilités au Délégation générale à l... → 2026-08-27
2026-08-07 10:07:50,803 [INFO]   Détails: https://www.emploi-public.ma/fr/postes-respo/details/5f889aec-aea1-4bcd-92d5-5b798b207e69
2026-08-07 10:07:51,811 [INFO]     PDF trouvé: Arrêté d'appel à candidature (score: 20)
2026-08-07 10:07:51,812 [INFO]   [EXPIRÉE] Publication de la liste des résultats pour les Postes de res... → 2026-07-10
2026-08-07 10:07:51,812 [INFO]   Détails: https://www.emploi-public.ma/fr/postes-respo/details/1f0f0446-8044-4bda-a4f1-6e55b963a62f
2026-08-07 10:07:52,795 [INFO]     PDF trouvé: Arrêté d'appel à candidature (score: 20)
2026-08-07 10:07:52,796 [INFO]   [EXPIRÉE] Publication de la liste des résultats pour les Postes de res... → 2026-06-29
2026-08-07 10:07:52,796 [INFO]   Détails: https://www.emploi-public.ma/fr/postes-respo/details/2cba0974-d7be-4c5d-859c-b8bc800df124
2026-08-07 10:07:54,037 [INFO]     PDF trouvé: Arrêté d'appel à candidature (score: 20)
2026-08-07 10:07:54,038 [INFO]   [EN COURS] Avis de Postes de responsabilités au Ministère de l'intérieu... → 2026-08-24
2026-08-07 10:07:54,038 [INFO]   Détails: https://www.emploi-public.ma/fr/postes-respo/details/6cf979b2-4c4d-4d2e-8ddf-8b1bbb09eb3e
2026-08-07 10:07:55,085 [INFO]     PDF trouvé: Arrêté d'appel à candidature (score: 20)
2026-08-07 10:07:55,086 [INFO]   [EN COURS] Avis de Postes de responsabilités au Ministère de l'intérieu... → 2026-08-24
2026-08-07 10:07:55,086 [INFO]   Détails: https://www.emploi-public.ma/fr/postes-respo/details/6bf72bad-f1df-449e-b7f2-7bf6242b2d85
2026-08-07 10:07:57,370 [INFO]     PDF trouvé: Arrêté d'appel à candidature (score: 20)
2026-08-07 10:07:57,371 [INFO]   [EXPIRÉE] Publication de la liste des résultats pour les Postes de res... → 2026-07-28
2026-08-07 10:07:57,371 [INFO]   Détails: https://www.emploi-public.ma/fr/postes-respo/details/19cf5e66-9675-4021-ab42-b1b0b537132c
2026-08-07 10:07:59,622 [INFO]     PDF trouvé: Arrêté d'appel à candidature (score: 20)
2026-08-07 10:07:59,623 [INFO]   [EXPIRÉE] Avis de Postes de responsabilités au Ministère de la Jeuness... → 2026-08-05
2026-08-07 10:07:59,623 [INFO]   Détails: https://www.emploi-public.ma/fr/postes-respo/details/eb11c5f5-5e0a-4093-be4a-be951ac1d902
2026-08-07 10:08:00,569 [INFO]     PDF trouvé: Arrêté d'appel à candidature (score: 20)
2026-08-07 10:08:00,570 [INFO]   [EXPIRÉE] Avis de Postes de responsabilités au Ministère de la Jeuness... → 2026-08-05
2026-08-07 10:08:00,570 [INFO]   Détails: https://www.emploi-public.ma/fr/postes-respo/details/f79a757f-1c02-4b6f-9fa3-500027d7dcdb
2026-08-07 10:08:01,626 [INFO]     PDF trouvé: Arrêté d'appel à candidature (score: 20)
2026-08-07 10:08:01,627 [INFO]   [EN COURS] Avis de Postes de responsabilités au Ministère de la justice... → 2026-08-24
2026-08-07 10:08:01,627 [INFO]   Détails: https://www.emploi-public.ma/fr/postes-respo/details/88cdeb93-7798-4b06-8e62-a7a6b556abce
2026-08-07 10:08:02,619 [INFO]     PDF trouvé: Arrêté d'appel à candidature (score: 20)
2026-08-07 10:08:02,620 [INFO]   [EN COURS] Directeur d'exploitation... → 2026-08-07
2026-08-07 10:08:02,620 [INFO]   Détails: https://www.emploi-public.ma/fr/postes-respo/details/08addf10-21de-4d5b-8612-206884b4f248
2026-08-07 10:08:03,760 [INFO]     PDF trouvé: Arrêté d'appel à candidature (score: 20)
2026-08-07 10:08:03,761 [INFO]   [EN COURS] Chef de la Division Infrastructures à la Direction du Port d... → 2026-08-09
2026-08-07 10:08:03,761 [INFO]   Détails: https://www.emploi-public.ma/fr/postes-respo/details/a6b406c7-9d86-43cb-b44c-3a7611f18951
2026-08-07 10:08:07,354 [INFO]     PDF trouvé: Arrêté d'appel à candidature (score: 20)
2026-08-07 10:08:07,356 [INFO]   [EN COURS] Chef de la Division Relations Institutionnelles relevant de ... → 2026-08-09
2026-08-07 10:08:07,356 [INFO]   Détails: https://www.emploi-public.ma/fr/postes-respo/details/919e2c31-e153-4165-bf47-d16ca2c7391f
2026-08-07 10:08:08,783 [INFO]     PDF trouvé: Arrêté d'appel à candidature (score: 20)
2026-08-07 10:08:08,784 [INFO]   [EN COURS] Appel à candidature pour les postes de responsabilité au Min... → 2026-08-10
2026-08-07 10:08:08,784 [INFO] Page 3/5
2026-08-07 10:08:08,784 [INFO] Scraping page: https://www.emploi-public.ma/fr/postes-respo-liste?page=2
2026-08-07 10:08:09,849 [INFO]   → 13 annonces trouvées sur cette page
2026-08-07 10:08:09,850 [INFO]   Détails: https://www.emploi-public.ma/fr/postes-respo/details/39e0be7c-935c-470f-813a-4ef6dc80ce2a
2026-08-07 10:08:11,583 [INFO]     PDF trouvé: Arrêté d'appel à candidature (score: 20)
2026-08-07 10:08:11,584 [INFO]   [EXPIRÉE] Avis de Postes de responsabilités au Ministère de l’Agricult... → 2026-08-04
2026-08-07 10:08:11,584 [INFO]   Détails: https://www.emploi-public.ma/fr/postes-respo/details/a2d8ded6-f6da-4802-aa9c-5d77f0e0e766
2026-08-07 10:08:17,875 [INFO]     PDF trouvé: Arrêté d'appel à candidature (score: 20)
2026-08-07 10:08:17,876 [INFO]   [EXPIRÉE] Avis de Postes de responsabilités au Ministère de l’Économie... → 2026-08-04
2026-08-07 10:08:17,876 [INFO]   Détails: https://www.emploi-public.ma/fr/postes-respo/details/e774ca4d-81dc-42d4-8139-14553b32118f
2026-08-07 10:08:27,069 [INFO]     PDF trouvé: Arrêté d'appel à candidature (score: 20)
2026-08-07 10:08:27,070 [INFO]   [EXPIRÉE] Avis de Postes de responsabilités au Ministère de la Jeuness... → 2026-08-04
2026-08-07 10:08:27,070 [INFO]   Détails: https://www.emploi-public.ma/fr/postes-respo/details/3b6918d1-3c36-4588-a26b-fbe714b6e52d
2026-08-07 10:08:28,001 [INFO]     PDF trouvé: Arrêté d'appel à candidature (score: 20)
2026-08-07 10:08:28,002 [INFO]   [EXPIRÉE] Publication de la liste des résultats pour les Postes de res... → 2026-06-24
2026-08-07 10:08:28,003 [INFO]   Détails: https://www.emploi-public.ma/fr/postes-respo/details/09438eb0-5e92-4df8-abe9-22c776ae6df9
2026-08-07 10:08:29,858 [INFO]     PDF trouvé: Arrêté d'appel à candidature (score: 20)
2026-08-07 10:08:29,859 [INFO]   [EXPIRÉE] Publication de la liste des convoqués pour l'appel à candida... → 2026-05-29
2026-08-07 10:08:29,859 [INFO]   Détails: https://www.emploi-public.ma/fr/postes-respo/details/bb476430-77cb-414d-ba1f-13c627c55c66
2026-08-07 10:08:31,603 [INFO]     PDF trouvé: Arrêté d'appel à candidature (score: 20)
2026-08-07 10:08:31,604 [INFO]   [EN COURS] Avis de Postes de responsabilités au Délégation interministé... → 2026-08-24
2026-08-07 10:08:31,604 [INFO]   Détails: https://www.emploi-public.ma/fr/postes-respo/details/3994c0b9-790d-4e5d-b147-c784cf157aab
2026-08-07 10:08:32,566 [INFO]     PDF trouvé: Arrêté d'appel à candidature (score: 20)
2026-08-07 10:08:32,567 [INFO]   [EXPIRÉE] Avis de Postes de responsabilités au Ministère de l’Agricult... → 2026-08-03
2026-08-07 10:08:32,567 [INFO]   Détails: https://www.emploi-public.ma/fr/postes-respo/details/f8baf400-d3be-464c-a9cd-a75fc5d8a8bc
2026-08-07 10:08:33,548 [INFO]     PDF trouvé: Arrêté d'appel à candidature (score: 20)
2026-08-07 10:08:33,549 [INFO]   [EXPIRÉE] Avis de Postes de responsabilités au Ministère de la Jeuness... → 2026-08-03
2026-08-07 10:08:33,549 [INFO]   Détails: https://www.emploi-public.ma/fr/postes-respo/details/17642040-c2de-4150-bf47-0523cb6a6615
2026-08-07 10:08:44,181 [INFO]     PDF trouvé: Arrêté d'appel à candidature (score: 20)
2026-08-07 10:08:44,183 [INFO]   [EXPIRÉE] Avis de Postes de responsabilités au Ministère de la Jeuness... → 2026-08-03
2026-08-07 10:08:44,183 [INFO]   Détails: https://www.emploi-public.ma/fr/postes-respo/details/88cdeb93-7798-4b06-8e62-a7a6b556abce
2026-08-07 10:08:45,323 [INFO]     PDF trouvé: Arrêté d'appel à candidature (score: 20)
2026-08-07 10:08:45,324 [INFO]   [EN COURS] Directeur d'exploitation... → 2026-08-07
2026-08-07 10:08:45,324 [INFO]   Détails: https://www.emploi-public.ma/fr/postes-respo/details/08addf10-21de-4d5b-8612-206884b4f248
2026-08-07 10:08:46,861 [INFO]     PDF trouvé: Arrêté d'appel à candidature (score: 20)
2026-08-07 10:08:46,862 [INFO]   [EN COURS] Chef de la Division Infrastructures à la Direction du Port d... → 2026-08-09
2026-08-07 10:08:46,862 [INFO]   Détails: https://www.emploi-public.ma/fr/postes-respo/details/a6b406c7-9d86-43cb-b44c-3a7611f18951
2026-08-07 10:08:48,001 [INFO]     PDF trouvé: Arrêté d'appel à candidature (score: 20)
2026-08-07 10:08:48,002 [INFO]   [EN COURS] Chef de la Division Relations Institutionnelles relevant de ... → 2026-08-09
2026-08-07 10:08:48,003 [INFO]   Détails: https://www.emploi-public.ma/fr/postes-respo/details/919e2c31-e153-4165-bf47-d16ca2c7391f
2026-08-07 10:08:49,450 [INFO]     PDF trouvé: Arrêté d'appel à candidature (score: 20)
2026-08-07 10:08:49,451 [INFO]   [EN COURS] Appel à candidature pour les postes de responsabilité au Min... → 2026-08-10
2026-08-07 10:08:49,451 [INFO] Page 4/5
2026-08-07 10:08:49,451 [INFO] Scraping page: https://www.emploi-public.ma/fr/postes-respo-liste?page=3
2026-08-07 10:08:50,865 [INFO]   → 13 annonces trouvées sur cette page
2026-08-07 10:08:50,866 [INFO]   Détails: https://www.emploi-public.ma/fr/postes-respo/details/33fadd95-e7a3-48e9-9532-58ab3fef908c
2026-08-07 10:08:55,791 [INFO]     PDF trouvé: Arrêté d'appel à candidature (score: 20)
2026-08-07 10:08:55,792 [INFO]   [EXPIRÉE] Avis de Postes de responsabilités au Ministère de la Jeuness... → 2026-08-03
2026-08-07 10:08:55,792 [INFO]   Détails: https://www.emploi-public.ma/fr/postes-respo/details/f6181909-9d0e-4bf9-aa98-7c5bb916b755
2026-08-07 10:08:59,417 [INFO]     PDF trouvé: Arrêté d'appel à candidature (score: 20)
2026-08-07 10:08:59,418 [INFO]   [EXPIRÉE] Avis de Postes de responsabilités au Ministère de la Jeuness... → 2026-08-03
2026-08-07 10:08:59,418 [INFO]   Détails: https://www.emploi-public.ma/fr/postes-respo/details/5d665ecc-2ba0-419a-81e1-a402431adc16
2026-08-07 10:09:00,662 [INFO]     PDF trouvé: Arrêté d'appel à candidature (score: 20)
2026-08-07 10:09:00,663 [INFO]   [EXPIRÉE] Avis de Postes de responsabilités au Ministère de la Jeuness... → 2026-08-03
2026-08-07 10:09:00,663 [INFO]   Détails: https://www.emploi-public.ma/fr/postes-respo/details/dd4ef999-edb7-4d73-a51f-f94527df58d6
2026-08-07 10:09:01,822 [INFO]     PDF trouvé: Arrêté d'appel à candidature (score: 20)
2026-08-07 10:09:01,823 [INFO]   [EXPIRÉE] Avis de Postes de responsabilités au Ministère de l’Agricult... → 2026-08-03
2026-08-07 10:09:01,823 [INFO]   Détails: https://www.emploi-public.ma/fr/postes-respo/details/716ae71a-4687-466a-ae3c-6f09c68b0175
2026-08-07 10:09:02,968 [INFO]     PDF trouvé: Arrêté d'appel à candidature (score: 20)
2026-08-07 10:09:02,969 [INFO]   [EXPIRÉE] Publication de la liste des résultats pour les Postes de res... → 2026-04-17
2026-08-07 10:09:02,970 [INFO]   Détails: https://www.emploi-public.ma/fr/postes-respo/details/b349c2e5-0e5e-42d2-bf1d-d96f5da31081
2026-08-07 10:09:04,222 [INFO]     PDF trouvé: Arrêté d'appel à candidature (score: 20)
2026-08-07 10:09:04,223 [INFO]   [EXPIRÉE] Avis de Postes de responsabilités au Ministère de l’intérieu... → 2026-07-31
2026-08-07 10:09:04,223 [INFO]   Détails: https://www.emploi-public.ma/fr/postes-respo/details/65bb098d-84db-4eea-a26f-408d847c19d6
2026-08-07 10:09:08,776 [INFO]     PDF trouvé: Arrêté d'appel à candidature (score: 20)
2026-08-07 10:09:08,777 [INFO]   [EXPIRÉE] Publication de la liste des résultats pour les Postes de res... → 2026-06-11
2026-08-07 10:09:08,777 [INFO]   Détails: https://www.emploi-public.ma/fr/postes-respo/details/4634f231-1c41-439b-9e77-a5c74ee289d4
2026-08-07 10:09:10,266 [INFO]     PDF trouvé: Arrêté d'appel à candidature (score: 20)
2026-08-07 10:09:10,267 [INFO]   [EXPIRÉE] Publication de la liste des résultats pour les Postes de res... → 2026-06-11
2026-08-07 10:09:10,267 [INFO]   Détails: https://www.emploi-public.ma/fr/postes-respo/details/36fa2f7f-c1b1-4034-9c58-493276fbf647
2026-08-07 10:09:11,294 [INFO]     PDF trouvé: Arrêté d'appel à candidature (score: 20)
2026-08-07 10:09:11,295 [INFO]   [EXPIRÉE] Publication de la liste des résultats pour les Postes de res... → 2026-06-11
2026-08-07 10:09:11,295 [INFO]   Détails: https://www.emploi-public.ma/fr/postes-respo/details/88cdeb93-7798-4b06-8e62-a7a6b556abce
2026-08-07 10:09:12,244 [INFO]     PDF trouvé: Arrêté d'appel à candidature (score: 20)
2026-08-07 10:09:12,245 [INFO]   [EN COURS] Directeur d'exploitation... → 2026-08-07
2026-08-07 10:09:12,246 [INFO]   Détails: https://www.emploi-public.ma/fr/postes-respo/details/08addf10-21de-4d5b-8612-206884b4f248
2026-08-07 10:09:13,458 [INFO]     PDF trouvé: Arrêté d'appel à candidature (score: 20)
2026-08-07 10:09:13,459 [INFO]   [EN COURS] Chef de la Division Infrastructures à la Direction du Port d... → 2026-08-09
2026-08-07 10:09:13,459 [INFO]   Détails: https://www.emploi-public.ma/fr/postes-respo/details/a6b406c7-9d86-43cb-b44c-3a7611f18951
2026-08-07 10:09:15,164 [INFO]     PDF trouvé: Arrêté d'appel à candidature (score: 20)
2026-08-07 10:09:15,165 [INFO]   [EN COURS] Chef de la Division Relations Institutionnelles relevant de ... → 2026-08-09
2026-08-07 10:09:15,165 [INFO]   Détails: https://www.emploi-public.ma/fr/postes-respo/details/919e2c31-e153-4165-bf47-d16ca2c7391f
2026-08-07 10:09:16,423 [INFO]     PDF trouvé: Arrêté d'appel à candidature (score: 20)
2026-08-07 10:09:16,424 [INFO]   [EN COURS] Appel à candidature pour les postes de responsabilité au Min... → 2026-08-10
2026-08-07 10:09:16,425 [INFO] Page 5/5
2026-08-07 10:09:16,425 [INFO] Scraping page: https://www.emploi-public.ma/fr/postes-respo-liste?page=4
2026-08-07 10:09:17,548 [INFO]   → 13 annonces trouvées sur cette page
2026-08-07 10:09:17,549 [INFO]   Détails: https://www.emploi-public.ma/fr/postes-respo/details/506cdea9-bd57-40fd-8470-b783d8301a02
2026-08-07 10:09:18,994 [INFO]     PDF trouvé: Arrêté d'appel à candidature (score: 20)
2026-08-07 10:09:18,995 [INFO]   [EXPIRÉE] Publication de la liste des résultats pour les Postes de res... → 2026-06-11
2026-08-07 10:09:18,995 [INFO]   Détails: https://www.emploi-public.ma/fr/postes-respo/details/2d35329b-1cad-4415-adf4-37f8ccdc54bc
2026-08-07 10:09:25,848 [INFO]     PDF trouvé: Arrêté d'appel à candidature (score: 20)
2026-08-07 10:09:25,849 [INFO]   [EN COURS] Avis de Postes de responsabilités au Ministère de l’Économie... → 2026-08-24
2026-08-07 10:09:25,849 [INFO]   Détails: https://www.emploi-public.ma/fr/postes-respo/details/285038bc-37a7-4968-9df1-c4814ae91a9d
2026-08-07 10:09:26,808 [INFO]     PDF trouvé: Arrêté d'appel à candidature (score: 20)
2026-08-07 10:09:26,809 [INFO]   [EN COURS] Avis de Postes de responsabilités au Ministère de l’Économie... → 2026-08-18
2026-08-07 10:09:26,809 [INFO]   Détails: https://www.emploi-public.ma/fr/postes-respo/details/5a13f04d-51f3-490a-8d5f-e8129d1b81cd
2026-08-07 10:09:28,451 [INFO]     PDF trouvé: Arrêté d'appel à candidature (score: 20)
2026-08-07 10:09:28,452 [INFO]   [EXPIRÉE] Publication de la liste des résultats pour les Postes de res... → 2025-10-23
2026-08-07 10:09:28,452 [INFO]   Détails: https://www.emploi-public.ma/fr/postes-respo/details/262a482b-c213-4b4a-a4bd-760b53f42418
2026-08-07 10:09:29,486 [INFO]     PDF trouvé: Arrêté d'appel à candidature (score: 20)
2026-08-07 10:09:29,487 [INFO]   [EXPIRÉE] Avis de Postes de responsabilités au Ministère de l’intérieu... → 2026-07-29
2026-08-07 10:09:29,487 [INFO]   Détails: https://www.emploi-public.ma/fr/postes-respo/details/bbf54236-0cc0-46f5-9846-687214970426
2026-08-07 10:09:30,513 [INFO]     PDF trouvé: Arrêté d'appel à candidature (score: 20)
2026-08-07 10:09:30,514 [INFO]   [EN COURS] Avis de Postes de responsabilités au Ministère de l’Inclusio... → 2026-08-17
2026-08-07 10:09:30,514 [INFO]   Détails: https://www.emploi-public.ma/fr/postes-respo/details/18e6ba17-b540-42c6-8238-9aa9e7466107
2026-08-07 10:09:31,528 [INFO]     PDF trouvé: Arrêté d'appel à candidature (score: 20)
2026-08-07 10:09:31,530 [INFO]   [EN COURS] Avis de Postes de responsabilités au Ministère de l’Inclusio... → 2026-08-17
2026-08-07 10:09:31,530 [INFO]   Détails: https://www.emploi-public.ma/fr/postes-respo/details/27397f57-ce50-41fe-8f91-52dbdbcd606f
2026-08-07 10:09:32,594 [INFO]     PDF trouvé: Arrêté d'appel à candidature (score: 20)
2026-08-07 10:09:32,595 [INFO]   [EN COURS] Avis de Postes de responsabilités au Ministère de l’Inclusio... → 2026-08-17
2026-08-07 10:09:32,595 [INFO]   Détails: https://www.emploi-public.ma/fr/postes-respo/details/3efa0379-8999-4eb9-9e12-51aabb9fcb7a
2026-08-07 10:09:34,030 [INFO]     PDF trouvé: Arrêté d'appel à candidature (score: 20)
2026-08-07 10:09:34,031 [INFO]   [EN COURS] Avis de Postes de responsabilités au Ministère de l’Inclusio... → 2026-08-17
2026-08-07 10:09:34,031 [INFO]   Détails: https://www.emploi-public.ma/fr/postes-respo/details/88cdeb93-7798-4b06-8e62-a7a6b556abce
2026-08-07 10:09:38,897 [INFO]     PDF trouvé: Arrêté d'appel à candidature (score: 20)
2026-08-07 10:09:38,898 [INFO]   [EN COURS] Directeur d'exploitation... → 2026-08-07
2026-08-07 10:09:38,898 [INFO]   Détails: https://www.emploi-public.ma/fr/postes-respo/details/08addf10-21de-4d5b-8612-206884b4f248
2026-08-07 10:09:39,831 [INFO]     PDF trouvé: Arrêté d'appel à candidature (score: 20)
2026-08-07 10:09:39,832 [INFO]   [EN COURS] Chef de la Division Infrastructures à la Direction du Port d... → 2026-08-09
2026-08-07 10:09:39,832 [INFO]   Détails: https://www.emploi-public.ma/fr/postes-respo/details/a6b406c7-9d86-43cb-b44c-3a7611f18951
2026-08-07 10:09:43,309 [INFO]     PDF trouvé: Arrêté d'appel à candidature (score: 20)
2026-08-07 10:09:43,310 [INFO]   [EN COURS] Chef de la Division Relations Institutionnelles relevant de ... → 2026-08-09
2026-08-07 10:09:43,310 [INFO]   Détails: https://www.emploi-public.ma/fr/postes-respo/details/919e2c31-e153-4165-bf47-d16ca2c7391f
2026-08-07 10:09:46,440 [INFO]     PDF trouvé: Arrêté d'appel à candidature (score: 20)
2026-08-07 10:09:46,441 [INFO]   [EN COURS] Appel à candidature pour les postes de responsabilité au Min... → 2026-08-10
2026-08-07 10:09:46,442 [INFO] 
--- Catégorie: Recrutement des experts ---
2026-08-07 10:09:46,442 [INFO] Page 1/5
2026-08-07 10:09:46,442 [INFO] Scraping page: https://www.emploi-public.ma/fr/experts-liste
2026-08-07 10:09:47,319 [INFO]   → 9 annonces trouvées sur cette page
2026-08-07 10:09:47,320 [INFO]   Détails: https://www.emploi-public.ma/fr/experts/details/4854b58c-c09e-4edd-9a39-c01a0c414425
2026-08-07 10:09:48,458 [INFO]     PDF trouvé: Arrêté d'appel à candidature (score: 20)
2026-08-07 10:09:48,459 [INFO]   [EXPIRÉE] Publication de la liste des résultats pour le poste de EXPER... → 2026-04-12
2026-08-07 10:09:48,459 [INFO]   Détails: https://www.emploi-public.ma/fr/experts/details/ff8d6494-748d-4698-8ef0-676cbd5b1951
2026-08-07 10:09:49,973 [INFO]     PDF trouvé: Arrêté d'appel à candidature (score: 20)
2026-08-07 10:09:49,974 [INFO]   [EXPIRÉE] Appel à candidature pour le poste Expert des Affaires Juridi... → 2026-06-25
2026-08-07 10:09:49,974 [INFO]   Détails: https://www.emploi-public.ma/fr/experts/details/abce4b98-a1d8-48f9-a84c-053f53697154
2026-08-07 10:09:50,975 [INFO]     PDF trouvé: Arrêté d'appel à candidature (score: 20)
2026-08-07 10:09:50,976 [INFO]   [EXPIRÉE] Appel à candidature pour le poste expert... → 2026-06-15
2026-08-07 10:09:50,976 [INFO]   Détails: https://www.emploi-public.ma/fr/experts/details/5030f678-19f4-4bc0-96c6-f5462b134c1c
2026-08-07 10:09:51,869 [INFO]     PDF trouvé: Arrêté d'appel à candidature (score: 20)
2026-08-07 10:09:51,870 [INFO]   [EXPIRÉE] Appel à candidature pour le poste expert... → 2026-06-08
2026-08-07 10:09:51,870 [INFO]   Détails: https://www.emploi-public.ma/fr/experts/details/b0a97522-0c72-4a26-8b32-da0c02e79891
2026-08-07 10:09:52,786 [INFO]     PDF trouvé: Arrêté d'appel à candidature (score: 20)
2026-08-07 10:09:52,787 [INFO]   [EXPIRÉE] Appel à candidature pour le poste EXPERT CONTRACTUEL... → 2026-06-03
2026-08-07 10:09:52,787 [INFO]   Détails: https://www.emploi-public.ma/fr/experts/details/b3f7145b-9f2a-4cb4-aef7-1d917c679a65
2026-08-07 10:09:53,743 [INFO]     PDF trouvé: Arrêté d'appel à candidature (score: 20)
2026-08-07 10:09:53,744 [INFO]   [EXPIRÉE] Appel à candidature pour le poste expert... → 2026-05-29
2026-08-07 10:09:53,744 [INFO]   Détails: https://www.emploi-public.ma/fr/experts/details/d9255cd9-fe2e-4248-8eba-adf58b668823
2026-08-07 10:09:54,633 [INFO]     PDF trouvé: Arrêté d'appel à candidature (score: 20)
2026-08-07 10:09:54,634 [INFO]   [EXPIRÉE] Appel à candidature pour le poste Expert en matière de négoc... → 2026-04-03
2026-08-07 10:09:54,634 [INFO]   Détails: https://www.emploi-public.ma/fr/experts/details/0236914d-e17c-41c5-a5be-e632ad35f838
2026-08-07 10:09:55,450 [INFO]     PDF trouvé: Arrêté d'appel à candidature (score: 20)
2026-08-07 10:09:55,451 [INFO]   [EXPIRÉE] Appel à candidature pour le poste expert... → 2026-03-17
2026-08-07 10:09:55,451 [INFO]   Détails: https://www.emploi-public.ma/fr/experts/details/2a449c40-1832-450d-9eae-a70607bcac07
2026-08-07 10:09:56,308 [INFO]     PDF trouvé: Arrêté d'appel à candidature (score: 20)
2026-08-07 10:09:56,310 [INFO]   [EXPIRÉE] Appel à candidature pour le poste Expert... → 2026-03-16
2026-08-07 10:09:56,310 [INFO] Page 2/5
2026-08-07 10:09:56,310 [INFO] Scraping page: https://www.emploi-public.ma/fr/experts-liste?page=1
2026-08-07 10:09:57,183 [INFO]   → 9 annonces trouvées sur cette page
2026-08-07 10:09:57,184 [INFO]   Détails: https://www.emploi-public.ma/fr/experts/details/4854b58c-c09e-4edd-9a39-c01a0c414425
2026-08-07 10:09:58,050 [INFO]     PDF trouvé: Arrêté d'appel à candidature (score: 20)
2026-08-07 10:09:58,051 [INFO]   [EXPIRÉE] Publication de la liste des résultats pour le poste de EXPER... → 2026-04-12
2026-08-07 10:09:58,051 [INFO]   Détails: https://www.emploi-public.ma/fr/experts/details/ff8d6494-748d-4698-8ef0-676cbd5b1951
2026-08-07 10:09:59,204 [INFO]     PDF trouvé: Arrêté d'appel à candidature (score: 20)
2026-08-07 10:09:59,205 [INFO]   [EXPIRÉE] Appel à candidature pour le poste Expert des Affaires Juridi... → 2026-06-25
2026-08-07 10:09:59,205 [INFO]   Détails: https://www.emploi-public.ma/fr/experts/details/abce4b98-a1d8-48f9-a84c-053f53697154
2026-08-07 10:10:00,472 [INFO]     PDF trouvé: Arrêté d'appel à candidature (score: 20)
2026-08-07 10:10:00,473 [INFO]   [EXPIRÉE] Appel à candidature pour le poste expert... → 2026-06-15
2026-08-07 10:10:00,474 [INFO]   Détails: https://www.emploi-public.ma/fr/experts/details/5030f678-19f4-4bc0-96c6-f5462b134c1c
2026-08-07 10:10:01,648 [INFO]     PDF trouvé: Arrêté d'appel à candidature (score: 20)
2026-08-07 10:10:01,649 [INFO]   [EXPIRÉE] Appel à candidature pour le poste expert... → 2026-06-08
2026-08-07 10:10:01,649 [INFO]   Détails: https://www.emploi-public.ma/fr/experts/details/b0a97522-0c72-4a26-8b32-da0c02e79891
2026-08-07 10:10:02,792 [INFO]     PDF trouvé: Arrêté d'appel à candidature (score: 20)
2026-08-07 10:10:02,793 [INFO]   [EXPIRÉE] Appel à candidature pour le poste EXPERT CONTRACTUEL... → 2026-06-03
2026-08-07 10:10:02,793 [INFO]   Détails: https://www.emploi-public.ma/fr/experts/details/b3f7145b-9f2a-4cb4-aef7-1d917c679a65
2026-08-07 10:10:03,984 [INFO]     PDF trouvé: Arrêté d'appel à candidature (score: 20)
2026-08-07 10:10:03,985 [INFO]   [EXPIRÉE] Appel à candidature pour le poste expert... → 2026-05-29
2026-08-07 10:10:03,985 [INFO]   Détails: https://www.emploi-public.ma/fr/experts/details/d9255cd9-fe2e-4248-8eba-adf58b668823
2026-08-07 10:10:06,841 [INFO]     PDF trouvé: Arrêté d'appel à candidature (score: 20)
2026-08-07 10:10:06,842 [INFO]   [EXPIRÉE] Appel à candidature pour le poste Expert en matière de négoc... → 2026-04-03
2026-08-07 10:10:06,842 [INFO]   Détails: https://www.emploi-public.ma/fr/experts/details/0236914d-e17c-41c5-a5be-e632ad35f838
2026-08-07 10:10:07,563 [INFO]     PDF trouvé: Arrêté d'appel à candidature (score: 20)
2026-08-07 10:10:07,564 [INFO]   [EXPIRÉE] Appel à candidature pour le poste expert... → 2026-03-17
2026-08-07 10:10:07,564 [INFO]   Détails: https://www.emploi-public.ma/fr/experts/details/2a449c40-1832-450d-9eae-a70607bcac07
2026-08-07 10:10:08,778 [INFO]     PDF trouvé: Arrêté d'appel à candidature (score: 20)
2026-08-07 10:10:08,779 [INFO]   [EXPIRÉE] Appel à candidature pour le poste Expert... → 2026-03-16
2026-08-07 10:10:08,779 [INFO] Page 3/5
2026-08-07 10:10:08,779 [INFO] Scraping page: https://www.emploi-public.ma/fr/experts-liste?page=2
2026-08-07 10:10:13,065 [INFO]   → 9 annonces trouvées sur cette page
2026-08-07 10:10:13,066 [INFO]   Détails: https://www.emploi-public.ma/fr/experts/details/1f2e38a5-0fe9-4f17-89fb-d23ab9140242
2026-08-07 10:10:14,110 [INFO]     PDF trouvé: Arrêté d'appel à candidature (score: 20)
2026-08-07 10:10:14,111 [INFO]   [EXPIRÉE] Appel à candidature pour le poste expert dans les domaines l... → 2026-03-12
2026-08-07 10:10:14,111 [INFO]   Détails: https://www.emploi-public.ma/fr/experts/details/2401abad-8177-4fdc-8c76-354d03f61cd3
2026-08-07 10:10:15,071 [INFO]     PDF trouvé: Arrêté d'appel à candidature (score: 20)
2026-08-07 10:10:15,072 [INFO]   [EXPIRÉE] Appel à candidature pour le poste expert... → 2026-02-18
2026-08-07 10:10:15,073 [INFO]   Détails: https://www.emploi-public.ma/fr/experts/details/ad16f9e2-25eb-4a06-9a7a-572410c14d55
2026-08-07 10:10:16,123 [INFO]     PDF trouvé: Arrêté d'appel à candidature (score: 20)
2026-08-07 10:10:16,124 [INFO]   [EXPIRÉE] Appel à candidature pour le poste Expert en gouvernance des ... → 2025-12-23
2026-08-07 10:10:16,124 [INFO]   Détails: https://www.emploi-public.ma/fr/experts/details/302ab5a1-fa28-4ec1-9341-8ba50b6bf810
2026-08-07 10:10:17,074 [INFO]     PDF trouvé: Arrêté d'appel à candidature (score: 20)
2026-08-07 10:10:17,075 [INFO]   [EXPIRÉE] Appel à candidature pour le poste expert... → 2025-12-21
2026-08-07 10:10:17,076 [INFO]   Détails: https://www.emploi-public.ma/fr/experts/details/f9f74e66-af9e-4c4a-9cec-491e7d25fbbb
2026-08-07 10:10:17,971 [INFO]     PDF trouvé: Arrêté d'appel à candidature (score: 20)
2026-08-07 10:10:17,972 [INFO]   [EXPIRÉE] Publication de la liste des résultats pour le poste de Exper... → 2025-12-06
2026-08-07 10:10:17,972 [INFO]   Détails: https://www.emploi-public.ma/fr/experts/details/99f49e97-4b0e-4897-b1c6-a1a811d179d9
2026-08-07 10:10:18,845 [INFO]     PDF trouvé: Arrêté d'appel à candidature (score: 20)
2026-08-07 10:10:18,846 [INFO]   [EXPIRÉE] Publication de la liste des résultats pour le poste de Exper... → 2025-12-06
2026-08-07 10:10:18,846 [INFO]   Détails: https://www.emploi-public.ma/fr/experts/details/121493c9-78d8-44bf-b408-e42f8bf43d27
2026-08-07 10:10:19,709 [INFO]     PDF trouvé: Arrêté d'appel à candidature (score: 20)
2026-08-07 10:10:19,710 [INFO]   [EXPIRÉE] Appel à candidature pour le poste Expert en coordination ins... → 2025-12-05
2026-08-07 10:10:19,711 [INFO]   Détails: https://www.emploi-public.ma/fr/experts/details/336eb4a9-c147-4981-94da-c636a748f7a0
2026-08-07 10:10:20,930 [INFO]     PDF trouvé: Arrêté d'appel à candidature (score: 20)
2026-08-07 10:10:20,932 [INFO]   [EXPIRÉE] Publication de la liste des résultats pour le poste de Exper... → 2025-09-30
2026-08-07 10:10:20,932 [INFO]   Détails: https://www.emploi-public.ma/fr/experts/details/0917753f-ac81-4229-b8d4-5292cae1510a
2026-08-07 10:10:23,506 [INFO]     PDF trouvé: Arrêté d'appel à candidature (score: 20)
2026-08-07 10:10:23,507 [INFO]   [EXPIRÉE] Appel à candidature pour le poste Expert contractuel... → 2025-06-11
2026-08-07 10:10:23,507 [INFO] Page 4/5
2026-08-07 10:10:23,507 [INFO] Scraping page: https://www.emploi-public.ma/fr/experts-liste?page=3
2026-08-07 10:10:24,366 [INFO]   → 9 annonces trouvées sur cette page
2026-08-07 10:10:24,367 [INFO]   Détails: https://www.emploi-public.ma/fr/experts/details/1e6a6ce8-141e-4fe3-b660-097a9342e904
2026-08-07 10:10:26,542 [INFO]     PDF trouvé: Arrêté d'appel à candidature (score: 20)
2026-08-07 10:10:26,543 [INFO]   [EXPIRÉE] Appel à candidature pour le poste expert en affaires juridiq... → 2025-06-09
2026-08-07 10:10:26,543 [INFO]   Détails: https://www.emploi-public.ma/fr/experts/details/9973e98f-4e11-40f1-aeae-194d055be60c
2026-08-07 10:10:28,295 [INFO]     PDF trouvé: Arrêté d'appel à candidature (score: 20)
2026-08-07 10:10:28,296 [INFO]   [EXPIRÉE] Appel à candidature pour le poste Expert en océanographie et... → 2025-06-06
2026-08-07 10:10:28,297 [INFO]   Détails: https://www.emploi-public.ma/fr/experts/details/c4333ade-5b69-4a9b-b1d6-23858dca3e02
2026-08-07 10:10:29,663 [INFO]     PDF trouvé: Arrêté d'appel à candidature (score: 20)
2026-08-07 10:10:29,664 [INFO]   [EXPIRÉE] Appel à candidature pour le poste Quatre experts aux compéte... → 2025-05-14
2026-08-07 10:10:29,664 [INFO]   Détails: https://www.emploi-public.ma/fr/experts/details/3d556890-d88a-4b78-aa10-b953f3a04785
2026-08-07 10:10:30,631 [INFO]     PDF trouvé: Arrêté d'appel à candidature (score: 20)
2026-08-07 10:10:30,632 [INFO]   [EXPIRÉE] Appel à candidature pour le poste expert en affaires juridiq... → 2025-05-02
2026-08-07 10:10:30,633 [INFO]   Détails: https://www.emploi-public.ma/fr/experts/details/1d5f52e9-1b4b-423d-bf9b-935a34d3caf2
2026-08-07 10:10:31,487 [INFO]     PDF trouvé: Arrêté d'appel à candidature (score: 20)
2026-08-07 10:10:31,489 [INFO]   [EXPIRÉE] Appel à candidature pour le poste expert... → 2025-04-18
2026-08-07 10:10:31,489 [INFO]   Détails: https://www.emploi-public.ma/fr/experts/details/ee7b273d-5714-41aa-9489-a47d37eb618e
2026-08-07 10:10:35,079 [INFO]     PDF trouvé: Arrêté d'appel à candidature (score: 20)
2026-08-07 10:10:35,080 [INFO]   [EXPIRÉE] Appel à candidature pour le poste Expert en Politique Hydriq... → 2025-04-07
2026-08-07 10:10:35,080 [INFO]   Détails: https://www.emploi-public.ma/fr/experts/details/74c6b2c0-7af0-4688-937b-1881caa843f0
2026-08-07 10:10:36,686 [INFO]     PDF trouvé: Arrêté d'appel à candidature (score: 20)
2026-08-07 10:10:36,688 [INFO]   [EXPIRÉE] Appel à candidature pour le poste expert dans le domaine de ... → 2025-03-31
2026-08-07 10:10:36,688 [INFO]   Détails: https://www.emploi-public.ma/fr/experts/details/efe61f8c-79ae-41bf-851e-67e779047d6a
2026-08-07 10:10:44,208 [INFO]     PDF trouvé: Arrêté d'appel à candidature (score: 20)
2026-08-07 10:10:44,209 [INFO]   [EXPIRÉE] Appel à candidature pour le poste Poste d'Expert en génie ci... → 2025-03-27
2026-08-07 10:10:44,209 [INFO]   Détails: https://www.emploi-public.ma/fr/experts/details/c8ffa879-6f01-46df-9beb-eb9ae0a6f554
2026-08-07 10:10:46,211 [INFO]     PDF trouvé: Arrêté d'appel à candidature (score: 20)
2026-08-07 10:10:46,212 [INFO]   [EXPIRÉE] Appel à candidature pour le poste خبير في مجال صياغة إستراتي... → 2025-03-21
2026-08-07 10:10:46,213 [INFO] Page 5/5
2026-08-07 10:10:46,213 [INFO] Scraping page: https://www.emploi-public.ma/fr/experts-liste?page=4
2026-08-07 10:10:47,252 [INFO]   → 9 annonces trouvées sur cette page
2026-08-07 10:10:47,253 [INFO]   Détails: https://www.emploi-public.ma/fr/experts/details/a538c27d-7e09-4441-9551-b22fe9e9d017
2026-08-07 10:10:48,104 [INFO]     PDF trouvé: Arrêté d'appel à candidature (score: 20)
2026-08-07 10:10:48,105 [INFO]   [EXPIRÉE] Appel à candidature pour le poste خبير في مجال إستراتيجية من... → 2025-03-21
2026-08-07 10:10:48,105 [INFO]   Détails: https://www.emploi-public.ma/fr/experts/details/cf3172d1-8c15-4404-b1ff-21c154c7da2f
2026-08-07 10:10:48,992 [INFO]     PDF trouvé: Arrêté d'appel à candidature (score: 20)
2026-08-07 10:10:48,993 [INFO]   [EXPIRÉE] Appel à candidature pour le poste خبير في مجال تطوير التعاون... → 2025-03-21
2026-08-07 10:10:48,993 [INFO]   Détails: https://www.emploi-public.ma/fr/experts/details/55bfa14b-dac1-4967-b1b6-8983cea09ed9
2026-08-07 10:10:49,899 [INFO]     PDF trouvé: Arrêté d'appel à candidature (score: 20)
2026-08-07 10:10:49,901 [INFO]   [EXPIRÉE] Appel à candidature pour le poste خبير في مجال نظم المعلوميا... → 2025-03-21
2026-08-07 10:10:49,901 [INFO]   Détails: https://www.emploi-public.ma/fr/experts/details/9ebae75d-f857-4c4d-9e16-0108b872c04f
2026-08-07 10:10:50,806 [INFO]     PDF trouvé: Arrêté d'appel à candidature (score: 20)
2026-08-07 10:10:50,807 [INFO]   [EXPIRÉE] Appel à candidature pour le poste gestion des projets et ges... → 2025-03-19
2026-08-07 10:10:50,808 [INFO]   Détails: https://www.emploi-public.ma/fr/experts/details/0608bdd0-0a58-4c90-a1d5-bd3483116452
2026-08-07 10:10:51,821 [INFO]     PDF trouvé: Arrêté d'appel à candidature (score: 20)
2026-08-07 10:10:51,822 [INFO]   [EXPIRÉE] Appel à candidature pour le poste Poste d'expert dans les re... → 2025-02-03
2026-08-07 10:10:51,822 [INFO]   Détails: https://www.emploi-public.ma/fr/experts/details/0cff84fa-82b2-4363-93e0-a88e5063ef0b
2026-08-07 10:10:52,821 [INFO]     PDF trouvé: Arrêté d'appel à candidature (score: 20)
2026-08-07 10:10:52,822 [INFO]   [EXPIRÉE] Appel à candidature pour le poste Expert en gestion des marc... → 2025-01-27
2026-08-07 10:10:52,822 [INFO]   Détails: https://www.emploi-public.ma/fr/experts/details/74373088-bc5e-4908-985b-9b0086ffaed3
2026-08-07 10:10:54,399 [INFO]     PDF trouvé: Arrêté d'appel à candidature (score: 20)
2026-08-07 10:10:54,400 [INFO]   [EXPIRÉE] Appel à candidature pour le poste Expert... → 2025-01-24
2026-08-07 10:10:54,400 [INFO]   Détails: https://www.emploi-public.ma/fr/experts/details/c14080a7-f964-4481-923d-668331b39671
2026-08-07 10:10:55,251 [INFO]     PDF trouvé: Arrêté d'appel à candidature (score: 20)
2026-08-07 10:10:55,252 [INFO]   [EXPIRÉE] Appel à candidature pour le poste Expert... → 2025-01-24
2026-08-07 10:10:55,252 [INFO]   Détails: https://www.emploi-public.ma/fr/experts/details/728ebc5b-6b53-4539-b18a-620011be8614
2026-08-07 10:10:56,554 [INFO]     PDF trouvé: Arrêté d'appel à candidature (score: 20)
2026-08-07 10:10:56,555 [INFO]   [EXPIRÉE] Appel à candidature pour le poste Expert... → 2025-01-24
2026-08-07 10:10:56,560 [INFO] 
============================================================
2026-08-07 10:10:56,560 [INFO] RÉSUMÉ
2026-08-07 10:10:56,561 [INFO] ============================================================
2026-08-07 10:10:56,561 [INFO] Annonces traitées: 200
2026-08-07 10:10:56,561 [INFO] Dates en cours: 61
2026-08-07 10:10:56,561 [INFO] Dates expirées: 95
2026-08-07 10:10:56,561 [INFO] Total résultats en base: 432
2026-08-07 10:10:58,654 [INFO] Email envoyé à cavalkhalid@gmail.com
2026-08-07 10:10:58,654 [INFO] 
Scraper terminé.
2026-08-10 10:22:02,193 [INFO] ============================================================
2026-08-10 10:22:02,193 [INFO] DÉMARRAGE DU SCRAPER emploi-public.ma (FR)
2026-08-10 10:22:02,194 [INFO] Date: 2026-08-10 10:22:02
2026-08-10 10:22:02,194 [INFO] ============================================================
2026-08-10 10:22:02,196 [INFO] 
--- Catégorie: Concours de recrutement ---
2026-08-10 10:22:02,196 [INFO] Page 1/5
2026-08-10 10:22:02,196 [INFO] Scraping page: https://www.emploi-public.ma/fr/concours-liste
2026-08-10 10:22:03,706 [INFO]   → 9 annonces trouvées sur cette page
2026-08-10 10:22:03,707 [INFO]   Détails: https://www.emploi-public.ma/fr/concours/details/567a5bc9-61a3-486f-be9d-21a3919bdcca
2026-08-10 10:22:04,642 [INFO]     PDF trouvé: Arrêté d'ouverture du concours (score: 25)
2026-08-10 10:22:04,643 [INFO]   [EN COURS] Avis de concours de recrutement de Technicien de 3ème grade ... → 2026-08-19
2026-08-10 10:22:04,643 [INFO]   Détails: https://www.emploi-public.ma/fr/concours/details/8cce8ed8-8973-49f6-ae36-f75aef0d9d96
2026-08-10 10:22:12,635 [INFO]     PDF trouvé: Arrêté d'ouverture du concours (score: 25)
2026-08-10 10:22:12,636 [INFO]   [EN COURS] Avis de concours de recrutement de Maître de conférences gra... → 2026-08-19
2026-08-10 10:22:12,637 [INFO]   Détails: https://www.emploi-public.ma/fr/concours/details/72ed0218-c625-44ef-ad36-0ddf1450d8b7
2026-08-10 10:22:13,674 [INFO]     PDF trouvé: Arrêté d'ouverture du concours (score: 25)
2026-08-10 10:22:13,675 [INFO]   [EN COURS] Avis de concours de recrutement de Ingénieur d'Etat 1er grad... → 2026-08-18
2026-08-10 10:22:13,676 [INFO]   Détails: https://www.emploi-public.ma/fr/concours/details/1d56279d-bec7-4467-906d-4003286e1a05
2026-08-10 10:22:15,191 [INFO]     PDF trouvé: Arrêté d'ouverture du concours (score: 25)
2026-08-10 10:22:15,192 [INFO]   [EN COURS] Avis de concours de recrutement de Architecte 1er grade - Ec... → 2026-08-13
2026-08-10 10:22:15,193 [INFO]   Détails: https://www.emploi-public.ma/fr/concours/details/1874ae4c-94d6-4af0-9575-a39ede5189ff
2026-08-10 10:22:16,254 [INFO]     PDF trouvé: Arrêté d'ouverture du concours (score: 25)
2026-08-10 10:22:16,256 [INFO]   [EN COURS] Avis de concours de recrutement de Administrateur 2ème grade... → 2026-08-31
2026-08-10 10:22:16,256 [INFO]   Détails: https://www.emploi-public.ma/fr/concours/details/72d7f4f3-b81d-4f01-b750-c84c9fdb3db1
2026-08-10 10:22:18,249 [INFO]     PDF trouvé: Arrêté d'ouverture du concours (score: 25)
2026-08-10 10:22:18,250 [INFO]   [EN COURS] Avis de concours de recrutement de Administrateur 2ème grade... → 2026-08-31
2026-08-10 10:22:18,250 [INFO]   Détails: https://www.emploi-public.ma/fr/concours/details/74fa6128-711a-40b7-b71b-5b4388a2d9d4
2026-08-10 10:22:19,730 [INFO]     PDF trouvé: Arrêté d'ouverture du concours (score: 25)
2026-08-10 10:22:19,731 [INFO]   [EN COURS] Avis de concours de recrutement de Adjoint technique 2ème gr... → 2026-08-10
2026-08-10 10:22:19,731 [INFO]   Détails: https://www.emploi-public.ma/fr/concours/details/3d99718c-9c89-43ed-92b5-ec76b2c038b3
2026-08-10 10:22:28,187 [INFO]     PDF trouvé: Arrêté d'ouverture du concours (score: 25)
2026-08-10 10:22:28,188 [INFO]   [EN COURS] Avis de concours de recrutement de Technicien de 4ème grade ... → 2026-08-10
2026-08-10 10:22:28,188 [INFO]   Détails: https://www.emploi-public.ma/fr/concours/details/4e64e78f-621d-4e95-a829-a8b22986502a
2026-08-10 10:22:29,087 [INFO]     PDF trouvé: Arrêté d'ouverture du concours (score: 25)
2026-08-10 10:22:29,088 [INFO]   [EN COURS] Avis de concours de recrutement de Technicien de 3ème grade ... → 2026-08-10
2026-08-10 10:22:29,088 [INFO] Page 2/5
2026-08-10 10:22:29,088 [INFO] Scraping page: https://www.emploi-public.ma/fr/concours-liste?page=1
2026-08-10 10:22:33,924 [INFO]   → 9 annonces trouvées sur cette page
2026-08-10 10:22:33,925 [INFO]   Détails: https://www.emploi-public.ma/fr/concours/details/567a5bc9-61a3-486f-be9d-21a3919bdcca
2026-08-10 10:22:36,191 [INFO]     PDF trouvé: Arrêté d'ouverture du concours (score: 25)
2026-08-10 10:22:36,192 [INFO]   [EN COURS] Avis de concours de recrutement de Technicien de 3ème grade ... → 2026-08-19
2026-08-10 10:22:36,192 [INFO]   Détails: https://www.emploi-public.ma/fr/concours/details/8cce8ed8-8973-49f6-ae36-f75aef0d9d96
2026-08-10 10:22:37,590 [INFO]     PDF trouvé: Arrêté d'ouverture du concours (score: 25)
2026-08-10 10:22:37,592 [INFO]   [EN COURS] Avis de concours de recrutement de Maître de conférences gra... → 2026-08-19
2026-08-10 10:22:37,592 [INFO]   Détails: https://www.emploi-public.ma/fr/concours/details/72ed0218-c625-44ef-ad36-0ddf1450d8b7
2026-08-10 10:22:38,433 [INFO]     PDF trouvé: Arrêté d'ouverture du concours (score: 25)
2026-08-10 10:22:38,434 [INFO]   [EN COURS] Avis de concours de recrutement de Ingénieur d'Etat 1er grad... → 2026-08-18
2026-08-10 10:22:38,434 [INFO]   Détails: https://www.emploi-public.ma/fr/concours/details/1d56279d-bec7-4467-906d-4003286e1a05
2026-08-10 10:22:39,377 [INFO]     PDF trouvé: Arrêté d'ouverture du concours (score: 25)
2026-08-10 10:22:39,379 [INFO]   [EN COURS] Avis de concours de recrutement de Architecte 1er grade - Ec... → 2026-08-13
2026-08-10 10:22:39,379 [INFO]   Détails: https://www.emploi-public.ma/fr/concours/details/1874ae4c-94d6-4af0-9575-a39ede5189ff
2026-08-10 10:22:40,252 [INFO]     PDF trouvé: Arrêté d'ouverture du concours (score: 25)
2026-08-10 10:22:40,253 [INFO]   [EN COURS] Avis de concours de recrutement de Administrateur 2ème grade... → 2026-08-31
2026-08-10 10:22:40,254 [INFO]   Détails: https://www.emploi-public.ma/fr/concours/details/72d7f4f3-b81d-4f01-b750-c84c9fdb3db1
2026-08-10 10:22:41,208 [INFO]     PDF trouvé: Arrêté d'ouverture du concours (score: 25)
2026-08-10 10:22:41,209 [INFO]   [EN COURS] Avis de concours de recrutement de Administrateur 2ème grade... → 2026-08-31
2026-08-10 10:22:41,209 [INFO]   Détails: https://www.emploi-public.ma/fr/concours/details/74fa6128-711a-40b7-b71b-5b4388a2d9d4
2026-08-10 10:22:42,332 [INFO]     PDF trouvé: Arrêté d'ouverture du concours (score: 25)
2026-08-10 10:22:42,333 [INFO]   [EN COURS] Avis de concours de recrutement de Adjoint technique 2ème gr... → 2026-08-10
2026-08-10 10:22:42,334 [INFO]   Détails: https://www.emploi-public.ma/fr/concours/details/3d99718c-9c89-43ed-92b5-ec76b2c038b3
2026-08-10 10:22:46,313 [INFO]     PDF trouvé: Arrêté d'ouverture du concours (score: 25)
2026-08-10 10:22:46,314 [INFO]   [EN COURS] Avis de concours de recrutement de Technicien de 4ème grade ... → 2026-08-10
2026-08-10 10:22:46,314 [INFO]   Détails: https://www.emploi-public.ma/fr/concours/details/4e64e78f-621d-4e95-a829-a8b22986502a
2026-08-10 10:22:47,281 [INFO]     PDF trouvé: Arrêté d'ouverture du concours (score: 25)
2026-08-10 10:22:47,282 [INFO]   [EN COURS] Avis de concours de recrutement de Technicien de 3ème grade ... → 2026-08-10
2026-08-10 10:22:47,282 [INFO] Page 3/5
2026-08-10 10:22:47,282 [INFO] Scraping page: https://www.emploi-public.ma/fr/concours-liste?page=2
2026-08-10 10:22:48,460 [INFO]   → 9 annonces trouvées sur cette page
2026-08-10 10:22:48,461 [INFO]   Détails: https://www.emploi-public.ma/fr/concours/details/bacf792b-04bc-4a4b-a73b-cc69eab17a49
2026-08-10 10:22:49,650 [INFO]     PDF trouvé: Arrêté d'ouverture du concours (score: 25)
2026-08-10 10:22:49,651 [INFO]   [EN COURS] Avis de concours de recrutement de Ingénieur d'Etat 1er grad... → 2026-08-10
2026-08-10 10:22:49,652 [INFO]   Détails: https://www.emploi-public.ma/fr/concours/details/3d6e4275-fe42-4fa4-b135-22595857f77b
2026-08-10 10:22:50,896 [INFO]     PDF trouvé: Arrêté d'ouverture du concours (score: 25)
2026-08-10 10:22:50,897 [INFO]   [EN COURS] Avis de concours de recrutement de Secrétaire des affaires é... → 2026-08-10
2026-08-10 10:22:50,897 [INFO]   Détails: https://www.emploi-public.ma/fr/concours/details/f8fd2d0d-5d98-42d7-8229-9924acf1c303
2026-08-10 10:22:51,792 [INFO]     PDF trouvé: Arrêté d'ouverture du concours (score: 25)
2026-08-10 10:22:51,794 [INFO]   [EN COURS] Avis de concours de recrutement de Conseiller des affaires é... → 2026-08-10
2026-08-10 10:22:51,794 [INFO]   Détails: https://www.emploi-public.ma/fr/concours/details/0d14767d-7b8a-4282-b397-96709c297e37
2026-08-10 10:22:53,372 [INFO]     PDF trouvé: Arrêté d'ouverture du concours (score: 25)
2026-08-10 10:22:53,374 [INFO]   [EN COURS] Avis de concours de recrutement de Inspecteur des Douanes de... → 2026-08-10
2026-08-10 10:22:53,374 [INFO]   Détails: https://www.emploi-public.ma/fr/concours/details/ab562af5-0ec1-4fe8-99a3-48cd82b59676
2026-08-10 10:22:54,422 [INFO]     PDF trouvé: Arrêté d'ouverture du concours (score: 25)
2026-08-10 10:22:54,423 [INFO]   [EN COURS] Avis de concours de recrutement de Ingénieur d’Etat  des Dou... → 2026-08-10
2026-08-10 10:22:54,424 [INFO]   Détails: https://www.emploi-public.ma/fr/concours/details/e9c0bb85-e735-4886-acf1-b3309ba4a205
2026-08-10 10:22:55,424 [INFO]     PDF trouvé: Arrêté d'ouverture du concours (score: 25)
2026-08-10 10:22:55,426 [INFO]   [EN COURS] Avis de concours de recrutement de Ingénieur d'Etat 1er grad... → 2026-08-10
2026-08-10 10:22:55,426 [INFO]   Détails: https://www.emploi-public.ma/fr/concours/details/d91438ac-a7df-48aa-a29d-ea568c52b32e
2026-08-10 10:22:56,617 [INFO]     PDF trouvé: Arrêté d'ouverture du concours (score: 25)
2026-08-10 10:22:56,618 [INFO]   [EXPIRÉE] Avis de concours de recrutement de Technicien de 3ème grade ... → 2026-08-07
2026-08-10 10:22:56,618 [INFO]   Détails: https://www.emploi-public.ma/fr/concours/details/6aa579ad-7abb-44f1-b036-56e9fbafced8
2026-08-10 10:22:57,688 [INFO]     PDF trouvé: Arrêté d'ouverture du concours (score: 25)
2026-08-10 10:22:57,690 [INFO]   [EXPIRÉE] Avis de concours de recrutement de Administrateur 2ème grade... → 2026-08-07
2026-08-10 10:22:57,690 [INFO]   Détails: https://www.emploi-public.ma/fr/concours/details/c27ac1df-953a-4b58-a2e2-e273271f18b1
2026-08-10 10:22:59,561 [INFO]     PDF trouvé: Arrêté d'ouverture du concours (score: 25)
2026-08-10 10:22:59,563 [INFO]   [EXPIRÉE] Publication de la liste des convoqués pour l'examen écrit du... → 2026-08-05
2026-08-10 10:22:59,563 [INFO] Page 4/5
2026-08-10 10:22:59,563 [INFO] Scraping page: https://www.emploi-public.ma/fr/concours-liste?page=3
2026-08-10 10:23:01,054 [INFO]   → 9 annonces trouvées sur cette page
2026-08-10 10:23:01,055 [INFO]   Détails: https://www.emploi-public.ma/fr/concours/details/7faff0fb-2922-485a-853e-20b4d81cbc7a
2026-08-10 10:23:02,123 [INFO]     PDF trouvé: Arrêté d'ouverture du concours (score: 25)
2026-08-10 10:23:02,124 [INFO]   [EXPIRÉE] Avis de concours de recrutement de Maître de conférences gra... → 2026-08-03
2026-08-10 10:23:02,124 [INFO]   Détails: https://www.emploi-public.ma/fr/concours/details/2c15e888-7029-4082-9334-eef194ee5586
2026-08-10 10:23:03,228 [INFO]     PDF trouvé: Arrêté d'ouverture du concours (score: 25)
2026-08-10 10:23:03,230 [INFO]   [EXPIRÉE] Avis de concours de recrutement de Administrateur 2ème grade... → 2026-08-03
2026-08-10 10:23:03,230 [INFO]   Détails: https://www.emploi-public.ma/fr/concours/details/d543668b-c808-4ac0-933b-4301237f9f67
2026-08-10 10:23:04,267 [INFO]     PDF trouvé: Arrêté d'ouverture du concours (score: 25)
2026-08-10 10:23:04,269 [INFO]   [EXPIRÉE] Avis de concours de recrutement de Administrateur 3ème grade... → 2026-07-31
2026-08-10 10:23:04,269 [INFO]   Détails: https://www.emploi-public.ma/fr/concours/details/78699344-c4d1-4204-ad40-9749cc0563aa
2026-08-10 10:23:05,443 [INFO]     PDF trouvé: Arrêté d'ouverture du concours (score: 25)
2026-08-10 10:23:05,444 [INFO]   [EXPIRÉE] Publication de la liste des convoqués pour l'examen écrit du... → 2026-07-23
2026-08-10 10:23:05,444 [INFO]   Détails: https://www.emploi-public.ma/fr/concours/details/b62a7d1c-c399-48cd-ab9f-adca105db22f
2026-08-10 10:23:07,068 [INFO]     PDF trouvé: Arrêté d'ouverture du concours (score: 25)
2026-08-10 10:23:07,069 [INFO]   [EXPIRÉE] Publication de la liste des convoqués pour l'examen écrit du... → 2026-07-21
2026-08-10 10:23:07,069 [INFO]   Détails: https://www.emploi-public.ma/fr/concours/details/dc6005fa-8f1f-418f-baed-64e9caca12f6
2026-08-10 10:23:08,322 [INFO]     PDF trouvé: Arrêté d'ouverture du concours (score: 25)
2026-08-10 10:23:08,324 [INFO]   [EXPIRÉE] Publication de la liste des convoqués pour l'examen écrit du... → 2026-07-21
2026-08-10 10:23:08,324 [INFO]   Détails: https://www.emploi-public.ma/fr/concours/details/7d4f66b4-2f8c-4dbf-94ea-99d5943a7378
2026-08-10 10:23:09,495 [INFO]     PDF trouvé: Arrêté d'ouverture du concours (score: 25)
2026-08-10 10:23:09,496 [INFO]   [EXPIRÉE] Publication de la liste des convoqués pour l'examen écrit du... → 2026-07-21
2026-08-10 10:23:09,496 [INFO]   Détails: https://www.emploi-public.ma/fr/concours/details/e372c384-b595-401d-bfa7-77c67af01fbe
2026-08-10 10:23:10,702 [INFO]     PDF trouvé: Arrêté d'ouverture du concours (score: 25)
2026-08-10 10:23:10,703 [INFO]   [EXPIRÉE] Publication de la liste des convoqués pour l'examen écrit du... → 2026-07-21
2026-08-10 10:23:10,703 [INFO]   Détails: https://www.emploi-public.ma/fr/concours/details/606d3ff2-2e7a-4174-9d74-713c58402b8a
2026-08-10 10:23:11,678 [INFO]     PDF trouvé: Arrêté d'ouverture du concours (score: 25)
2026-08-10 10:23:11,679 [INFO]   [EXPIRÉE] Publication de la liste des résultats pour le concours de re... → 2026-07-21
2026-08-10 10:23:11,679 [INFO] Page 5/5
2026-08-10 10:23:11,679 [INFO] Scraping page: https://www.emploi-public.ma/fr/concours-liste?page=4
2026-08-10 10:23:13,310 [INFO]   → 9 annonces trouvées sur cette page
2026-08-10 10:23:13,311 [INFO]   Détails: https://www.emploi-public.ma/fr/concours/details/9740d64c-8b1b-47b8-abe8-00b3575d4aa9
2026-08-10 10:23:17,017 [INFO]     PDF trouvé: Arrêté d'ouverture du concours (score: 25)
2026-08-10 10:23:17,018 [INFO]   [EXPIRÉE] Publication de la liste des convoqués pour l'examen écrit du... → 2026-07-20
2026-08-10 10:23:17,018 [INFO]   Détails: https://www.emploi-public.ma/fr/concours/details/b89b6b38-795f-49af-9d00-910305760e85
2026-08-10 10:23:18,188 [INFO]     PDF trouvé: Arrêté d'ouverture du concours (score: 25)
2026-08-10 10:23:18,189 [INFO]   [EXPIRÉE] Publication de la liste des convoqués pour l'examen écrit du... → 2026-07-20
2026-08-10 10:23:18,189 [INFO]   Détails: https://www.emploi-public.ma/fr/concours/details/f33919ef-c4a4-41c0-9927-744882ec1140
2026-08-10 10:23:20,047 [INFO]     PDF trouvé: Arrêté d'ouverture du concours (score: 25)
2026-08-10 10:23:20,049 [INFO]   [EXPIRÉE] Publication de la liste des convoqués pour l'examen écrit du... → 2026-07-20
2026-08-10 10:23:20,049 [INFO]   Détails: https://www.emploi-public.ma/fr/concours/details/00afdf47-67cd-4c3b-910d-295480956c45
2026-08-10 10:23:21,857 [INFO]     PDF trouvé: Arrêté d'ouverture du concours (score: 25)
2026-08-10 10:23:21,859 [INFO]   [EXPIRÉE] Publication de la liste des convoqués pour l'examen écrit du... → 2026-07-20
2026-08-10 10:23:21,859 [INFO]   Détails: https://www.emploi-public.ma/fr/concours/details/0c6baf5e-be9d-4ef5-a8f7-b9044cf640d5
2026-08-10 10:23:23,469 [INFO]     PDF trouvé: Arrêté d'ouverture du concours (score: 25)
2026-08-10 10:23:23,471 [INFO]   [EXPIRÉE] Publication de la liste des résultats pour le concours de re... → 2026-07-15
2026-08-10 10:23:23,471 [INFO]   Détails: https://www.emploi-public.ma/fr/concours/details/c6303b4c-114c-4b25-b6c5-eca77cba3dad
2026-08-10 10:23:24,737 [INFO]     PDF trouvé: Arrêté d'ouverture du concours (score: 25)
2026-08-10 10:23:24,738 [INFO]   [EXPIRÉE] Publication de la liste des résultats pour le concours de re... → 2026-07-15
2026-08-10 10:23:24,739 [INFO]   Détails: https://www.emploi-public.ma/fr/concours/details/1f901e2f-de1d-4110-874d-d5d890119e69
2026-08-10 10:23:25,947 [INFO]     PDF trouvé: Arrêté d'ouverture du concours (score: 25)
2026-08-10 10:23:25,948 [INFO]   [EXPIRÉE] Publication de la liste des résultats pour le concours de re... → 2026-07-15
2026-08-10 10:23:25,948 [INFO]   Détails: https://www.emploi-public.ma/fr/concours/details/c83d70e2-ec18-4f3b-b97f-03d080ad762a
2026-08-10 10:23:27,838 [INFO]     PDF trouvé: Arrêté d'ouverture du concours (score: 25)
2026-08-10 10:23:27,839 [INFO]   [EXPIRÉE] Publication de la liste des résultats pour le concours de re... → 2026-07-14
2026-08-10 10:23:27,839 [INFO]   Détails: https://www.emploi-public.ma/fr/concours/details/c3749204-66e1-4485-a631-e7ede10e21ab
2026-08-10 10:23:29,292 [INFO]     PDF trouvé: Arrêté d'ouverture du concours (score: 25)
2026-08-10 10:23:29,293 [INFO]   [EXPIRÉE] Publication de la liste des résultats pour le concours de re... → 2026-07-14
2026-08-10 10:23:29,294 [INFO] 
--- Catégorie: Emplois supérieurs ---
2026-08-10 10:23:29,294 [INFO] Page 1/5
2026-08-10 10:23:29,294 [INFO] Scraping page: https://www.emploi-public.ma/fr/emploi-sup-liste
2026-08-10 10:23:31,485 [INFO]   → 9 annonces trouvées sur cette page
2026-08-10 10:23:31,486 [INFO]   Détails: https://www.emploi-public.ma/fr/emploi-sup/details/d35f9436-c21b-42ea-ae4e-69c290875508
2026-08-10 10:23:33,093 [WARNING] Format de date non reconnu: 30
2026-08-10 10:23:33,094 [INFO]     PDF trouvé: Arrêté d'appel à candidature (score: 20)
2026-08-10 10:23:33,095 [INFO]   [PAS DE DATE] Avis d'emplois supérieurs Directeur des Ressources...
2026-08-10 10:23:33,095 [INFO]   Détails: https://www.emploi-public.ma/fr/emploi-sup/details/adb009b6-d9e6-4a81-ba14-b793dce37591
2026-08-10 10:23:34,103 [WARNING] Format de date non reconnu: 30
2026-08-10 10:23:34,104 [INFO]     PDF trouvé: Arrêté d'appel à candidature (score: 20)
2026-08-10 10:23:34,105 [INFO]   [PAS DE DATE] Avis d'emplois supérieurs Directeur des études, de la fiscal...
2026-08-10 10:23:34,106 [INFO]   Détails: https://www.emploi-public.ma/fr/emploi-sup/details/2c118db1-684f-4ae4-8913-d9fce58d2cee
2026-08-10 10:23:35,203 [WARNING] Format de date non reconnu: 30
2026-08-10 10:23:35,205 [INFO]     PDF trouvé: Arrêté d'appel à candidature (score: 20)
2026-08-10 10:23:35,206 [INFO]   [PAS DE DATE] Avis d'emplois supérieurs Directeur des systèmes d'informat...
2026-08-10 10:23:35,206 [INFO]   Détails: https://www.emploi-public.ma/fr/emploi-sup/details/d7388486-fd01-4194-af1b-cb3b7d88a8ef
2026-08-10 10:23:36,948 [WARNING] Format de date non reconnu: 30
2026-08-10 10:23:36,949 [INFO]     PDF trouvé: Arrêté d'appel à candidature (score: 20)
2026-08-10 10:23:36,950 [INFO]   [PAS DE DATE] Avis d'emplois supérieurs Directeur des procédures du parte...
2026-08-10 10:23:36,951 [INFO]   Détails: https://www.emploi-public.ma/fr/emploi-sup/details/30d00bcd-df71-43f3-945e-2204e61cb425
2026-08-10 10:23:37,871 [WARNING] Format de date non reconnu: 30
2026-08-10 10:23:37,872 [INFO]     PDF trouvé: Arrêté d'appel à candidature (score: 20)
2026-08-10 10:23:37,873 [INFO]   [PAS DE DATE] Avis d'emplois supérieurs Directeur de l'Institut National d...
2026-08-10 10:23:37,873 [INFO]   Détails: https://www.emploi-public.ma/fr/emploi-sup/details/0caf53e1-867a-4e91-a2d5-4f18a1b80e58
2026-08-10 10:23:38,739 [WARNING] Format de date non reconnu: 30
2026-08-10 10:23:38,740 [INFO]     PDF trouvé: Arrêté d'appel à candidature (score: 20)
2026-08-10 10:23:38,741 [INFO]   [PAS DE DATE] Avis d'emplois supérieurs Directeur des Ressources Humaines,...
2026-08-10 10:23:38,741 [INFO]   Détails: https://www.emploi-public.ma/fr/emploi-sup/details/a260f3d6-19bf-4755-87e7-64988bd5d952
2026-08-10 10:23:40,127 [WARNING] Format de date non reconnu: 30
2026-08-10 10:23:40,128 [INFO]     PDF trouvé: Arrêté d'appel à candidature (score: 20)
2026-08-10 10:23:40,129 [INFO]   [PAS DE DATE] Avis d'emplois supérieurs directeur de l'Aéronautique Civile...
2026-08-10 10:23:40,129 [INFO]   Détails: https://www.emploi-public.ma/fr/emploi-sup/details/803881f5-f7fa-4f8f-b2cd-d6b1566b7fe5
2026-08-10 10:23:41,134 [WARNING] Format de date non reconnu: 30
2026-08-10 10:23:41,135 [INFO]     PDF trouvé: Arrêté d'appel à candidature (score: 20)
2026-08-10 10:23:41,136 [INFO]   [PAS DE DATE] Avis d'emplois supérieurs DIRECTEUR DE L’INSTITUT SUPERIEUR ...
2026-08-10 10:23:41,136 [INFO]   Détails: https://www.emploi-public.ma/fr/emploi-sup/details/43fe4445-da66-401e-a3c4-2562a221a332
2026-08-10 10:23:42,333 [WARNING] Format de date non reconnu: 30
2026-08-10 10:23:42,334 [INFO]     PDF trouvé: Arrêté d'appel à candidature (score: 20)
2026-08-10 10:23:42,335 [INFO]   [PAS DE DATE] Avis d'emplois supérieurs DIRECTEUR FONSAFJS...
2026-08-10 10:23:42,335 [INFO] Page 2/5
2026-08-10 10:23:42,335 [INFO] Scraping page: https://www.emploi-public.ma/fr/emploi-sup-liste?page=1
2026-08-10 10:23:45,726 [INFO]   → 9 annonces trouvées sur cette page
2026-08-10 10:23:45,727 [INFO]   Détails: https://www.emploi-public.ma/fr/emploi-sup/details/d35f9436-c21b-42ea-ae4e-69c290875508
2026-08-10 10:23:47,742 [WARNING] Format de date non reconnu: 30
2026-08-10 10:23:47,743 [INFO]     PDF trouvé: Arrêté d'appel à candidature (score: 20)
2026-08-10 10:23:47,744 [INFO]   [PAS DE DATE] Avis d'emplois supérieurs Directeur des Ressources...
2026-08-10 10:23:47,744 [INFO]   Détails: https://www.emploi-public.ma/fr/emploi-sup/details/adb009b6-d9e6-4a81-ba14-b793dce37591
2026-08-10 10:23:48,910 [WARNING] Format de date non reconnu: 30
2026-08-10 10:23:48,912 [INFO]     PDF trouvé: Arrêté d'appel à candidature (score: 20)
2026-08-10 10:23:48,913 [INFO]   [PAS DE DATE] Avis d'emplois supérieurs Directeur des études, de la fiscal...
2026-08-10 10:23:48,913 [INFO]   Détails: https://www.emploi-public.ma/fr/emploi-sup/details/2c118db1-684f-4ae4-8913-d9fce58d2cee
2026-08-10 10:23:51,527 [WARNING] Format de date non reconnu: 30
2026-08-10 10:23:51,528 [INFO]     PDF trouvé: Arrêté d'appel à candidature (score: 20)
2026-08-10 10:23:51,530 [INFO]   [PAS DE DATE] Avis d'emplois supérieurs Directeur des systèmes d'informat...
2026-08-10 10:23:51,530 [INFO]   Détails: https://www.emploi-public.ma/fr/emploi-sup/details/d7388486-fd01-4194-af1b-cb3b7d88a8ef
2026-08-10 10:23:52,593 [WARNING] Format de date non reconnu: 30
2026-08-10 10:23:52,594 [INFO]     PDF trouvé: Arrêté d'appel à candidature (score: 20)
2026-08-10 10:23:52,595 [INFO]   [PAS DE DATE] Avis d'emplois supérieurs Directeur des procédures du parte...
2026-08-10 10:23:52,595 [INFO]   Détails: https://www.emploi-public.ma/fr/emploi-sup/details/30d00bcd-df71-43f3-945e-2204e61cb425
2026-08-10 10:23:53,915 [WARNING] Format de date non reconnu: 30
2026-08-10 10:23:53,917 [INFO]     PDF trouvé: Arrêté d'appel à candidature (score: 20)
2026-08-10 10:23:53,917 [INFO]   [PAS DE DATE] Avis d'emplois supérieurs Directeur de l'Institut National d...
2026-08-10 10:23:53,918 [INFO]   Détails: https://www.emploi-public.ma/fr/emploi-sup/details/0caf53e1-867a-4e91-a2d5-4f18a1b80e58
2026-08-10 10:23:55,349 [WARNING] Format de date non reconnu: 30
2026-08-10 10:23:55,350 [INFO]     PDF trouvé: Arrêté d'appel à candidature (score: 20)
2026-08-10 10:23:55,351 [INFO]   [PAS DE DATE] Avis d'emplois supérieurs Directeur des Ressources Humaines,...
2026-08-10 10:23:55,351 [INFO]   Détails: https://www.emploi-public.ma/fr/emploi-sup/details/a260f3d6-19bf-4755-87e7-64988bd5d952
2026-08-10 10:23:56,835 [WARNING] Format de date non reconnu: 30
2026-08-10 10:23:56,836 [INFO]     PDF trouvé: Arrêté d'appel à candidature (score: 20)
2026-08-10 10:23:56,837 [INFO]   [PAS DE DATE] Avis d'emplois supérieurs directeur de l'Aéronautique Civile...
2026-08-10 10:23:56,838 [INFO]   Détails: https://www.emploi-public.ma/fr/emploi-sup/details/803881f5-f7fa-4f8f-b2cd-d6b1566b7fe5
2026-08-10 10:23:57,884 [WARNING] Format de date non reconnu: 30
2026-08-10 10:23:57,885 [INFO]     PDF trouvé: Arrêté d'appel à candidature (score: 20)
2026-08-10 10:23:57,886 [INFO]   [PAS DE DATE] Avis d'emplois supérieurs DIRECTEUR DE L’INSTITUT SUPERIEUR ...
2026-08-10 10:23:57,886 [INFO]   Détails: https://www.emploi-public.ma/fr/emploi-sup/details/43fe4445-da66-401e-a3c4-2562a221a332
2026-08-10 10:23:59,874 [WARNING] Format de date non reconnu: 30
2026-08-10 10:23:59,875 [INFO]     PDF trouvé: Arrêté d'appel à candidature (score: 20)
2026-08-10 10:23:59,876 [INFO]   [PAS DE DATE] Avis d'emplois supérieurs DIRECTEUR FONSAFJS...
2026-08-10 10:23:59,876 [INFO] Page 3/5
2026-08-10 10:23:59,876 [INFO] Scraping page: https://www.emploi-public.ma/fr/emploi-sup-liste?page=2
2026-08-10 10:24:01,175 [INFO]   → 9 annonces trouvées sur cette page
2026-08-10 10:24:01,176 [INFO]   Détails: https://www.emploi-public.ma/fr/emploi-sup/details/2c16f418-dd0f-4bb2-b66e-f926057114f9
2026-08-10 10:24:03,004 [WARNING] Format de date non reconnu: 30
2026-08-10 10:24:03,005 [INFO]     PDF trouvé: Arrêté d'appel à candidature (score: 20)
2026-08-10 10:24:03,006 [INFO]   [PAS DE DATE] Avis d'emplois supérieurs Directeur de la jeunesse...
2026-08-10 10:24:03,007 [INFO]   Détails: https://www.emploi-public.ma/fr/emploi-sup/details/fb33496a-b3e4-46d5-a556-86d0223b04f8
2026-08-10 10:24:06,443 [WARNING] Format de date non reconnu: 30
2026-08-10 10:24:06,444 [INFO]     PDF trouvé: Arrêté d'appel à candidature (score: 20)
2026-08-10 10:24:06,445 [INFO]   [PAS DE DATE] Avis d'emplois supérieurs Directeur(trice) des Affaires géné...
2026-08-10 10:24:06,445 [INFO]   Détails: https://www.emploi-public.ma/fr/emploi-sup/details/d75f25b8-e1b6-4bba-9bf2-9bcc6a5e913c
2026-08-10 10:24:07,517 [WARNING] Format de date non reconnu: 30
2026-08-10 10:24:07,518 [INFO]     PDF trouvé: Arrêté d'appel à candidature (score: 20)
2026-08-10 10:24:07,520 [INFO]   [PAS DE DATE] Avis d'emplois supérieurs Directeur des statuts et des Eudes...
2026-08-10 10:24:07,520 [INFO]   Détails: https://www.emploi-public.ma/fr/emploi-sup/details/4d6a3c99-2658-4cfd-99b5-bc5c012c8e55
2026-08-10 10:24:08,460 [WARNING] Format de date non reconnu: 30
2026-08-10 10:24:08,461 [INFO]     PDF trouvé: Arrêté d'appel à candidature (score: 20)
2026-08-10 10:24:08,462 [INFO]   [PAS DE DATE] Avis d'emplois supérieurs Directeur(trice) du Centre nationa...
2026-08-10 10:24:08,462 [INFO]   Détails: https://www.emploi-public.ma/fr/emploi-sup/details/d5445636-5a56-491e-9305-8cd418b361f8
2026-08-10 10:24:09,567 [WARNING] Format de date non reconnu: 00
2026-08-10 10:24:09,568 [INFO]     PDF trouvé: Arrêté d'appel à candidature (score: 20)
2026-08-10 10:24:09,570 [INFO]   [PAS DE DATE] Avis d'emplois supérieurs Directeur de l'Aménagement du Terr...
2026-08-10 10:24:09,570 [INFO]   Détails: https://www.emploi-public.ma/fr/emploi-sup/details/a19c981f-5e73-4699-978a-3c26f387e76d
2026-08-10 10:24:14,695 [WARNING] Format de date non reconnu: 00
2026-08-10 10:24:14,696 [INFO]     PDF trouvé: Arrêté d'appel à candidature (score: 20)
2026-08-10 10:24:14,697 [INFO]   [PAS DE DATE] Avis d'emplois supérieurs Directeur de l'Agence Urbaine d'Al...
2026-08-10 10:24:14,697 [INFO]   Détails: https://www.emploi-public.ma/fr/emploi-sup/details/c3eed04a-67b9-4ceb-b4c3-b32e0273c191
2026-08-10 10:24:16,725 [WARNING] Format de date non reconnu: 00
2026-08-10 10:24:16,727 [INFO]     PDF trouvé: Arrêté d'appel à candidature (score: 20)
2026-08-10 10:24:16,728 [INFO]   [PAS DE DATE] Avis d'emplois supérieurs Directeur de l'Agence Urbaine de L...
2026-08-10 10:24:16,728 [INFO]   Détails: https://www.emploi-public.ma/fr/emploi-sup/details/6bbca177-c943-4200-991d-4945c7de6c3e
2026-08-10 10:24:17,750 [WARNING] Format de date non reconnu: 30
2026-08-10 10:24:17,751 [INFO]     PDF trouvé: Arrêté d'appel à candidature (score: 20)
2026-08-10 10:24:17,752 [INFO]   [PAS DE DATE] Avis d'emplois supérieurs Directeur(trice) des affaires géné...
2026-08-10 10:24:17,752 [INFO]   Détails: https://www.emploi-public.ma/fr/emploi-sup/details/971391f4-c3ed-4054-b39a-d498fdbfba4b
2026-08-10 10:24:18,764 [WARNING] Format de date non reconnu: 30
2026-08-10 10:24:18,766 [INFO]     PDF trouvé: Arrêté d'appel à candidature (score: 20)
2026-08-10 10:24:18,767 [INFO]   [PAS DE DATE] Avis d'emplois supérieurs Directeur(trice) de l’Institut Roy...
2026-08-10 10:24:18,767 [INFO] Page 4/5
2026-08-10 10:24:18,767 [INFO] Scraping page: https://www.emploi-public.ma/fr/emploi-sup-liste?page=3
2026-08-10 10:24:19,659 [INFO]   → 9 annonces trouvées sur cette page
2026-08-10 10:24:19,660 [INFO]   Détails: https://www.emploi-public.ma/fr/emploi-sup/details/1afa70c8-a02b-457d-98c8-6787ae253f28
2026-08-10 10:24:20,686 [WARNING] Format de date non reconnu: 30
2026-08-10 10:24:20,687 [INFO]     PDF trouvé: Arrêté d'appel à candidature (score: 20)
2026-08-10 10:24:20,688 [INFO]   [PAS DE DATE] Avis d'emplois supérieurs Directeur de l'Ecole des Sciences ...
2026-08-10 10:24:20,688 [INFO]   Détails: https://www.emploi-public.ma/fr/emploi-sup/details/e1c5923d-7307-42c7-90ed-21db5ce34a49
2026-08-10 10:24:22,121 [WARNING] Format de date non reconnu: 30
2026-08-10 10:24:22,122 [INFO]     PDF trouvé: Arrêté d'appel à candidature (score: 20)
2026-08-10 10:24:22,123 [INFO]   [PAS DE DATE] Avis d'emplois supérieurs Directeur des législations des Inf...
2026-08-10 10:24:22,123 [INFO]   Détails: https://www.emploi-public.ma/fr/emploi-sup/details/cb431ce3-c104-457a-b464-8ca3b4a5fe55
2026-08-10 10:24:34,797 [WARNING] Format de date non reconnu: 30
2026-08-10 10:24:34,798 [INFO]     PDF trouvé: Arrêté d'appel à candidature (score: 20)
2026-08-10 10:24:34,800 [INFO]   [PAS DE DATE] Avis d'emplois supérieurs Directeur des législations de la g...
2026-08-10 10:24:34,800 [INFO]   Détails: https://www.emploi-public.ma/fr/emploi-sup/details/83256c4b-36f7-461e-8579-7dbec3b6aae0
2026-08-10 10:24:38,994 [WARNING] Format de date non reconnu: 30
2026-08-10 10:24:38,995 [INFO]     PDF trouvé: Arrêté d'appel à candidature (score: 20)
2026-08-10 10:24:38,996 [INFO]   [PAS DE DATE] Avis d'emplois supérieurs Doyen de la Faculté de Médecine et...
2026-08-10 10:24:38,996 [INFO]   Détails: https://www.emploi-public.ma/fr/emploi-sup/details/e1054489-8a0a-4d64-92ab-55a9dbb52ac5
2026-08-10 10:24:46,081 [WARNING] Format de date non reconnu: 30
2026-08-10 10:24:46,083 [INFO]     PDF trouvé: Arrêté d'appel à candidature (score: 20)
2026-08-10 10:24:46,083 [INFO]   [PAS DE DATE] Avis d'emplois supérieurs Directeur de l'Ecole Mohammadia de...
2026-08-10 10:24:46,084 [INFO]   Détails: https://www.emploi-public.ma/fr/emploi-sup/details/4276b348-5dae-41c9-b638-6ca89ffaf304
2026-08-10 10:24:47,300 [WARNING] Format de date non reconnu: 30
2026-08-10 10:24:47,301 [INFO]     PDF trouvé: Arrêté d'appel à candidature (score: 20)
2026-08-10 10:24:47,302 [INFO]   [PAS DE DATE] Avis d'emplois supérieurs Directeur(trice) du Centre régiona...
2026-08-10 10:24:47,303 [INFO]   Détails: https://www.emploi-public.ma/fr/emploi-sup/details/0f48ee65-4c13-4056-a870-a38f35f26eee
2026-08-10 10:24:48,264 [WARNING] Format de date non reconnu: 30
2026-08-10 10:24:48,265 [INFO]     PDF trouvé: Arrêté d'appel à candidature (score: 20)
2026-08-10 10:24:48,266 [INFO]   [PAS DE DATE] Avis d'emplois supérieurs Directeur des statuts et des Eudes...
2026-08-10 10:24:48,266 [INFO]   Détails: https://www.emploi-public.ma/fr/emploi-sup/details/17544c4c-7a33-48bd-be97-d4e261c4b1ba
2026-08-10 10:24:49,144 [WARNING] Format de date non reconnu: 30
2026-08-10 10:24:49,145 [INFO]     PDF trouvé: Arrêté d'appel à candidature (score: 20)
2026-08-10 10:24:49,146 [INFO]   [PAS DE DATE] Avis d'emplois supérieurs Directeur(trice) général(e) de l’o...
2026-08-10 10:24:49,146 [INFO]   Détails: https://www.emploi-public.ma/fr/emploi-sup/details/2062be70-06c0-4b02-b143-bb2108a03421
2026-08-10 10:24:50,276 [WARNING] Format de date non reconnu: 30
2026-08-10 10:24:50,277 [INFO]     PDF trouvé: Arrêté d'appel à candidature (score: 20)
2026-08-10 10:24:50,278 [INFO]   [PAS DE DATE] Avis d'emplois supérieurs Directeur(trice) du Centre nationa...
2026-08-10 10:24:50,278 [INFO] Page 5/5
2026-08-10 10:24:50,278 [INFO] Scraping page: https://www.emploi-public.ma/fr/emploi-sup-liste?page=4
2026-08-10 10:24:51,356 [INFO]   → 9 annonces trouvées sur cette page
2026-08-10 10:24:51,357 [INFO]   Détails: https://www.emploi-public.ma/fr/emploi-sup/details/5b7e6e30-4777-469d-9fa2-856d4390a35f
2026-08-10 10:24:57,507 [WARNING] Format de date non reconnu: 30
2026-08-10 10:24:57,508 [INFO]     PDF trouvé: Arrêté d'appel à candidature (score: 20)
2026-08-10 10:24:57,509 [INFO]   [PAS DE DATE] Avis d'emplois supérieurs Directeur de la jeunesse...
2026-08-10 10:24:57,509 [INFO]   Détails: https://www.emploi-public.ma/fr/emploi-sup/details/5313b8af-912f-4d82-b328-04c94fbe4562
2026-08-10 10:25:04,161 [WARNING] Format de date non reconnu: 30
2026-08-10 10:25:04,162 [INFO]     PDF trouvé: Arrêté d'appel à candidature (score: 20)
2026-08-10 10:25:04,163 [INFO]   [PAS DE DATE] Avis d'emplois supérieurs Directeur (ce) de la Coopération e...
2026-08-10 10:25:04,163 [INFO]   Détails: https://www.emploi-public.ma/fr/emploi-sup/details/52349e85-618a-444c-94ae-a269dcb8ede6
2026-08-10 10:25:07,754 [WARNING] Format de date non reconnu: 30
2026-08-10 10:25:07,755 [INFO]     PDF trouvé: Arrêté d'appel à candidature (score: 20)
2026-08-10 10:25:07,757 [INFO]   [PAS DE DATE] Avis d'emplois supérieurs Directeur (ce) des Ressources Huma...
2026-08-10 10:25:07,757 [INFO]   Détails: https://www.emploi-public.ma/fr/emploi-sup/details/b993993a-7a9f-4f82-a95d-4c705192b5c5
2026-08-10 10:25:08,686 [WARNING] Format de date non reconnu: 30
2026-08-10 10:25:08,687 [INFO]     PDF trouvé: Arrêté d'appel à candidature (score: 20)
2026-08-10 10:25:08,688 [INFO]   [PAS DE DATE] Avis d'emplois supérieurs Directeur(trice) de l’Académie rég...
2026-08-10 10:25:08,689 [INFO]   Détails: https://www.emploi-public.ma/fr/emploi-sup/details/a8514544-73e5-48b0-bc95-4e3782a246c4
2026-08-10 10:25:09,897 [WARNING] Format de date non reconnu: 30
2026-08-10 10:25:09,898 [INFO]     PDF trouvé: Arrêté d'appel à candidature (score: 20)
2026-08-10 10:25:09,899 [INFO]   [PAS DE DATE] Avis d'emplois supérieurs Directeur de l'Office Régional de ...
2026-08-10 10:25:09,899 [INFO]   Détails: https://www.emploi-public.ma/fr/emploi-sup/details/34737011-4b34-4d27-a8e4-f96374ce7e3b
2026-08-10 10:25:11,198 [WARNING] Format de date non reconnu: 30
2026-08-10 10:25:11,199 [INFO]     PDF trouvé: Arrêté d'appel à candidature (score: 20)
2026-08-10 10:25:11,200 [INFO]   [PAS DE DATE] Avis d'emplois supérieurs Directeur du Centre Régional d'Inv...
2026-08-10 10:25:11,200 [INFO]   Détails: https://www.emploi-public.ma/fr/emploi-sup/details/3848b51d-1643-4c8a-9d0a-0001f3ec1eb6
2026-08-10 10:25:12,303 [WARNING] Format de date non reconnu: 30
2026-08-10 10:25:12,305 [INFO]     PDF trouvé: Arrêté d'appel à candidature (score: 20)
2026-08-10 10:25:12,306 [INFO]   [PAS DE DATE] Avis d'emplois supérieurs Directeur des statistiques, des ét...
2026-08-10 10:25:12,306 [INFO]   Détails: https://www.emploi-public.ma/fr/emploi-sup/details/f762f1b5-8e54-4277-9ceb-b77512a40379
2026-08-10 10:25:13,236 [WARNING] Format de date non reconnu: 30
2026-08-10 10:25:13,237 [INFO]     PDF trouvé: Arrêté d'appel à candidature (score: 20)
2026-08-10 10:25:13,238 [INFO]   [PAS DE DATE] Avis d'emplois supérieurs Directeur de l'Institut National S...
2026-08-10 10:25:13,238 [INFO]   Détails: https://www.emploi-public.ma/fr/emploi-sup/details/f398a7c1-f047-4cb7-95a2-e63106086337
2026-08-10 10:25:14,110 [WARNING] Format de date non reconnu: 30
2026-08-10 10:25:14,112 [INFO]     PDF trouvé: Arrêté d'appel à candidature (score: 20)
2026-08-10 10:25:14,113 [INFO]   [PAS DE DATE] Avis d'emplois supérieurs Directeur (ce) de l'Enseignement S...
2026-08-10 10:25:14,113 [INFO] 
--- Catégorie: Postes de responsabilités ---
2026-08-10 10:25:14,113 [INFO] Page 1/5
2026-08-10 10:25:14,113 [INFO] Scraping page: https://www.emploi-public.ma/fr/postes-respo-liste
2026-08-10 10:25:17,435 [INFO]   → 13 annonces trouvées sur cette page
2026-08-10 10:25:17,436 [INFO]   Détails: https://www.emploi-public.ma/fr/postes-respo/details/c2a19fdb-838b-4234-8292-4c5cf41a7734
2026-08-10 10:25:19,169 [INFO]     PDF trouvé: Arrêté d'appel à candidature (score: 20)
2026-08-10 10:25:19,170 [INFO]   [EN COURS] Avis de Postes de responsabilités au Ministère de l’intérieu... → 2026-08-31
2026-08-10 10:25:19,170 [INFO]   Détails: https://www.emploi-public.ma/fr/postes-respo/details/5f889aec-aea1-4bcd-92d5-5b798b207e69
2026-08-10 10:25:20,235 [INFO]     PDF trouvé: Arrêté d'appel à candidature (score: 20)
2026-08-10 10:25:20,236 [INFO]   [EXPIRÉE] Publication de la liste des résultats pour les Postes de res... → 2026-07-10
2026-08-10 10:25:20,236 [INFO]   Détails: https://www.emploi-public.ma/fr/postes-respo/details/bf1cc35a-4da2-4b2b-aa24-1ff4d9bf6472
2026-08-10 10:25:21,229 [INFO]     PDF trouvé: Arrêté d'appel à candidature (score: 20)
2026-08-10 10:25:21,230 [INFO]   [EXPIRÉE] Avis de Postes de responsabilités au Ministère de l’intérieu... → 2026-08-07
2026-08-10 10:25:21,230 [INFO]   Détails: https://www.emploi-public.ma/fr/postes-respo/details/c84a5637-77c0-4679-baa9-d49417d7e832
2026-08-10 10:25:22,784 [INFO]     PDF trouvé: Arrêté d'appel à candidature (score: 20)
2026-08-10 10:25:22,785 [INFO]   [EXPIRÉE] Avis de Postes de responsabilités au Ministère de la Jeuness... → 2026-08-07
2026-08-10 10:25:22,785 [INFO]   Détails: https://www.emploi-public.ma/fr/postes-respo/details/a3ff8765-f34b-4a36-9023-7ae112e77594
2026-08-10 10:25:24,122 [INFO]     PDF trouvé: Arrêté d'appel à candidature (score: 20)
2026-08-10 10:25:24,123 [INFO]   [EXPIRÉE] Avis de Postes de responsabilités au Ministère de la Jeuness... → 2026-08-07
2026-08-10 10:25:24,123 [INFO]   Détails: https://www.emploi-public.ma/fr/postes-respo/details/558f23e7-7989-4f9c-92e0-0a469e30efd4
2026-08-10 10:25:26,962 [INFO]     PDF trouvé: Arrêté d'appel à candidature (score: 20)
2026-08-10 10:25:26,963 [INFO]   [EXPIRÉE] Avis de Postes de responsabilités au Ministère de l’intérieu... → 2026-08-07
2026-08-10 10:25:26,963 [INFO]   Détails: https://www.emploi-public.ma/fr/postes-respo/details/1e460045-de8c-47a5-8daf-62ffbd392b3b
2026-08-10 10:25:29,142 [INFO]     PDF trouvé: Arrêté d'appel à candidature (score: 20)
2026-08-10 10:25:29,143 [INFO]   [EN COURS] Avis de Postes de responsabilités au Délégation générale à l... → 2026-08-27
2026-08-10 10:25:29,143 [INFO]   Détails: https://www.emploi-public.ma/fr/postes-respo/details/1f0f0446-8044-4bda-a4f1-6e55b963a62f
2026-08-10 10:25:30,300 [INFO]     PDF trouvé: Arrêté d'appel à candidature (score: 20)
2026-08-10 10:25:30,301 [INFO]   [EXPIRÉE] Publication de la liste des résultats pour les Postes de res... → 2026-06-29
2026-08-10 10:25:30,301 [INFO]   Détails: https://www.emploi-public.ma/fr/postes-respo/details/2cba0974-d7be-4c5d-859c-b8bc800df124
2026-08-10 10:25:31,379 [INFO]     PDF trouvé: Arrêté d'appel à candidature (score: 20)
2026-08-10 10:25:31,380 [INFO]   [EN COURS] Avis de Postes de responsabilités au Ministère de l'intérieu... → 2026-08-24
2026-08-10 10:25:31,380 [INFO]   Détails: https://www.emploi-public.ma/fr/postes-respo/details/3c1b93d3-a702-4188-928e-8f36bb4b82d1
2026-08-10 10:25:32,346 [INFO]     PDF trouvé: Arrêté d'appel à candidature (score: 20)
2026-08-10 10:25:32,347 [INFO]   [EN COURS] Responsable Animation et Développement (H/F)... → 2026-08-11
2026-08-10 10:25:32,347 [INFO]   Détails: https://www.emploi-public.ma/fr/postes-respo/details/a7c1324e-485f-4839-ad77-ea9897200622
2026-08-10 10:25:34,136 [INFO]     PDF trouvé: Arrêté d'appel à candidature (score: 20)
2026-08-10 10:25:34,137 [INFO]   [EN COURS] Responsable Maintenance et Infrastructures (H/F)... → 2026-08-11
2026-08-10 10:25:34,138 [INFO]   Détails: https://www.emploi-public.ma/fr/postes-respo/details/c33658fc-f238-4cb6-9f53-0e9cd438d3fc
2026-08-10 10:25:35,648 [INFO]     PDF trouvé: Arrêté d'appel à candidature (score: 20)
2026-08-10 10:25:35,649 [INFO]   [EN COURS] Directeur des services de la commune de Saada... → 2026-08-11
2026-08-10 10:25:35,649 [INFO]   Détails: https://www.emploi-public.ma/fr/postes-respo/details/04533a2c-66bc-4c87-b2f9-3d090d8e06a0
2026-08-10 10:25:36,441 [INFO]     PDF trouvé: Arrêté d'appel à candidature (score: 20)
2026-08-10 10:25:36,442 [INFO]   [EN COURS] Architecte... → 2026-08-11
2026-08-10 10:25:36,442 [INFO] Page 2/5
2026-08-10 10:25:36,442 [INFO] Scraping page: https://www.emploi-public.ma/fr/postes-respo-liste?page=1
2026-08-10 10:25:37,694 [INFO]   → 13 annonces trouvées sur cette page
2026-08-10 10:25:37,695 [INFO]   Détails: https://www.emploi-public.ma/fr/postes-respo/details/c2a19fdb-838b-4234-8292-4c5cf41a7734
2026-08-10 10:25:38,592 [INFO]     PDF trouvé: Arrêté d'appel à candidature (score: 20)
2026-08-10 10:25:38,593 [INFO]   [EN COURS] Avis de Postes de responsabilités au Ministère de l’intérieu... → 2026-08-31
2026-08-10 10:25:38,593 [INFO]   Détails: https://www.emploi-public.ma/fr/postes-respo/details/5f889aec-aea1-4bcd-92d5-5b798b207e69
2026-08-10 10:25:40,265 [INFO]     PDF trouvé: Arrêté d'appel à candidature (score: 20)
2026-08-10 10:25:40,266 [INFO]   [EXPIRÉE] Publication de la liste des résultats pour les Postes de res... → 2026-07-10
2026-08-10 10:25:40,266 [INFO]   Détails: https://www.emploi-public.ma/fr/postes-respo/details/bf1cc35a-4da2-4b2b-aa24-1ff4d9bf6472
2026-08-10 10:25:41,226 [INFO]     PDF trouvé: Arrêté d'appel à candidature (score: 20)
2026-08-10 10:25:41,227 [INFO]   [EXPIRÉE] Avis de Postes de responsabilités au Ministère de l’intérieu... → 2026-08-07
2026-08-10 10:25:41,227 [INFO]   Détails: https://www.emploi-public.ma/fr/postes-respo/details/c84a5637-77c0-4679-baa9-d49417d7e832
2026-08-10 10:25:42,190 [INFO]     PDF trouvé: Arrêté d'appel à candidature (score: 20)
2026-08-10 10:25:42,191 [INFO]   [EXPIRÉE] Avis de Postes de responsabilités au Ministère de la Jeuness... → 2026-08-07
2026-08-10 10:25:42,191 [INFO]   Détails: https://www.emploi-public.ma/fr/postes-respo/details/a3ff8765-f34b-4a36-9023-7ae112e77594
2026-08-10 10:25:43,659 [INFO]     PDF trouvé: Arrêté d'appel à candidature (score: 20)
2026-08-10 10:25:43,660 [INFO]   [EXPIRÉE] Avis de Postes de responsabilités au Ministère de la Jeuness... → 2026-08-07
2026-08-10 10:25:43,660 [INFO]   Détails: https://www.emploi-public.ma/fr/postes-respo/details/558f23e7-7989-4f9c-92e0-0a469e30efd4
2026-08-10 10:25:47,322 [INFO]     PDF trouvé: Arrêté d'appel à candidature (score: 20)
2026-08-10 10:25:47,323 [INFO]   [EXPIRÉE] Avis de Postes de responsabilités au Ministère de l’intérieu... → 2026-08-07
2026-08-10 10:25:47,323 [INFO]   Détails: https://www.emploi-public.ma/fr/postes-respo/details/1e460045-de8c-47a5-8daf-62ffbd392b3b
2026-08-10 10:25:48,546 [INFO]     PDF trouvé: Arrêté d'appel à candidature (score: 20)
2026-08-10 10:25:48,547 [INFO]   [EN COURS] Avis de Postes de responsabilités au Délégation générale à l... → 2026-08-27
2026-08-10 10:25:48,547 [INFO]   Détails: https://www.emploi-public.ma/fr/postes-respo/details/1f0f0446-8044-4bda-a4f1-6e55b963a62f
2026-08-10 10:25:50,974 [INFO]     PDF trouvé: Arrêté d'appel à candidature (score: 20)
2026-08-10 10:25:50,976 [INFO]   [EXPIRÉE] Publication de la liste des résultats pour les Postes de res... → 2026-06-29
2026-08-10 10:25:50,976 [INFO]   Détails: https://www.emploi-public.ma/fr/postes-respo/details/2cba0974-d7be-4c5d-859c-b8bc800df124
2026-08-10 10:25:54,127 [INFO]     PDF trouvé: Arrêté d'appel à candidature (score: 20)
2026-08-10 10:25:54,128 [INFO]   [EN COURS] Avis de Postes de responsabilités au Ministère de l'intérieu... → 2026-08-24
2026-08-10 10:25:54,128 [INFO]   Détails: https://www.emploi-public.ma/fr/postes-respo/details/3c1b93d3-a702-4188-928e-8f36bb4b82d1
2026-08-10 10:25:57,178 [INFO]     PDF trouvé: Arrêté d'appel à candidature (score: 20)
2026-08-10 10:25:57,179 [INFO]   [EN COURS] Responsable Animation et Développement (H/F)... → 2026-08-11
2026-08-10 10:25:57,179 [INFO]   Détails: https://www.emploi-public.ma/fr/postes-respo/details/a7c1324e-485f-4839-ad77-ea9897200622
2026-08-10 10:26:01,844 [INFO]     PDF trouvé: Arrêté d'appel à candidature (score: 20)
2026-08-10 10:26:01,845 [INFO]   [EN COURS] Responsable Maintenance et Infrastructures (H/F)... → 2026-08-11
2026-08-10 10:26:01,845 [INFO]   Détails: https://www.emploi-public.ma/fr/postes-respo/details/c33658fc-f238-4cb6-9f53-0e9cd438d3fc
2026-08-10 10:26:02,899 [INFO]     PDF trouvé: Arrêté d'appel à candidature (score: 20)
2026-08-10 10:26:02,900 [INFO]   [EN COURS] Directeur des services de la commune de Saada... → 2026-08-11
2026-08-10 10:26:02,900 [INFO]   Détails: https://www.emploi-public.ma/fr/postes-respo/details/04533a2c-66bc-4c87-b2f9-3d090d8e06a0
2026-08-10 10:26:03,952 [INFO]     PDF trouvé: Arrêté d'appel à candidature (score: 20)
2026-08-10 10:26:03,953 [INFO]   [EN COURS] Architecte... → 2026-08-11
2026-08-10 10:26:03,954 [INFO] Page 3/5
2026-08-10 10:26:03,954 [INFO] Scraping page: https://www.emploi-public.ma/fr/postes-respo-liste?page=2
2026-08-10 10:26:05,053 [INFO]   → 13 annonces trouvées sur cette page
2026-08-10 10:26:05,054 [INFO]   Détails: https://www.emploi-public.ma/fr/postes-respo/details/6cf979b2-4c4d-4d2e-8ddf-8b1bbb09eb3e
2026-08-10 10:26:06,113 [INFO]     PDF trouvé: Arrêté d'appel à candidature (score: 20)
2026-08-10 10:26:06,114 [INFO]   [EN COURS] Avis de Postes de responsabilités au Ministère de l'intérieu... → 2026-08-24
2026-08-10 10:26:06,114 [INFO]   Détails: https://www.emploi-public.ma/fr/postes-respo/details/6bf72bad-f1df-449e-b7f2-7bf6242b2d85
2026-08-10 10:26:07,073 [INFO]     PDF trouvé: Arrêté d'appel à candidature (score: 20)
2026-08-10 10:26:07,074 [INFO]   [EXPIRÉE] Publication de la liste des résultats pour les Postes de res... → 2026-07-28
2026-08-10 10:26:07,074 [INFO]   Détails: https://www.emploi-public.ma/fr/postes-respo/details/19cf5e66-9675-4021-ab42-b1b0b537132c
2026-08-10 10:26:10,329 [INFO]     PDF trouvé: Arrêté d'appel à candidature (score: 20)
2026-08-10 10:26:10,330 [INFO]   [EXPIRÉE] Avis de Postes de responsabilités au Ministère de la Jeuness... → 2026-08-05
2026-08-10 10:26:10,330 [INFO]   Détails: https://www.emploi-public.ma/fr/postes-respo/details/eb11c5f5-5e0a-4093-be4a-be951ac1d902
2026-08-10 10:26:11,293 [INFO]     PDF trouvé: Arrêté d'appel à candidature (score: 20)
2026-08-10 10:26:11,294 [INFO]   [EXPIRÉE] Avis de Postes de responsabilités au Ministère de la Jeuness... → 2026-08-05
2026-08-10 10:26:11,294 [INFO]   Détails: https://www.emploi-public.ma/fr/postes-respo/details/f79a757f-1c02-4b6f-9fa3-500027d7dcdb
2026-08-10 10:26:12,440 [INFO]     PDF trouvé: Arrêté d'appel à candidature (score: 20)
2026-08-10 10:26:12,441 [INFO]   [EN COURS] Avis de Postes de responsabilités au Ministère de la justice... → 2026-08-24
2026-08-10 10:26:12,441 [INFO]   Détails: https://www.emploi-public.ma/fr/postes-respo/details/39e0be7c-935c-470f-813a-4ef6dc80ce2a
2026-08-10 10:26:13,874 [INFO]     PDF trouvé: Arrêté d'appel à candidature (score: 20)
2026-08-10 10:26:13,875 [INFO]   [EXPIRÉE] Avis de Postes de responsabilités au Ministère de l’Agricult... → 2026-08-04
2026-08-10 10:26:13,876 [INFO]   Détails: https://www.emploi-public.ma/fr/postes-respo/details/a2d8ded6-f6da-4802-aa9c-5d77f0e0e766
2026-08-10 10:26:14,921 [INFO]     PDF trouvé: Arrêté d'appel à candidature (score: 20)
2026-08-10 10:26:14,922 [INFO]   [EXPIRÉE] Avis de Postes de responsabilités au Ministère de l’Économie... → 2026-08-04
2026-08-10 10:26:14,923 [INFO]   Détails: https://www.emploi-public.ma/fr/postes-respo/details/e774ca4d-81dc-42d4-8139-14553b32118f
2026-08-10 10:26:15,963 [INFO]     PDF trouvé: Arrêté d'appel à candidature (score: 20)
2026-08-10 10:26:15,964 [INFO]   [EXPIRÉE] Avis de Postes de responsabilités au Ministère de la Jeuness... → 2026-08-04
2026-08-10 10:26:15,964 [INFO]   Détails: https://www.emploi-public.ma/fr/postes-respo/details/3b6918d1-3c36-4588-a26b-fbe714b6e52d
2026-08-10 10:26:16,910 [INFO]     PDF trouvé: Arrêté d'appel à candidature (score: 20)
2026-08-10 10:26:16,911 [INFO]   [EXPIRÉE] Publication de la liste des résultats pour les Postes de res... → 2026-06-24
2026-08-10 10:26:16,911 [INFO]   Détails: https://www.emploi-public.ma/fr/postes-respo/details/3c1b93d3-a702-4188-928e-8f36bb4b82d1
2026-08-10 10:26:18,289 [INFO]     PDF trouvé: Arrêté d'appel à candidature (score: 20)
2026-08-10 10:26:18,290 [INFO]   [EN COURS] Responsable Animation et Développement (H/F)... → 2026-08-11
2026-08-10 10:26:18,290 [INFO]   Détails: https://www.emploi-public.ma/fr/postes-respo/details/a7c1324e-485f-4839-ad77-ea9897200622
2026-08-10 10:26:23,544 [INFO]     PDF trouvé: Arrêté d'appel à candidature (score: 20)
2026-08-10 10:26:23,545 [INFO]   [EN COURS] Responsable Maintenance et Infrastructures (H/F)... → 2026-08-11
2026-08-10 10:26:23,545 [INFO]   Détails: https://www.emploi-public.ma/fr/postes-respo/details/c33658fc-f238-4cb6-9f53-0e9cd438d3fc
2026-08-10 10:26:25,042 [INFO]     PDF trouvé: Arrêté d'appel à candidature (score: 20)
2026-08-10 10:26:25,043 [INFO]   [EN COURS] Directeur des services de la commune de Saada... → 2026-08-11
2026-08-10 10:26:25,044 [INFO]   Détails: https://www.emploi-public.ma/fr/postes-respo/details/04533a2c-66bc-4c87-b2f9-3d090d8e06a0
2026-08-10 10:26:26,643 [INFO]     PDF trouvé: Arrêté d'appel à candidature (score: 20)
2026-08-10 10:26:26,644 [INFO]   [EN COURS] Architecte... → 2026-08-11
2026-08-10 10:26:26,644 [INFO] Page 4/5
2026-08-10 10:26:26,644 [INFO] Scraping page: https://www.emploi-public.ma/fr/postes-respo-liste?page=3
2026-08-10 10:26:33,744 [INFO]   → 13 annonces trouvées sur cette page
2026-08-10 10:26:33,745 [INFO]   Détails: https://www.emploi-public.ma/fr/postes-respo/details/09438eb0-5e92-4df8-abe9-22c776ae6df9
2026-08-10 10:26:39,500 [INFO]     PDF trouvé: Arrêté d'appel à candidature (score: 20)
2026-08-10 10:26:39,501 [INFO]   [EXPIRÉE] Publication de la liste des convoqués pour l'appel à candida... → 2026-05-29
2026-08-10 10:26:39,501 [INFO]   Détails: https://www.emploi-public.ma/fr/postes-respo/details/bb476430-77cb-414d-ba1f-13c627c55c66
2026-08-10 10:26:41,531 [INFO]     PDF trouvé: Arrêté d'appel à candidature (score: 20)
2026-08-10 10:26:41,532 [INFO]   [EN COURS] Avis de Postes de responsabilités au Délégation interministé... → 2026-08-24
2026-08-10 10:26:41,532 [INFO]   Détails: https://www.emploi-public.ma/fr/postes-respo/details/3994c0b9-790d-4e5d-b147-c784cf157aab
2026-08-10 10:26:42,483 [INFO]     PDF trouvé: Arrêté d'appel à candidature (score: 20)
2026-08-10 10:26:42,484 [INFO]   [EXPIRÉE] Avis de Postes de responsabilités au Ministère de l’Agricult... → 2026-08-03
2026-08-10 10:26:42,484 [INFO]   Détails: https://www.emploi-public.ma/fr/postes-respo/details/f8baf400-d3be-464c-a9cd-a75fc5d8a8bc
2026-08-10 10:26:43,482 [INFO]     PDF trouvé: Arrêté d'appel à candidature (score: 20)
2026-08-10 10:26:43,483 [INFO]   [EXPIRÉE] Avis de Postes de responsabilités au Ministère de la Jeuness... → 2026-08-03
2026-08-10 10:26:43,483 [INFO]   Détails: https://www.emploi-public.ma/fr/postes-respo/details/17642040-c2de-4150-bf47-0523cb6a6615
2026-08-10 10:26:45,068 [INFO]     PDF trouvé: Arrêté d'appel à candidature (score: 20)
2026-08-10 10:26:45,070 [INFO]   [EXPIRÉE] Avis de Postes de responsabilités au Ministère de la Jeuness... → 2026-08-03
2026-08-10 10:26:45,070 [INFO]   Détails: https://www.emploi-public.ma/fr/postes-respo/details/33fadd95-e7a3-48e9-9532-58ab3fef908c
2026-08-10 10:26:46,057 [INFO]     PDF trouvé: Arrêté d'appel à candidature (score: 20)
2026-08-10 10:26:46,058 [INFO]   [EXPIRÉE] Avis de Postes de responsabilités au Ministère de la Jeuness... → 2026-08-03
2026-08-10 10:26:46,058 [INFO]   Détails: https://www.emploi-public.ma/fr/postes-respo/details/f6181909-9d0e-4bf9-aa98-7c5bb916b755
2026-08-10 10:26:47,019 [INFO]     PDF trouvé: Arrêté d'appel à candidature (score: 20)
2026-08-10 10:26:47,020 [INFO]   [EXPIRÉE] Avis de Postes de responsabilités au Ministère de la Jeuness... → 2026-08-03
2026-08-10 10:26:47,020 [INFO]   Détails: https://www.emploi-public.ma/fr/postes-respo/details/5d665ecc-2ba0-419a-81e1-a402431adc16
2026-08-10 10:26:52,590 [INFO]     PDF trouvé: Arrêté d'appel à candidature (score: 20)
2026-08-10 10:26:52,591 [INFO]   [EXPIRÉE] Avis de Postes de responsabilités au Ministère de la Jeuness... → 2026-08-03
2026-08-10 10:26:52,591 [INFO]   Détails: https://www.emploi-public.ma/fr/postes-respo/details/dd4ef999-edb7-4d73-a51f-f94527df58d6
2026-08-10 10:26:59,644 [INFO]     PDF trouvé: Arrêté d'appel à candidature (score: 20)
2026-08-10 10:26:59,646 [INFO]   [EXPIRÉE] Avis de Postes de responsabilités au Ministère de l’Agricult... → 2026-08-03
2026-08-10 10:26:59,646 [INFO]   Détails: https://www.emploi-public.ma/fr/postes-respo/details/3c1b93d3-a702-4188-928e-8f36bb4b82d1
2026-08-10 10:27:03,159 [INFO]     PDF trouvé: Arrêté d'appel à candidature (score: 20)
2026-08-10 10:27:03,160 [INFO]   [EN COURS] Responsable Animation et Développement (H/F)... → 2026-08-11
2026-08-10 10:27:03,161 [INFO]   Détails: https://www.emploi-public.ma/fr/postes-respo/details/a7c1324e-485f-4839-ad77-ea9897200622
2026-08-10 10:27:04,214 [INFO]     PDF trouvé: Arrêté d'appel à candidature (score: 20)
2026-08-10 10:27:04,215 [INFO]   [EN COURS] Responsable Maintenance et Infrastructures (H/F)... → 2026-08-11
2026-08-10 10:27:04,215 [INFO]   Détails: https://www.emploi-public.ma/fr/postes-respo/details/c33658fc-f238-4cb6-9f53-0e9cd438d3fc
2026-08-10 10:27:09,678 [INFO]     PDF trouvé: Arrêté d'appel à candidature (score: 20)
2026-08-10 10:27:09,679 [INFO]   [EN COURS] Directeur des services de la commune de Saada... → 2026-08-11
2026-08-10 10:27:09,680 [INFO]   Détails: https://www.emploi-public.ma/fr/postes-respo/details/04533a2c-66bc-4c87-b2f9-3d090d8e06a0
2026-08-10 10:27:11,656 [INFO]     PDF trouvé: Arrêté d'appel à candidature (score: 20)
2026-08-10 10:27:11,657 [INFO]   [EN COURS] Architecte... → 2026-08-11
2026-08-10 10:27:11,657 [INFO] Page 5/5
2026-08-10 10:27:11,657 [INFO] Scraping page: https://www.emploi-public.ma/fr/postes-respo-liste?page=4
2026-08-10 10:27:14,498 [INFO]   → 13 annonces trouvées sur cette page
2026-08-10 10:27:14,499 [INFO]   Détails: https://www.emploi-public.ma/fr/postes-respo/details/716ae71a-4687-466a-ae3c-6f09c68b0175
2026-08-10 10:27:17,573 [INFO]     PDF trouvé: Arrêté d'appel à candidature (score: 20)
2026-08-10 10:27:17,574 [INFO]   [EXPIRÉE] Publication de la liste des résultats pour les Postes de res... → 2026-04-17
2026-08-10 10:27:17,575 [INFO]   Détails: https://www.emploi-public.ma/fr/postes-respo/details/b349c2e5-0e5e-42d2-bf1d-d96f5da31081
2026-08-10 10:27:18,529 [INFO]     PDF trouvé: Arrêté d'appel à candidature (score: 20)
2026-08-10 10:27:18,530 [INFO]   [EXPIRÉE] Avis de Postes de responsabilités au Ministère de l’intérieu... → 2026-07-31
2026-08-10 10:27:18,531 [INFO]   Détails: https://www.emploi-public.ma/fr/postes-respo/details/65bb098d-84db-4eea-a26f-408d847c19d6
2026-08-10 10:27:19,484 [INFO]     PDF trouvé: Arrêté d'appel à candidature (score: 20)
2026-08-10 10:27:19,485 [INFO]   [EXPIRÉE] Publication de la liste des résultats pour les Postes de res... → 2026-06-11
2026-08-10 10:27:19,485 [INFO]   Détails: https://www.emploi-public.ma/fr/postes-respo/details/4634f231-1c41-439b-9e77-a5c74ee289d4
2026-08-10 10:27:20,891 [INFO]     PDF trouvé: Arrêté d'appel à candidature (score: 20)
2026-08-10 10:27:20,892 [INFO]   [EXPIRÉE] Publication de la liste des résultats pour les Postes de res... → 2026-06-11
2026-08-10 10:27:20,892 [INFO]   Détails: https://www.emploi-public.ma/fr/postes-respo/details/36fa2f7f-c1b1-4034-9c58-493276fbf647
2026-08-10 10:27:21,880 [INFO]     PDF trouvé: Arrêté d'appel à candidature (score: 20)
2026-08-10 10:27:21,881 [INFO]   [EXPIRÉE] Publication de la liste des résultats pour les Postes de res... → 2026-06-11
2026-08-10 10:27:21,881 [INFO]   Détails: https://www.emploi-public.ma/fr/postes-respo/details/506cdea9-bd57-40fd-8470-b783d8301a02
2026-08-10 10:27:29,428 [INFO]     PDF trouvé: Arrêté d'appel à candidature (score: 20)
2026-08-10 10:27:29,429 [INFO]   [EXPIRÉE] Publication de la liste des résultats pour les Postes de res... → 2026-06-11
2026-08-10 10:27:29,430 [INFO]   Détails: https://www.emploi-public.ma/fr/postes-respo/details/2d35329b-1cad-4415-adf4-37f8ccdc54bc
2026-08-10 10:27:30,774 [INFO]     PDF trouvé: Arrêté d'appel à candidature (score: 20)
2026-08-10 10:27:30,775 [INFO]   [EN COURS] Avis de Postes de responsabilités au Ministère de l’Économie... → 2026-08-24
2026-08-10 10:27:30,775 [INFO]   Détails: https://www.emploi-public.ma/fr/postes-respo/details/285038bc-37a7-4968-9df1-c4814ae91a9d
2026-08-10 10:27:34,023 [INFO]     PDF trouvé: Arrêté d'appel à candidature (score: 20)
2026-08-10 10:27:34,024 [INFO]   [EN COURS] Avis de Postes de responsabilités au Ministère de l’Économie... → 2026-08-18
2026-08-10 10:27:34,024 [INFO]   Détails: https://www.emploi-public.ma/fr/postes-respo/details/5a13f04d-51f3-490a-8d5f-e8129d1b81cd
2026-08-10 10:27:38,334 [INFO]     PDF trouvé: Arrêté d'appel à candidature (score: 20)
2026-08-10 10:27:38,335 [INFO]   [EXPIRÉE] Publication de la liste des résultats pour les Postes de res... → 2025-10-23
2026-08-10 10:27:38,335 [INFO]   Détails: https://www.emploi-public.ma/fr/postes-respo/details/3c1b93d3-a702-4188-928e-8f36bb4b82d1
2026-08-10 10:27:44,030 [INFO]     PDF trouvé: Arrêté d'appel à candidature (score: 20)
2026-08-10 10:27:44,031 [INFO]   [EN COURS] Responsable Animation et Développement (H/F)... → 2026-08-11
2026-08-10 10:27:44,031 [INFO]   Détails: https://www.emploi-public.ma/fr/postes-respo/details/a7c1324e-485f-4839-ad77-ea9897200622
2026-08-10 10:27:49,370 [INFO]     PDF trouvé: Arrêté d'appel à candidature (score: 20)
2026-08-10 10:27:49,371 [INFO]   [EN COURS] Responsable Maintenance et Infrastructures (H/F)... → 2026-08-11
2026-08-10 10:27:49,371 [INFO]   Détails: https://www.emploi-public.ma/fr/postes-respo/details/c33658fc-f238-4cb6-9f53-0e9cd438d3fc
2026-08-10 10:27:51,136 [INFO]     PDF trouvé: Arrêté d'appel à candidature (score: 20)
2026-08-10 10:27:51,137 [INFO]   [EN COURS] Directeur des services de la commune de Saada... → 2026-08-11
2026-08-10 10:27:51,138 [INFO]   Détails: https://www.emploi-public.ma/fr/postes-respo/details/04533a2c-66bc-4c87-b2f9-3d090d8e06a0
2026-08-10 10:27:56,099 [INFO]     PDF trouvé: Arrêté d'appel à candidature (score: 20)
2026-08-10 10:27:56,100 [INFO]   [EN COURS] Architecte... → 2026-08-11
2026-08-10 10:27:56,100 [INFO] 
--- Catégorie: Recrutement des experts ---
2026-08-10 10:27:56,100 [INFO] Page 1/5
2026-08-10 10:27:56,100 [INFO] Scraping page: https://www.emploi-public.ma/fr/experts-liste
2026-08-10 10:27:57,161 [INFO]   → 9 annonces trouvées sur cette page
2026-08-10 10:27:57,162 [INFO]   Détails: https://www.emploi-public.ma/fr/experts/details/9ec33ce6-535f-4934-affb-1a818c2ed40c
2026-08-10 10:27:58,994 [INFO]     PDF trouvé: Arrêté d'appel à candidature (score: 20)
2026-08-10 10:27:58,995 [INFO]   [EN COURS] Appel à candidature pour le poste Expert... → 2026-08-24
2026-08-10 10:27:58,995 [INFO]   Détails: https://www.emploi-public.ma/fr/experts/details/8d8d7aa5-5ea0-4632-92f2-e11bc1d6c351
2026-08-10 10:28:00,003 [INFO]     PDF trouvé: Arrêté d'appel à candidature (score: 20)
2026-08-10 10:28:00,005 [INFO]   [EN COURS] Appel à candidature pour le poste Expert en Affaires Régleme... → 2026-09-20
2026-08-10 10:28:00,005 [INFO]   Détails: https://www.emploi-public.ma/fr/experts/details/4854b58c-c09e-4edd-9a39-c01a0c414425
2026-08-10 10:28:01,139 [INFO]     PDF trouvé: Arrêté d'appel à candidature (score: 20)
2026-08-10 10:28:01,140 [INFO]   [EXPIRÉE] Publication de la liste des résultats pour le poste de EXPER... → 2026-04-12
2026-08-10 10:28:01,140 [INFO]   Détails: https://www.emploi-public.ma/fr/experts/details/ff8d6494-748d-4698-8ef0-676cbd5b1951
2026-08-10 10:28:02,842 [INFO]     PDF trouvé: Arrêté d'appel à candidature (score: 20)
2026-08-10 10:28:02,843 [INFO]   [EXPIRÉE] Appel à candidature pour le poste Expert des Affaires Juridi... → 2026-06-25
2026-08-10 10:28:02,843 [INFO]   Détails: https://www.emploi-public.ma/fr/experts/details/abce4b98-a1d8-48f9-a84c-053f53697154
2026-08-10 10:28:06,162 [INFO]     PDF trouvé: Arrêté d'appel à candidature (score: 20)
2026-08-10 10:28:06,163 [INFO]   [EXPIRÉE] Appel à candidature pour le poste expert... → 2026-06-15
2026-08-10 10:28:06,163 [INFO]   Détails: https://www.emploi-public.ma/fr/experts/details/5030f678-19f4-4bc0-96c6-f5462b134c1c
2026-08-10 10:28:08,371 [INFO]     PDF trouvé: Arrêté d'appel à candidature (score: 20)
2026-08-10 10:28:08,372 [INFO]   [EXPIRÉE] Appel à candidature pour le poste expert... → 2026-06-08
2026-08-10 10:28:08,372 [INFO]   Détails: https://www.emploi-public.ma/fr/experts/details/b0a97522-0c72-4a26-8b32-da0c02e79891
2026-08-10 10:28:09,277 [INFO]     PDF trouvé: Arrêté d'appel à candidature (score: 20)
2026-08-10 10:28:09,278 [INFO]   [EXPIRÉE] Appel à candidature pour le poste EXPERT CONTRACTUEL... → 2026-06-03
2026-08-10 10:28:09,278 [INFO]   Détails: https://www.emploi-public.ma/fr/experts/details/b3f7145b-9f2a-4cb4-aef7-1d917c679a65
2026-08-10 10:28:10,745 [INFO]     PDF trouvé: Arrêté d'appel à candidature (score: 20)
2026-08-10 10:28:10,746 [INFO]   [EXPIRÉE] Appel à candidature pour le poste expert... → 2026-05-29
2026-08-10 10:28:10,746 [INFO]   Détails: https://www.emploi-public.ma/fr/experts/details/d9255cd9-fe2e-4248-8eba-adf58b668823
2026-08-10 10:28:12,899 [INFO]     PDF trouvé: Arrêté d'appel à candidature (score: 20)
2026-08-10 10:28:12,900 [INFO]   [EXPIRÉE] Appel à candidature pour le poste Expert en matière de négoc... → 2026-04-03
2026-08-10 10:28:12,900 [INFO] Page 2/5
2026-08-10 10:28:12,900 [INFO] Scraping page: https://www.emploi-public.ma/fr/experts-liste?page=1
2026-08-10 10:28:14,463 [INFO]   → 9 annonces trouvées sur cette page
2026-08-10 10:28:14,464 [INFO]   Détails: https://www.emploi-public.ma/fr/experts/details/9ec33ce6-535f-4934-affb-1a818c2ed40c
2026-08-10 10:28:16,410 [INFO]     PDF trouvé: Arrêté d'appel à candidature (score: 20)
2026-08-10 10:28:16,411 [INFO]   [EN COURS] Appel à candidature pour le poste Expert... → 2026-08-24
2026-08-10 10:28:16,411 [INFO]   Détails: https://www.emploi-public.ma/fr/experts/details/8d8d7aa5-5ea0-4632-92f2-e11bc1d6c351
2026-08-10 10:28:17,965 [INFO]     PDF trouvé: Arrêté d'appel à candidature (score: 20)
2026-08-10 10:28:17,967 [INFO]   [EN COURS] Appel à candidature pour le poste Expert en Affaires Régleme... → 2026-09-20
2026-08-10 10:28:17,967 [INFO]   Détails: https://www.emploi-public.ma/fr/experts/details/4854b58c-c09e-4edd-9a39-c01a0c414425
2026-08-10 10:28:18,994 [INFO]     PDF trouvé: Arrêté d'appel à candidature (score: 20)
2026-08-10 10:28:18,995 [INFO]   [EXPIRÉE] Publication de la liste des résultats pour le poste de EXPER... → 2026-04-12
2026-08-10 10:28:18,995 [INFO]   Détails: https://www.emploi-public.ma/fr/experts/details/ff8d6494-748d-4698-8ef0-676cbd5b1951
2026-08-10 10:28:20,582 [INFO]     PDF trouvé: Arrêté d'appel à candidature (score: 20)
2026-08-10 10:28:20,583 [INFO]   [EXPIRÉE] Appel à candidature pour le poste Expert des Affaires Juridi... → 2026-06-25
2026-08-10 10:28:20,583 [INFO]   Détails: https://www.emploi-public.ma/fr/experts/details/abce4b98-a1d8-48f9-a84c-053f53697154
2026-08-10 10:28:25,879 [INFO]     PDF trouvé: Arrêté d'appel à candidature (score: 20)
2026-08-10 10:28:25,880 [INFO]   [EXPIRÉE] Appel à candidature pour le poste expert... → 2026-06-15
2026-08-10 10:28:25,881 [INFO]   Détails: https://www.emploi-public.ma/fr/experts/details/5030f678-19f4-4bc0-96c6-f5462b134c1c
2026-08-10 10:28:26,759 [INFO]     PDF trouvé: Arrêté d'appel à candidature (score: 20)
2026-08-10 10:28:26,760 [INFO]   [EXPIRÉE] Appel à candidature pour le poste expert... → 2026-06-08
2026-08-10 10:28:26,760 [INFO]   Détails: https://www.emploi-public.ma/fr/experts/details/b0a97522-0c72-4a26-8b32-da0c02e79891
2026-08-10 10:28:27,686 [INFO]     PDF trouvé: Arrêté d'appel à candidature (score: 20)
2026-08-10 10:28:27,687 [INFO]   [EXPIRÉE] Appel à candidature pour le poste EXPERT CONTRACTUEL... → 2026-06-03
2026-08-10 10:28:27,687 [INFO]   Détails: https://www.emploi-public.ma/fr/experts/details/b3f7145b-9f2a-4cb4-aef7-1d917c679a65
2026-08-10 10:28:28,578 [INFO]     PDF trouvé: Arrêté d'appel à candidature (score: 20)
2026-08-10 10:28:28,579 [INFO]   [EXPIRÉE] Appel à candidature pour le poste expert... → 2026-05-29
2026-08-10 10:28:28,579 [INFO]   Détails: https://www.emploi-public.ma/fr/experts/details/d9255cd9-fe2e-4248-8eba-adf58b668823
2026-08-10 10:28:29,607 [INFO]     PDF trouvé: Arrêté d'appel à candidature (score: 20)
2026-08-10 10:28:29,608 [INFO]   [EXPIRÉE] Appel à candidature pour le poste Expert en matière de négoc... → 2026-04-03
2026-08-10 10:28:29,609 [INFO] Page 3/5
2026-08-10 10:28:29,609 [INFO] Scraping page: https://www.emploi-public.ma/fr/experts-liste?page=2
2026-08-10 10:28:31,583 [INFO]   → 9 annonces trouvées sur cette page
2026-08-10 10:28:31,584 [INFO]   Détails: https://www.emploi-public.ma/fr/experts/details/0236914d-e17c-41c5-a5be-e632ad35f838
2026-08-10 10:28:32,550 [INFO]     PDF trouvé: Arrêté d'appel à candidature (score: 20)
2026-08-10 10:28:32,551 [INFO]   [EXPIRÉE] Appel à candidature pour le poste expert... → 2026-03-17
2026-08-10 10:28:32,551 [INFO]   Détails: https://www.emploi-public.ma/fr/experts/details/2a449c40-1832-450d-9eae-a70607bcac07
2026-08-10 10:28:35,997 [INFO]     PDF trouvé: Arrêté d'appel à candidature (score: 20)
2026-08-10 10:28:35,998 [INFO]   [EXPIRÉE] Appel à candidature pour le poste Expert... → 2026-03-16
2026-08-10 10:28:35,998 [INFO]   Détails: https://www.emploi-public.ma/fr/experts/details/1f2e38a5-0fe9-4f17-89fb-d23ab9140242
2026-08-10 10:28:37,559 [INFO]     PDF trouvé: Arrêté d'appel à candidature (score: 20)
2026-08-10 10:28:37,560 [INFO]   [EXPIRÉE] Appel à candidature pour le poste expert dans les domaines l... → 2026-03-12
2026-08-10 10:28:37,560 [INFO]   Détails: https://www.emploi-public.ma/fr/experts/details/2401abad-8177-4fdc-8c76-354d03f61cd3
2026-08-10 10:28:38,614 [INFO]     PDF trouvé: Arrêté d'appel à candidature (score: 20)
2026-08-10 10:28:38,615 [INFO]   [EXPIRÉE] Appel à candidature pour le poste expert... → 2026-02-18
2026-08-10 10:28:38,615 [INFO]   Détails: https://www.emploi-public.ma/fr/experts/details/ad16f9e2-25eb-4a06-9a7a-572410c14d55
2026-08-10 10:28:39,918 [INFO]     PDF trouvé: Arrêté d'appel à candidature (score: 20)
2026-08-10 10:28:39,919 [INFO]   [EXPIRÉE] Appel à candidature pour le poste Expert en gouvernance des ... → 2025-12-23
2026-08-10 10:28:39,919 [INFO]   Détails: https://www.emploi-public.ma/fr/experts/details/302ab5a1-fa28-4ec1-9341-8ba50b6bf810
2026-08-10 10:28:41,058 [INFO]     PDF trouvé: Arrêté d'appel à candidature (score: 20)
2026-08-10 10:28:41,060 [INFO]   [EXPIRÉE] Appel à candidature pour le poste expert... → 2025-12-21
2026-08-10 10:28:41,060 [INFO]   Détails: https://www.emploi-public.ma/fr/experts/details/f9f74e66-af9e-4c4a-9cec-491e7d25fbbb
2026-08-10 10:28:41,948 [INFO]     PDF trouvé: Arrêté d'appel à candidature (score: 20)
2026-08-10 10:28:41,949 [INFO]   [EXPIRÉE] Publication de la liste des résultats pour le poste de Exper... → 2025-12-06
2026-08-10 10:28:41,949 [INFO]   Détails: https://www.emploi-public.ma/fr/experts/details/99f49e97-4b0e-4897-b1c6-a1a811d179d9
2026-08-10 10:28:45,426 [INFO]     PDF trouvé: Arrêté d'appel à candidature (score: 20)
2026-08-10 10:28:45,428 [INFO]   [EXPIRÉE] Publication de la liste des résultats pour le poste de Exper... → 2025-12-06
2026-08-10 10:28:45,428 [INFO]   Détails: https://www.emploi-public.ma/fr/experts/details/121493c9-78d8-44bf-b408-e42f8bf43d27
2026-08-10 10:28:46,727 [INFO]     PDF trouvé: Arrêté d'appel à candidature (score: 20)
2026-08-10 10:28:46,728 [INFO]   [EXPIRÉE] Appel à candidature pour le poste Expert en coordination ins... → 2025-12-05
2026-08-10 10:28:46,729 [INFO] Page 4/5
2026-08-10 10:28:46,729 [INFO] Scraping page: https://www.emploi-public.ma/fr/experts-liste?page=3
2026-08-10 10:28:47,986 [INFO]   → 9 annonces trouvées sur cette page
2026-08-10 10:28:47,987 [INFO]   Détails: https://www.emploi-public.ma/fr/experts/details/336eb4a9-c147-4981-94da-c636a748f7a0
2026-08-10 10:28:48,896 [INFO]     PDF trouvé: Arrêté d'appel à candidature (score: 20)
2026-08-10 10:28:48,897 [INFO]   [EXPIRÉE] Publication de la liste des résultats pour le poste de Exper... → 2025-09-30
2026-08-10 10:28:48,897 [INFO]   Détails: https://www.emploi-public.ma/fr/experts/details/0917753f-ac81-4229-b8d4-5292cae1510a
2026-08-10 10:28:50,119 [INFO]     PDF trouvé: Arrêté d'appel à candidature (score: 20)
2026-08-10 10:28:50,120 [INFO]   [EXPIRÉE] Appel à candidature pour le poste Expert contractuel... → 2025-06-11
2026-08-10 10:28:50,121 [INFO]   Détails: https://www.emploi-public.ma/fr/experts/details/1e6a6ce8-141e-4fe3-b660-097a9342e904
2026-08-10 10:28:51,197 [INFO]     PDF trouvé: Arrêté d'appel à candidature (score: 20)
2026-08-10 10:28:51,198 [INFO]   [EXPIRÉE] Appel à candidature pour le poste expert en affaires juridiq... → 2025-06-09
2026-08-10 10:28:51,198 [INFO]   Détails: https://www.emploi-public.ma/fr/experts/details/9973e98f-4e11-40f1-aeae-194d055be60c
2026-08-10 10:28:52,079 [INFO]     PDF trouvé: Arrêté d'appel à candidature (score: 20)
2026-08-10 10:28:52,081 [INFO]   [EXPIRÉE] Appel à candidature pour le poste Expert en océanographie et... → 2025-06-06
2026-08-10 10:28:52,081 [INFO]   Détails: https://www.emploi-public.ma/fr/experts/details/c4333ade-5b69-4a9b-b1d6-23858dca3e02
2026-08-10 10:28:52,951 [INFO]     PDF trouvé: Arrêté d'appel à candidature (score: 20)
2026-08-10 10:28:52,952 [INFO]   [EXPIRÉE] Appel à candidature pour le poste Quatre experts aux compéte... → 2025-05-14
2026-08-10 10:28:52,952 [INFO]   Détails: https://www.emploi-public.ma/fr/experts/details/3d556890-d88a-4b78-aa10-b953f3a04785
2026-08-10 10:28:53,980 [INFO]     PDF trouvé: Arrêté d'appel à candidature (score: 20)
2026-08-10 10:28:53,981 [INFO]   [EXPIRÉE] Appel à candidature pour le poste expert en affaires juridiq... → 2025-05-02
2026-08-10 10:28:53,981 [INFO]   Détails: https://www.emploi-public.ma/fr/experts/details/1d5f52e9-1b4b-423d-bf9b-935a34d3caf2
2026-08-10 10:28:54,945 [INFO]     PDF trouvé: Arrêté d'appel à candidature (score: 20)
2026-08-10 10:28:54,946 [INFO]   [EXPIRÉE] Appel à candidature pour le poste expert... → 2025-04-18
2026-08-10 10:28:54,946 [INFO]   Détails: https://www.emploi-public.ma/fr/experts/details/ee7b273d-5714-41aa-9489-a47d37eb618e
2026-08-10 10:28:55,772 [INFO]     PDF trouvé: Arrêté d'appel à candidature (score: 20)
2026-08-10 10:28:55,773 [INFO]   [EXPIRÉE] Appel à candidature pour le poste Expert en Politique Hydriq... → 2025-04-07
2026-08-10 10:28:55,773 [INFO]   Détails: https://www.emploi-public.ma/fr/experts/details/74c6b2c0-7af0-4688-937b-1881caa843f0
2026-08-10 10:29:01,033 [INFO]     PDF trouvé: Arrêté d'appel à candidature (score: 20)
2026-08-10 10:29:01,034 [INFO]   [EXPIRÉE] Appel à candidature pour le poste expert dans le domaine de ... → 2025-03-31
2026-08-10 10:29:01,034 [INFO] Page 5/5
2026-08-10 10:29:01,034 [INFO] Scraping page: https://www.emploi-public.ma/fr/experts-liste?page=4
2026-08-10 10:29:02,358 [INFO]   → 9 annonces trouvées sur cette page
2026-08-10 10:29:02,359 [INFO]   Détails: https://www.emploi-public.ma/fr/experts/details/efe61f8c-79ae-41bf-851e-67e779047d6a
2026-08-10 10:29:03,271 [INFO]     PDF trouvé: Arrêté d'appel à candidature (score: 20)
2026-08-10 10:29:03,272 [INFO]   [EXPIRÉE] Appel à candidature pour le poste Poste d'Expert en génie ci... → 2025-03-27
2026-08-10 10:29:03,272 [INFO]   Détails: https://www.emploi-public.ma/fr/experts/details/a538c27d-7e09-4441-9551-b22fe9e9d017
2026-08-10 10:29:04,298 [INFO]     PDF trouvé: Arrêté d'appel à candidature (score: 20)
2026-08-10 10:29:04,299 [INFO]   [EXPIRÉE] Appel à candidature pour le poste خبير في مجال إستراتيجية من... → 2025-03-21
2026-08-10 10:29:04,299 [INFO]   Détails: https://www.emploi-public.ma/fr/experts/details/c8ffa879-6f01-46df-9beb-eb9ae0a6f554
2026-08-10 10:29:05,155 [INFO]     PDF trouvé: Arrêté d'appel à candidature (score: 20)
2026-08-10 10:29:05,156 [INFO]   [EXPIRÉE] Appel à candidature pour le poste خبير في مجال صياغة إستراتي... → 2025-03-21
2026-08-10 10:29:05,156 [INFO]   Détails: https://www.emploi-public.ma/fr/experts/details/55bfa14b-dac1-4967-b1b6-8983cea09ed9
2026-08-10 10:29:05,997 [INFO]     PDF trouvé: Arrêté d'appel à candidature (score: 20)
2026-08-10 10:29:05,998 [INFO]   [EXPIRÉE] Appel à candidature pour le poste خبير في مجال نظم المعلوميا... → 2025-03-21
2026-08-10 10:29:05,998 [INFO]   Détails: https://www.emploi-public.ma/fr/experts/details/cf3172d1-8c15-4404-b1ff-21c154c7da2f
2026-08-10 10:29:06,975 [INFO]     PDF trouvé: Arrêté d'appel à candidature (score: 20)
2026-08-10 10:29:06,976 [INFO]   [EXPIRÉE] Appel à candidature pour le poste خبير في مجال تطوير التعاون... → 2025-03-21
2026-08-10 10:29:06,976 [INFO]   Détails: https://www.emploi-public.ma/fr/experts/details/9ebae75d-f857-4c4d-9e16-0108b872c04f
2026-08-10 10:29:10,972 [INFO]     PDF trouvé: Arrêté d'appel à candidature (score: 20)
2026-08-10 10:29:10,973 [INFO]   [EXPIRÉE] Appel à candidature pour le poste gestion des projets et ges... → 2025-03-19
2026-08-10 10:29:10,973 [INFO]   Détails: https://www.emploi-public.ma/fr/experts/details/0608bdd0-0a58-4c90-a1d5-bd3483116452
2026-08-10 10:29:11,909 [INFO]     PDF trouvé: Arrêté d'appel à candidature (score: 20)
2026-08-10 10:29:11,910 [INFO]   [EXPIRÉE] Appel à candidature pour le poste Poste d'expert dans les re... → 2025-02-03
2026-08-10 10:29:11,910 [INFO]   Détails: https://www.emploi-public.ma/fr/experts/details/0cff84fa-82b2-4363-93e0-a88e5063ef0b
2026-08-10 10:29:13,381 [INFO]     PDF trouvé: Arrêté d'appel à candidature (score: 20)
2026-08-10 10:29:13,382 [INFO]   [EXPIRÉE] Appel à candidature pour le poste Expert en gestion des marc... → 2025-01-27
2026-08-10 10:29:13,382 [INFO]   Détails: https://www.emploi-public.ma/fr/experts/details/74373088-bc5e-4908-985b-9b0086ffaed3
2026-08-10 10:29:14,453 [INFO]     PDF trouvé: Arrêté d'appel à candidature (score: 20)
2026-08-10 10:29:14,454 [INFO]   [EXPIRÉE] Appel à candidature pour le poste Expert... → 2025-01-24
2026-08-10 10:29:14,460 [INFO] 
============================================================
2026-08-10 10:29:14,460 [INFO] RÉSUMÉ
2026-08-10 10:29:14,460 [INFO] ============================================================
2026-08-10 10:29:14,460 [INFO] Annonces traitées: 200
2026-08-10 10:29:14,460 [INFO] Dates en cours: 59
2026-08-10 10:29:14,460 [INFO] Dates expirées: 96
2026-08-10 10:29:14,460 [INFO] Total résultats en base: 491
2026-08-10 10:29:16,261 [INFO] Email envoyé à cavalkhalid@gmail.com
2026-08-10 10:29:16,261 [INFO] 
Scraper terminé.
2026-08-13 10:13:09,977 [INFO] ============================================================
2026-08-13 10:13:09,977 [INFO] DÉMARRAGE DU SCRAPER emploi-public.ma (FR)
2026-08-13 10:13:09,977 [INFO] Date: 2026-08-13 10:13:09
2026-08-13 10:13:09,977 [INFO] ============================================================
2026-08-13 10:13:09,979 [INFO] 
--- Catégorie: Concours de recrutement ---
2026-08-13 10:13:09,979 [INFO] Page 1/5
2026-08-13 10:13:09,979 [INFO] Scraping page: https://www.emploi-public.ma/fr/concours-liste
2026-08-13 10:13:11,373 [INFO]   → 9 annonces trouvées sur cette page
2026-08-13 10:13:11,374 [INFO]   Détails: https://www.emploi-public.ma/fr/concours/details/78b27d05-3b86-47fc-9356-b0f19b67b73e
2026-08-13 10:13:12,370 [INFO]     PDF trouvé: Arrêté d'ouverture du concours (score: 25)
2026-08-13 10:13:12,372 [INFO]   [EN COURS] Avis de concours de recrutement de Commissaire Judiciaire 3è... → 2026-08-28
2026-08-13 10:13:12,372 [INFO]   Détails: https://www.emploi-public.ma/fr/concours/details/72da9541-e88d-4bde-929e-f342578c1539
2026-08-13 10:13:13,685 [INFO]     PDF trouvé: Arrêté d'ouverture du concours (score: 25)
2026-08-13 10:13:13,686 [INFO]   [EN COURS] Avis de concours de recrutement de Administrateur 2ème grade... → 2026-09-11
2026-08-13 10:13:13,686 [INFO]   Détails: https://www.emploi-public.ma/fr/concours/details/0b660a5c-18e4-42a9-b35a-96cd32f86b53
2026-08-13 10:13:14,908 [INFO]     PDF trouvé: Arrêté d'ouverture du concours (score: 25)
2026-08-13 10:13:14,909 [INFO]   [EN COURS] Avis de concours de recrutement de Technicien de 3ème grade ... → 2026-08-28
2026-08-13 10:13:14,909 [INFO]   Détails: https://www.emploi-public.ma/fr/concours/details/567a5bc9-61a3-486f-be9d-21a3919bdcca
2026-08-13 10:13:16,843 [INFO]     PDF trouvé: Arrêté d'ouverture du concours (score: 25)
2026-08-13 10:13:16,844 [INFO]   [EN COURS] Avis de concours de recrutement de Technicien de 3ème grade ... → 2026-08-19
2026-08-13 10:13:16,844 [INFO]   Détails: https://www.emploi-public.ma/fr/concours/details/8cce8ed8-8973-49f6-ae36-f75aef0d9d96
2026-08-13 10:13:17,977 [INFO]     PDF trouvé: Arrêté d'ouverture du concours (score: 25)
2026-08-13 10:13:17,977 [INFO]   [EN COURS] Avis de concours de recrutement de Maître de conférences gra... → 2026-08-19
2026-08-13 10:13:17,978 [INFO]   Détails: https://www.emploi-public.ma/fr/concours/details/72ed0218-c625-44ef-ad36-0ddf1450d8b7
2026-08-13 10:13:18,982 [INFO]     PDF trouvé: Arrêté d'ouverture du concours (score: 25)
2026-08-13 10:13:18,983 [INFO]   [EN COURS] Avis de concours de recrutement de Ingénieur d'Etat 1er grad... → 2026-08-18
2026-08-13 10:13:18,983 [INFO]   Détails: https://www.emploi-public.ma/fr/concours/details/1d56279d-bec7-4467-906d-4003286e1a05
2026-08-13 10:13:19,854 [INFO]     PDF trouvé: Arrêté d'ouverture du concours (score: 25)
2026-08-13 10:13:19,855 [INFO]   [EN COURS] Avis de concours de recrutement de Architecte 1er grade - Ec... → 2026-08-13
2026-08-13 10:13:19,855 [INFO]   Détails: https://www.emploi-public.ma/fr/concours/details/1874ae4c-94d6-4af0-9575-a39ede5189ff
2026-08-13 10:13:23,542 [INFO]     PDF trouvé: Arrêté d'ouverture du concours (score: 25)
2026-08-13 10:13:23,543 [INFO]   [EN COURS] Avis de concours de recrutement de Administrateur 2ème grade... → 2026-08-31
2026-08-13 10:13:23,543 [INFO]   Détails: https://www.emploi-public.ma/fr/concours/details/72d7f4f3-b81d-4f01-b750-c84c9fdb3db1
2026-08-13 10:13:24,956 [INFO]     PDF trouvé: Arrêté d'ouverture du concours (score: 25)
2026-08-13 10:13:24,957 [INFO]   [EN COURS] Avis de concours de recrutement de Administrateur 2ème grade... → 2026-08-31
2026-08-13 10:13:24,957 [INFO] Page 2/5
2026-08-13 10:13:24,957 [INFO] Scraping page: https://www.emploi-public.ma/fr/concours-liste?page=1
2026-08-13 10:13:26,109 [INFO]   → 9 annonces trouvées sur cette page
2026-08-13 10:13:26,110 [INFO]   Détails: https://www.emploi-public.ma/fr/concours/details/78b27d05-3b86-47fc-9356-b0f19b67b73e
2026-08-13 10:13:26,921 [INFO]     PDF trouvé: Arrêté d'ouverture du concours (score: 25)
2026-08-13 10:13:26,922 [INFO]   [EN COURS] Avis de concours de recrutement de Commissaire Judiciaire 3è... → 2026-08-28
2026-08-13 10:13:26,922 [INFO]   Détails: https://www.emploi-public.ma/fr/concours/details/72da9541-e88d-4bde-929e-f342578c1539
2026-08-13 10:13:27,930 [INFO]     PDF trouvé: Arrêté d'ouverture du concours (score: 25)
2026-08-13 10:13:27,931 [INFO]   [EN COURS] Avis de concours de recrutement de Administrateur 2ème grade... → 2026-09-11
2026-08-13 10:13:27,931 [INFO]   Détails: https://www.emploi-public.ma/fr/concours/details/0b660a5c-18e4-42a9-b35a-96cd32f86b53
2026-08-13 10:13:28,823 [INFO]     PDF trouvé: Arrêté d'ouverture du concours (score: 25)
2026-08-13 10:13:28,824 [INFO]   [EN COURS] Avis de concours de recrutement de Technicien de 3ème grade ... → 2026-08-28
2026-08-13 10:13:28,824 [INFO]   Détails: https://www.emploi-public.ma/fr/concours/details/567a5bc9-61a3-486f-be9d-21a3919bdcca
2026-08-13 10:13:29,825 [INFO]     PDF trouvé: Arrêté d'ouverture du concours (score: 25)
2026-08-13 10:13:29,826 [INFO]   [EN COURS] Avis de concours de recrutement de Technicien de 3ème grade ... → 2026-08-19
2026-08-13 10:13:29,826 [INFO]   Détails: https://www.emploi-public.ma/fr/concours/details/8cce8ed8-8973-49f6-ae36-f75aef0d9d96
2026-08-13 10:13:30,827 [INFO]     PDF trouvé: Arrêté d'ouverture du concours (score: 25)
2026-08-13 10:13:30,828 [INFO]   [EN COURS] Avis de concours de recrutement de Maître de conférences gra... → 2026-08-19
2026-08-13 10:13:30,828 [INFO]   Détails: https://www.emploi-public.ma/fr/concours/details/72ed0218-c625-44ef-ad36-0ddf1450d8b7
2026-08-13 10:13:32,811 [INFO]     PDF trouvé: Arrêté d'ouverture du concours (score: 25)
2026-08-13 10:13:32,812 [INFO]   [EN COURS] Avis de concours de recrutement de Ingénieur d'Etat 1er grad... → 2026-08-18
2026-08-13 10:13:32,812 [INFO]   Détails: https://www.emploi-public.ma/fr/concours/details/1d56279d-bec7-4467-906d-4003286e1a05
2026-08-13 10:13:33,752 [INFO]     PDF trouvé: Arrêté d'ouverture du concours (score: 25)
2026-08-13 10:13:33,753 [INFO]   [EN COURS] Avis de concours de recrutement de Architecte 1er grade - Ec... → 2026-08-13
2026-08-13 10:13:33,753 [INFO]   Détails: https://www.emploi-public.ma/fr/concours/details/1874ae4c-94d6-4af0-9575-a39ede5189ff
2026-08-13 10:13:34,941 [INFO]     PDF trouvé: Arrêté d'ouverture du concours (score: 25)
2026-08-13 10:13:34,942 [INFO]   [EN COURS] Avis de concours de recrutement de Administrateur 2ème grade... → 2026-08-31
2026-08-13 10:13:34,942 [INFO]   Détails: https://www.emploi-public.ma/fr/concours/details/72d7f4f3-b81d-4f01-b750-c84c9fdb3db1
2026-08-13 10:13:36,409 [INFO]     PDF trouvé: Arrêté d'ouverture du concours (score: 25)
2026-08-13 10:13:36,410 [INFO]   [EN COURS] Avis de concours de recrutement de Administrateur 2ème grade... → 2026-08-31
2026-08-13 10:13:36,411 [INFO] Page 3/5
2026-08-13 10:13:36,411 [INFO] Scraping page: https://www.emploi-public.ma/fr/concours-liste?page=2
2026-08-13 10:13:37,669 [INFO]   → 9 annonces trouvées sur cette page
2026-08-13 10:13:37,670 [INFO]   Détails: https://www.emploi-public.ma/fr/concours/details/74fa6128-711a-40b7-b71b-5b4388a2d9d4
2026-08-13 10:13:39,115 [INFO]     PDF trouvé: Arrêté d'ouverture du concours (score: 25)
2026-08-13 10:13:39,116 [INFO]   [EXPIRÉE] Avis de concours de recrutement de Adjoint technique 2ème gr... → 2026-08-10
2026-08-13 10:13:39,116 [INFO]   Détails: https://www.emploi-public.ma/fr/concours/details/3d99718c-9c89-43ed-92b5-ec76b2c038b3
2026-08-13 10:13:40,056 [INFO]     PDF trouvé: Arrêté d'ouverture du concours (score: 25)
2026-08-13 10:13:40,057 [INFO]   [EXPIRÉE] Avis de concours de recrutement de Technicien de 4ème grade ... → 2026-08-10
2026-08-13 10:13:40,057 [INFO]   Détails: https://www.emploi-public.ma/fr/concours/details/4e64e78f-621d-4e95-a829-a8b22986502a
2026-08-13 10:13:40,893 [INFO]     PDF trouvé: Arrêté d'ouverture du concours (score: 25)
2026-08-13 10:13:40,894 [INFO]   [EXPIRÉE] Avis de concours de recrutement de Technicien de 3ème grade ... → 2026-08-10
2026-08-13 10:13:40,894 [INFO]   Détails: https://www.emploi-public.ma/fr/concours/details/bacf792b-04bc-4a4b-a73b-cc69eab17a49
2026-08-13 10:13:41,775 [INFO]     PDF trouvé: Arrêté d'ouverture du concours (score: 25)
2026-08-13 10:13:41,776 [INFO]   [EXPIRÉE] Avis de concours de recrutement de Ingénieur d'Etat 1er grad... → 2026-08-10
2026-08-13 10:13:41,776 [INFO]   Détails: https://www.emploi-public.ma/fr/concours/details/3d6e4275-fe42-4fa4-b135-22595857f77b
2026-08-13 10:13:44,255 [INFO]     PDF trouvé: Arrêté d'ouverture du concours (score: 25)
2026-08-13 10:13:44,256 [INFO]   [EXPIRÉE] Avis de concours de recrutement de Secrétaire des affaires é... → 2026-08-10
2026-08-13 10:13:44,256 [INFO]   Détails: https://www.emploi-public.ma/fr/concours/details/f8fd2d0d-5d98-42d7-8229-9924acf1c303
2026-08-13 10:13:45,144 [INFO]     PDF trouvé: Arrêté d'ouverture du concours (score: 25)
2026-08-13 10:13:45,145 [INFO]   [EXPIRÉE] Avis de concours de recrutement de Conseiller des affaires é... → 2026-08-10
2026-08-13 10:13:45,145 [INFO]   Détails: https://www.emploi-public.ma/fr/concours/details/0d14767d-7b8a-4282-b397-96709c297e37
2026-08-13 10:13:46,753 [INFO]     PDF trouvé: Arrêté d'ouverture du concours (score: 25)
2026-08-13 10:13:46,754 [INFO]   [EXPIRÉE] Avis de concours de recrutement de Inspecteur des Douanes de... → 2026-08-10
2026-08-13 10:13:46,754 [INFO]   Détails: https://www.emploi-public.ma/fr/concours/details/ab562af5-0ec1-4fe8-99a3-48cd82b59676
2026-08-13 10:13:54,832 [INFO]     PDF trouvé: Arrêté d'ouverture du concours (score: 25)
2026-08-13 10:13:54,833 [INFO]   [EXPIRÉE] Avis de concours de recrutement de Ingénieur d’Etat  des Dou... → 2026-08-10
2026-08-13 10:13:54,833 [INFO]   Détails: https://www.emploi-public.ma/fr/concours/details/e9c0bb85-e735-4886-acf1-b3309ba4a205
2026-08-13 10:13:56,815 [INFO]     PDF trouvé: Arrêté d'ouverture du concours (score: 25)
2026-08-13 10:13:56,816 [INFO]   [EXPIRÉE] Avis de concours de recrutement de Ingénieur d'Etat 1er grad... → 2026-08-10
2026-08-13 10:13:56,816 [INFO] Page 4/5
2026-08-13 10:13:56,816 [INFO] Scraping page: https://www.emploi-public.ma/fr/concours-liste?page=3
2026-08-13 10:13:58,342 [INFO]   → 9 annonces trouvées sur cette page
2026-08-13 10:13:58,343 [INFO]   Détails: https://www.emploi-public.ma/fr/concours/details/d91438ac-a7df-48aa-a29d-ea568c52b32e
2026-08-13 10:13:59,356 [INFO]     PDF trouvé: Arrêté d'ouverture du concours (score: 25)
2026-08-13 10:13:59,357 [INFO]   [EXPIRÉE] Avis de concours de recrutement de Technicien de 3ème grade ... → 2026-08-07
2026-08-13 10:13:59,357 [INFO]   Détails: https://www.emploi-public.ma/fr/concours/details/6aa579ad-7abb-44f1-b036-56e9fbafced8
2026-08-13 10:14:00,465 [INFO]     PDF trouvé: Arrêté d'ouverture du concours (score: 25)
2026-08-13 10:14:00,466 [INFO]   [EXPIRÉE] Avis de concours de recrutement de Administrateur 2ème grade... → 2026-08-07
2026-08-13 10:14:00,466 [INFO]   Détails: https://www.emploi-public.ma/fr/concours/details/c27ac1df-953a-4b58-a2e2-e273271f18b1
2026-08-13 10:14:02,443 [INFO]     PDF trouvé: Arrêté d'ouverture du concours (score: 25)
2026-08-13 10:14:02,444 [INFO]   [EXPIRÉE] Publication de la liste des convoqués pour l'entretien oral ... → 2026-08-05
2026-08-13 10:14:02,444 [INFO]   Détails: https://www.emploi-public.ma/fr/concours/details/7faff0fb-2922-485a-853e-20b4d81cbc7a
2026-08-13 10:14:06,728 [INFO]     PDF trouvé: Arrêté d'ouverture du concours (score: 25)
2026-08-13 10:14:06,729 [INFO]   [EXPIRÉE] Publication de la liste des convoqués pour l'examen écrit du... → 2026-08-03
2026-08-13 10:14:06,729 [INFO]   Détails: https://www.emploi-public.ma/fr/concours/details/2c15e888-7029-4082-9334-eef194ee5586
2026-08-13 10:14:07,724 [INFO]     PDF trouvé: Arrêté d'ouverture du concours (score: 25)
2026-08-13 10:14:07,725 [INFO]   [EXPIRÉE] Avis de concours de recrutement de Administrateur 2ème grade... → 2026-08-03
2026-08-13 10:14:07,726 [INFO]   Détails: https://www.emploi-public.ma/fr/concours/details/d543668b-c808-4ac0-933b-4301237f9f67
2026-08-13 10:14:08,523 [INFO]     PDF trouvé: Arrêté d'ouverture du concours (score: 25)
2026-08-13 10:14:08,524 [INFO]   [EXPIRÉE] Avis de concours de recrutement de Administrateur 3ème grade... → 2026-07-31
2026-08-13 10:14:08,524 [INFO]   Détails: https://www.emploi-public.ma/fr/concours/details/78699344-c4d1-4204-ad40-9749cc0563aa
2026-08-13 10:14:10,087 [INFO]     PDF trouvé: Arrêté d'ouverture du concours (score: 25)
2026-08-13 10:14:10,088 [INFO]   [EXPIRÉE] Publication de la liste des convoqués pour l'examen écrit du... → 2026-07-23
2026-08-13 10:14:10,088 [INFO]   Détails: https://www.emploi-public.ma/fr/concours/details/b62a7d1c-c399-48cd-ab9f-adca105db22f
2026-08-13 10:14:16,704 [INFO]     PDF trouvé: Arrêté d'ouverture du concours (score: 25)
2026-08-13 10:14:16,705 [INFO]   [EXPIRÉE] Publication de la liste des convoqués pour l'examen écrit du... → 2026-07-21
2026-08-13 10:14:16,705 [INFO]   Détails: https://www.emploi-public.ma/fr/concours/details/dc6005fa-8f1f-418f-baed-64e9caca12f6
2026-08-13 10:14:18,770 [INFO]     PDF trouvé: Arrêté d'ouverture du concours (score: 25)
2026-08-13 10:14:18,771 [INFO]   [EXPIRÉE] Publication de la liste des convoqués pour l'examen écrit du... → 2026-07-21
2026-08-13 10:14:18,771 [INFO] Page 5/5
2026-08-13 10:14:18,771 [INFO] Scraping page: https://www.emploi-public.ma/fr/concours-liste?page=4
2026-08-13 10:14:20,066 [INFO]   → 9 annonces trouvées sur cette page
2026-08-13 10:14:20,067 [INFO]   Détails: https://www.emploi-public.ma/fr/concours/details/7d4f66b4-2f8c-4dbf-94ea-99d5943a7378
2026-08-13 10:14:21,194 [INFO]     PDF trouvé: Arrêté d'ouverture du concours (score: 25)
2026-08-13 10:14:21,195 [INFO]   [EXPIRÉE] Publication de la liste des convoqués pour l'examen écrit du... → 2026-07-21
2026-08-13 10:14:21,195 [INFO]   Détails: https://www.emploi-public.ma/fr/concours/details/e372c384-b595-401d-bfa7-77c67af01fbe
2026-08-13 10:14:22,319 [INFO]     PDF trouvé: Arrêté d'ouverture du concours (score: 25)
2026-08-13 10:14:22,320 [INFO]   [EXPIRÉE] Publication de la liste des convoqués pour l'examen écrit du... → 2026-07-21
2026-08-13 10:14:22,320 [INFO]   Détails: https://www.emploi-public.ma/fr/concours/details/606d3ff2-2e7a-4174-9d74-713c58402b8a
2026-08-13 10:14:26,189 [INFO]     PDF trouvé: Arrêté d'ouverture du concours (score: 25)
2026-08-13 10:14:26,189 [INFO]   [EXPIRÉE] Publication de la liste des résultats pour le concours de re... → 2026-07-21
2026-08-13 10:14:26,190 [INFO]   Détails: https://www.emploi-public.ma/fr/concours/details/9740d64c-8b1b-47b8-abe8-00b3575d4aa9
2026-08-13 10:14:28,992 [INFO]     PDF trouvé: Arrêté d'ouverture du concours (score: 25)
2026-08-13 10:14:28,993 [INFO]   [EXPIRÉE] Publication de la liste des convoqués pour l'examen écrit du... → 2026-07-20
2026-08-13 10:14:28,993 [INFO]   Détails: https://www.emploi-public.ma/fr/concours/details/b89b6b38-795f-49af-9d00-910305760e85
2026-08-13 10:14:30,116 [INFO]     PDF trouvé: Arrêté d'ouverture du concours (score: 25)
2026-08-13 10:14:30,117 [INFO]   [EXPIRÉE] Publication de la liste des convoqués pour l'examen écrit du... → 2026-07-20
2026-08-13 10:14:30,117 [INFO]   Détails: https://www.emploi-public.ma/fr/concours/details/f33919ef-c4a4-41c0-9927-744882ec1140
2026-08-13 10:14:31,026 [INFO]     PDF trouvé: Arrêté d'ouverture du concours (score: 25)
2026-08-13 10:14:31,028 [INFO]   [EXPIRÉE] Publication de la liste des convoqués pour l'examen écrit du... → 2026-07-20
2026-08-13 10:14:31,028 [INFO]   Détails: https://www.emploi-public.ma/fr/concours/details/00afdf47-67cd-4c3b-910d-295480956c45
2026-08-13 10:14:31,854 [INFO]     PDF trouvé: Arrêté d'ouverture du concours (score: 25)
2026-08-13 10:14:31,855 [INFO]   [EXPIRÉE] Publication de la liste des convoqués pour l'examen écrit du... → 2026-07-20
2026-08-13 10:14:31,855 [INFO]   Détails: https://www.emploi-public.ma/fr/concours/details/0c6baf5e-be9d-4ef5-a8f7-b9044cf640d5
2026-08-13 10:14:33,350 [INFO]     PDF trouvé: Arrêté d'ouverture du concours (score: 25)
2026-08-13 10:14:33,351 [INFO]   [EXPIRÉE] Publication de la liste des résultats pour le concours de re... → 2026-07-15
2026-08-13 10:14:33,351 [INFO]   Détails: https://www.emploi-public.ma/fr/concours/details/c6303b4c-114c-4b25-b6c5-eca77cba3dad
2026-08-13 10:14:34,264 [INFO]     PDF trouvé: Arrêté d'ouverture du concours (score: 25)
2026-08-13 10:14:34,265 [INFO]   [EXPIRÉE] Publication de la liste des résultats pour le concours de re... → 2026-07-15
2026-08-13 10:14:34,265 [INFO] 
--- Catégorie: Emplois supérieurs ---
2026-08-13 10:14:34,265 [INFO] Page 1/5
2026-08-13 10:14:34,265 [INFO] Scraping page: https://www.emploi-public.ma/fr/emploi-sup-liste
2026-08-13 10:14:35,114 [INFO]   → 9 annonces trouvées sur cette page
2026-08-13 10:14:35,115 [INFO]   Détails: https://www.emploi-public.ma/fr/emploi-sup/details/0caf53e1-867a-4e91-a2d5-4f18a1b80e58
2026-08-13 10:14:36,384 [WARNING] Format de date non reconnu: 30
2026-08-13 10:14:36,385 [INFO]     PDF trouvé: Arrêté d'appel à candidature (score: 20)
2026-08-13 10:14:36,385 [INFO]   [PAS DE DATE] Avis d'emplois supérieurs Directeur des Ressources Humaines,...
2026-08-13 10:14:36,386 [INFO]   Détails: https://www.emploi-public.ma/fr/emploi-sup/details/a260f3d6-19bf-4755-87e7-64988bd5d952
2026-08-13 10:14:37,237 [WARNING] Format de date non reconnu: 30
2026-08-13 10:14:37,238 [INFO]     PDF trouvé: Arrêté d'appel à candidature (score: 20)
2026-08-13 10:14:37,239 [INFO]   [PAS DE DATE] Avis d'emplois supérieurs directeur de l'Aéronautique Civile...
2026-08-13 10:14:37,239 [INFO]   Détails: https://www.emploi-public.ma/fr/emploi-sup/details/d35f9436-c21b-42ea-ae4e-69c290875508
2026-08-13 10:14:38,047 [WARNING] Format de date non reconnu: 30
2026-08-13 10:14:38,048 [INFO]     PDF trouvé: Arrêté d'appel à candidature (score: 20)
2026-08-13 10:14:38,048 [INFO]   [PAS DE DATE] Avis d'emplois supérieurs Directeur des Ressources...
2026-08-13 10:14:38,049 [INFO]   Détails: https://www.emploi-public.ma/fr/emploi-sup/details/adb009b6-d9e6-4a81-ba14-b793dce37591
2026-08-13 10:14:38,946 [WARNING] Format de date non reconnu: 30
2026-08-13 10:14:38,947 [INFO]     PDF trouvé: Arrêté d'appel à candidature (score: 20)
2026-08-13 10:14:38,948 [INFO]   [PAS DE DATE] Avis d'emplois supérieurs Directeur des études, de la fiscal...
2026-08-13 10:14:38,948 [INFO]   Détails: https://www.emploi-public.ma/fr/emploi-sup/details/2c118db1-684f-4ae4-8913-d9fce58d2cee
2026-08-13 10:14:39,822 [WARNING] Format de date non reconnu: 30
2026-08-13 10:14:39,823 [INFO]     PDF trouvé: Arrêté d'appel à candidature (score: 20)
2026-08-13 10:14:39,823 [INFO]   [PAS DE DATE] Avis d'emplois supérieurs Directeur des systèmes d'informat...
2026-08-13 10:14:39,824 [INFO]   Détails: https://www.emploi-public.ma/fr/emploi-sup/details/d7388486-fd01-4194-af1b-cb3b7d88a8ef
2026-08-13 10:14:40,879 [WARNING] Format de date non reconnu: 30
2026-08-13 10:14:40,880 [INFO]     PDF trouvé: Arrêté d'appel à candidature (score: 20)
2026-08-13 10:14:40,881 [INFO]   [PAS DE DATE] Avis d'emplois supérieurs Directeur des procédures du parte...
2026-08-13 10:14:40,881 [INFO]   Détails: https://www.emploi-public.ma/fr/emploi-sup/details/30d00bcd-df71-43f3-945e-2204e61cb425
2026-08-13 10:14:41,600 [WARNING] Format de date non reconnu: 30
2026-08-13 10:14:41,601 [INFO]     PDF trouvé: Arrêté d'appel à candidature (score: 20)
2026-08-13 10:14:41,602 [INFO]   [PAS DE DATE] Avis d'emplois supérieurs Directeur de l'Institut National d...
2026-08-13 10:14:41,602 [INFO]   Détails: https://www.emploi-public.ma/fr/emploi-sup/details/803881f5-f7fa-4f8f-b2cd-d6b1566b7fe5
2026-08-13 10:14:42,296 [WARNING] Format de date non reconnu: 30
2026-08-13 10:14:42,297 [INFO]     PDF trouvé: Arrêté d'appel à candidature (score: 20)
2026-08-13 10:14:42,298 [INFO]   [PAS DE DATE] Avis d'emplois supérieurs DIRECTEUR DE L’INSTITUT SUPERIEUR ...
2026-08-13 10:14:42,298 [INFO]   Détails: https://www.emploi-public.ma/fr/emploi-sup/details/43fe4445-da66-401e-a3c4-2562a221a332
2026-08-13 10:14:43,300 [WARNING] Format de date non reconnu: 30
2026-08-13 10:14:43,301 [INFO]     PDF trouvé: Arrêté d'appel à candidature (score: 20)
2026-08-13 10:14:43,302 [INFO]   [PAS DE DATE] Avis d'emplois supérieurs DIRECTEUR FONSAFJS...
2026-08-13 10:14:43,302 [INFO] Page 2/5
2026-08-13 10:14:43,302 [INFO] Scraping page: https://www.emploi-public.ma/fr/emploi-sup-liste?page=1
2026-08-13 10:14:44,189 [INFO]   → 9 annonces trouvées sur cette page
2026-08-13 10:14:44,190 [INFO]   Détails: https://www.emploi-public.ma/fr/emploi-sup/details/0caf53e1-867a-4e91-a2d5-4f18a1b80e58
2026-08-13 10:14:45,073 [WARNING] Format de date non reconnu: 30
2026-08-13 10:14:45,074 [INFO]     PDF trouvé: Arrêté d'appel à candidature (score: 20)
2026-08-13 10:14:45,075 [INFO]   [PAS DE DATE] Avis d'emplois supérieurs Directeur des Ressources Humaines,...
2026-08-13 10:14:45,075 [INFO]   Détails: https://www.emploi-public.ma/fr/emploi-sup/details/a260f3d6-19bf-4755-87e7-64988bd5d952
2026-08-13 10:14:45,993 [WARNING] Format de date non reconnu: 30
2026-08-13 10:14:45,994 [INFO]     PDF trouvé: Arrêté d'appel à candidature (score: 20)
2026-08-13 10:14:45,995 [INFO]   [PAS DE DATE] Avis d'emplois supérieurs directeur de l'Aéronautique Civile...
2026-08-13 10:14:45,995 [INFO]   Détails: https://www.emploi-public.ma/fr/emploi-sup/details/d35f9436-c21b-42ea-ae4e-69c290875508
2026-08-13 10:14:46,794 [WARNING] Format de date non reconnu: 30
2026-08-13 10:14:46,795 [INFO]     PDF trouvé: Arrêté d'appel à candidature (score: 20)
2026-08-13 10:14:46,796 [INFO]   [PAS DE DATE] Avis d'emplois supérieurs Directeur des Ressources...
2026-08-13 10:14:46,796 [INFO]   Détails: https://www.emploi-public.ma/fr/emploi-sup/details/adb009b6-d9e6-4a81-ba14-b793dce37591
2026-08-13 10:14:47,627 [WARNING] Format de date non reconnu: 30
2026-08-13 10:14:47,628 [INFO]     PDF trouvé: Arrêté d'appel à candidature (score: 20)
2026-08-13 10:14:47,629 [INFO]   [PAS DE DATE] Avis d'emplois supérieurs Directeur des études, de la fiscal...
2026-08-13 10:14:47,629 [INFO]   Détails: https://www.emploi-public.ma/fr/emploi-sup/details/2c118db1-684f-4ae4-8913-d9fce58d2cee
2026-08-13 10:14:49,232 [WARNING] Format de date non reconnu: 30
2026-08-13 10:14:49,233 [INFO]     PDF trouvé: Arrêté d'appel à candidature (score: 20)
2026-08-13 10:14:49,234 [INFO]   [PAS DE DATE] Avis d'emplois supérieurs Directeur des systèmes d'informat...
2026-08-13 10:14:49,234 [INFO]   Détails: https://www.emploi-public.ma/fr/emploi-sup/details/d7388486-fd01-4194-af1b-cb3b7d88a8ef
2026-08-13 10:14:50,057 [WARNING] Format de date non reconnu: 30
2026-08-13 10:14:50,058 [INFO]     PDF trouvé: Arrêté d'appel à candidature (score: 20)
2026-08-13 10:14:50,059 [INFO]   [PAS DE DATE] Avis d'emplois supérieurs Directeur des procédures du parte...
2026-08-13 10:14:50,059 [INFO]   Détails: https://www.emploi-public.ma/fr/emploi-sup/details/30d00bcd-df71-43f3-945e-2204e61cb425
2026-08-13 10:14:50,906 [WARNING] Format de date non reconnu: 30
2026-08-13 10:14:50,907 [INFO]     PDF trouvé: Arrêté d'appel à candidature (score: 20)
2026-08-13 10:14:50,908 [INFO]   [PAS DE DATE] Avis d'emplois supérieurs Directeur de l'Institut National d...
2026-08-13 10:14:50,908 [INFO]   Détails: https://www.emploi-public.ma/fr/emploi-sup/details/803881f5-f7fa-4f8f-b2cd-d6b1566b7fe5
2026-08-13 10:14:51,803 [WARNING] Format de date non reconnu: 30
2026-08-13 10:14:51,804 [INFO]     PDF trouvé: Arrêté d'appel à candidature (score: 20)
2026-08-13 10:14:51,805 [INFO]   [PAS DE DATE] Avis d'emplois supérieurs DIRECTEUR DE L’INSTITUT SUPERIEUR ...
2026-08-13 10:14:51,805 [INFO]   Détails: https://www.emploi-public.ma/fr/emploi-sup/details/43fe4445-da66-401e-a3c4-2562a221a332
2026-08-13 10:14:52,591 [WARNING] Format de date non reconnu: 30
2026-08-13 10:14:52,592 [INFO]     PDF trouvé: Arrêté d'appel à candidature (score: 20)
2026-08-13 10:14:52,593 [INFO]   [PAS DE DATE] Avis d'emplois supérieurs DIRECTEUR FONSAFJS...
2026-08-13 10:14:52,593 [INFO] Page 3/5
2026-08-13 10:14:52,593 [INFO] Scraping page: https://www.emploi-public.ma/fr/emploi-sup-liste?page=2
2026-08-13 10:14:53,447 [INFO]   → 9 annonces trouvées sur cette page
2026-08-13 10:14:53,448 [INFO]   Détails: https://www.emploi-public.ma/fr/emploi-sup/details/2c16f418-dd0f-4bb2-b66e-f926057114f9
2026-08-13 10:14:54,292 [WARNING] Format de date non reconnu: 30
2026-08-13 10:14:54,293 [INFO]     PDF trouvé: Arrêté d'appel à candidature (score: 20)
2026-08-13 10:14:54,294 [INFO]   [PAS DE DATE] Avis d'emplois supérieurs Directeur de la jeunesse...
2026-08-13 10:14:54,294 [INFO]   Détails: https://www.emploi-public.ma/fr/emploi-sup/details/fb33496a-b3e4-46d5-a556-86d0223b04f8
2026-08-13 10:14:55,096 [WARNING] Format de date non reconnu: 30
2026-08-13 10:14:55,097 [INFO]     PDF trouvé: Arrêté d'appel à candidature (score: 20)
2026-08-13 10:14:55,098 [INFO]   [PAS DE DATE] Avis d'emplois supérieurs Directeur(trice) des Affaires géné...
2026-08-13 10:14:55,098 [INFO]   Détails: https://www.emploi-public.ma/fr/emploi-sup/details/d75f25b8-e1b6-4bba-9bf2-9bcc6a5e913c
2026-08-13 10:14:55,916 [WARNING] Format de date non reconnu: 30
2026-08-13 10:14:55,917 [INFO]     PDF trouvé: Arrêté d'appel à candidature (score: 20)
2026-08-13 10:14:55,918 [INFO]   [PAS DE DATE] Avis d'emplois supérieurs Directeur des statuts et des Eudes...
2026-08-13 10:14:55,918 [INFO]   Détails: https://www.emploi-public.ma/fr/emploi-sup/details/4d6a3c99-2658-4cfd-99b5-bc5c012c8e55
2026-08-13 10:14:56,782 [WARNING] Format de date non reconnu: 30
2026-08-13 10:14:56,782 [INFO]     PDF trouvé: Arrêté d'appel à candidature (score: 20)
2026-08-13 10:14:56,783 [INFO]   [PAS DE DATE] Avis d'emplois supérieurs Directeur(trice) du Centre nationa...
2026-08-13 10:14:56,783 [INFO]   Détails: https://www.emploi-public.ma/fr/emploi-sup/details/d5445636-5a56-491e-9305-8cd418b361f8
2026-08-13 10:14:57,461 [WARNING] Format de date non reconnu: 00
2026-08-13 10:14:57,462 [INFO]     PDF trouvé: Arrêté d'appel à candidature (score: 20)
2026-08-13 10:14:57,463 [INFO]   [PAS DE DATE] Avis d'emplois supérieurs Directeur de l'Aménagement du Terr...
2026-08-13 10:14:57,463 [INFO]   Détails: https://www.emploi-public.ma/fr/emploi-sup/details/a19c981f-5e73-4699-978a-3c26f387e76d
2026-08-13 10:14:58,147 [WARNING] Format de date non reconnu: 00
2026-08-13 10:14:58,148 [INFO]     PDF trouvé: Arrêté d'appel à candidature (score: 20)
2026-08-13 10:14:58,149 [INFO]   [PAS DE DATE] Avis d'emplois supérieurs Directeur de l'Agence Urbaine d'Al...
2026-08-13 10:14:58,149 [INFO]   Détails: https://www.emploi-public.ma/fr/emploi-sup/details/c3eed04a-67b9-4ceb-b4c3-b32e0273c191
2026-08-13 10:14:58,873 [WARNING] Format de date non reconnu: 00
2026-08-13 10:14:58,873 [INFO]     PDF trouvé: Arrêté d'appel à candidature (score: 20)
2026-08-13 10:14:58,874 [INFO]   [PAS DE DATE] Avis d'emplois supérieurs Directeur de l'Agence Urbaine de L...
2026-08-13 10:14:58,874 [INFO]   Détails: https://www.emploi-public.ma/fr/emploi-sup/details/6bbca177-c943-4200-991d-4945c7de6c3e
2026-08-13 10:14:59,669 [WARNING] Format de date non reconnu: 30
2026-08-13 10:14:59,670 [INFO]     PDF trouvé: Arrêté d'appel à candidature (score: 20)
2026-08-13 10:14:59,671 [INFO]   [PAS DE DATE] Avis d'emplois supérieurs Directeur(trice) des affaires géné...
2026-08-13 10:14:59,671 [INFO]   Détails: https://www.emploi-public.ma/fr/emploi-sup/details/971391f4-c3ed-4054-b39a-d498fdbfba4b
2026-08-13 10:15:00,330 [WARNING] Format de date non reconnu: 30
2026-08-13 10:15:00,331 [INFO]     PDF trouvé: Arrêté d'appel à candidature (score: 20)
2026-08-13 10:15:00,332 [INFO]   [PAS DE DATE] Avis d'emplois supérieurs Directeur(trice) de l’Institut Roy...
2026-08-13 10:15:00,332 [INFO] Page 4/5
2026-08-13 10:15:00,332 [INFO] Scraping page: https://www.emploi-public.ma/fr/emploi-sup-liste?page=3
2026-08-13 10:15:01,322 [INFO]   → 9 annonces trouvées sur cette page
2026-08-13 10:15:01,323 [INFO]   Détails: https://www.emploi-public.ma/fr/emploi-sup/details/1afa70c8-a02b-457d-98c8-6787ae253f28
2026-08-13 10:15:02,193 [WARNING] Format de date non reconnu: 30
2026-08-13 10:15:02,193 [INFO]     PDF trouvé: Arrêté d'appel à candidature (score: 20)
2026-08-13 10:15:02,194 [INFO]   [PAS DE DATE] Avis d'emplois supérieurs Directeur de l'Ecole des Sciences ...
2026-08-13 10:15:02,194 [INFO]   Détails: https://www.emploi-public.ma/fr/emploi-sup/details/e1c5923d-7307-42c7-90ed-21db5ce34a49
2026-08-13 10:15:03,413 [WARNING] Format de date non reconnu: 30
2026-08-13 10:15:03,414 [INFO]     PDF trouvé: Arrêté d'appel à candidature (score: 20)
2026-08-13 10:15:03,415 [INFO]   [PAS DE DATE] Avis d'emplois supérieurs Directeur des législations des Inf...
2026-08-13 10:15:03,415 [INFO]   Détails: https://www.emploi-public.ma/fr/emploi-sup/details/cb431ce3-c104-457a-b464-8ca3b4a5fe55
2026-08-13 10:15:04,242 [WARNING] Format de date non reconnu: 30
2026-08-13 10:15:04,243 [INFO]     PDF trouvé: Arrêté d'appel à candidature (score: 20)
2026-08-13 10:15:04,244 [INFO]   [PAS DE DATE] Avis d'emplois supérieurs Directeur des législations de la g...
2026-08-13 10:15:04,244 [INFO]   Détails: https://www.emploi-public.ma/fr/emploi-sup/details/83256c4b-36f7-461e-8579-7dbec3b6aae0
2026-08-13 10:15:05,091 [WARNING] Format de date non reconnu: 30
2026-08-13 10:15:05,092 [INFO]     PDF trouvé: Arrêté d'appel à candidature (score: 20)
2026-08-13 10:15:05,093 [INFO]   [PAS DE DATE] Avis d'emplois supérieurs Doyen de la Faculté de Médecine et...
2026-08-13 10:15:05,093 [INFO]   Détails: https://www.emploi-public.ma/fr/emploi-sup/details/e1054489-8a0a-4d64-92ab-55a9dbb52ac5
2026-08-13 10:15:05,926 [WARNING] Format de date non reconnu: 30
2026-08-13 10:15:05,927 [INFO]     PDF trouvé: Arrêté d'appel à candidature (score: 20)
2026-08-13 10:15:05,928 [INFO]   [PAS DE DATE] Avis d'emplois supérieurs Directeur de l'Ecole Mohammadia de...
2026-08-13 10:15:05,928 [INFO]   Détails: https://www.emploi-public.ma/fr/emploi-sup/details/4276b348-5dae-41c9-b638-6ca89ffaf304
2026-08-13 10:15:06,789 [WARNING] Format de date non reconnu: 30
2026-08-13 10:15:06,789 [INFO]     PDF trouvé: Arrêté d'appel à candidature (score: 20)
2026-08-13 10:15:06,790 [INFO]   [PAS DE DATE] Avis d'emplois supérieurs Directeur(trice) du Centre régiona...
2026-08-13 10:15:06,790 [INFO]   Détails: https://www.emploi-public.ma/fr/emploi-sup/details/0f48ee65-4c13-4056-a870-a38f35f26eee
2026-08-13 10:15:08,228 [WARNING] Format de date non reconnu: 30
2026-08-13 10:15:08,229 [INFO]     PDF trouvé: Arrêté d'appel à candidature (score: 20)
2026-08-13 10:15:08,230 [INFO]   [PAS DE DATE] Avis d'emplois supérieurs Directeur des statuts et des Eudes...
2026-08-13 10:15:08,230 [INFO]   Détails: https://www.emploi-public.ma/fr/emploi-sup/details/17544c4c-7a33-48bd-be97-d4e261c4b1ba
2026-08-13 10:15:09,452 [WARNING] Format de date non reconnu: 30
2026-08-13 10:15:09,453 [INFO]     PDF trouvé: Arrêté d'appel à candidature (score: 20)
2026-08-13 10:15:09,454 [INFO]   [PAS DE DATE] Avis d'emplois supérieurs Directeur(trice) général(e) de l’o...
2026-08-13 10:15:09,454 [INFO]   Détails: https://www.emploi-public.ma/fr/emploi-sup/details/2062be70-06c0-4b02-b143-bb2108a03421
2026-08-13 10:15:10,454 [WARNING] Format de date non reconnu: 30
2026-08-13 10:15:10,455 [INFO]     PDF trouvé: Arrêté d'appel à candidature (score: 20)
2026-08-13 10:15:10,456 [INFO]   [PAS DE DATE] Avis d'emplois supérieurs Directeur(trice) du Centre nationa...
2026-08-13 10:15:10,456 [INFO] Page 5/5
2026-08-13 10:15:10,456 [INFO] Scraping page: https://www.emploi-public.ma/fr/emploi-sup-liste?page=4
2026-08-13 10:15:11,297 [INFO]   → 9 annonces trouvées sur cette page
2026-08-13 10:15:11,298 [INFO]   Détails: https://www.emploi-public.ma/fr/emploi-sup/details/5b7e6e30-4777-469d-9fa2-856d4390a35f
2026-08-13 10:15:12,143 [WARNING] Format de date non reconnu: 30
2026-08-13 10:15:12,144 [INFO]     PDF trouvé: Arrêté d'appel à candidature (score: 20)
2026-08-13 10:15:12,145 [INFO]   [PAS DE DATE] Avis d'emplois supérieurs Directeur de la jeunesse...
2026-08-13 10:15:12,145 [INFO]   Détails: https://www.emploi-public.ma/fr/emploi-sup/details/5313b8af-912f-4d82-b328-04c94fbe4562
2026-08-13 10:15:12,944 [WARNING] Format de date non reconnu: 30
2026-08-13 10:15:12,944 [INFO]     PDF trouvé: Arrêté d'appel à candidature (score: 20)
2026-08-13 10:15:12,945 [INFO]   [PAS DE DATE] Avis d'emplois supérieurs Directeur (ce) de la Coopération e...
2026-08-13 10:15:12,945 [INFO]   Détails: https://www.emploi-public.ma/fr/emploi-sup/details/52349e85-618a-444c-94ae-a269dcb8ede6
2026-08-13 10:15:13,828 [WARNING] Format de date non reconnu: 30
2026-08-13 10:15:13,829 [INFO]     PDF trouvé: Arrêté d'appel à candidature (score: 20)
2026-08-13 10:15:13,830 [INFO]   [PAS DE DATE] Avis d'emplois supérieurs Directeur (ce) des Ressources Huma...
2026-08-13 10:15:13,830 [INFO]   Détails: https://www.emploi-public.ma/fr/emploi-sup/details/b993993a-7a9f-4f82-a95d-4c705192b5c5
2026-08-13 10:15:14,647 [WARNING] Format de date non reconnu: 30
2026-08-13 10:15:14,648 [INFO]     PDF trouvé: Arrêté d'appel à candidature (score: 20)
2026-08-13 10:15:14,648 [INFO]   [PAS DE DATE] Avis d'emplois supérieurs Directeur(trice) de l’Académie rég...
2026-08-13 10:15:14,649 [INFO]   Détails: https://www.emploi-public.ma/fr/emploi-sup/details/a8514544-73e5-48b0-bc95-4e3782a246c4
2026-08-13 10:15:15,522 [WARNING] Format de date non reconnu: 30
2026-08-13 10:15:15,522 [INFO]     PDF trouvé: Arrêté d'appel à candidature (score: 20)
2026-08-13 10:15:15,523 [INFO]   [PAS DE DATE] Avis d'emplois supérieurs Directeur de l'Office Régional de ...
2026-08-13 10:15:15,523 [INFO]   Détails: https://www.emploi-public.ma/fr/emploi-sup/details/34737011-4b34-4d27-a8e4-f96374ce7e3b
2026-08-13 10:15:16,350 [WARNING] Format de date non reconnu: 30
2026-08-13 10:15:16,351 [INFO]     PDF trouvé: Arrêté d'appel à candidature (score: 20)
2026-08-13 10:15:16,352 [INFO]   [PAS DE DATE] Avis d'emplois supérieurs Directeur du Centre Régional d'Inv...
2026-08-13 10:15:16,352 [INFO]   Détails: https://www.emploi-public.ma/fr/emploi-sup/details/3848b51d-1643-4c8a-9d0a-0001f3ec1eb6
2026-08-13 10:15:17,016 [WARNING] Format de date non reconnu: 30
2026-08-13 10:15:17,017 [INFO]     PDF trouvé: Arrêté d'appel à candidature (score: 20)
2026-08-13 10:15:17,018 [INFO]   [PAS DE DATE] Avis d'emplois supérieurs Directeur des statistiques, des ét...
2026-08-13 10:15:17,018 [INFO]   Détails: https://www.emploi-public.ma/fr/emploi-sup/details/f762f1b5-8e54-4277-9ceb-b77512a40379
2026-08-13 10:15:18,029 [WARNING] Format de date non reconnu: 30
2026-08-13 10:15:18,030 [INFO]     PDF trouvé: Arrêté d'appel à candidature (score: 20)
2026-08-13 10:15:18,031 [INFO]   [PAS DE DATE] Avis d'emplois supérieurs Directeur de l'Institut National S...
2026-08-13 10:15:18,031 [INFO]   Détails: https://www.emploi-public.ma/fr/emploi-sup/details/f398a7c1-f047-4cb7-95a2-e63106086337
2026-08-13 10:15:21,255 [WARNING] Format de date non reconnu: 30
2026-08-13 10:15:21,256 [INFO]     PDF trouvé: Arrêté d'appel à candidature (score: 20)
2026-08-13 10:15:21,257 [INFO]   [PAS DE DATE] Avis d'emplois supérieurs Directeur (ce) de l'Enseignement S...
2026-08-13 10:15:21,257 [INFO] 
--- Catégorie: Postes de responsabilités ---
2026-08-13 10:15:21,257 [INFO] Page 1/5
2026-08-13 10:15:21,257 [INFO] Scraping page: https://www.emploi-public.ma/fr/postes-respo-liste
2026-08-13 10:15:22,298 [INFO]   → 13 annonces trouvées sur cette page
2026-08-13 10:15:22,299 [INFO]   Détails: https://www.emploi-public.ma/fr/postes-respo/details/e774ca4d-81dc-42d4-8139-14553b32118f
2026-08-13 10:15:23,253 [INFO]     PDF trouvé: Arrêté d'appel à candidature (score: 20)
2026-08-13 10:15:23,254 [INFO]   [EXPIRÉE] Publication de la liste des convoqués pour l'appel à candida... → 2026-08-04
2026-08-13 10:15:23,254 [INFO]   Détails: https://www.emploi-public.ma/fr/postes-respo/details/0e384947-e1d7-4d1b-b699-7572d849cc30
2026-08-13 10:15:24,469 [INFO]     PDF trouvé: Arrêté d'appel à candidature (score: 20)
2026-08-13 10:15:24,470 [INFO]   [EXPIRÉE] Publication de la liste des résultats pour les Postes de res... → 2026-06-12
2026-08-13 10:15:24,470 [INFO]   Détails: https://www.emploi-public.ma/fr/postes-respo/details/a2881f8a-45c2-4373-9327-a403b9fa3c05
2026-08-13 10:15:25,501 [INFO]     PDF trouvé: Arrêté d'appel à candidature (score: 20)
2026-08-13 10:15:25,502 [INFO]   [EXPIRÉE] Publication de la liste des convoqués pour l'appel à candida... → 2026-06-03
2026-08-13 10:15:25,502 [INFO]   Détails: https://www.emploi-public.ma/fr/postes-respo/details/06e34a2c-52ed-42ff-9a0d-678176a5d36d
2026-08-13 10:15:26,446 [INFO]     PDF trouvé: Arrêté d'appel à candidature (score: 20)
2026-08-13 10:15:26,446 [INFO]   [EN COURS] Avis de Postes de responsabilités au Ministère de l’intérieu... → 2026-08-28
2026-08-13 10:15:26,447 [INFO]   Détails: https://www.emploi-public.ma/fr/postes-respo/details/a35f3c8e-0667-423a-a54c-978dbf200428
2026-08-13 10:15:27,381 [INFO]     PDF trouvé: Arrêté d'appel à candidature (score: 20)
2026-08-13 10:15:27,383 [INFO]   [EXPIRÉE] Publication de la liste des résultats pour les Postes de res... → 2026-07-08
2026-08-13 10:15:27,383 [INFO]   Détails: https://www.emploi-public.ma/fr/postes-respo/details/919e2c31-e153-4165-bf47-d16ca2c7391f
2026-08-13 10:15:28,181 [INFO]     PDF trouvé: Arrêté d'appel à candidature (score: 20)
2026-08-13 10:15:28,182 [INFO]   [EXPIRÉE] Avis de Postes de responsabilités au Ministère de l’intérieu... → 2026-08-10
2026-08-13 10:15:28,182 [INFO]   Détails: https://www.emploi-public.ma/fr/postes-respo/details/b2591536-0a21-45a1-8b3f-43030a0c8988
2026-08-13 10:15:29,796 [INFO]     PDF trouvé: Arrêté d'appel à candidature (score: 20)
2026-08-13 10:15:29,797 [INFO]   [EXPIRÉE] Publication de la liste des résultats pour les Postes de res... → 2026-07-08
2026-08-13 10:15:29,797 [INFO]   Détails: https://www.emploi-public.ma/fr/postes-respo/details/86201a05-a81f-497b-bed4-33786d61d3b1
2026-08-13 10:15:30,634 [INFO]     PDF trouvé: Arrêté d'appel à candidature (score: 20)
2026-08-13 10:15:30,635 [INFO]   [EXPIRÉE] Publication de la liste des résultats pour les Postes de res... → 2026-06-23
2026-08-13 10:15:30,635 [INFO]   Détails: https://www.emploi-public.ma/fr/postes-respo/details/3038ea2b-a3fb-401e-95d6-7755889e3f34
2026-08-13 10:15:31,554 [INFO]     PDF trouvé: Arrêté d'appel à candidature (score: 20)
2026-08-13 10:15:31,555 [INFO]   [EXPIRÉE] Publication de la liste des résultats pour les Postes de res... → 2026-07-08
2026-08-13 10:15:31,555 [INFO]   Détails: https://www.emploi-public.ma/fr/postes-respo/details/392ae761-628a-4101-8b52-9caeafe36143
2026-08-13 10:15:32,594 [INFO]     PDF trouvé: Arrêté d'appel à candidature (score: 20)
2026-08-13 10:15:32,595 [INFO]   [EN COURS] Responsable Audit Interne... → 2026-08-14
2026-08-13 10:15:32,595 [INFO]   Détails: https://www.emploi-public.ma/fr/postes-respo/details/5b2bab6c-2476-464e-a523-1fd261ab5ea2
2026-08-13 10:15:33,507 [INFO]     PDF trouvé: Arrêté d'appel à candidature (score: 20)
2026-08-13 10:15:33,508 [INFO]   [EN COURS] Appel à candidature pour les postes de responsabilité au Pré... → 2026-08-15
2026-08-13 10:15:33,508 [INFO]   Détails: https://www.emploi-public.ma/fr/postes-respo/details/1e7c5254-eae1-4a3a-8a41-1f67d5ca0a6b
2026-08-13 10:15:39,936 [INFO]     PDF trouvé: Arrêté d'appel à candidature (score: 20)
2026-08-13 10:15:39,937 [INFO]   [EN COURS] directeur des services commune toualet... → 2026-08-15
2026-08-13 10:15:39,937 [INFO]   Détails: https://www.emploi-public.ma/fr/postes-respo/details/8774c328-8599-4e4a-a0ea-5fb10e0b9d23
2026-08-13 10:15:40,857 [INFO]     PDF trouvé: Arrêté d'appel à candidature (score: 20)
2026-08-13 10:15:40,858 [INFO]   [EN COURS] Chef de la Division Gestion du Site... → 2026-08-15
2026-08-13 10:15:40,858 [INFO] Page 2/5
2026-08-13 10:15:40,858 [INFO] Scraping page: https://www.emploi-public.ma/fr/postes-respo-liste?page=1
2026-08-13 10:15:41,965 [INFO]   → 13 annonces trouvées sur cette page
2026-08-13 10:15:41,966 [INFO]   Détails: https://www.emploi-public.ma/fr/postes-respo/details/e774ca4d-81dc-42d4-8139-14553b32118f
2026-08-13 10:15:42,929 [INFO]     PDF trouvé: Arrêté d'appel à candidature (score: 20)
2026-08-13 10:15:42,930 [INFO]   [EXPIRÉE] Publication de la liste des convoqués pour l'appel à candida... → 2026-08-04
2026-08-13 10:15:42,930 [INFO]   Détails: https://www.emploi-public.ma/fr/postes-respo/details/0e384947-e1d7-4d1b-b699-7572d849cc30
2026-08-13 10:15:43,903 [INFO]     PDF trouvé: Arrêté d'appel à candidature (score: 20)
2026-08-13 10:15:43,904 [INFO]   [EXPIRÉE] Publication de la liste des résultats pour les Postes de res... → 2026-06-12
2026-08-13 10:15:43,904 [INFO]   Détails: https://www.emploi-public.ma/fr/postes-respo/details/a2881f8a-45c2-4373-9327-a403b9fa3c05
2026-08-13 10:15:44,859 [INFO]     PDF trouvé: Arrêté d'appel à candidature (score: 20)
2026-08-13 10:15:44,860 [INFO]   [EXPIRÉE] Publication de la liste des convoqués pour l'appel à candida... → 2026-06-03
2026-08-13 10:15:44,860 [INFO]   Détails: https://www.emploi-public.ma/fr/postes-respo/details/06e34a2c-52ed-42ff-9a0d-678176a5d36d
2026-08-13 10:15:45,894 [INFO]     PDF trouvé: Arrêté d'appel à candidature (score: 20)
2026-08-13 10:15:45,895 [INFO]   [EN COURS] Avis de Postes de responsabilités au Ministère de l’intérieu... → 2026-08-28
2026-08-13 10:15:45,895 [INFO]   Détails: https://www.emploi-public.ma/fr/postes-respo/details/a35f3c8e-0667-423a-a54c-978dbf200428
2026-08-13 10:15:47,776 [INFO]     PDF trouvé: Arrêté d'appel à candidature (score: 20)
2026-08-13 10:15:47,777 [INFO]   [EXPIRÉE] Publication de la liste des résultats pour les Postes de res... → 2026-07-08
2026-08-13 10:15:47,777 [INFO]   Détails: https://www.emploi-public.ma/fr/postes-respo/details/919e2c31-e153-4165-bf47-d16ca2c7391f
2026-08-13 10:15:48,948 [INFO]     PDF trouvé: Arrêté d'appel à candidature (score: 20)
2026-08-13 10:15:48,949 [INFO]   [EXPIRÉE] Avis de Postes de responsabilités au Ministère de l’intérieu... → 2026-08-10
2026-08-13 10:15:48,949 [INFO]   Détails: https://www.emploi-public.ma/fr/postes-respo/details/b2591536-0a21-45a1-8b3f-43030a0c8988
2026-08-13 10:15:49,948 [INFO]     PDF trouvé: Arrêté d'appel à candidature (score: 20)
2026-08-13 10:15:49,949 [INFO]   [EXPIRÉE] Publication de la liste des résultats pour les Postes de res... → 2026-07-08
2026-08-13 10:15:49,949 [INFO]   Détails: https://www.emploi-public.ma/fr/postes-respo/details/86201a05-a81f-497b-bed4-33786d61d3b1
2026-08-13 10:15:51,027 [INFO]     PDF trouvé: Arrêté d'appel à candidature (score: 20)
2026-08-13 10:15:51,028 [INFO]   [EXPIRÉE] Publication de la liste des résultats pour les Postes de res... → 2026-06-23
2026-08-13 10:15:51,028 [INFO]   Détails: https://www.emploi-public.ma/fr/postes-respo/details/3038ea2b-a3fb-401e-95d6-7755889e3f34
2026-08-13 10:15:52,054 [INFO]     PDF trouvé: Arrêté d'appel à candidature (score: 20)
2026-08-13 10:15:52,055 [INFO]   [EXPIRÉE] Publication de la liste des résultats pour les Postes de res... → 2026-07-08
2026-08-13 10:15:52,055 [INFO]   Détails: https://www.emploi-public.ma/fr/postes-respo/details/392ae761-628a-4101-8b52-9caeafe36143
2026-08-13 10:15:53,475 [INFO]     PDF trouvé: Arrêté d'appel à candidature (score: 20)
2026-08-13 10:15:53,476 [INFO]   [EN COURS] Responsable Audit Interne... → 2026-08-14
2026-08-13 10:15:53,476 [INFO]   Détails: https://www.emploi-public.ma/fr/postes-respo/details/5b2bab6c-2476-464e-a523-1fd261ab5ea2
2026-08-13 10:15:54,418 [INFO]     PDF trouvé: Arrêté d'appel à candidature (score: 20)
2026-08-13 10:15:54,419 [INFO]   [EN COURS] Appel à candidature pour les postes de responsabilité au Pré... → 2026-08-15
2026-08-13 10:15:54,419 [INFO]   Détails: https://www.emploi-public.ma/fr/postes-respo/details/1e7c5254-eae1-4a3a-8a41-1f67d5ca0a6b
2026-08-13 10:15:55,402 [INFO]     PDF trouvé: Arrêté d'appel à candidature (score: 20)
2026-08-13 10:15:55,402 [INFO]   [EN COURS] directeur des services commune toualet... → 2026-08-15
2026-08-13 10:15:55,403 [INFO]   Détails: https://www.emploi-public.ma/fr/postes-respo/details/8774c328-8599-4e4a-a0ea-5fb10e0b9d23
2026-08-13 10:15:56,349 [INFO]     PDF trouvé: Arrêté d'appel à candidature (score: 20)
2026-08-13 10:15:56,349 [INFO]   [EN COURS] Chef de la Division Gestion du Site... → 2026-08-15
2026-08-13 10:15:56,350 [INFO] Page 3/5
2026-08-13 10:15:56,350 [INFO] Scraping page: https://www.emploi-public.ma/fr/postes-respo-liste?page=2
2026-08-13 10:15:57,366 [INFO]   → 13 annonces trouvées sur cette page
2026-08-13 10:15:57,367 [INFO]   Détails: https://www.emploi-public.ma/fr/postes-respo/details/2901b05e-8b4e-4745-b87d-a8cf158f579f
2026-08-13 10:15:58,237 [INFO]     PDF trouvé: Arrêté d'appel à candidature (score: 20)
2026-08-13 10:15:58,238 [INFO]   [EXPIRÉE] Publication de la liste des résultats pour les Postes de res... → 2026-07-23
2026-08-13 10:15:58,238 [INFO]   Détails: https://www.emploi-public.ma/fr/postes-respo/details/e9f60822-1d7f-4ec9-915f-c4f6b5912970
2026-08-13 10:15:59,378 [INFO]     PDF trouvé: Arrêté d'appel à candidature (score: 20)
2026-08-13 10:15:59,379 [INFO]   [EXPIRÉE] Publication de la liste des résultats pour les Postes de res... → 2026-06-18
2026-08-13 10:15:59,379 [INFO]   Détails: https://www.emploi-public.ma/fr/postes-respo/details/1e061894-0310-4fca-8ffe-b550f03b4233
2026-08-13 10:16:00,456 [INFO]     PDF trouvé: Arrêté d'appel à candidature (score: 20)
2026-08-13 10:16:00,457 [INFO]   [EXPIRÉE] Publication de la liste des convoqués pour l'appel à candida... → 2026-02-13
2026-08-13 10:16:00,457 [INFO]   Détails: https://www.emploi-public.ma/fr/postes-respo/details/c570c40b-7e53-4d54-ba1a-13f0893e857c
2026-08-13 10:16:01,427 [INFO]     PDF trouvé: Arrêté d'appel à candidature (score: 20)
2026-08-13 10:16:01,428 [INFO]   [EN COURS] Avis de Postes de responsabilités au Conseil national des dr... → 2026-09-04
2026-08-13 10:16:01,428 [INFO]   Détails: https://www.emploi-public.ma/fr/postes-respo/details/c2a19fdb-838b-4234-8292-4c5cf41a7734
2026-08-13 10:16:02,430 [INFO]     PDF trouvé: Arrêté d'appel à candidature (score: 20)
2026-08-13 10:16:02,431 [INFO]   [EN COURS] Avis de Postes de responsabilités au Ministère de l’intérieu... → 2026-08-31
2026-08-13 10:16:02,431 [INFO]   Détails: https://www.emploi-public.ma/fr/postes-respo/details/5f889aec-aea1-4bcd-92d5-5b798b207e69
2026-08-13 10:16:03,546 [INFO]     PDF trouvé: Arrêté d'appel à candidature (score: 20)
2026-08-13 10:16:03,547 [INFO]   [EXPIRÉE] Publication de la liste des résultats pour les Postes de res... → 2026-07-10
2026-08-13 10:16:03,547 [INFO]   Détails: https://www.emploi-public.ma/fr/postes-respo/details/bf1cc35a-4da2-4b2b-aa24-1ff4d9bf6472
2026-08-13 10:16:04,686 [INFO]     PDF trouvé: Arrêté d'appel à candidature (score: 20)
2026-08-13 10:16:04,687 [INFO]   [EXPIRÉE] Avis de Postes de responsabilités au Ministère de l’intérieu... → 2026-08-07
2026-08-13 10:16:04,687 [INFO]   Détails: https://www.emploi-public.ma/fr/postes-respo/details/c84a5637-77c0-4679-baa9-d49417d7e832
2026-08-13 10:16:05,654 [INFO]     PDF trouvé: Arrêté d'appel à candidature (score: 20)
2026-08-13 10:16:05,655 [INFO]   [EXPIRÉE] Avis de Postes de responsabilités au Ministère de la Jeuness... → 2026-08-07
2026-08-13 10:16:05,655 [INFO]   Détails: https://www.emploi-public.ma/fr/postes-respo/details/a3ff8765-f34b-4a36-9023-7ae112e77594
2026-08-13 10:16:07,163 [INFO]     PDF trouvé: Arrêté d'appel à candidature (score: 20)
2026-08-13 10:16:07,164 [INFO]   [EXPIRÉE] Avis de Postes de responsabilités au Ministère de la Jeuness... → 2026-08-07
2026-08-13 10:16:07,164 [INFO]   Détails: https://www.emploi-public.ma/fr/postes-respo/details/392ae761-628a-4101-8b52-9caeafe36143
2026-08-13 10:16:09,528 [INFO]     PDF trouvé: Arrêté d'appel à candidature (score: 20)
2026-08-13 10:16:09,529 [INFO]   [EN COURS] Responsable Audit Interne... → 2026-08-14
2026-08-13 10:16:09,529 [INFO]   Détails: https://www.emploi-public.ma/fr/postes-respo/details/5b2bab6c-2476-464e-a523-1fd261ab5ea2
2026-08-13 10:16:10,674 [INFO]     PDF trouvé: Arrêté d'appel à candidature (score: 20)
2026-08-13 10:16:10,675 [INFO]   [EN COURS] Appel à candidature pour les postes de responsabilité au Pré... → 2026-08-15
2026-08-13 10:16:10,675 [INFO]   Détails: https://www.emploi-public.ma/fr/postes-respo/details/1e7c5254-eae1-4a3a-8a41-1f67d5ca0a6b
2026-08-13 10:16:11,623 [INFO]     PDF trouvé: Arrêté d'appel à candidature (score: 20)
2026-08-13 10:16:11,624 [INFO]   [EN COURS] directeur des services commune toualet... → 2026-08-15
2026-08-13 10:16:11,625 [INFO]   Détails: https://www.emploi-public.ma/fr/postes-respo/details/8774c328-8599-4e4a-a0ea-5fb10e0b9d23
2026-08-13 10:16:12,562 [INFO]     PDF trouvé: Arrêté d'appel à candidature (score: 20)
2026-08-13 10:16:12,564 [INFO]   [EN COURS] Chef de la Division Gestion du Site... → 2026-08-15
2026-08-13 10:16:12,564 [INFO] Page 4/5
2026-08-13 10:16:12,564 [INFO] Scraping page: https://www.emploi-public.ma/fr/postes-respo-liste?page=3
2026-08-13 10:16:13,987 [INFO]   → 13 annonces trouvées sur cette page
2026-08-13 10:16:13,987 [INFO]   Détails: https://www.emploi-public.ma/fr/postes-respo/details/558f23e7-7989-4f9c-92e0-0a469e30efd4
2026-08-13 10:16:15,054 [INFO]     PDF trouvé: Arrêté d'appel à candidature (score: 20)
2026-08-13 10:16:15,055 [INFO]   [EXPIRÉE] Avis de Postes de responsabilités au Ministère de l’intérieu... → 2026-08-07
2026-08-13 10:16:15,055 [INFO]   Détails: https://www.emploi-public.ma/fr/postes-respo/details/1e460045-de8c-47a5-8daf-62ffbd392b3b
2026-08-13 10:16:15,964 [INFO]     PDF trouvé: Arrêté d'appel à candidature (score: 20)
2026-08-13 10:16:15,964 [INFO]   [EN COURS] Avis de Postes de responsabilités au Délégation générale à l... → 2026-08-27
2026-08-13 10:16:15,965 [INFO]   Détails: https://www.emploi-public.ma/fr/postes-respo/details/1f0f0446-8044-4bda-a4f1-6e55b963a62f
2026-08-13 10:16:16,927 [INFO]     PDF trouvé: Arrêté d'appel à candidature (score: 20)
2026-08-13 10:16:16,928 [INFO]   [EXPIRÉE] Publication de la liste des résultats pour les Postes de res... → 2026-06-29
2026-08-13 10:16:16,928 [INFO]   Détails: https://www.emploi-public.ma/fr/postes-respo/details/2cba0974-d7be-4c5d-859c-b8bc800df124
2026-08-13 10:16:18,126 [INFO]     PDF trouvé: Arrêté d'appel à candidature (score: 20)
2026-08-13 10:16:18,127 [INFO]   [EN COURS] Avis de Postes de responsabilités au Ministère de l'intérieu... → 2026-08-24
2026-08-13 10:16:18,127 [INFO]   Détails: https://www.emploi-public.ma/fr/postes-respo/details/6cf979b2-4c4d-4d2e-8ddf-8b1bbb09eb3e
2026-08-13 10:16:19,097 [INFO]     PDF trouvé: Arrêté d'appel à candidature (score: 20)
2026-08-13 10:16:19,098 [INFO]   [EN COURS] Avis de Postes de responsabilités au Ministère de l'intérieu... → 2026-08-24
2026-08-13 10:16:19,098 [INFO]   Détails: https://www.emploi-public.ma/fr/postes-respo/details/6bf72bad-f1df-449e-b7f2-7bf6242b2d85
2026-08-13 10:16:20,354 [INFO]     PDF trouvé: Arrêté d'appel à candidature (score: 20)
2026-08-13 10:16:20,355 [INFO]   [EXPIRÉE] Publication de la liste des résultats pour les Postes de res... → 2026-07-28
2026-08-13 10:16:20,355 [INFO]   Détails: https://www.emploi-public.ma/fr/postes-respo/details/19cf5e66-9675-4021-ab42-b1b0b537132c
2026-08-13 10:16:22,483 [INFO]     PDF trouvé: Arrêté d'appel à candidature (score: 20)
2026-08-13 10:16:22,484 [INFO]   [EXPIRÉE] Avis de Postes de responsabilités au Ministère de la Jeuness... → 2026-08-05
2026-08-13 10:16:22,484 [INFO]   Détails: https://www.emploi-public.ma/fr/postes-respo/details/eb11c5f5-5e0a-4093-be4a-be951ac1d902
2026-08-13 10:16:24,436 [INFO]     PDF trouvé: Arrêté d'appel à candidature (score: 20)
2026-08-13 10:16:24,437 [INFO]   [EXPIRÉE] Avis de Postes de responsabilités au Ministère de la Jeuness... → 2026-08-05
2026-08-13 10:16:24,437 [INFO]   Détails: https://www.emploi-public.ma/fr/postes-respo/details/f79a757f-1c02-4b6f-9fa3-500027d7dcdb
2026-08-13 10:16:25,452 [INFO]     PDF trouvé: Arrêté d'appel à candidature (score: 20)
2026-08-13 10:16:25,453 [INFO]   [EN COURS] Avis de Postes de responsabilités au Ministère de la justice... → 2026-08-24
2026-08-13 10:16:25,453 [INFO]   Détails: https://www.emploi-public.ma/fr/postes-respo/details/392ae761-628a-4101-8b52-9caeafe36143
2026-08-13 10:16:26,716 [INFO]     PDF trouvé: Arrêté d'appel à candidature (score: 20)
2026-08-13 10:16:26,717 [INFO]   [EN COURS] Responsable Audit Interne... → 2026-08-14
2026-08-13 10:16:26,717 [INFO]   Détails: https://www.emploi-public.ma/fr/postes-respo/details/5b2bab6c-2476-464e-a523-1fd261ab5ea2
2026-08-13 10:16:27,924 [INFO]     PDF trouvé: Arrêté d'appel à candidature (score: 20)
2026-08-13 10:16:27,926 [INFO]   [EN COURS] Appel à candidature pour les postes de responsabilité au Pré... → 2026-08-15
2026-08-13 10:16:27,926 [INFO]   Détails: https://www.emploi-public.ma/fr/postes-respo/details/1e7c5254-eae1-4a3a-8a41-1f67d5ca0a6b
2026-08-13 10:16:29,932 [INFO]     PDF trouvé: Arrêté d'appel à candidature (score: 20)
2026-08-13 10:16:29,933 [INFO]   [EN COURS] directeur des services commune toualet... → 2026-08-15
2026-08-13 10:16:29,933 [INFO]   Détails: https://www.emploi-public.ma/fr/postes-respo/details/8774c328-8599-4e4a-a0ea-5fb10e0b9d23
2026-08-13 10:16:31,553 [INFO]     PDF trouvé: Arrêté d'appel à candidature (score: 20)
2026-08-13 10:16:31,554 [INFO]   [EN COURS] Chef de la Division Gestion du Site... → 2026-08-15
2026-08-13 10:16:31,554 [INFO] Page 5/5
2026-08-13 10:16:31,554 [INFO] Scraping page: https://www.emploi-public.ma/fr/postes-respo-liste?page=4
2026-08-13 10:16:37,262 [INFO]   → 13 annonces trouvées sur cette page
2026-08-13 10:16:37,263 [INFO]   Détails: https://www.emploi-public.ma/fr/postes-respo/details/39e0be7c-935c-470f-813a-4ef6dc80ce2a
2026-08-13 10:16:38,908 [INFO]     PDF trouvé: Arrêté d'appel à candidature (score: 20)
2026-08-13 10:16:38,909 [INFO]   [EXPIRÉE] Avis de Postes de responsabilités au Ministère de l’Agricult... → 2026-08-04
2026-08-13 10:16:38,909 [INFO]   Détails: https://www.emploi-public.ma/fr/postes-respo/details/a2d8ded6-f6da-4802-aa9c-5d77f0e0e766
2026-08-13 10:16:39,812 [INFO]     PDF trouvé: Arrêté d'appel à candidature (score: 20)
2026-08-13 10:16:39,813 [INFO]   [EXPIRÉE] Avis de Postes de responsabilités au Ministère de l’Économie... → 2026-08-04
2026-08-13 10:16:39,813 [INFO]   Détails: https://www.emploi-public.ma/fr/postes-respo/details/3b6918d1-3c36-4588-a26b-fbe714b6e52d
2026-08-13 10:16:40,786 [INFO]     PDF trouvé: Arrêté d'appel à candidature (score: 20)
2026-08-13 10:16:40,787 [INFO]   [EXPIRÉE] Publication de la liste des résultats pour les Postes de res... → 2026-06-24
2026-08-13 10:16:40,787 [INFO]   Détails: https://www.emploi-public.ma/fr/postes-respo/details/09438eb0-5e92-4df8-abe9-22c776ae6df9
2026-08-13 10:16:41,710 [INFO]     PDF trouvé: Arrêté d'appel à candidature (score: 20)
2026-08-13 10:16:41,711 [INFO]   [EXPIRÉE] Publication de la liste des convoqués pour l'appel à candida... → 2026-05-29
2026-08-13 10:16:41,711 [INFO]   Détails: https://www.emploi-public.ma/fr/postes-respo/details/bb476430-77cb-414d-ba1f-13c627c55c66
2026-08-13 10:16:42,663 [INFO]     PDF trouvé: Arrêté d'appel à candidature (score: 20)
2026-08-13 10:16:42,664 [INFO]   [EN COURS] Avis de Postes de responsabilités au Délégation interministé... → 2026-08-24
2026-08-13 10:16:42,665 [INFO]   Détails: https://www.emploi-public.ma/fr/postes-respo/details/3994c0b9-790d-4e5d-b147-c784cf157aab
2026-08-13 10:16:43,975 [INFO]     PDF trouvé: Arrêté d'appel à candidature (score: 20)
2026-08-13 10:16:43,976 [INFO]   [EXPIRÉE] Avis de Postes de responsabilités au Ministère de l’Agricult... → 2026-08-03
2026-08-13 10:16:43,976 [INFO]   Détails: https://www.emploi-public.ma/fr/postes-respo/details/f8baf400-d3be-464c-a9cd-a75fc5d8a8bc
2026-08-13 10:16:48,641 [INFO]     PDF trouvé: Arrêté d'appel à candidature (score: 20)
2026-08-13 10:16:48,642 [INFO]   [EXPIRÉE] Avis de Postes de responsabilités au Ministère de la Jeuness... → 2026-08-03
2026-08-13 10:16:48,642 [INFO]   Détails: https://www.emploi-public.ma/fr/postes-respo/details/17642040-c2de-4150-bf47-0523cb6a6615
2026-08-13 10:16:49,677 [INFO]     PDF trouvé: Arrêté d'appel à candidature (score: 20)
2026-08-13 10:16:49,678 [INFO]   [EXPIRÉE] Avis de Postes de responsabilités au Ministère de la Jeuness... → 2026-08-03
2026-08-13 10:16:49,679 [INFO]   Détails: https://www.emploi-public.ma/fr/postes-respo/details/33fadd95-e7a3-48e9-9532-58ab3fef908c
2026-08-13 10:16:50,629 [INFO]     PDF trouvé: Arrêté d'appel à candidature (score: 20)
2026-08-13 10:16:50,630 [INFO]   [EXPIRÉE] Avis de Postes de responsabilités au Ministère de la Jeuness... → 2026-08-03
2026-08-13 10:16:50,630 [INFO]   Détails: https://www.emploi-public.ma/fr/postes-respo/details/392ae761-628a-4101-8b52-9caeafe36143
2026-08-13 10:16:54,717 [INFO]     PDF trouvé: Arrêté d'appel à candidature (score: 20)
2026-08-13 10:16:54,718 [INFO]   [EN COURS] Responsable Audit Interne... → 2026-08-14
2026-08-13 10:16:54,718 [INFO]   Détails: https://www.emploi-public.ma/fr/postes-respo/details/5b2bab6c-2476-464e-a523-1fd261ab5ea2
2026-08-13 10:16:55,685 [INFO]     PDF trouvé: Arrêté d'appel à candidature (score: 20)
2026-08-13 10:16:55,686 [INFO]   [EN COURS] Appel à candidature pour les postes de responsabilité au Pré... → 2026-08-15
2026-08-13 10:16:55,686 [INFO]   Détails: https://www.emploi-public.ma/fr/postes-respo/details/1e7c5254-eae1-4a3a-8a41-1f67d5ca0a6b
2026-08-13 10:16:57,064 [INFO]     PDF trouvé: Arrêté d'appel à candidature (score: 20)
2026-08-13 10:16:57,065 [INFO]   [EN COURS] directeur des services commune toualet... → 2026-08-15
2026-08-13 10:16:57,065 [INFO]   Détails: https://www.emploi-public.ma/fr/postes-respo/details/8774c328-8599-4e4a-a0ea-5fb10e0b9d23
2026-08-13 10:16:58,108 [INFO]     PDF trouvé: Arrêté d'appel à candidature (score: 20)
2026-08-13 10:16:58,109 [INFO]   [EN COURS] Chef de la Division Gestion du Site... → 2026-08-15
2026-08-13 10:16:58,109 [INFO] 
--- Catégorie: Recrutement des experts ---
2026-08-13 10:16:58,109 [INFO] Page 1/5
2026-08-13 10:16:58,109 [INFO] Scraping page: https://www.emploi-public.ma/fr/experts-liste
2026-08-13 10:16:58,943 [INFO]   → 9 annonces trouvées sur cette page
2026-08-13 10:16:58,944 [INFO]   Détails: https://www.emploi-public.ma/fr/experts/details/9ec33ce6-535f-4934-affb-1a818c2ed40c
2026-08-13 10:16:59,819 [INFO]     PDF trouvé: Arrêté d'appel à candidature (score: 20)
2026-08-13 10:16:59,820 [INFO]   [EN COURS] Appel à candidature pour le poste Expert... → 2026-08-24
2026-08-13 10:16:59,820 [INFO]   Détails: https://www.emploi-public.ma/fr/experts/details/8d8d7aa5-5ea0-4632-92f2-e11bc1d6c351
2026-08-13 10:17:00,619 [INFO]     PDF trouvé: Arrêté d'appel à candidature (score: 20)
2026-08-13 10:17:00,620 [INFO]   [EN COURS] Appel à candidature pour le poste Expert en Affaires Régleme... → 2026-09-20
2026-08-13 10:17:00,620 [INFO]   Détails: https://www.emploi-public.ma/fr/experts/details/4854b58c-c09e-4edd-9a39-c01a0c414425
2026-08-13 10:17:01,475 [INFO]     PDF trouvé: Arrêté d'appel à candidature (score: 20)
2026-08-13 10:17:01,476 [INFO]   [EXPIRÉE] Publication de la liste des résultats pour le poste de EXPER... → 2026-04-12
2026-08-13 10:17:01,476 [INFO]   Détails: https://www.emploi-public.ma/fr/experts/details/ff8d6494-748d-4698-8ef0-676cbd5b1951
2026-08-13 10:17:02,381 [INFO]     PDF trouvé: Arrêté d'appel à candidature (score: 20)
2026-08-13 10:17:02,382 [INFO]   [EXPIRÉE] Appel à candidature pour le poste Expert des Affaires Juridi... → 2026-06-25
2026-08-13 10:17:02,382 [INFO]   Détails: https://www.emploi-public.ma/fr/experts/details/abce4b98-a1d8-48f9-a84c-053f53697154
2026-08-13 10:17:03,210 [INFO]     PDF trouvé: Arrêté d'appel à candidature (score: 20)
2026-08-13 10:17:03,211 [INFO]   [EXPIRÉE] Appel à candidature pour le poste expert... → 2026-06-15
2026-08-13 10:17:03,211 [INFO]   Détails: https://www.emploi-public.ma/fr/experts/details/5030f678-19f4-4bc0-96c6-f5462b134c1c
2026-08-13 10:17:04,024 [INFO]     PDF trouvé: Arrêté d'appel à candidature (score: 20)
2026-08-13 10:17:04,025 [INFO]   [EXPIRÉE] Appel à candidature pour le poste expert... → 2026-06-08
2026-08-13 10:17:04,026 [INFO]   Détails: https://www.emploi-public.ma/fr/experts/details/b0a97522-0c72-4a26-8b32-da0c02e79891
2026-08-13 10:17:05,204 [INFO]     PDF trouvé: Arrêté d'appel à candidature (score: 20)
2026-08-13 10:17:05,205 [INFO]   [EXPIRÉE] Appel à candidature pour le poste EXPERT CONTRACTUEL... → 2026-06-03
2026-08-13 10:17:05,205 [INFO]   Détails: https://www.emploi-public.ma/fr/experts/details/b3f7145b-9f2a-4cb4-aef7-1d917c679a65
2026-08-13 10:17:06,006 [INFO]     PDF trouvé: Arrêté d'appel à candidature (score: 20)
2026-08-13 10:17:06,007 [INFO]   [EXPIRÉE] Appel à candidature pour le poste expert... → 2026-05-29
2026-08-13 10:17:06,007 [INFO]   Détails: https://www.emploi-public.ma/fr/experts/details/d9255cd9-fe2e-4248-8eba-adf58b668823
2026-08-13 10:17:06,922 [INFO]     PDF trouvé: Arrêté d'appel à candidature (score: 20)
2026-08-13 10:17:06,923 [INFO]   [EXPIRÉE] Appel à candidature pour le poste Expert en matière de négoc... → 2026-04-03
2026-08-13 10:17:06,923 [INFO] Page 2/5
2026-08-13 10:17:06,923 [INFO] Scraping page: https://www.emploi-public.ma/fr/experts-liste?page=1
2026-08-13 10:17:07,754 [INFO]   → 9 annonces trouvées sur cette page
2026-08-13 10:17:07,755 [INFO]   Détails: https://www.emploi-public.ma/fr/experts/details/9ec33ce6-535f-4934-affb-1a818c2ed40c
2026-08-13 10:17:08,558 [INFO]     PDF trouvé: Arrêté d'appel à candidature (score: 20)
2026-08-13 10:17:08,559 [INFO]   [EN COURS] Appel à candidature pour le poste Expert... → 2026-08-24
2026-08-13 10:17:08,559 [INFO]   Détails: https://www.emploi-public.ma/fr/experts/details/8d8d7aa5-5ea0-4632-92f2-e11bc1d6c351
2026-08-13 10:17:09,504 [INFO]     PDF trouvé: Arrêté d'appel à candidature (score: 20)
2026-08-13 10:17:09,506 [INFO]   [EN COURS] Appel à candidature pour le poste Expert en Affaires Régleme... → 2026-09-20
2026-08-13 10:17:09,506 [INFO]   Détails: https://www.emploi-public.ma/fr/experts/details/4854b58c-c09e-4edd-9a39-c01a0c414425
2026-08-13 10:17:10,374 [INFO]     PDF trouvé: Arrêté d'appel à candidature (score: 20)
2026-08-13 10:17:10,375 [INFO]   [EXPIRÉE] Publication de la liste des résultats pour le poste de EXPER... → 2026-04-12
2026-08-13 10:17:10,375 [INFO]   Détails: https://www.emploi-public.ma/fr/experts/details/ff8d6494-748d-4698-8ef0-676cbd5b1951
2026-08-13 10:17:11,179 [INFO]     PDF trouvé: Arrêté d'appel à candidature (score: 20)
2026-08-13 10:17:11,180 [INFO]   [EXPIRÉE] Appel à candidature pour le poste Expert des Affaires Juridi... → 2026-06-25
2026-08-13 10:17:11,181 [INFO]   Détails: https://www.emploi-public.ma/fr/experts/details/abce4b98-a1d8-48f9-a84c-053f53697154
2026-08-13 10:17:11,959 [INFO]     PDF trouvé: Arrêté d'appel à candidature (score: 20)
2026-08-13 10:17:11,960 [INFO]   [EXPIRÉE] Appel à candidature pour le poste expert... → 2026-06-15
2026-08-13 10:17:11,960 [INFO]   Détails: https://www.emploi-public.ma/fr/experts/details/5030f678-19f4-4bc0-96c6-f5462b134c1c
2026-08-13 10:17:12,843 [INFO]     PDF trouvé: Arrêté d'appel à candidature (score: 20)
2026-08-13 10:17:12,844 [INFO]   [EXPIRÉE] Appel à candidature pour le poste expert... → 2026-06-08
2026-08-13 10:17:12,844 [INFO]   Détails: https://www.emploi-public.ma/fr/experts/details/b0a97522-0c72-4a26-8b32-da0c02e79891
2026-08-13 10:17:17,520 [INFO]     PDF trouvé: Arrêté d'appel à candidature (score: 20)
2026-08-13 10:17:17,521 [INFO]   [EXPIRÉE] Appel à candidature pour le poste EXPERT CONTRACTUEL... → 2026-06-03
2026-08-13 10:17:17,521 [INFO]   Détails: https://www.emploi-public.ma/fr/experts/details/b3f7145b-9f2a-4cb4-aef7-1d917c679a65
2026-08-13 10:17:18,210 [INFO]     PDF trouvé: Arrêté d'appel à candidature (score: 20)
2026-08-13 10:17:18,211 [INFO]   [EXPIRÉE] Appel à candidature pour le poste expert... → 2026-05-29
2026-08-13 10:17:18,211 [INFO]   Détails: https://www.emploi-public.ma/fr/experts/details/d9255cd9-fe2e-4248-8eba-adf58b668823
2026-08-13 10:17:19,166 [INFO]     PDF trouvé: Arrêté d'appel à candidature (score: 20)
2026-08-13 10:17:19,167 [INFO]   [EXPIRÉE] Appel à candidature pour le poste Expert en matière de négoc... → 2026-04-03
2026-08-13 10:17:19,167 [INFO] Page 3/5
2026-08-13 10:17:19,167 [INFO] Scraping page: https://www.emploi-public.ma/fr/experts-liste?page=2
2026-08-13 10:17:20,072 [INFO]   → 9 annonces trouvées sur cette page
2026-08-13 10:17:20,073 [INFO]   Détails: https://www.emploi-public.ma/fr/experts/details/0236914d-e17c-41c5-a5be-e632ad35f838
2026-08-13 10:17:21,369 [INFO]     PDF trouvé: Arrêté d'appel à candidature (score: 20)
2026-08-13 10:17:21,370 [INFO]   [EXPIRÉE] Appel à candidature pour le poste expert... → 2026-03-17
2026-08-13 10:17:21,370 [INFO]   Détails: https://www.emploi-public.ma/fr/experts/details/2a449c40-1832-450d-9eae-a70607bcac07
2026-08-13 10:17:22,186 [INFO]     PDF trouvé: Arrêté d'appel à candidature (score: 20)
2026-08-13 10:17:22,187 [INFO]   [EXPIRÉE] Appel à candidature pour le poste Expert... → 2026-03-16
2026-08-13 10:17:22,187 [INFO]   Détails: https://www.emploi-public.ma/fr/experts/details/1f2e38a5-0fe9-4f17-89fb-d23ab9140242
2026-08-13 10:17:31,402 [INFO]     PDF trouvé: Arrêté d'appel à candidature (score: 20)
2026-08-13 10:17:31,403 [INFO]   [EXPIRÉE] Appel à candidature pour le poste expert dans les domaines l... → 2026-03-12
2026-08-13 10:17:31,403 [INFO]   Détails: https://www.emploi-public.ma/fr/experts/details/2401abad-8177-4fdc-8c76-354d03f61cd3
2026-08-13 10:17:32,376 [INFO]     PDF trouvé: Arrêté d'appel à candidature (score: 20)
2026-08-13 10:17:32,377 [INFO]   [EXPIRÉE] Appel à candidature pour le poste expert... → 2026-02-18
2026-08-13 10:17:32,377 [INFO]   Détails: https://www.emploi-public.ma/fr/experts/details/ad16f9e2-25eb-4a06-9a7a-572410c14d55
2026-08-13 10:17:33,563 [INFO]     PDF trouvé: Arrêté d'appel à candidature (score: 20)
2026-08-13 10:17:33,564 [INFO]   [EXPIRÉE] Appel à candidature pour le poste Expert en gouvernance des ... → 2025-12-23
2026-08-13 10:17:33,564 [INFO]   Détails: https://www.emploi-public.ma/fr/experts/details/302ab5a1-fa28-4ec1-9341-8ba50b6bf810
2026-08-13 10:17:34,515 [INFO]     PDF trouvé: Arrêté d'appel à candidature (score: 20)
2026-08-13 10:17:34,516 [INFO]   [EXPIRÉE] Appel à candidature pour le poste expert... → 2025-12-21
2026-08-13 10:17:34,516 [INFO]   Détails: https://www.emploi-public.ma/fr/experts/details/f9f74e66-af9e-4c4a-9cec-491e7d25fbbb
2026-08-13 10:17:35,377 [INFO]     PDF trouvé: Arrêté d'appel à candidature (score: 20)
2026-08-13 10:17:35,378 [INFO]   [EXPIRÉE] Publication de la liste des résultats pour le poste de Exper... → 2025-12-06
2026-08-13 10:17:35,378 [INFO]   Détails: https://www.emploi-public.ma/fr/experts/details/99f49e97-4b0e-4897-b1c6-a1a811d179d9
2026-08-13 10:17:36,330 [INFO]     PDF trouvé: Arrêté d'appel à candidature (score: 20)
2026-08-13 10:17:36,331 [INFO]   [EXPIRÉE] Publication de la liste des résultats pour le poste de Exper... → 2025-12-06
2026-08-13 10:17:36,331 [INFO]   Détails: https://www.emploi-public.ma/fr/experts/details/121493c9-78d8-44bf-b408-e42f8bf43d27
2026-08-13 10:17:41,143 [INFO]     PDF trouvé: Arrêté d'appel à candidature (score: 20)
2026-08-13 10:17:41,144 [INFO]   [EXPIRÉE] Appel à candidature pour le poste Expert en coordination ins... → 2025-12-05
2026-08-13 10:17:41,144 [INFO] Page 4/5
2026-08-13 10:17:41,144 [INFO] Scraping page: https://www.emploi-public.ma/fr/experts-liste?page=3
2026-08-13 10:17:41,968 [INFO]   → 9 annonces trouvées sur cette page
2026-08-13 10:17:41,969 [INFO]   Détails: https://www.emploi-public.ma/fr/experts/details/336eb4a9-c147-4981-94da-c636a748f7a0
2026-08-13 10:17:44,552 [INFO]     PDF trouvé: Arrêté d'appel à candidature (score: 20)
2026-08-13 10:17:44,553 [INFO]   [EXPIRÉE] Publication de la liste des résultats pour le poste de Exper... → 2025-09-30
2026-08-13 10:17:44,553 [INFO]   Détails: https://www.emploi-public.ma/fr/experts/details/0917753f-ac81-4229-b8d4-5292cae1510a
2026-08-13 10:17:45,406 [INFO]     PDF trouvé: Arrêté d'appel à candidature (score: 20)
2026-08-13 10:17:45,407 [INFO]   [EXPIRÉE] Appel à candidature pour le poste Expert contractuel... → 2025-06-11
2026-08-13 10:17:45,408 [INFO]   Détails: https://www.emploi-public.ma/fr/experts/details/1e6a6ce8-141e-4fe3-b660-097a9342e904
2026-08-13 10:17:46,232 [INFO]     PDF trouvé: Arrêté d'appel à candidature (score: 20)
2026-08-13 10:17:46,233 [INFO]   [EXPIRÉE] Appel à candidature pour le poste expert en affaires juridiq... → 2025-06-09
2026-08-13 10:17:46,233 [INFO]   Détails: https://www.emploi-public.ma/fr/experts/details/9973e98f-4e11-40f1-aeae-194d055be60c
2026-08-13 10:17:48,238 [INFO]     PDF trouvé: Arrêté d'appel à candidature (score: 20)
2026-08-13 10:17:48,239 [INFO]   [EXPIRÉE] Appel à candidature pour le poste Expert en océanographie et... → 2025-06-06
2026-08-13 10:17:48,239 [INFO]   Détails: https://www.emploi-public.ma/fr/experts/details/c4333ade-5b69-4a9b-b1d6-23858dca3e02
2026-08-13 10:17:49,060 [INFO]     PDF trouvé: Arrêté d'appel à candidature (score: 20)
2026-08-13 10:17:49,061 [INFO]   [EXPIRÉE] Appel à candidature pour le poste Quatre experts aux compéte... → 2025-05-14
2026-08-13 10:17:49,061 [INFO]   Détails: https://www.emploi-public.ma/fr/experts/details/3d556890-d88a-4b78-aa10-b953f3a04785
2026-08-13 10:17:49,999 [INFO]     PDF trouvé: Arrêté d'appel à candidature (score: 20)
2026-08-13 10:17:50,000 [INFO]   [EXPIRÉE] Appel à candidature pour le poste expert en affaires juridiq... → 2025-05-02
2026-08-13 10:17:50,000 [INFO]   Détails: https://www.emploi-public.ma/fr/experts/details/1d5f52e9-1b4b-423d-bf9b-935a34d3caf2
2026-08-13 10:17:50,955 [INFO]     PDF trouvé: Arrêté d'appel à candidature (score: 20)
2026-08-13 10:17:50,956 [INFO]   [EXPIRÉE] Appel à candidature pour le poste expert... → 2025-04-18
2026-08-13 10:17:50,956 [INFO]   Détails: https://www.emploi-public.ma/fr/experts/details/ee7b273d-5714-41aa-9489-a47d37eb618e
2026-08-13 10:17:51,769 [INFO]     PDF trouvé: Arrêté d'appel à candidature (score: 20)
2026-08-13 10:17:51,770 [INFO]   [EXPIRÉE] Appel à candidature pour le poste Expert en Politique Hydriq... → 2025-04-07
2026-08-13 10:17:51,770 [INFO]   Détails: https://www.emploi-public.ma/fr/experts/details/74c6b2c0-7af0-4688-937b-1881caa843f0
2026-08-13 10:17:52,590 [INFO]     PDF trouvé: Arrêté d'appel à candidature (score: 20)
2026-08-13 10:17:52,591 [INFO]   [EXPIRÉE] Appel à candidature pour le poste expert dans le domaine de ... → 2025-03-31
2026-08-13 10:17:52,591 [INFO] Page 5/5
2026-08-13 10:17:52,591 [INFO] Scraping page: https://www.emploi-public.ma/fr/experts-liste?page=4
2026-08-13 10:17:53,844 [INFO]   → 9 annonces trouvées sur cette page
2026-08-13 10:17:53,845 [INFO]   Détails: https://www.emploi-public.ma/fr/experts/details/efe61f8c-79ae-41bf-851e-67e779047d6a
2026-08-13 10:17:55,153 [INFO]     PDF trouvé: Arrêté d'appel à candidature (score: 20)
2026-08-13 10:17:55,154 [INFO]   [EXPIRÉE] Appel à candidature pour le poste Poste d'Expert en génie ci... → 2025-03-27
2026-08-13 10:17:55,154 [INFO]   Détails: https://www.emploi-public.ma/fr/experts/details/a538c27d-7e09-4441-9551-b22fe9e9d017
2026-08-13 10:17:56,436 [INFO]     PDF trouvé: Arrêté d'appel à candidature (score: 20)
2026-08-13 10:17:56,437 [INFO]   [EXPIRÉE] Appel à candidature pour le poste خبير في مجال إستراتيجية من... → 2025-03-21
2026-08-13 10:17:56,437 [INFO]   Détails: https://www.emploi-public.ma/fr/experts/details/c8ffa879-6f01-46df-9beb-eb9ae0a6f554
2026-08-13 10:17:57,828 [INFO]     PDF trouvé: Arrêté d'appel à candidature (score: 20)
2026-08-13 10:17:57,829 [INFO]   [EXPIRÉE] Appel à candidature pour le poste خبير في مجال صياغة إستراتي... → 2025-03-21
2026-08-13 10:17:57,829 [INFO]   Détails: https://www.emploi-public.ma/fr/experts/details/55bfa14b-dac1-4967-b1b6-8983cea09ed9
2026-08-13 10:17:58,666 [INFO]     PDF trouvé: Arrêté d'appel à candidature (score: 20)
2026-08-13 10:17:58,667 [INFO]   [EXPIRÉE] Appel à candidature pour le poste خبير في مجال نظم المعلوميا... → 2025-03-21
2026-08-13 10:17:58,667 [INFO]   Détails: https://www.emploi-public.ma/fr/experts/details/cf3172d1-8c15-4404-b1ff-21c154c7da2f
2026-08-13 10:17:59,538 [INFO]     PDF trouvé: Arrêté d'appel à candidature (score: 20)
2026-08-13 10:17:59,539 [INFO]   [EXPIRÉE] Appel à candidature pour le poste خبير في مجال تطوير التعاون... → 2025-03-21
2026-08-13 10:17:59,539 [INFO]   Détails: https://www.emploi-public.ma/fr/experts/details/9ebae75d-f857-4c4d-9e16-0108b872c04f
2026-08-13 10:18:00,838 [INFO]     PDF trouvé: Arrêté d'appel à candidature (score: 20)
2026-08-13 10:18:00,839 [INFO]   [EXPIRÉE] Appel à candidature pour le poste gestion des projets et ges... → 2025-03-19
2026-08-13 10:18:00,839 [INFO]   Détails: https://www.emploi-public.ma/fr/experts/details/0608bdd0-0a58-4c90-a1d5-bd3483116452
2026-08-13 10:18:01,723 [INFO]     PDF trouvé: Arrêté d'appel à candidature (score: 20)
2026-08-13 10:18:01,724 [INFO]   [EXPIRÉE] Appel à candidature pour le poste Poste d'expert dans les re... → 2025-02-03
2026-08-13 10:18:01,724 [INFO]   Détails: https://www.emploi-public.ma/fr/experts/details/0cff84fa-82b2-4363-93e0-a88e5063ef0b
2026-08-13 10:18:02,760 [INFO]     PDF trouvé: Arrêté d'appel à candidature (score: 20)
2026-08-13 10:18:02,761 [INFO]   [EXPIRÉE] Appel à candidature pour le poste Expert en gestion des marc... → 2025-01-27
2026-08-13 10:18:02,761 [INFO]   Détails: https://www.emploi-public.ma/fr/experts/details/74373088-bc5e-4908-985b-9b0086ffaed3
2026-08-13 10:18:03,568 [INFO]     PDF trouvé: Arrêté d'appel à candidature (score: 20)
2026-08-13 10:18:03,569 [INFO]   [EXPIRÉE] Appel à candidature pour le poste Expert... → 2025-01-24
2026-08-13 10:18:03,575 [INFO] 
============================================================
2026-08-13 10:18:03,575 [INFO] RÉSUMÉ
2026-08-13 10:18:03,575 [INFO] ============================================================
2026-08-13 10:18:03,575 [INFO] Annonces traitées: 200
2026-08-13 10:18:03,575 [INFO] Dates en cours: 51
2026-08-13 10:18:03,575 [INFO] Dates expirées: 104
2026-08-13 10:18:03,575 [INFO] Total résultats en base: 542
2026-08-13 10:18:05,267 [INFO] Email envoyé à cavalkhalid@gmail.com
2026-08-13 10:18:05,267 [INFO] 
Scraper terminé.
2026-08-16 09:31:19,734 [INFO] ============================================================
2026-08-16 09:31:19,734 [INFO] DÉMARRAGE DU SCRAPER emploi-public.ma (FR)
2026-08-16 09:31:19,734 [INFO] Date: 2026-08-16 09:31:19
2026-08-16 09:31:19,734 [INFO] ============================================================
2026-08-16 09:31:19,738 [INFO] 
--- Catégorie: Concours de recrutement ---
2026-08-16 09:31:19,738 [INFO] Page 1/5
2026-08-16 09:31:19,738 [INFO] Scraping page: https://www.emploi-public.ma/fr/concours-liste
2026-08-16 09:31:20,765 [INFO]   → 9 annonces trouvées sur cette page
2026-08-16 09:31:20,766 [INFO]   Détails: https://www.emploi-public.ma/fr/concours/details/7babf89f-94cb-4f16-8e62-84adf1859961
2026-08-16 09:31:21,509 [INFO]     PDF trouvé: Arrêté d'ouverture du concours (score: 25)
2026-08-16 09:31:21,511 [INFO]   [EN COURS] Avis de concours de recrutement de Administrateur 2ème grade... → 2026-08-28
2026-08-16 09:31:21,511 [INFO]   Détails: https://www.emploi-public.ma/fr/concours/details/78b27d05-3b86-47fc-9356-b0f19b67b73e
2026-08-16 09:31:22,223 [INFO]     PDF trouvé: Arrêté d'ouverture du concours (score: 25)
2026-08-16 09:31:22,224 [INFO]   [EN COURS] Avis de concours de recrutement de Commissaire Judiciaire 3è... → 2026-08-28
2026-08-16 09:31:22,224 [INFO]   Détails: https://www.emploi-public.ma/fr/concours/details/72da9541-e88d-4bde-929e-f342578c1539
2026-08-16 09:31:22,994 [INFO]     PDF trouvé: Arrêté d'ouverture du concours (score: 25)
2026-08-16 09:31:22,995 [INFO]   [EN COURS] Avis de concours de recrutement de Administrateur 2ème grade... → 2026-09-11
2026-08-16 09:31:22,995 [INFO]   Détails: https://www.emploi-public.ma/fr/concours/details/0b660a5c-18e4-42a9-b35a-96cd32f86b53
2026-08-16 09:31:23,735 [INFO]     PDF trouvé: Arrêté d'ouverture du concours (score: 25)
2026-08-16 09:31:23,736 [INFO]   [EN COURS] Avis de concours de recrutement de Technicien de 3ème grade ... → 2026-08-28
2026-08-16 09:31:23,736 [INFO]   Détails: https://www.emploi-public.ma/fr/concours/details/567a5bc9-61a3-486f-be9d-21a3919bdcca
2026-08-16 09:31:24,354 [INFO]     PDF trouvé: Arrêté d'ouverture du concours (score: 25)
2026-08-16 09:31:24,355 [INFO]   [EN COURS] Avis de concours de recrutement de Technicien de 3ème grade ... → 2026-08-19
2026-08-16 09:31:24,355 [INFO]   Détails: https://www.emploi-public.ma/fr/concours/details/8cce8ed8-8973-49f6-ae36-f75aef0d9d96
2026-08-16 09:31:25,110 [INFO]     PDF trouvé: Arrêté d'ouverture du concours (score: 25)
2026-08-16 09:31:25,111 [INFO]   [EN COURS] Avis de concours de recrutement de Maître de conférences gra... → 2026-08-19
2026-08-16 09:31:25,111 [INFO]   Détails: https://www.emploi-public.ma/fr/concours/details/72ed0218-c625-44ef-ad36-0ddf1450d8b7
2026-08-16 09:31:25,825 [INFO]     PDF trouvé: Arrêté d'ouverture du concours (score: 25)
2026-08-16 09:31:25,827 [INFO]   [EN COURS] Avis de concours de recrutement de Ingénieur d'Etat 1er grad... → 2026-08-18
2026-08-16 09:31:25,827 [INFO]   Détails: https://www.emploi-public.ma/fr/concours/details/1d56279d-bec7-4467-906d-4003286e1a05
2026-08-16 09:31:26,525 [INFO]     PDF trouvé: Arrêté d'ouverture du concours (score: 25)
2026-08-16 09:31:26,526 [INFO]   [EXPIRÉE] Avis de concours de recrutement de Architecte 1er grade - Ec... → 2026-08-13
2026-08-16 09:31:26,526 [INFO]   Détails: https://www.emploi-public.ma/fr/concours/details/1874ae4c-94d6-4af0-9575-a39ede5189ff
2026-08-16 09:31:27,242 [INFO]     PDF trouvé: Arrêté d'ouverture du concours (score: 25)
2026-08-16 09:31:27,243 [INFO]   [EN COURS] Avis de concours de recrutement de Administrateur 2ème grade... → 2026-08-31
2026-08-16 09:31:27,243 [INFO] Page 2/5
2026-08-16 09:31:27,243 [INFO] Scraping page: https://www.emploi-public.ma/fr/concours-liste?page=1
2026-08-16 09:31:28,316 [INFO]   → 9 annonces trouvées sur cette page
2026-08-16 09:31:28,317 [INFO]   Détails: https://www.emploi-public.ma/fr/concours/details/7babf89f-94cb-4f16-8e62-84adf1859961
2026-08-16 09:31:29,106 [INFO]     PDF trouvé: Arrêté d'ouverture du concours (score: 25)
2026-08-16 09:31:29,107 [INFO]   [EN COURS] Avis de concours de recrutement de Administrateur 2ème grade... → 2026-08-28
2026-08-16 09:31:29,107 [INFO]   Détails: https://www.emploi-public.ma/fr/concours/details/78b27d05-3b86-47fc-9356-b0f19b67b73e
2026-08-16 09:31:29,827 [INFO]     PDF trouvé: Arrêté d'ouverture du concours (score: 25)
2026-08-16 09:31:29,828 [INFO]   [EN COURS] Avis de concours de recrutement de Commissaire Judiciaire 3è... → 2026-08-28
2026-08-16 09:31:29,828 [INFO]   Détails: https://www.emploi-public.ma/fr/concours/details/72da9541-e88d-4bde-929e-f342578c1539
2026-08-16 09:31:30,541 [INFO]     PDF trouvé: Arrêté d'ouverture du concours (score: 25)
2026-08-16 09:31:30,542 [INFO]   [EN COURS] Avis de concours de recrutement de Administrateur 2ème grade... → 2026-09-11
2026-08-16 09:31:30,542 [INFO]   Détails: https://www.emploi-public.ma/fr/concours/details/0b660a5c-18e4-42a9-b35a-96cd32f86b53
2026-08-16 09:31:31,268 [INFO]     PDF trouvé: Arrêté d'ouverture du concours (score: 25)
2026-08-16 09:31:31,269 [INFO]   [EN COURS] Avis de concours de recrutement de Technicien de 3ème grade ... → 2026-08-28
2026-08-16 09:31:31,270 [INFO]   Détails: https://www.emploi-public.ma/fr/concours/details/567a5bc9-61a3-486f-be9d-21a3919bdcca
2026-08-16 09:31:31,988 [INFO]     PDF trouvé: Arrêté d'ouverture du concours (score: 25)
2026-08-16 09:31:31,990 [INFO]   [EN COURS] Avis de concours de recrutement de Technicien de 3ème grade ... → 2026-08-19
2026-08-16 09:31:31,990 [INFO]   Détails: https://www.emploi-public.ma/fr/concours/details/8cce8ed8-8973-49f6-ae36-f75aef0d9d96
2026-08-16 09:31:32,732 [INFO]     PDF trouvé: Arrêté d'ouverture du concours (score: 25)
2026-08-16 09:31:32,734 [INFO]   [EN COURS] Avis de concours de recrutement de Maître de conférences gra... → 2026-08-19
2026-08-16 09:31:32,734 [INFO]   Détails: https://www.emploi-public.ma/fr/concours/details/72ed0218-c625-44ef-ad36-0ddf1450d8b7
2026-08-16 09:31:33,455 [INFO]     PDF trouvé: Arrêté d'ouverture du concours (score: 25)
2026-08-16 09:31:33,456 [INFO]   [EN COURS] Avis de concours de recrutement de Ingénieur d'Etat 1er grad... → 2026-08-18
2026-08-16 09:31:33,456 [INFO]   Détails: https://www.emploi-public.ma/fr/concours/details/1d56279d-bec7-4467-906d-4003286e1a05
2026-08-16 09:31:34,245 [INFO]     PDF trouvé: Arrêté d'ouverture du concours (score: 25)
2026-08-16 09:31:34,247 [INFO]   [EXPIRÉE] Avis de concours de recrutement de Architecte 1er grade - Ec... → 2026-08-13
2026-08-16 09:31:34,247 [INFO]   Détails: https://www.emploi-public.ma/fr/concours/details/1874ae4c-94d6-4af0-9575-a39ede5189ff
2026-08-16 09:31:35,008 [INFO]     PDF trouvé: Arrêté d'ouverture du concours (score: 25)
2026-08-16 09:31:35,010 [INFO]   [EN COURS] Avis de concours de recrutement de Administrateur 2ème grade... → 2026-08-31
2026-08-16 09:31:35,010 [INFO] Page 3/5
2026-08-16 09:31:35,010 [INFO] Scraping page: https://www.emploi-public.ma/fr/concours-liste?page=2
2026-08-16 09:31:35,894 [INFO]   → 9 annonces trouvées sur cette page
2026-08-16 09:31:35,895 [INFO]   Détails: https://www.emploi-public.ma/fr/concours/details/72d7f4f3-b81d-4f01-b750-c84c9fdb3db1
2026-08-16 09:31:36,578 [INFO]     PDF trouvé: Arrêté d'ouverture du concours (score: 25)
2026-08-16 09:31:36,579 [INFO]   [EN COURS] Avis de concours de recrutement de Administrateur 2ème grade... → 2026-08-31
2026-08-16 09:31:36,579 [INFO]   Détails: https://www.emploi-public.ma/fr/concours/details/74fa6128-711a-40b7-b71b-5b4388a2d9d4
2026-08-16 09:31:37,134 [INFO]     PDF trouvé: Arrêté d'ouverture du concours (score: 25)
2026-08-16 09:31:37,135 [INFO]   [EXPIRÉE] Avis de concours de recrutement de Adjoint technique 2ème gr... → 2026-08-10
2026-08-16 09:31:37,135 [INFO]   Détails: https://www.emploi-public.ma/fr/concours/details/3d99718c-9c89-43ed-92b5-ec76b2c038b3
2026-08-16 09:31:37,650 [INFO]     PDF trouvé: Arrêté d'ouverture du concours (score: 25)
2026-08-16 09:31:37,651 [INFO]   [EXPIRÉE] Avis de concours de recrutement de Technicien de 4ème grade ... → 2026-08-10
2026-08-16 09:31:37,652 [INFO]   Détails: https://www.emploi-public.ma/fr/concours/details/4e64e78f-621d-4e95-a829-a8b22986502a
2026-08-16 09:31:38,287 [INFO]     PDF trouvé: Arrêté d'ouverture du concours (score: 25)
2026-08-16 09:31:38,288 [INFO]   [EXPIRÉE] Avis de concours de recrutement de Technicien de 3ème grade ... → 2026-08-10
2026-08-16 09:31:38,289 [INFO]   Détails: https://www.emploi-public.ma/fr/concours/details/bacf792b-04bc-4a4b-a73b-cc69eab17a49
2026-08-16 09:31:38,944 [INFO]     PDF trouvé: Arrêté d'ouverture du concours (score: 25)
2026-08-16 09:31:38,945 [INFO]   [EXPIRÉE] Avis de concours de recrutement de Ingénieur d'Etat 1er grad... → 2026-08-10
2026-08-16 09:31:38,945 [INFO]   Détails: https://www.emploi-public.ma/fr/concours/details/3d6e4275-fe42-4fa4-b135-22595857f77b
2026-08-16 09:31:39,638 [INFO]     PDF trouvé: Arrêté d'ouverture du concours (score: 25)
2026-08-16 09:31:39,639 [INFO]   [EXPIRÉE] Avis de concours de recrutement de Secrétaire des affaires é... → 2026-08-10
2026-08-16 09:31:39,639 [INFO]   Détails: https://www.emploi-public.ma/fr/concours/details/f8fd2d0d-5d98-42d7-8229-9924acf1c303
2026-08-16 09:31:40,377 [INFO]     PDF trouvé: Arrêté d'ouverture du concours (score: 25)
2026-08-16 09:31:40,378 [INFO]   [EXPIRÉE] Avis de concours de recrutement de Conseiller des affaires é... → 2026-08-10
2026-08-16 09:31:40,378 [INFO]   Détails: https://www.emploi-public.ma/fr/concours/details/0d14767d-7b8a-4282-b397-96709c297e37
2026-08-16 09:31:41,090 [INFO]     PDF trouvé: Arrêté d'ouverture du concours (score: 25)
2026-08-16 09:31:41,091 [INFO]   [EXPIRÉE] Avis de concours de recrutement de Inspecteur des Douanes de... → 2026-08-10
2026-08-16 09:31:41,092 [INFO]   Détails: https://www.emploi-public.ma/fr/concours/details/ab562af5-0ec1-4fe8-99a3-48cd82b59676
2026-08-16 09:31:41,911 [INFO]     PDF trouvé: Arrêté d'ouverture du concours (score: 25)
2026-08-16 09:31:41,912 [INFO]   [EXPIRÉE] Avis de concours de recrutement de Ingénieur d’Etat  des Dou... → 2026-08-10
2026-08-16 09:31:41,912 [INFO] Page 4/5
2026-08-16 09:31:41,912 [INFO] Scraping page: https://www.emploi-public.ma/fr/concours-liste?page=3
2026-08-16 09:31:42,843 [INFO]   → 9 annonces trouvées sur cette page
2026-08-16 09:31:42,844 [INFO]   Détails: https://www.emploi-public.ma/fr/concours/details/e9c0bb85-e735-4886-acf1-b3309ba4a205
2026-08-16 09:31:43,535 [INFO]     PDF trouvé: Arrêté d'ouverture du concours (score: 25)
2026-08-16 09:31:43,536 [INFO]   [EXPIRÉE] Avis de concours de recrutement de Ingénieur d'Etat 1er grad... → 2026-08-10
2026-08-16 09:31:43,536 [INFO]   Détails: https://www.emploi-public.ma/fr/concours/details/d91438ac-a7df-48aa-a29d-ea568c52b32e
2026-08-16 09:31:44,375 [INFO]     PDF trouvé: Arrêté d'ouverture du concours (score: 25)
2026-08-16 09:31:44,376 [INFO]   [EXPIRÉE] Avis de concours de recrutement de Technicien de 3ème grade ... → 2026-08-07
2026-08-16 09:31:44,376 [INFO]   Détails: https://www.emploi-public.ma/fr/concours/details/6aa579ad-7abb-44f1-b036-56e9fbafced8
2026-08-16 09:31:45,159 [INFO]     PDF trouvé: Arrêté d'ouverture du concours (score: 25)
2026-08-16 09:31:45,160 [INFO]   [EXPIRÉE] Avis de concours de recrutement de Administrateur 2ème grade... → 2026-08-07
2026-08-16 09:31:45,161 [INFO]   Détails: https://www.emploi-public.ma/fr/concours/details/c27ac1df-953a-4b58-a2e2-e273271f18b1
2026-08-16 09:31:45,909 [INFO]     PDF trouvé: Arrêté d'ouverture du concours (score: 25)
2026-08-16 09:31:45,910 [INFO]   [EXPIRÉE] Publication de la liste des convoqués pour l'entretien oral ... → 2026-08-05
2026-08-16 09:31:45,910 [INFO]   Détails: https://www.emploi-public.ma/fr/concours/details/7faff0fb-2922-485a-853e-20b4d81cbc7a
2026-08-16 09:31:46,618 [INFO]     PDF trouvé: Arrêté d'ouverture du concours (score: 25)
2026-08-16 09:31:46,619 [INFO]   [EXPIRÉE] Publication de la liste des convoqués pour l'examen écrit du... → 2026-08-03
2026-08-16 09:31:46,619 [INFO]   Détails: https://www.emploi-public.ma/fr/concours/details/2c15e888-7029-4082-9334-eef194ee5586
2026-08-16 09:31:47,387 [INFO]     PDF trouvé: Arrêté d'ouverture du concours (score: 25)
2026-08-16 09:31:47,388 [INFO]   [EXPIRÉE] Avis de concours de recrutement de Administrateur 2ème grade... → 2026-08-03
2026-08-16 09:31:47,388 [INFO]   Détails: https://www.emploi-public.ma/fr/concours/details/d543668b-c808-4ac0-933b-4301237f9f67
2026-08-16 09:31:47,993 [INFO]     PDF trouvé: Arrêté d'ouverture du concours (score: 25)
2026-08-16 09:31:47,994 [INFO]   [EXPIRÉE] Avis de concours de recrutement de Administrateur 3ème grade... → 2026-07-31
2026-08-16 09:31:47,994 [INFO]   Détails: https://www.emploi-public.ma/fr/concours/details/78699344-c4d1-4204-ad40-9749cc0563aa
2026-08-16 09:31:48,872 [INFO]     PDF trouvé: Arrêté d'ouverture du concours (score: 25)
2026-08-16 09:31:48,873 [INFO]   [EXPIRÉE] Publication de la liste des convoqués pour l'examen écrit du... → 2026-07-23
2026-08-16 09:31:48,873 [INFO]   Détails: https://www.emploi-public.ma/fr/concours/details/b62a7d1c-c399-48cd-ab9f-adca105db22f
2026-08-16 09:31:49,848 [INFO]     PDF trouvé: Arrêté d'ouverture du concours (score: 25)
2026-08-16 09:31:49,849 [INFO]   [EXPIRÉE] Publication de la liste des convoqués pour l'examen écrit du... → 2026-07-21
2026-08-16 09:31:49,850 [INFO] Page 5/5
2026-08-16 09:31:49,850 [INFO] Scraping page: https://www.emploi-public.ma/fr/concours-liste?page=4
2026-08-16 09:31:50,737 [INFO]   → 9 annonces trouvées sur cette page
2026-08-16 09:31:50,738 [INFO]   Détails: https://www.emploi-public.ma/fr/concours/details/dc6005fa-8f1f-418f-baed-64e9caca12f6
2026-08-16 09:31:51,648 [INFO]     PDF trouvé: Arrêté d'ouverture du concours (score: 25)
2026-08-16 09:31:51,649 [INFO]   [EXPIRÉE] Publication de la liste des convoqués pour l'examen écrit du... → 2026-07-21
2026-08-16 09:31:51,650 [INFO]   Détails: https://www.emploi-public.ma/fr/concours/details/7d4f66b4-2f8c-4dbf-94ea-99d5943a7378
2026-08-16 09:31:52,547 [INFO]     PDF trouvé: Arrêté d'ouverture du concours (score: 25)
2026-08-16 09:31:52,548 [INFO]   [EXPIRÉE] Publication de la liste des convoqués pour l'examen écrit du... → 2026-07-21
2026-08-16 09:31:52,548 [INFO]   Détails: https://www.emploi-public.ma/fr/concours/details/e372c384-b595-401d-bfa7-77c67af01fbe
2026-08-16 09:31:53,532 [INFO]     PDF trouvé: Arrêté d'ouverture du concours (score: 25)
2026-08-16 09:31:53,533 [INFO]   [EXPIRÉE] Publication de la liste des convoqués pour l'examen écrit du... → 2026-07-21
2026-08-16 09:31:53,533 [INFO]   Détails: https://www.emploi-public.ma/fr/concours/details/606d3ff2-2e7a-4174-9d74-713c58402b8a
2026-08-16 09:31:54,279 [INFO]     PDF trouvé: Arrêté d'ouverture du concours (score: 25)
2026-08-16 09:31:54,280 [INFO]   [EXPIRÉE] Publication de la liste des résultats pour le concours de re... → 2026-07-21
2026-08-16 09:31:54,280 [INFO]   Détails: https://www.emploi-public.ma/fr/concours/details/9740d64c-8b1b-47b8-abe8-00b3575d4aa9
2026-08-16 09:31:55,298 [INFO]     PDF trouvé: Arrêté d'ouverture du concours (score: 25)
2026-08-16 09:31:55,299 [INFO]   [EXPIRÉE] Publication de la liste des convoqués pour l'examen écrit du... → 2026-07-20
2026-08-16 09:31:55,300 [INFO]   Détails: https://www.emploi-public.ma/fr/concours/details/b89b6b38-795f-49af-9d00-910305760e85
2026-08-16 09:31:56,137 [INFO]     PDF trouvé: Arrêté d'ouverture du concours (score: 25)
2026-08-16 09:31:56,138 [INFO]   [EXPIRÉE] Publication de la liste des convoqués pour l'examen écrit du... → 2026-07-20
2026-08-16 09:31:56,138 [INFO]   Détails: https://www.emploi-public.ma/fr/concours/details/f33919ef-c4a4-41c0-9927-744882ec1140
2026-08-16 09:31:56,858 [INFO]     PDF trouvé: Arrêté d'ouverture du concours (score: 25)
2026-08-16 09:31:56,860 [INFO]   [EXPIRÉE] Publication de la liste des convoqués pour l'examen écrit du... → 2026-07-20
2026-08-16 09:31:56,860 [INFO]   Détails: https://www.emploi-public.ma/fr/concours/details/00afdf47-67cd-4c3b-910d-295480956c45
2026-08-16 09:31:57,362 [INFO]     PDF trouvé: Arrêté d'ouverture du concours (score: 25)
2026-08-16 09:31:57,363 [INFO]   [EXPIRÉE] Publication de la liste des convoqués pour l'examen écrit du... → 2026-07-20
2026-08-16 09:31:57,364 [INFO]   Détails: https://www.emploi-public.ma/fr/concours/details/0c6baf5e-be9d-4ef5-a8f7-b9044cf640d5
2026-08-16 09:31:58,115 [INFO]     PDF trouvé: Arrêté d'ouverture du concours (score: 25)
2026-08-16 09:31:58,116 [INFO]   [EXPIRÉE] Publication de la liste des résultats pour le concours de re... → 2026-07-15
2026-08-16 09:31:58,116 [INFO] 
--- Catégorie: Emplois supérieurs ---
2026-08-16 09:31:58,116 [INFO] Page 1/5
2026-08-16 09:31:58,116 [INFO] Scraping page: https://www.emploi-public.ma/fr/emploi-sup-liste
2026-08-16 09:31:58,796 [INFO]   → 9 annonces trouvées sur cette page
2026-08-16 09:31:58,797 [INFO]   Détails: https://www.emploi-public.ma/fr/emploi-sup/details/0caf53e1-867a-4e91-a2d5-4f18a1b80e58
2026-08-16 09:31:59,410 [WARNING] Format de date non reconnu: 30
2026-08-16 09:31:59,411 [INFO]     PDF trouvé: Arrêté d'appel à candidature (score: 20)
2026-08-16 09:31:59,412 [INFO]   [PAS DE DATE] Avis d'emplois supérieurs Directeur des Ressources Humaines,...
2026-08-16 09:31:59,412 [INFO]   Détails: https://www.emploi-public.ma/fr/emploi-sup/details/a260f3d6-19bf-4755-87e7-64988bd5d952
2026-08-16 09:32:00,035 [WARNING] Format de date non reconnu: 30
2026-08-16 09:32:00,036 [INFO]     PDF trouvé: Arrêté d'appel à candidature (score: 20)
2026-08-16 09:32:00,037 [INFO]   [PAS DE DATE] Avis d'emplois supérieurs directeur de l'Aéronautique Civile...
2026-08-16 09:32:00,037 [INFO]   Détails: https://www.emploi-public.ma/fr/emploi-sup/details/d35f9436-c21b-42ea-ae4e-69c290875508
2026-08-16 09:32:00,746 [WARNING] Format de date non reconnu: 30
2026-08-16 09:32:00,747 [INFO]     PDF trouvé: Arrêté d'appel à candidature (score: 20)
2026-08-16 09:32:00,748 [INFO]   [PAS DE DATE] Avis d'emplois supérieurs Directeur des Ressources...
2026-08-16 09:32:00,748 [INFO]   Détails: https://www.emploi-public.ma/fr/emploi-sup/details/adb009b6-d9e6-4a81-ba14-b793dce37591
2026-08-16 09:32:01,498 [WARNING] Format de date non reconnu: 30
2026-08-16 09:32:01,499 [INFO]     PDF trouvé: Arrêté d'appel à candidature (score: 20)
2026-08-16 09:32:01,500 [INFO]   [PAS DE DATE] Avis d'emplois supérieurs Directeur des études, de la fiscal...
2026-08-16 09:32:01,500 [INFO]   Détails: https://www.emploi-public.ma/fr/emploi-sup/details/2c118db1-684f-4ae4-8913-d9fce58d2cee
2026-08-16 09:32:02,106 [WARNING] Format de date non reconnu: 30
2026-08-16 09:32:02,107 [INFO]     PDF trouvé: Arrêté d'appel à candidature (score: 20)
2026-08-16 09:32:02,108 [INFO]   [PAS DE DATE] Avis d'emplois supérieurs Directeur des systèmes d'informat...
2026-08-16 09:32:02,108 [INFO]   Détails: https://www.emploi-public.ma/fr/emploi-sup/details/d7388486-fd01-4194-af1b-cb3b7d88a8ef
2026-08-16 09:32:02,785 [WARNING] Format de date non reconnu: 30
2026-08-16 09:32:02,786 [INFO]     PDF trouvé: Arrêté d'appel à candidature (score: 20)
2026-08-16 09:32:02,787 [INFO]   [PAS DE DATE] Avis d'emplois supérieurs Directeur des procédures du parte...
2026-08-16 09:32:02,788 [INFO]   Détails: https://www.emploi-public.ma/fr/emploi-sup/details/30d00bcd-df71-43f3-945e-2204e61cb425
2026-08-16 09:32:03,434 [WARNING] Format de date non reconnu: 30
2026-08-16 09:32:03,435 [INFO]     PDF trouvé: Arrêté d'appel à candidature (score: 20)
2026-08-16 09:32:03,436 [INFO]   [PAS DE DATE] Avis d'emplois supérieurs Directeur de l'Institut National d...
2026-08-16 09:32:03,436 [INFO]   Détails: https://www.emploi-public.ma/fr/emploi-sup/details/803881f5-f7fa-4f8f-b2cd-d6b1566b7fe5
2026-08-16 09:32:04,041 [WARNING] Format de date non reconnu: 30
2026-08-16 09:32:04,042 [INFO]     PDF trouvé: Arrêté d'appel à candidature (score: 20)
2026-08-16 09:32:04,043 [INFO]   [PAS DE DATE] Avis d'emplois supérieurs DIRECTEUR DE L’INSTITUT SUPERIEUR ...
2026-08-16 09:32:04,043 [INFO]   Détails: https://www.emploi-public.ma/fr/emploi-sup/details/43fe4445-da66-401e-a3c4-2562a221a332
2026-08-16 09:32:04,678 [WARNING] Format de date non reconnu: 30
2026-08-16 09:32:04,679 [INFO]     PDF trouvé: Arrêté d'appel à candidature (score: 20)
2026-08-16 09:32:04,680 [INFO]   [PAS DE DATE] Avis d'emplois supérieurs DIRECTEUR FONSAFJS...
2026-08-16 09:32:04,680 [INFO] Page 2/5
2026-08-16 09:32:04,680 [INFO] Scraping page: https://www.emploi-public.ma/fr/emploi-sup-liste?page=1
2026-08-16 09:32:05,346 [INFO]   → 9 annonces trouvées sur cette page
2026-08-16 09:32:05,347 [INFO]   Détails: https://www.emploi-public.ma/fr/emploi-sup/details/0caf53e1-867a-4e91-a2d5-4f18a1b80e58
2026-08-16 09:32:06,063 [WARNING] Format de date non reconnu: 30
2026-08-16 09:32:06,064 [INFO]     PDF trouvé: Arrêté d'appel à candidature (score: 20)
2026-08-16 09:32:06,065 [INFO]   [PAS DE DATE] Avis d'emplois supérieurs Directeur des Ressources Humaines,...
2026-08-16 09:32:06,065 [INFO]   Détails: https://www.emploi-public.ma/fr/emploi-sup/details/a260f3d6-19bf-4755-87e7-64988bd5d952
2026-08-16 09:32:06,661 [WARNING] Format de date non reconnu: 30
2026-08-16 09:32:06,662 [INFO]     PDF trouvé: Arrêté d'appel à candidature (score: 20)
2026-08-16 09:32:06,663 [INFO]   [PAS DE DATE] Avis d'emplois supérieurs directeur de l'Aéronautique Civile...
2026-08-16 09:32:06,663 [INFO]   Détails: https://www.emploi-public.ma/fr/emploi-sup/details/d35f9436-c21b-42ea-ae4e-69c290875508
2026-08-16 09:32:07,277 [WARNING] Format de date non reconnu: 30
2026-08-16 09:32:07,279 [INFO]     PDF trouvé: Arrêté d'appel à candidature (score: 20)
2026-08-16 09:32:07,280 [INFO]   [PAS DE DATE] Avis d'emplois supérieurs Directeur des Ressources...
2026-08-16 09:32:07,280 [INFO]   Détails: https://www.emploi-public.ma/fr/emploi-sup/details/adb009b6-d9e6-4a81-ba14-b793dce37591
2026-08-16 09:32:08,314 [WARNING] Format de date non reconnu: 30
2026-08-16 09:32:08,315 [INFO]     PDF trouvé: Arrêté d'appel à candidature (score: 20)
2026-08-16 09:32:08,316 [INFO]   [PAS DE DATE] Avis d'emplois supérieurs Directeur des études, de la fiscal...
2026-08-16 09:32:08,316 [INFO]   Détails: https://www.emploi-public.ma/fr/emploi-sup/details/2c118db1-684f-4ae4-8913-d9fce58d2cee
2026-08-16 09:32:09,058 [WARNING] Format de date non reconnu: 30
2026-08-16 09:32:09,059 [INFO]     PDF trouvé: Arrêté d'appel à candidature (score: 20)
2026-08-16 09:32:09,060 [INFO]   [PAS DE DATE] Avis d'emplois supérieurs Directeur des systèmes d'informat...
2026-08-16 09:32:09,060 [INFO]   Détails: https://www.emploi-public.ma/fr/emploi-sup/details/d7388486-fd01-4194-af1b-cb3b7d88a8ef
2026-08-16 09:32:09,693 [WARNING] Format de date non reconnu: 30
2026-08-16 09:32:09,694 [INFO]     PDF trouvé: Arrêté d'appel à candidature (score: 20)
2026-08-16 09:32:09,695 [INFO]   [PAS DE DATE] Avis d'emplois supérieurs Directeur des procédures du parte...
2026-08-16 09:32:09,695 [INFO]   Détails: https://www.emploi-public.ma/fr/emploi-sup/details/30d00bcd-df71-43f3-945e-2204e61cb425
2026-08-16 09:32:10,288 [WARNING] Format de date non reconnu: 30
2026-08-16 09:32:10,289 [INFO]     PDF trouvé: Arrêté d'appel à candidature (score: 20)
2026-08-16 09:32:10,290 [INFO]   [PAS DE DATE] Avis d'emplois supérieurs Directeur de l'Institut National d...
2026-08-16 09:32:10,291 [INFO]   Détails: https://www.emploi-public.ma/fr/emploi-sup/details/803881f5-f7fa-4f8f-b2cd-d6b1566b7fe5
2026-08-16 09:32:10,889 [WARNING] Format de date non reconnu: 30
2026-08-16 09:32:10,890 [INFO]     PDF trouvé: Arrêté d'appel à candidature (score: 20)
2026-08-16 09:32:10,891 [INFO]   [PAS DE DATE] Avis d'emplois supérieurs DIRECTEUR DE L’INSTITUT SUPERIEUR ...
2026-08-16 09:32:10,891 [INFO]   Détails: https://www.emploi-public.ma/fr/emploi-sup/details/43fe4445-da66-401e-a3c4-2562a221a332
2026-08-16 09:32:11,640 [WARNING] Format de date non reconnu: 30
2026-08-16 09:32:11,641 [INFO]     PDF trouvé: Arrêté d'appel à candidature (score: 20)
2026-08-16 09:32:11,642 [INFO]   [PAS DE DATE] Avis d'emplois supérieurs DIRECTEUR FONSAFJS...
2026-08-16 09:32:11,642 [INFO] Page 3/5
2026-08-16 09:32:11,642 [INFO] Scraping page: https://www.emploi-public.ma/fr/emploi-sup-liste?page=2
2026-08-16 09:32:12,284 [INFO]   → 9 annonces trouvées sur cette page
2026-08-16 09:32:12,285 [INFO]   Détails: https://www.emploi-public.ma/fr/emploi-sup/details/2c16f418-dd0f-4bb2-b66e-f926057114f9
2026-08-16 09:32:12,943 [WARNING] Format de date non reconnu: 30
2026-08-16 09:32:12,944 [INFO]     PDF trouvé: Arrêté d'appel à candidature (score: 20)
2026-08-16 09:32:12,945 [INFO]   [PAS DE DATE] Avis d'emplois supérieurs Directeur de la jeunesse...
2026-08-16 09:32:12,945 [INFO]   Détails: https://www.emploi-public.ma/fr/emploi-sup/details/fb33496a-b3e4-46d5-a556-86d0223b04f8
2026-08-16 09:32:13,537 [WARNING] Format de date non reconnu: 30
2026-08-16 09:32:13,539 [INFO]     PDF trouvé: Arrêté d'appel à candidature (score: 20)
2026-08-16 09:32:13,540 [INFO]   [PAS DE DATE] Avis d'emplois supérieurs Directeur(trice) des Affaires géné...
2026-08-16 09:32:13,540 [INFO]   Détails: https://www.emploi-public.ma/fr/emploi-sup/details/d75f25b8-e1b6-4bba-9bf2-9bcc6a5e913c
2026-08-16 09:32:14,145 [WARNING] Format de date non reconnu: 30
2026-08-16 09:32:14,146 [INFO]     PDF trouvé: Arrêté d'appel à candidature (score: 20)
2026-08-16 09:32:14,148 [INFO]   [PAS DE DATE] Avis d'emplois supérieurs Directeur des statuts et des Eudes...
2026-08-16 09:32:14,148 [INFO]   Détails: https://www.emploi-public.ma/fr/emploi-sup/details/4d6a3c99-2658-4cfd-99b5-bc5c012c8e55
2026-08-16 09:32:14,782 [WARNING] Format de date non reconnu: 30
2026-08-16 09:32:14,784 [INFO]     PDF trouvé: Arrêté d'appel à candidature (score: 20)
2026-08-16 09:32:14,784 [INFO]   [PAS DE DATE] Avis d'emplois supérieurs Directeur(trice) du Centre nationa...
2026-08-16 09:32:14,785 [INFO]   Détails: https://www.emploi-public.ma/fr/emploi-sup/details/d5445636-5a56-491e-9305-8cd418b361f8
2026-08-16 09:32:15,404 [WARNING] Format de date non reconnu: 00
2026-08-16 09:32:15,405 [INFO]     PDF trouvé: Arrêté d'appel à candidature (score: 20)
2026-08-16 09:32:15,406 [INFO]   [PAS DE DATE] Avis d'emplois supérieurs Directeur de l'Aménagement du Terr...
2026-08-16 09:32:15,406 [INFO]   Détails: https://www.emploi-public.ma/fr/emploi-sup/details/a19c981f-5e73-4699-978a-3c26f387e76d
2026-08-16 09:32:16,024 [WARNING] Format de date non reconnu: 00
2026-08-16 09:32:16,025 [INFO]     PDF trouvé: Arrêté d'appel à candidature (score: 20)
2026-08-16 09:32:16,026 [INFO]   [PAS DE DATE] Avis d'emplois supérieurs Directeur de l'Agence Urbaine d'Al...
2026-08-16 09:32:16,026 [INFO]   Détails: https://www.emploi-public.ma/fr/emploi-sup/details/c3eed04a-67b9-4ceb-b4c3-b32e0273c191
2026-08-16 09:32:16,560 [WARNING] Format de date non reconnu: 00
2026-08-16 09:32:16,561 [INFO]     PDF trouvé: Arrêté d'appel à candidature (score: 20)
2026-08-16 09:32:16,562 [INFO]   [PAS DE DATE] Avis d'emplois supérieurs Directeur de l'Agence Urbaine de L...
2026-08-16 09:32:16,562 [INFO]   Détails: https://www.emploi-public.ma/fr/emploi-sup/details/6bbca177-c943-4200-991d-4945c7de6c3e
2026-08-16 09:32:17,167 [WARNING] Format de date non reconnu: 30
2026-08-16 09:32:17,168 [INFO]     PDF trouvé: Arrêté d'appel à candidature (score: 20)
2026-08-16 09:32:17,170 [INFO]   [PAS DE DATE] Avis d'emplois supérieurs Directeur(trice) des affaires géné...
2026-08-16 09:32:17,170 [INFO]   Détails: https://www.emploi-public.ma/fr/emploi-sup/details/971391f4-c3ed-4054-b39a-d498fdbfba4b
2026-08-16 09:32:17,798 [WARNING] Format de date non reconnu: 30
2026-08-16 09:32:17,799 [INFO]     PDF trouvé: Arrêté d'appel à candidature (score: 20)
2026-08-16 09:32:17,800 [INFO]   [PAS DE DATE] Avis d'emplois supérieurs Directeur(trice) de l’Institut Roy...
2026-08-16 09:32:17,801 [INFO] Page 4/5
2026-08-16 09:32:17,801 [INFO] Scraping page: https://www.emploi-public.ma/fr/emploi-sup-liste?page=3
2026-08-16 09:32:18,450 [INFO]   → 9 annonces trouvées sur cette page
2026-08-16 09:32:18,451 [INFO]   Détails: https://www.emploi-public.ma/fr/emploi-sup/details/1afa70c8-a02b-457d-98c8-6787ae253f28
2026-08-16 09:32:19,062 [WARNING] Format de date non reconnu: 30
2026-08-16 09:32:19,063 [INFO]     PDF trouvé: Arrêté d'appel à candidature (score: 20)
2026-08-16 09:32:19,064 [INFO]   [PAS DE DATE] Avis d'emplois supérieurs Directeur de l'Ecole des Sciences ...
2026-08-16 09:32:19,064 [INFO]   Détails: https://www.emploi-public.ma/fr/emploi-sup/details/e1c5923d-7307-42c7-90ed-21db5ce34a49
2026-08-16 09:32:19,682 [WARNING] Format de date non reconnu: 30
2026-08-16 09:32:19,683 [INFO]     PDF trouvé: Arrêté d'appel à candidature (score: 20)
2026-08-16 09:32:19,684 [INFO]   [PAS DE DATE] Avis d'emplois supérieurs Directeur des législations des Inf...
2026-08-16 09:32:19,684 [INFO]   Détails: https://www.emploi-public.ma/fr/emploi-sup/details/cb431ce3-c104-457a-b464-8ca3b4a5fe55
2026-08-16 09:32:20,324 [WARNING] Format de date non reconnu: 30
2026-08-16 09:32:20,325 [INFO]     PDF trouvé: Arrêté d'appel à candidature (score: 20)
2026-08-16 09:32:20,326 [INFO]   [PAS DE DATE] Avis d'emplois supérieurs Directeur des législations de la g...
2026-08-16 09:32:20,326 [INFO]   Détails: https://www.emploi-public.ma/fr/emploi-sup/details/83256c4b-36f7-461e-8579-7dbec3b6aae0
2026-08-16 09:32:20,942 [WARNING] Format de date non reconnu: 30
2026-08-16 09:32:20,944 [INFO]     PDF trouvé: Arrêté d'appel à candidature (score: 20)
2026-08-16 09:32:20,945 [INFO]   [PAS DE DATE] Avis d'emplois supérieurs Doyen de la Faculté de Médecine et...
2026-08-16 09:32:20,945 [INFO]   Détails: https://www.emploi-public.ma/fr/emploi-sup/details/e1054489-8a0a-4d64-92ab-55a9dbb52ac5
2026-08-16 09:32:21,619 [WARNING] Format de date non reconnu: 30
2026-08-16 09:32:21,620 [INFO]     PDF trouvé: Arrêté d'appel à candidature (score: 20)
2026-08-16 09:32:21,621 [INFO]   [PAS DE DATE] Avis d'emplois supérieurs Directeur de l'Ecole Mohammadia de...
2026-08-16 09:32:21,621 [INFO]   Détails: https://www.emploi-public.ma/fr/emploi-sup/details/4276b348-5dae-41c9-b638-6ca89ffaf304
2026-08-16 09:32:22,226 [WARNING] Format de date non reconnu: 30
2026-08-16 09:32:22,228 [INFO]     PDF trouvé: Arrêté d'appel à candidature (score: 20)
2026-08-16 09:32:22,229 [INFO]   [PAS DE DATE] Avis d'emplois supérieurs Directeur(trice) du Centre régiona...
2026-08-16 09:32:22,229 [INFO]   Détails: https://www.emploi-public.ma/fr/emploi-sup/details/0f48ee65-4c13-4056-a870-a38f35f26eee
2026-08-16 09:32:22,863 [WARNING] Format de date non reconnu: 30
2026-08-16 09:32:22,864 [INFO]     PDF trouvé: Arrêté d'appel à candidature (score: 20)
2026-08-16 09:32:22,865 [INFO]   [PAS DE DATE] Avis d'emplois supérieurs Directeur des statuts et des Eudes...
2026-08-16 09:32:22,865 [INFO]   Détails: https://www.emploi-public.ma/fr/emploi-sup/details/17544c4c-7a33-48bd-be97-d4e261c4b1ba
2026-08-16 09:32:23,509 [WARNING] Format de date non reconnu: 30
2026-08-16 09:32:23,510 [INFO]     PDF trouvé: Arrêté d'appel à candidature (score: 20)
2026-08-16 09:32:23,511 [INFO]   [PAS DE DATE] Avis d'emplois supérieurs Directeur(trice) général(e) de l’o...
2026-08-16 09:32:23,511 [INFO]   Détails: https://www.emploi-public.ma/fr/emploi-sup/details/2062be70-06c0-4b02-b143-bb2108a03421
2026-08-16 09:32:24,242 [WARNING] Format de date non reconnu: 30
2026-08-16 09:32:24,243 [INFO]     PDF trouvé: Arrêté d'appel à candidature (score: 20)
2026-08-16 09:32:24,244 [INFO]   [PAS DE DATE] Avis d'emplois supérieurs Directeur(trice) du Centre nationa...
2026-08-16 09:32:24,244 [INFO] Page 5/5
2026-08-16 09:32:24,244 [INFO] Scraping page: https://www.emploi-public.ma/fr/emploi-sup-liste?page=4
2026-08-16 09:32:24,896 [INFO]   → 9 annonces trouvées sur cette page
2026-08-16 09:32:24,897 [INFO]   Détails: https://www.emploi-public.ma/fr/emploi-sup/details/5b7e6e30-4777-469d-9fa2-856d4390a35f
2026-08-16 09:32:25,521 [WARNING] Format de date non reconnu: 30
2026-08-16 09:32:25,522 [INFO]     PDF trouvé: Arrêté d'appel à candidature (score: 20)
2026-08-16 09:32:25,523 [INFO]   [PAS DE DATE] Avis d'emplois supérieurs Directeur de la jeunesse...
2026-08-16 09:32:25,524 [INFO]   Détails: https://www.emploi-public.ma/fr/emploi-sup/details/5313b8af-912f-4d82-b328-04c94fbe4562
2026-08-16 09:32:26,139 [WARNING] Format de date non reconnu: 30
2026-08-16 09:32:26,140 [INFO]     PDF trouvé: Arrêté d'appel à candidature (score: 20)
2026-08-16 09:32:26,141 [INFO]   [PAS DE DATE] Avis d'emplois supérieurs Directeur (ce) de la Coopération e...
2026-08-16 09:32:26,141 [INFO]   Détails: https://www.emploi-public.ma/fr/emploi-sup/details/52349e85-618a-444c-94ae-a269dcb8ede6
2026-08-16 09:32:26,861 [WARNING] Format de date non reconnu: 30
2026-08-16 09:32:26,862 [INFO]     PDF trouvé: Arrêté d'appel à candidature (score: 20)
2026-08-16 09:32:26,863 [INFO]   [PAS DE DATE] Avis d'emplois supérieurs Directeur (ce) des Ressources Huma...
2026-08-16 09:32:26,863 [INFO]   Détails: https://www.emploi-public.ma/fr/emploi-sup/details/b993993a-7a9f-4f82-a95d-4c705192b5c5
2026-08-16 09:32:27,643 [WARNING] Format de date non reconnu: 30
2026-08-16 09:32:27,644 [INFO]     PDF trouvé: Arrêté d'appel à candidature (score: 20)
2026-08-16 09:32:27,645 [INFO]   [PAS DE DATE] Avis d'emplois supérieurs Directeur(trice) de l’Académie rég...
2026-08-16 09:32:27,645 [INFO]   Détails: https://www.emploi-public.ma/fr/emploi-sup/details/a8514544-73e5-48b0-bc95-4e3782a246c4
2026-08-16 09:32:28,307 [WARNING] Format de date non reconnu: 30
2026-08-16 09:32:28,308 [INFO]     PDF trouvé: Arrêté d'appel à candidature (score: 20)
2026-08-16 09:32:28,309 [INFO]   [PAS DE DATE] Avis d'emplois supérieurs Directeur de l'Office Régional de ...
2026-08-16 09:32:28,309 [INFO]   Détails: https://www.emploi-public.ma/fr/emploi-sup/details/34737011-4b34-4d27-a8e4-f96374ce7e3b
2026-08-16 09:32:28,905 [WARNING] Format de date non reconnu: 30
2026-08-16 09:32:28,907 [INFO]     PDF trouvé: Arrêté d'appel à candidature (score: 20)
2026-08-16 09:32:28,908 [INFO]   [PAS DE DATE] Avis d'emplois supérieurs Directeur du Centre Régional d'Inv...
2026-08-16 09:32:28,908 [INFO]   Détails: https://www.emploi-public.ma/fr/emploi-sup/details/3848b51d-1643-4c8a-9d0a-0001f3ec1eb6
2026-08-16 09:32:29,542 [WARNING] Format de date non reconnu: 30
2026-08-16 09:32:29,543 [INFO]     PDF trouvé: Arrêté d'appel à candidature (score: 20)
2026-08-16 09:32:29,544 [INFO]   [PAS DE DATE] Avis d'emplois supérieurs Directeur des statistiques, des ét...
2026-08-16 09:32:29,544 [INFO]   Détails: https://www.emploi-public.ma/fr/emploi-sup/details/f762f1b5-8e54-4277-9ceb-b77512a40379
2026-08-16 09:32:30,273 [WARNING] Format de date non reconnu: 30
2026-08-16 09:32:30,274 [INFO]     PDF trouvé: Arrêté d'appel à candidature (score: 20)
2026-08-16 09:32:30,275 [INFO]   [PAS DE DATE] Avis d'emplois supérieurs Directeur de l'Institut National S...
2026-08-16 09:32:30,275 [INFO]   Détails: https://www.emploi-public.ma/fr/emploi-sup/details/f398a7c1-f047-4cb7-95a2-e63106086337
2026-08-16 09:32:30,913 [WARNING] Format de date non reconnu: 30
2026-08-16 09:32:30,914 [INFO]     PDF trouvé: Arrêté d'appel à candidature (score: 20)
2026-08-16 09:32:30,915 [INFO]   [PAS DE DATE] Avis d'emplois supérieurs Directeur (ce) de l'Enseignement S...
2026-08-16 09:32:30,915 [INFO] 
--- Catégorie: Postes de responsabilités ---
2026-08-16 09:32:30,915 [INFO] Page 1/5
2026-08-16 09:32:30,915 [INFO] Scraping page: https://www.emploi-public.ma/fr/postes-respo-liste
2026-08-16 09:32:31,727 [INFO]   → 13 annonces trouvées sur cette page
2026-08-16 09:32:31,728 [INFO]   Détails: https://www.emploi-public.ma/fr/postes-respo/details/f9c21d46-0b87-4c11-af2d-b5305b2fc6ad
2026-08-16 09:32:32,471 [INFO]     PDF trouvé: Arrêté d'appel à candidature (score: 20)
2026-08-16 09:32:32,473 [INFO]   [EXPIRÉE] Avis de Postes de responsabilités au Ministère de l'Intérieu... → 2026-08-13
2026-08-16 09:32:32,473 [INFO]   Détails: https://www.emploi-public.ma/fr/postes-respo/details/88a3c177-a5a5-42cb-bd48-b9bd40b4dd9c
2026-08-16 09:32:33,189 [INFO]     PDF trouvé: Arrêté d'appel à candidature (score: 20)
2026-08-16 09:32:33,191 [INFO]   [EXPIRÉE] Avis de Postes de responsabilités au Ministère de l’Investis... → 2026-08-13
2026-08-16 09:32:33,191 [INFO]   Détails: https://www.emploi-public.ma/fr/postes-respo/details/09438eb0-5e92-4df8-abe9-22c776ae6df9
2026-08-16 09:32:33,994 [INFO]     PDF trouvé: Arrêté d'appel à candidature (score: 20)
2026-08-16 09:32:33,995 [INFO]   [EXPIRÉE] Publication de la liste des résultats pour les Postes de res... → 2026-05-29
2026-08-16 09:32:33,995 [INFO]   Détails: https://www.emploi-public.ma/fr/postes-respo/details/e774ca4d-81dc-42d4-8139-14553b32118f
2026-08-16 09:32:34,703 [INFO]     PDF trouvé: Arrêté d'appel à candidature (score: 20)
2026-08-16 09:32:34,704 [INFO]   [EXPIRÉE] Publication de la liste des convoqués pour l'appel à candida... → 2026-08-04
2026-08-16 09:32:34,704 [INFO]   Détails: https://www.emploi-public.ma/fr/postes-respo/details/0e384947-e1d7-4d1b-b699-7572d849cc30
2026-08-16 09:32:35,397 [INFO]     PDF trouvé: Arrêté d'appel à candidature (score: 20)
2026-08-16 09:32:35,398 [INFO]   [EXPIRÉE] Publication de la liste des résultats pour les Postes de res... → 2026-06-12
2026-08-16 09:32:35,398 [INFO]   Détails: https://www.emploi-public.ma/fr/postes-respo/details/a2881f8a-45c2-4373-9327-a403b9fa3c05
2026-08-16 09:32:36,146 [INFO]     PDF trouvé: Arrêté d'appel à candidature (score: 20)
2026-08-16 09:32:36,148 [INFO]   [EXPIRÉE] Publication de la liste des convoqués pour l'appel à candida... → 2026-06-03
2026-08-16 09:32:36,148 [INFO]   Détails: https://www.emploi-public.ma/fr/postes-respo/details/06e34a2c-52ed-42ff-9a0d-678176a5d36d
2026-08-16 09:32:36,872 [INFO]     PDF trouvé: Arrêté d'appel à candidature (score: 20)
2026-08-16 09:32:36,873 [INFO]   [EN COURS] Avis de Postes de responsabilités au Ministère de l’intérieu... → 2026-08-28
2026-08-16 09:32:36,873 [INFO]   Détails: https://www.emploi-public.ma/fr/postes-respo/details/a35f3c8e-0667-423a-a54c-978dbf200428
2026-08-16 09:32:37,577 [INFO]     PDF trouvé: Arrêté d'appel à candidature (score: 20)
2026-08-16 09:32:37,578 [INFO]   [EXPIRÉE] Publication de la liste des résultats pour les Postes de res... → 2026-07-08
2026-08-16 09:32:37,578 [INFO]   Détails: https://www.emploi-public.ma/fr/postes-respo/details/919e2c31-e153-4165-bf47-d16ca2c7391f
2026-08-16 09:32:38,272 [INFO]     PDF trouvé: Arrêté d'appel à candidature (score: 20)
2026-08-16 09:32:38,273 [INFO]   [EXPIRÉE] Avis de Postes de responsabilités au Ministère de l’intérieu... → 2026-08-10
2026-08-16 09:32:38,273 [INFO]   Détails: https://www.emploi-public.ma/fr/postes-respo/details/22705a8c-da33-4075-8bf0-5ed6d7154128
2026-08-16 09:32:39,001 [INFO]     PDF trouvé: Arrêté d'appel à candidature (score: 20)
2026-08-16 09:32:39,002 [INFO]   [EN COURS] Appel à candidature pour les postes de responsabilité au Dél... → 2026-08-17
2026-08-16 09:32:39,002 [INFO]   Détails: https://www.emploi-public.ma/fr/postes-respo/details/891d0cfe-af73-43ec-89b9-185a0cf577ce
2026-08-16 09:32:39,683 [INFO]     PDF trouvé: Arrêté d'appel à candidature (score: 20)
2026-08-16 09:32:39,684 [INFO]   [EN COURS] Directeur des services commune bouguergouh... → 2026-08-17
2026-08-16 09:32:39,684 [INFO]   Détails: https://www.emploi-public.ma/fr/postes-respo/details/3efa0379-8999-4eb9-9e12-51aabb9fcb7a
2026-08-16 09:32:40,561 [INFO]     PDF trouvé: Arrêté d'appel à candidature (score: 20)
2026-08-16 09:32:40,563 [INFO]   [EN COURS] Appel à candidature pour les postes de responsabilité au Min... → 2026-08-17
2026-08-16 09:32:40,563 [INFO]   Détails: https://www.emploi-public.ma/fr/postes-respo/details/27397f57-ce50-41fe-8f91-52dbdbcd606f
2026-08-16 09:32:41,277 [INFO]     PDF trouvé: Arrêté d'appel à candidature (score: 20)
2026-08-16 09:32:41,278 [INFO]   [EN COURS] Appel à candidature pour les postes de responsabilité au Min... → 2026-08-17
2026-08-16 09:32:41,278 [INFO] Page 2/5
2026-08-16 09:32:41,279 [INFO] Scraping page: https://www.emploi-public.ma/fr/postes-respo-liste?page=1
2026-08-16 09:32:42,109 [INFO]   → 13 annonces trouvées sur cette page
2026-08-16 09:32:42,111 [INFO]   Détails: https://www.emploi-public.ma/fr/postes-respo/details/f9c21d46-0b87-4c11-af2d-b5305b2fc6ad
2026-08-16 09:32:42,834 [INFO]     PDF trouvé: Arrêté d'appel à candidature (score: 20)
2026-08-16 09:32:42,835 [INFO]   [EXPIRÉE] Avis de Postes de responsabilités au Ministère de l'Intérieu... → 2026-08-13
2026-08-16 09:32:42,835 [INFO]   Détails: https://www.emploi-public.ma/fr/postes-respo/details/88a3c177-a5a5-42cb-bd48-b9bd40b4dd9c
2026-08-16 09:32:43,562 [INFO]     PDF trouvé: Arrêté d'appel à candidature (score: 20)
2026-08-16 09:32:43,563 [INFO]   [EXPIRÉE] Avis de Postes de responsabilités au Ministère de l’Investis... → 2026-08-13
2026-08-16 09:32:43,563 [INFO]   Détails: https://www.emploi-public.ma/fr/postes-respo/details/09438eb0-5e92-4df8-abe9-22c776ae6df9
2026-08-16 09:32:44,265 [INFO]     PDF trouvé: Arrêté d'appel à candidature (score: 20)
2026-08-16 09:32:44,266 [INFO]   [EXPIRÉE] Publication de la liste des résultats pour les Postes de res... → 2026-05-29
2026-08-16 09:32:44,266 [INFO]   Détails: https://www.emploi-public.ma/fr/postes-respo/details/e774ca4d-81dc-42d4-8139-14553b32118f
2026-08-16 09:32:44,980 [INFO]     PDF trouvé: Arrêté d'appel à candidature (score: 20)
2026-08-16 09:32:44,981 [INFO]   [EXPIRÉE] Publication de la liste des convoqués pour l'appel à candida... → 2026-08-04
2026-08-16 09:32:44,981 [INFO]   Détails: https://www.emploi-public.ma/fr/postes-respo/details/0e384947-e1d7-4d1b-b699-7572d849cc30
2026-08-16 09:32:45,722 [INFO]     PDF trouvé: Arrêté d'appel à candidature (score: 20)
2026-08-16 09:32:45,723 [INFO]   [EXPIRÉE] Publication de la liste des résultats pour les Postes de res... → 2026-06-12
2026-08-16 09:32:45,724 [INFO]   Détails: https://www.emploi-public.ma/fr/postes-respo/details/a2881f8a-45c2-4373-9327-a403b9fa3c05
2026-08-16 09:32:46,408 [INFO]     PDF trouvé: Arrêté d'appel à candidature (score: 20)
2026-08-16 09:32:46,410 [INFO]   [EXPIRÉE] Publication de la liste des convoqués pour l'appel à candida... → 2026-06-03
2026-08-16 09:32:46,410 [INFO]   Détails: https://www.emploi-public.ma/fr/postes-respo/details/06e34a2c-52ed-42ff-9a0d-678176a5d36d
2026-08-16 09:32:47,091 [INFO]     PDF trouvé: Arrêté d'appel à candidature (score: 20)
2026-08-16 09:32:47,093 [INFO]   [EN COURS] Avis de Postes de responsabilités au Ministère de l’intérieu... → 2026-08-28
2026-08-16 09:32:47,093 [INFO]   Détails: https://www.emploi-public.ma/fr/postes-respo/details/a35f3c8e-0667-423a-a54c-978dbf200428
2026-08-16 09:32:47,817 [INFO]     PDF trouvé: Arrêté d'appel à candidature (score: 20)
2026-08-16 09:32:47,818 [INFO]   [EXPIRÉE] Publication de la liste des résultats pour les Postes de res... → 2026-07-08
2026-08-16 09:32:47,819 [INFO]   Détails: https://www.emploi-public.ma/fr/postes-respo/details/919e2c31-e153-4165-bf47-d16ca2c7391f
2026-08-16 09:32:48,512 [INFO]     PDF trouvé: Arrêté d'appel à candidature (score: 20)
2026-08-16 09:32:48,513 [INFO]   [EXPIRÉE] Avis de Postes de responsabilités au Ministère de l’intérieu... → 2026-08-10
2026-08-16 09:32:48,513 [INFO]   Détails: https://www.emploi-public.ma/fr/postes-respo/details/22705a8c-da33-4075-8bf0-5ed6d7154128
2026-08-16 09:32:49,230 [INFO]     PDF trouvé: Arrêté d'appel à candidature (score: 20)
2026-08-16 09:32:49,232 [INFO]   [EN COURS] Appel à candidature pour les postes de responsabilité au Dél... → 2026-08-17
2026-08-16 09:32:49,232 [INFO]   Détails: https://www.emploi-public.ma/fr/postes-respo/details/891d0cfe-af73-43ec-89b9-185a0cf577ce
2026-08-16 09:32:50,097 [INFO]     PDF trouvé: Arrêté d'appel à candidature (score: 20)
2026-08-16 09:32:50,099 [INFO]   [EN COURS] Directeur des services commune bouguergouh... → 2026-08-17
2026-08-16 09:32:50,099 [INFO]   Détails: https://www.emploi-public.ma/fr/postes-respo/details/3efa0379-8999-4eb9-9e12-51aabb9fcb7a
2026-08-16 09:32:50,862 [INFO]     PDF trouvé: Arrêté d'appel à candidature (score: 20)
2026-08-16 09:32:50,863 [INFO]   [EN COURS] Appel à candidature pour les postes de responsabilité au Min... → 2026-08-17
2026-08-16 09:32:50,864 [INFO]   Détails: https://www.emploi-public.ma/fr/postes-respo/details/27397f57-ce50-41fe-8f91-52dbdbcd606f
2026-08-16 09:32:51,599 [INFO]     PDF trouvé: Arrêté d'appel à candidature (score: 20)
2026-08-16 09:32:51,600 [INFO]   [EN COURS] Appel à candidature pour les postes de responsabilité au Min... → 2026-08-17
2026-08-16 09:32:51,600 [INFO] Page 3/5
2026-08-16 09:32:51,600 [INFO] Scraping page: https://www.emploi-public.ma/fr/postes-respo-liste?page=2
2026-08-16 09:32:52,491 [INFO]   → 13 annonces trouvées sur cette page
2026-08-16 09:32:52,492 [INFO]   Détails: https://www.emploi-public.ma/fr/postes-respo/details/b2591536-0a21-45a1-8b3f-43030a0c8988
2026-08-16 09:32:53,236 [INFO]     PDF trouvé: Arrêté d'appel à candidature (score: 20)
2026-08-16 09:32:53,237 [INFO]   [EXPIRÉE] Publication de la liste des résultats pour les Postes de res... → 2026-07-08
2026-08-16 09:32:53,238 [INFO]   Détails: https://www.emploi-public.ma/fr/postes-respo/details/86201a05-a81f-497b-bed4-33786d61d3b1
2026-08-16 09:32:53,956 [INFO]     PDF trouvé: Arrêté d'appel à candidature (score: 20)
2026-08-16 09:32:53,957 [INFO]   [EXPIRÉE] Publication de la liste des résultats pour les Postes de res... → 2026-06-23
2026-08-16 09:32:53,957 [INFO]   Détails: https://www.emploi-public.ma/fr/postes-respo/details/3038ea2b-a3fb-401e-95d6-7755889e3f34
2026-08-16 09:32:54,682 [INFO]     PDF trouvé: Arrêté d'appel à candidature (score: 20)
2026-08-16 09:32:54,683 [INFO]   [EXPIRÉE] Publication de la liste des résultats pour les Postes de res... → 2026-07-08
2026-08-16 09:32:54,683 [INFO]   Détails: https://www.emploi-public.ma/fr/postes-respo/details/2901b05e-8b4e-4745-b87d-a8cf158f579f
2026-08-16 09:32:55,368 [INFO]     PDF trouvé: Arrêté d'appel à candidature (score: 20)
2026-08-16 09:32:55,369 [INFO]   [EXPIRÉE] Publication de la liste des résultats pour les Postes de res... → 2026-07-23
2026-08-16 09:32:55,369 [INFO]   Détails: https://www.emploi-public.ma/fr/postes-respo/details/e9f60822-1d7f-4ec9-915f-c4f6b5912970
2026-08-16 09:32:56,079 [INFO]     PDF trouvé: Arrêté d'appel à candidature (score: 20)
2026-08-16 09:32:56,080 [INFO]   [EXPIRÉE] Publication de la liste des résultats pour les Postes de res... → 2026-06-18
2026-08-16 09:32:56,080 [INFO]   Détails: https://www.emploi-public.ma/fr/postes-respo/details/1e061894-0310-4fca-8ffe-b550f03b4233
2026-08-16 09:32:56,803 [INFO]     PDF trouvé: Arrêté d'appel à candidature (score: 20)
2026-08-16 09:32:56,804 [INFO]   [EXPIRÉE] Publication de la liste des convoqués pour l'appel à candida... → 2026-02-13
2026-08-16 09:32:56,804 [INFO]   Détails: https://www.emploi-public.ma/fr/postes-respo/details/c570c40b-7e53-4d54-ba1a-13f0893e857c
2026-08-16 09:32:57,501 [INFO]     PDF trouvé: Arrêté d'appel à candidature (score: 20)
2026-08-16 09:32:57,503 [INFO]   [EN COURS] Avis de Postes de responsabilités au Conseil national des dr... → 2026-09-04
2026-08-16 09:32:57,503 [INFO]   Détails: https://www.emploi-public.ma/fr/postes-respo/details/c2a19fdb-838b-4234-8292-4c5cf41a7734
2026-08-16 09:32:58,201 [INFO]     PDF trouvé: Arrêté d'appel à candidature (score: 20)
2026-08-16 09:32:58,202 [INFO]   [EN COURS] Avis de Postes de responsabilités au Ministère de l’intérieu... → 2026-08-31
2026-08-16 09:32:58,202 [INFO]   Détails: https://www.emploi-public.ma/fr/postes-respo/details/5f889aec-aea1-4bcd-92d5-5b798b207e69
2026-08-16 09:32:58,956 [INFO]     PDF trouvé: Arrêté d'appel à candidature (score: 20)
2026-08-16 09:32:58,957 [INFO]   [EXPIRÉE] Publication de la liste des résultats pour les Postes de res... → 2026-07-10
2026-08-16 09:32:58,957 [INFO]   Détails: https://www.emploi-public.ma/fr/postes-respo/details/22705a8c-da33-4075-8bf0-5ed6d7154128
2026-08-16 09:32:59,907 [INFO]     PDF trouvé: Arrêté d'appel à candidature (score: 20)
2026-08-16 09:32:59,908 [INFO]   [EN COURS] Appel à candidature pour les postes de responsabilité au Dél... → 2026-08-17
2026-08-16 09:32:59,908 [INFO]   Détails: https://www.emploi-public.ma/fr/postes-respo/details/891d0cfe-af73-43ec-89b9-185a0cf577ce
2026-08-16 09:33:00,630 [INFO]     PDF trouvé: Arrêté d'appel à candidature (score: 20)
2026-08-16 09:33:00,631 [INFO]   [EN COURS] Directeur des services commune bouguergouh... → 2026-08-17
2026-08-16 09:33:00,631 [INFO]   Détails: https://www.emploi-public.ma/fr/postes-respo/details/3efa0379-8999-4eb9-9e12-51aabb9fcb7a
2026-08-16 09:33:01,353 [INFO]     PDF trouvé: Arrêté d'appel à candidature (score: 20)
2026-08-16 09:33:01,355 [INFO]   [EN COURS] Appel à candidature pour les postes de responsabilité au Min... → 2026-08-17
2026-08-16 09:33:01,355 [INFO]   Détails: https://www.emploi-public.ma/fr/postes-respo/details/27397f57-ce50-41fe-8f91-52dbdbcd606f
2026-08-16 09:33:02,072 [INFO]     PDF trouvé: Arrêté d'appel à candidature (score: 20)
2026-08-16 09:33:02,073 [INFO]   [EN COURS] Appel à candidature pour les postes de responsabilité au Min... → 2026-08-17
2026-08-16 09:33:02,073 [INFO] Page 4/5
2026-08-16 09:33:02,073 [INFO] Scraping page: https://www.emploi-public.ma/fr/postes-respo-liste?page=3
2026-08-16 09:33:02,854 [INFO]   → 13 annonces trouvées sur cette page
2026-08-16 09:33:02,855 [INFO]   Détails: https://www.emploi-public.ma/fr/postes-respo/details/bf1cc35a-4da2-4b2b-aa24-1ff4d9bf6472
2026-08-16 09:33:03,602 [INFO]     PDF trouvé: Arrêté d'appel à candidature (score: 20)
2026-08-16 09:33:03,603 [INFO]   [EXPIRÉE] Avis de Postes de responsabilités au Ministère de l’intérieu... → 2026-08-07
2026-08-16 09:33:03,603 [INFO]   Détails: https://www.emploi-public.ma/fr/postes-respo/details/c84a5637-77c0-4679-baa9-d49417d7e832
2026-08-16 09:33:04,303 [INFO]     PDF trouvé: Arrêté d'appel à candidature (score: 20)
2026-08-16 09:33:04,304 [INFO]   [EXPIRÉE] Avis de Postes de responsabilités au Ministère de la Jeuness... → 2026-08-07
2026-08-16 09:33:04,304 [INFO]   Détails: https://www.emploi-public.ma/fr/postes-respo/details/a3ff8765-f34b-4a36-9023-7ae112e77594
2026-08-16 09:33:05,004 [INFO]     PDF trouvé: Arrêté d'appel à candidature (score: 20)
2026-08-16 09:33:05,005 [INFO]   [EXPIRÉE] Avis de Postes de responsabilités au Ministère de la Jeuness... → 2026-08-07
2026-08-16 09:33:05,005 [INFO]   Détails: https://www.emploi-public.ma/fr/postes-respo/details/558f23e7-7989-4f9c-92e0-0a469e30efd4
2026-08-16 09:33:05,708 [INFO]     PDF trouvé: Arrêté d'appel à candidature (score: 20)
2026-08-16 09:33:05,709 [INFO]   [EXPIRÉE] Avis de Postes de responsabilités au Ministère de l’intérieu... → 2026-08-07
2026-08-16 09:33:05,709 [INFO]   Détails: https://www.emploi-public.ma/fr/postes-respo/details/1e460045-de8c-47a5-8daf-62ffbd392b3b
2026-08-16 09:33:06,757 [INFO]     PDF trouvé: Arrêté d'appel à candidature (score: 20)
2026-08-16 09:33:06,758 [INFO]   [EN COURS] Avis de Postes de responsabilités au Délégation générale à l... → 2026-08-27
2026-08-16 09:33:06,758 [INFO]   Détails: https://www.emploi-public.ma/fr/postes-respo/details/1f0f0446-8044-4bda-a4f1-6e55b963a62f
2026-08-16 09:33:07,510 [INFO]     PDF trouvé: Arrêté d'appel à candidature (score: 20)
2026-08-16 09:33:07,511 [INFO]   [EXPIRÉE] Publication de la liste des résultats pour les Postes de res... → 2026-06-29
2026-08-16 09:33:07,511 [INFO]   Détails: https://www.emploi-public.ma/fr/postes-respo/details/2cba0974-d7be-4c5d-859c-b8bc800df124
2026-08-16 09:33:08,215 [INFO]     PDF trouvé: Arrêté d'appel à candidature (score: 20)
2026-08-16 09:33:08,216 [INFO]   [EN COURS] Avis de Postes de responsabilités au Ministère de l'intérieu... → 2026-08-24
2026-08-16 09:33:08,216 [INFO]   Détails: https://www.emploi-public.ma/fr/postes-respo/details/6cf979b2-4c4d-4d2e-8ddf-8b1bbb09eb3e
2026-08-16 09:33:08,901 [INFO]     PDF trouvé: Arrêté d'appel à candidature (score: 20)
2026-08-16 09:33:08,902 [INFO]   [EN COURS] Avis de Postes de responsabilités au Ministère de l'intérieu... → 2026-08-24
2026-08-16 09:33:08,902 [INFO]   Détails: https://www.emploi-public.ma/fr/postes-respo/details/6bf72bad-f1df-449e-b7f2-7bf6242b2d85
2026-08-16 09:33:09,628 [INFO]     PDF trouvé: Arrêté d'appel à candidature (score: 20)
2026-08-16 09:33:09,629 [INFO]   [EXPIRÉE] Publication de la liste des résultats pour les Postes de res... → 2026-07-28
2026-08-16 09:33:09,629 [INFO]   Détails: https://www.emploi-public.ma/fr/postes-respo/details/22705a8c-da33-4075-8bf0-5ed6d7154128
2026-08-16 09:33:10,515 [INFO]     PDF trouvé: Arrêté d'appel à candidature (score: 20)
2026-08-16 09:33:10,517 [INFO]   [EN COURS] Appel à candidature pour les postes de responsabilité au Dél... → 2026-08-17
2026-08-16 09:33:10,517 [INFO]   Détails: https://www.emploi-public.ma/fr/postes-respo/details/891d0cfe-af73-43ec-89b9-185a0cf577ce
2026-08-16 09:33:11,283 [INFO]     PDF trouvé: Arrêté d'appel à candidature (score: 20)
2026-08-16 09:33:11,284 [INFO]   [EN COURS] Directeur des services commune bouguergouh... → 2026-08-17
2026-08-16 09:33:11,284 [INFO]   Détails: https://www.emploi-public.ma/fr/postes-respo/details/3efa0379-8999-4eb9-9e12-51aabb9fcb7a
2026-08-16 09:33:12,024 [INFO]     PDF trouvé: Arrêté d'appel à candidature (score: 20)
2026-08-16 09:33:12,025 [INFO]   [EN COURS] Appel à candidature pour les postes de responsabilité au Min... → 2026-08-17
2026-08-16 09:33:12,026 [INFO]   Détails: https://www.emploi-public.ma/fr/postes-respo/details/27397f57-ce50-41fe-8f91-52dbdbcd606f
2026-08-16 09:33:12,733 [INFO]     PDF trouvé: Arrêté d'appel à candidature (score: 20)
2026-08-16 09:33:12,734 [INFO]   [EN COURS] Appel à candidature pour les postes de responsabilité au Min... → 2026-08-17
2026-08-16 09:33:12,734 [INFO] Page 5/5
2026-08-16 09:33:12,734 [INFO] Scraping page: https://www.emploi-public.ma/fr/postes-respo-liste?page=4
2026-08-16 09:33:13,560 [INFO]   → 13 annonces trouvées sur cette page
2026-08-16 09:33:13,562 [INFO]   Détails: https://www.emploi-public.ma/fr/postes-respo/details/19cf5e66-9675-4021-ab42-b1b0b537132c
2026-08-16 09:33:14,271 [INFO]     PDF trouvé: Arrêté d'appel à candidature (score: 20)
2026-08-16 09:33:14,272 [INFO]   [EXPIRÉE] Avis de Postes de responsabilités au Ministère de la Jeuness... → 2026-08-05
2026-08-16 09:33:14,272 [INFO]   Détails: https://www.emploi-public.ma/fr/postes-respo/details/eb11c5f5-5e0a-4093-be4a-be951ac1d902
2026-08-16 09:33:15,021 [INFO]     PDF trouvé: Arrêté d'appel à candidature (score: 20)
2026-08-16 09:33:15,022 [INFO]   [EXPIRÉE] Avis de Postes de responsabilités au Ministère de la Jeuness... → 2026-08-05
2026-08-16 09:33:15,022 [INFO]   Détails: https://www.emploi-public.ma/fr/postes-respo/details/f79a757f-1c02-4b6f-9fa3-500027d7dcdb
2026-08-16 09:33:15,706 [INFO]     PDF trouvé: Arrêté d'appel à candidature (score: 20)
2026-08-16 09:33:15,707 [INFO]   [EN COURS] Avis de Postes de responsabilités au Ministère de la justice... → 2026-08-24
2026-08-16 09:33:15,708 [INFO]   Détails: https://www.emploi-public.ma/fr/postes-respo/details/39e0be7c-935c-470f-813a-4ef6dc80ce2a
2026-08-16 09:33:16,403 [INFO]     PDF trouvé: Arrêté d'appel à candidature (score: 20)
2026-08-16 09:33:16,404 [INFO]   [EXPIRÉE] Avis de Postes de responsabilités au Ministère de l’Agricult... → 2026-08-04
2026-08-16 09:33:16,404 [INFO]   Détails: https://www.emploi-public.ma/fr/postes-respo/details/a2d8ded6-f6da-4802-aa9c-5d77f0e0e766
2026-08-16 09:33:17,125 [INFO]     PDF trouvé: Arrêté d'appel à candidature (score: 20)
2026-08-16 09:33:17,126 [INFO]   [EXPIRÉE] Avis de Postes de responsabilités au Ministère de l’Économie... → 2026-08-04
2026-08-16 09:33:17,126 [INFO]   Détails: https://www.emploi-public.ma/fr/postes-respo/details/3b6918d1-3c36-4588-a26b-fbe714b6e52d
2026-08-16 09:33:17,817 [INFO]     PDF trouvé: Arrêté d'appel à candidature (score: 20)
2026-08-16 09:33:17,818 [INFO]   [EXPIRÉE] Publication de la liste des résultats pour les Postes de res... → 2026-06-24
2026-08-16 09:33:17,818 [INFO]   Détails: https://www.emploi-public.ma/fr/postes-respo/details/bb476430-77cb-414d-ba1f-13c627c55c66
2026-08-16 09:33:18,512 [INFO]     PDF trouvé: Arrêté d'appel à candidature (score: 20)
2026-08-16 09:33:18,513 [INFO]   [EN COURS] Avis de Postes de responsabilités au Délégation interministé... → 2026-08-24
2026-08-16 09:33:18,513 [INFO]   Détails: https://www.emploi-public.ma/fr/postes-respo/details/3994c0b9-790d-4e5d-b147-c784cf157aab
2026-08-16 09:33:19,310 [INFO]     PDF trouvé: Arrêté d'appel à candidature (score: 20)
2026-08-16 09:33:19,311 [INFO]   [EXPIRÉE] Avis de Postes de responsabilités au Ministère de l’Agricult... → 2026-08-03
2026-08-16 09:33:19,311 [INFO]   Détails: https://www.emploi-public.ma/fr/postes-respo/details/f8baf400-d3be-464c-a9cd-a75fc5d8a8bc
2026-08-16 09:33:20,089 [INFO]     PDF trouvé: Arrêté d'appel à candidature (score: 20)
2026-08-16 09:33:20,090 [INFO]   [EXPIRÉE] Avis de Postes de responsabilités au Ministère de la Jeuness... → 2026-08-03
2026-08-16 09:33:20,090 [INFO]   Détails: https://www.emploi-public.ma/fr/postes-respo/details/22705a8c-da33-4075-8bf0-5ed6d7154128
2026-08-16 09:33:20,815 [INFO]     PDF trouvé: Arrêté d'appel à candidature (score: 20)
2026-08-16 09:33:20,816 [INFO]   [EN COURS] Appel à candidature pour les postes de responsabilité au Dél... → 2026-08-17
2026-08-16 09:33:20,816 [INFO]   Détails: https://www.emploi-public.ma/fr/postes-respo/details/891d0cfe-af73-43ec-89b9-185a0cf577ce
2026-08-16 09:33:21,528 [INFO]     PDF trouvé: Arrêté d'appel à candidature (score: 20)
2026-08-16 09:33:21,529 [INFO]   [EN COURS] Directeur des services commune bouguergouh... → 2026-08-17
2026-08-16 09:33:21,529 [INFO]   Détails: https://www.emploi-public.ma/fr/postes-respo/details/3efa0379-8999-4eb9-9e12-51aabb9fcb7a
2026-08-16 09:33:22,222 [INFO]     PDF trouvé: Arrêté d'appel à candidature (score: 20)
2026-08-16 09:33:22,223 [INFO]   [EN COURS] Appel à candidature pour les postes de responsabilité au Min... → 2026-08-17
2026-08-16 09:33:22,223 [INFO]   Détails: https://www.emploi-public.ma/fr/postes-respo/details/27397f57-ce50-41fe-8f91-52dbdbcd606f
2026-08-16 09:33:22,925 [INFO]     PDF trouvé: Arrêté d'appel à candidature (score: 20)
2026-08-16 09:33:22,926 [INFO]   [EN COURS] Appel à candidature pour les postes de responsabilité au Min... → 2026-08-17
2026-08-16 09:33:22,926 [INFO] 
--- Catégorie: Recrutement des experts ---
2026-08-16 09:33:22,926 [INFO] Page 1/5
2026-08-16 09:33:22,926 [INFO] Scraping page: https://www.emploi-public.ma/fr/experts-liste
2026-08-16 09:33:23,567 [INFO]   → 9 annonces trouvées sur cette page
2026-08-16 09:33:23,568 [INFO]   Détails: https://www.emploi-public.ma/fr/experts/details/9ec33ce6-535f-4934-affb-1a818c2ed40c
2026-08-16 09:33:24,201 [INFO]     PDF trouvé: Arrêté d'appel à candidature (score: 20)
2026-08-16 09:33:24,202 [INFO]   [EN COURS] Appel à candidature pour le poste Expert... → 2026-08-24
2026-08-16 09:33:24,202 [INFO]   Détails: https://www.emploi-public.ma/fr/experts/details/8d8d7aa5-5ea0-4632-92f2-e11bc1d6c351
2026-08-16 09:33:24,893 [INFO]     PDF trouvé: Arrêté d'appel à candidature (score: 20)
2026-08-16 09:33:24,894 [INFO]   [EN COURS] Appel à candidature pour le poste Expert en Affaires Régleme... → 2026-09-20
2026-08-16 09:33:24,894 [INFO]   Détails: https://www.emploi-public.ma/fr/experts/details/4854b58c-c09e-4edd-9a39-c01a0c414425
2026-08-16 09:33:25,512 [INFO]     PDF trouvé: Arrêté d'appel à candidature (score: 20)
2026-08-16 09:33:25,513 [INFO]   [EXPIRÉE] Publication de la liste des résultats pour le poste de EXPER... → 2026-04-12
2026-08-16 09:33:25,513 [INFO]   Détails: https://www.emploi-public.ma/fr/experts/details/ff8d6494-748d-4698-8ef0-676cbd5b1951
2026-08-16 09:33:26,132 [INFO]     PDF trouvé: Arrêté d'appel à candidature (score: 20)
2026-08-16 09:33:26,133 [INFO]   [EXPIRÉE] Appel à candidature pour le poste Expert des Affaires Juridi... → 2026-06-25
2026-08-16 09:33:26,133 [INFO]   Détails: https://www.emploi-public.ma/fr/experts/details/abce4b98-a1d8-48f9-a84c-053f53697154
2026-08-16 09:33:26,801 [INFO]     PDF trouvé: Arrêté d'appel à candidature (score: 20)
2026-08-16 09:33:26,802 [INFO]   [EXPIRÉE] Appel à candidature pour le poste expert... → 2026-06-15
2026-08-16 09:33:26,802 [INFO]   Détails: https://www.emploi-public.ma/fr/experts/details/5030f678-19f4-4bc0-96c6-f5462b134c1c
2026-08-16 09:33:27,414 [INFO]     PDF trouvé: Arrêté d'appel à candidature (score: 20)
2026-08-16 09:33:27,415 [INFO]   [EXPIRÉE] Appel à candidature pour le poste expert... → 2026-06-08
2026-08-16 09:33:27,415 [INFO]   Détails: https://www.emploi-public.ma/fr/experts/details/b0a97522-0c72-4a26-8b32-da0c02e79891
2026-08-16 09:33:28,027 [INFO]     PDF trouvé: Arrêté d'appel à candidature (score: 20)
2026-08-16 09:33:28,029 [INFO]   [EXPIRÉE] Appel à candidature pour le poste EXPERT CONTRACTUEL... → 2026-06-03
2026-08-16 09:33:28,029 [INFO]   Détails: https://www.emploi-public.ma/fr/experts/details/b3f7145b-9f2a-4cb4-aef7-1d917c679a65
2026-08-16 09:33:28,655 [INFO]     PDF trouvé: Arrêté d'appel à candidature (score: 20)
2026-08-16 09:33:28,656 [INFO]   [EXPIRÉE] Appel à candidature pour le poste expert... → 2026-05-29
2026-08-16 09:33:28,656 [INFO]   Détails: https://www.emploi-public.ma/fr/experts/details/d9255cd9-fe2e-4248-8eba-adf58b668823
2026-08-16 09:33:29,303 [INFO]     PDF trouvé: Arrêté d'appel à candidature (score: 20)
2026-08-16 09:33:29,304 [INFO]   [EXPIRÉE] Appel à candidature pour le poste Expert en matière de négoc... → 2026-04-03
2026-08-16 09:33:29,304 [INFO] Page 2/5
2026-08-16 09:33:29,304 [INFO] Scraping page: https://www.emploi-public.ma/fr/experts-liste?page=1
2026-08-16 09:33:29,951 [INFO]   → 9 annonces trouvées sur cette page
2026-08-16 09:33:29,952 [INFO]   Détails: https://www.emploi-public.ma/fr/experts/details/9ec33ce6-535f-4934-affb-1a818c2ed40c
2026-08-16 09:33:30,568 [INFO]     PDF trouvé: Arrêté d'appel à candidature (score: 20)
2026-08-16 09:33:30,569 [INFO]   [EN COURS] Appel à candidature pour le poste Expert... → 2026-08-24
2026-08-16 09:33:30,569 [INFO]   Détails: https://www.emploi-public.ma/fr/experts/details/8d8d7aa5-5ea0-4632-92f2-e11bc1d6c351
2026-08-16 09:33:31,181 [INFO]     PDF trouvé: Arrêté d'appel à candidature (score: 20)
2026-08-16 09:33:31,183 [INFO]   [EN COURS] Appel à candidature pour le poste Expert en Affaires Régleme... → 2026-09-20
2026-08-16 09:33:31,183 [INFO]   Détails: https://www.emploi-public.ma/fr/experts/details/4854b58c-c09e-4edd-9a39-c01a0c414425
2026-08-16 09:33:31,790 [INFO]     PDF trouvé: Arrêté d'appel à candidature (score: 20)
2026-08-16 09:33:31,791 [INFO]   [EXPIRÉE] Publication de la liste des résultats pour le poste de EXPER... → 2026-04-12
2026-08-16 09:33:31,791 [INFO]   Détails: https://www.emploi-public.ma/fr/experts/details/ff8d6494-748d-4698-8ef0-676cbd5b1951
2026-08-16 09:33:32,446 [INFO]     PDF trouvé: Arrêté d'appel à candidature (score: 20)
2026-08-16 09:33:32,447 [INFO]   [EXPIRÉE] Appel à candidature pour le poste Expert des Affaires Juridi... → 2026-06-25
2026-08-16 09:33:32,447 [INFO]   Détails: https://www.emploi-public.ma/fr/experts/details/abce4b98-a1d8-48f9-a84c-053f53697154
2026-08-16 09:33:33,096 [INFO]     PDF trouvé: Arrêté d'appel à candidature (score: 20)
2026-08-16 09:33:33,097 [INFO]   [EXPIRÉE] Appel à candidature pour le poste expert... → 2026-06-15
2026-08-16 09:33:33,097 [INFO]   Détails: https://www.emploi-public.ma/fr/experts/details/5030f678-19f4-4bc0-96c6-f5462b134c1c
2026-08-16 09:33:33,710 [INFO]     PDF trouvé: Arrêté d'appel à candidature (score: 20)
2026-08-16 09:33:33,711 [INFO]   [EXPIRÉE] Appel à candidature pour le poste expert... → 2026-06-08
2026-08-16 09:33:33,711 [INFO]   Détails: https://www.emploi-public.ma/fr/experts/details/b0a97522-0c72-4a26-8b32-da0c02e79891
2026-08-16 09:33:34,321 [INFO]     PDF trouvé: Arrêté d'appel à candidature (score: 20)
2026-08-16 09:33:34,322 [INFO]   [EXPIRÉE] Appel à candidature pour le poste EXPERT CONTRACTUEL... → 2026-06-03
2026-08-16 09:33:34,322 [INFO]   Détails: https://www.emploi-public.ma/fr/experts/details/b3f7145b-9f2a-4cb4-aef7-1d917c679a65
2026-08-16 09:33:34,941 [INFO]     PDF trouvé: Arrêté d'appel à candidature (score: 20)
2026-08-16 09:33:34,942 [INFO]   [EXPIRÉE] Appel à candidature pour le poste expert... → 2026-05-29
2026-08-16 09:33:34,942 [INFO]   Détails: https://www.emploi-public.ma/fr/experts/details/d9255cd9-fe2e-4248-8eba-adf58b668823
2026-08-16 09:33:35,535 [INFO]     PDF trouvé: Arrêté d'appel à candidature (score: 20)
2026-08-16 09:33:35,536 [INFO]   [EXPIRÉE] Appel à candidature pour le poste Expert en matière de négoc... → 2026-04-03
2026-08-16 09:33:35,536 [INFO] Page 3/5
2026-08-16 09:33:35,536 [INFO] Scraping page: https://www.emploi-public.ma/fr/experts-liste?page=2
2026-08-16 09:33:36,189 [INFO]   → 9 annonces trouvées sur cette page
2026-08-16 09:33:36,191 [INFO]   Détails: https://www.emploi-public.ma/fr/experts/details/0236914d-e17c-41c5-a5be-e632ad35f838
2026-08-16 09:33:36,842 [INFO]     PDF trouvé: Arrêté d'appel à candidature (score: 20)
2026-08-16 09:33:36,843 [INFO]   [EXPIRÉE] Appel à candidature pour le poste expert... → 2026-03-17
2026-08-16 09:33:36,843 [INFO]   Détails: https://www.emploi-public.ma/fr/experts/details/2a449c40-1832-450d-9eae-a70607bcac07
2026-08-16 09:33:37,483 [INFO]     PDF trouvé: Arrêté d'appel à candidature (score: 20)
2026-08-16 09:33:37,485 [INFO]   [EXPIRÉE] Appel à candidature pour le poste Expert... → 2026-03-16
2026-08-16 09:33:37,485 [INFO]   Détails: https://www.emploi-public.ma/fr/experts/details/1f2e38a5-0fe9-4f17-89fb-d23ab9140242
2026-08-16 09:33:38,097 [INFO]     PDF trouvé: Arrêté d'appel à candidature (score: 20)
2026-08-16 09:33:38,098 [INFO]   [EXPIRÉE] Appel à candidature pour le poste expert dans les domaines l... → 2026-03-12
2026-08-16 09:33:38,098 [INFO]   Détails: https://www.emploi-public.ma/fr/experts/details/2401abad-8177-4fdc-8c76-354d03f61cd3
2026-08-16 09:33:38,704 [INFO]     PDF trouvé: Arrêté d'appel à candidature (score: 20)
2026-08-16 09:33:38,706 [INFO]   [EXPIRÉE] Appel à candidature pour le poste expert... → 2026-02-18
2026-08-16 09:33:38,706 [INFO]   Détails: https://www.emploi-public.ma/fr/experts/details/ad16f9e2-25eb-4a06-9a7a-572410c14d55
2026-08-16 09:33:39,407 [INFO]     PDF trouvé: Arrêté d'appel à candidature (score: 20)
2026-08-16 09:33:39,408 [INFO]   [EXPIRÉE] Appel à candidature pour le poste Expert en gouvernance des ... → 2025-12-23
2026-08-16 09:33:39,409 [INFO]   Détails: https://www.emploi-public.ma/fr/experts/details/302ab5a1-fa28-4ec1-9341-8ba50b6bf810
2026-08-16 09:33:40,169 [INFO]     PDF trouvé: Arrêté d'appel à candidature (score: 20)
2026-08-16 09:33:40,170 [INFO]   [EXPIRÉE] Appel à candidature pour le poste expert... → 2025-12-21
2026-08-16 09:33:40,170 [INFO]   Détails: https://www.emploi-public.ma/fr/experts/details/f9f74e66-af9e-4c4a-9cec-491e7d25fbbb
2026-08-16 09:33:40,908 [INFO]     PDF trouvé: Arrêté d'appel à candidature (score: 20)
2026-08-16 09:33:40,909 [INFO]   [EXPIRÉE] Publication de la liste des résultats pour le poste de Exper... → 2025-12-06
2026-08-16 09:33:40,909 [INFO]   Détails: https://www.emploi-public.ma/fr/experts/details/99f49e97-4b0e-4897-b1c6-a1a811d179d9
2026-08-16 09:33:41,788 [INFO]     PDF trouvé: Arrêté d'appel à candidature (score: 20)
2026-08-16 09:33:41,789 [INFO]   [EXPIRÉE] Publication de la liste des résultats pour le poste de Exper... → 2025-12-06
2026-08-16 09:33:41,789 [INFO]   Détails: https://www.emploi-public.ma/fr/experts/details/121493c9-78d8-44bf-b408-e42f8bf43d27
2026-08-16 09:33:42,466 [INFO]     PDF trouvé: Arrêté d'appel à candidature (score: 20)
2026-08-16 09:33:42,467 [INFO]   [EXPIRÉE] Appel à candidature pour le poste Expert en coordination ins... → 2025-12-05
2026-08-16 09:33:42,467 [INFO] Page 4/5
2026-08-16 09:33:42,467 [INFO] Scraping page: https://www.emploi-public.ma/fr/experts-liste?page=3
2026-08-16 09:33:43,239 [INFO]   → 9 annonces trouvées sur cette page
2026-08-16 09:33:43,240 [INFO]   Détails: https://www.emploi-public.ma/fr/experts/details/336eb4a9-c147-4981-94da-c636a748f7a0
2026-08-16 09:33:43,932 [INFO]     PDF trouvé: Arrêté d'appel à candidature (score: 20)
2026-08-16 09:33:43,933 [INFO]   [EXPIRÉE] Publication de la liste des résultats pour le poste de Exper... → 2025-09-30
2026-08-16 09:33:43,933 [INFO]   Détails: https://www.emploi-public.ma/fr/experts/details/0917753f-ac81-4229-b8d4-5292cae1510a
2026-08-16 09:33:44,642 [INFO]     PDF trouvé: Arrêté d'appel à candidature (score: 20)
2026-08-16 09:33:44,643 [INFO]   [EXPIRÉE] Appel à candidature pour le poste Expert contractuel... → 2025-06-11
2026-08-16 09:33:44,643 [INFO]   Détails: https://www.emploi-public.ma/fr/experts/details/1e6a6ce8-141e-4fe3-b660-097a9342e904
2026-08-16 09:33:45,423 [INFO]     PDF trouvé: Arrêté d'appel à candidature (score: 20)
2026-08-16 09:33:45,425 [INFO]   [EXPIRÉE] Appel à candidature pour le poste expert en affaires juridiq... → 2025-06-09
2026-08-16 09:33:45,425 [INFO]   Détails: https://www.emploi-public.ma/fr/experts/details/9973e98f-4e11-40f1-aeae-194d055be60c
2026-08-16 09:33:46,036 [INFO]     PDF trouvé: Arrêté d'appel à candidature (score: 20)
2026-08-16 09:33:46,037 [INFO]   [EXPIRÉE] Appel à candidature pour le poste Expert en océanographie et... → 2025-06-06
2026-08-16 09:33:46,038 [INFO]   Détails: https://www.emploi-public.ma/fr/experts/details/c4333ade-5b69-4a9b-b1d6-23858dca3e02
2026-08-16 09:33:46,793 [INFO]     PDF trouvé: Arrêté d'appel à candidature (score: 20)
2026-08-16 09:33:46,794 [INFO]   [EXPIRÉE] Appel à candidature pour le poste Quatre experts aux compéte... → 2025-05-14
2026-08-16 09:33:46,794 [INFO]   Détails: https://www.emploi-public.ma/fr/experts/details/3d556890-d88a-4b78-aa10-b953f3a04785
2026-08-16 09:33:47,499 [INFO]     PDF trouvé: Arrêté d'appel à candidature (score: 20)
2026-08-16 09:33:47,500 [INFO]   [EXPIRÉE] Appel à candidature pour le poste expert en affaires juridiq... → 2025-05-02
2026-08-16 09:33:47,500 [INFO]   Détails: https://www.emploi-public.ma/fr/experts/details/1d5f52e9-1b4b-423d-bf9b-935a34d3caf2
2026-08-16 09:33:49,394 [INFO]     PDF trouvé: Arrêté d'appel à candidature (score: 20)
2026-08-16 09:33:49,395 [INFO]   [EXPIRÉE] Appel à candidature pour le poste expert... → 2025-04-18
2026-08-16 09:33:49,395 [INFO]   Détails: https://www.emploi-public.ma/fr/experts/details/ee7b273d-5714-41aa-9489-a47d37eb618e
2026-08-16 09:33:50,164 [INFO]     PDF trouvé: Arrêté d'appel à candidature (score: 20)
2026-08-16 09:33:50,165 [INFO]   [EXPIRÉE] Appel à candidature pour le poste Expert en Politique Hydriq... → 2025-04-07
2026-08-16 09:33:50,165 [INFO]   Détails: https://www.emploi-public.ma/fr/experts/details/74c6b2c0-7af0-4688-937b-1881caa843f0
2026-08-16 09:33:50,786 [INFO]     PDF trouvé: Arrêté d'appel à candidature (score: 20)
2026-08-16 09:33:50,787 [INFO]   [EXPIRÉE] Appel à candidature pour le poste expert dans le domaine de ... → 2025-03-31
2026-08-16 09:33:50,787 [INFO] Page 5/5
2026-08-16 09:33:50,787 [INFO] Scraping page: https://www.emploi-public.ma/fr/experts-liste?page=4
2026-08-16 09:33:51,528 [INFO]   → 9 annonces trouvées sur cette page
2026-08-16 09:33:51,529 [INFO]   Détails: https://www.emploi-public.ma/fr/experts/details/efe61f8c-79ae-41bf-851e-67e779047d6a
2026-08-16 09:33:52,127 [INFO]     PDF trouvé: Arrêté d'appel à candidature (score: 20)
2026-08-16 09:33:52,129 [INFO]   [EXPIRÉE] Appel à candidature pour le poste Poste d'Expert en génie ci... → 2025-03-27
2026-08-16 09:33:52,129 [INFO]   Détails: https://www.emploi-public.ma/fr/experts/details/a538c27d-7e09-4441-9551-b22fe9e9d017
2026-08-16 09:33:52,852 [INFO]     PDF trouvé: Arrêté d'appel à candidature (score: 20)
2026-08-16 09:33:52,853 [INFO]   [EXPIRÉE] Appel à candidature pour le poste خبير في مجال إستراتيجية من... → 2025-03-21
2026-08-16 09:33:52,853 [INFO]   Détails: https://www.emploi-public.ma/fr/experts/details/c8ffa879-6f01-46df-9beb-eb9ae0a6f554
2026-08-16 09:33:53,603 [INFO]     PDF trouvé: Arrêté d'appel à candidature (score: 20)
2026-08-16 09:33:53,604 [INFO]   [EXPIRÉE] Appel à candidature pour le poste خبير في مجال صياغة إستراتي... → 2025-03-21
2026-08-16 09:33:53,604 [INFO]   Détails: https://www.emploi-public.ma/fr/experts/details/55bfa14b-dac1-4967-b1b6-8983cea09ed9
2026-08-16 09:33:54,229 [INFO]     PDF trouvé: Arrêté d'appel à candidature (score: 20)
2026-08-16 09:33:54,230 [INFO]   [EXPIRÉE] Appel à candidature pour le poste خبير في مجال نظم المعلوميا... → 2025-03-21
2026-08-16 09:33:54,230 [INFO]   Détails: https://www.emploi-public.ma/fr/experts/details/cf3172d1-8c15-4404-b1ff-21c154c7da2f
2026-08-16 09:33:54,948 [INFO]     PDF trouvé: Arrêté d'appel à candidature (score: 20)
2026-08-16 09:33:54,948 [INFO]   [EXPIRÉE] Appel à candidature pour le poste خبير في مجال تطوير التعاون... → 2025-03-21
2026-08-16 09:33:54,949 [INFO]   Détails: https://www.emploi-public.ma/fr/experts/details/9ebae75d-f857-4c4d-9e16-0108b872c04f
2026-08-16 09:33:55,569 [INFO]     PDF trouvé: Arrêté d'appel à candidature (score: 20)
2026-08-16 09:33:55,570 [INFO]   [EXPIRÉE] Appel à candidature pour le poste gestion des projets et ges... → 2025-03-19
2026-08-16 09:33:55,570 [INFO]   Détails: https://www.emploi-public.ma/fr/experts/details/0608bdd0-0a58-4c90-a1d5-bd3483116452
2026-08-16 09:33:56,380 [INFO]     PDF trouvé: Arrêté d'appel à candidature (score: 20)
2026-08-16 09:33:56,381 [INFO]   [EXPIRÉE] Appel à candidature pour le poste Poste d'expert dans les re... → 2025-02-03
2026-08-16 09:33:56,381 [INFO]   Détails: https://www.emploi-public.ma/fr/experts/details/0cff84fa-82b2-4363-93e0-a88e5063ef0b
2026-08-16 09:33:57,070 [INFO]     PDF trouvé: Arrêté d'appel à candidature (score: 20)
2026-08-16 09:33:57,071 [INFO]   [EXPIRÉE] Appel à candidature pour le poste Expert en gestion des marc... → 2025-01-27
2026-08-16 09:33:57,071 [INFO]   Détails: https://www.emploi-public.ma/fr/experts/details/74373088-bc5e-4908-985b-9b0086ffaed3
2026-08-16 09:33:57,727 [INFO]     PDF trouvé: Arrêté d'appel à candidature (score: 20)
2026-08-16 09:33:57,728 [INFO]   [EXPIRÉE] Appel à candidature pour le poste Expert... → 2025-01-24
2026-08-16 09:33:57,735 [INFO] 
============================================================
2026-08-16 09:33:57,735 [INFO] RÉSUMÉ
2026-08-16 09:33:57,735 [INFO] ============================================================
2026-08-16 09:33:57,735 [INFO] Annonces traitées: 200
2026-08-16 09:33:57,735 [INFO] Dates en cours: 50
2026-08-16 09:33:57,735 [INFO] Dates expirées: 105
2026-08-16 09:33:57,735 [INFO] Total résultats en base: 592
2026-08-16 09:33:58,972 [INFO] Email envoyé à cavalkhalid@gmail.com
2026-08-16 09:33:58,972 [INFO] 
Scraper terminé.
